date,year,month,day,season,region,latitude,longitude,forecast_day,lead_time_hours,weather_event,forecast_temperature,forecast_humidity,forecast_pressure,forecast_rainfall,forecast_wind_speed,forecast_wind_direction,forecast_cloud_cover,observed_temperature,observed_humidity,observed_pressure,observed_rainfall,observed_wind_speed,absolute_temp_error,absolute_rain_error,target_forecast_error,is_forecast_bust
2018-01-01,2018,1,1,Winter,Odisha Coastal,20.27,85.84,1,24,Normal,21.8,58.9,1017.3,0.0,10.5,169.0,69.0,21.7,56.1,1017.3,0.2,11.0,0.1,0.2,0.1,0
2018-01-01,2018,1,1,Winter,Odisha Coastal,20.27,85.84,2,48,Normal,19.5,58.9,1017.8,0.0,14.9,130.0,60.0,21.7,60.5,1017.3,0.2,11.0,2.2,0.2,2.2,0
2018-01-01,2018,1,1,Winter,Kerala Coast,9.93,76.26,5,120,Normal,19.7,75.3,1009.9,0.0,12.2,216.0,69.0,18.2,73.1,1011.9,0.0,10.2,1.5,0.0,1.5,0
2018-01-01,2018,1,1,Winter,Gujarat Coastal,21.64,69.6,5,120,Normal,24.3,62.7,1023.1,4.8,4.9,285.0,71.0,25.2,64.8,1022.7,0.6,6.2,0.9,4.2,0.9,0
2018-01-01,2018,1,1,Winter,Maharashtra (Mumbai/Konkan),18.98,72.83,6,144,Normal,13.1,61.1,1016.9,7.4,8.6,215.0,46.0,16.0,64.3,1017.2,1.3,9.8,2.9,6.1,2.9,0
2018-01-01,2018,1,1,Winter,Rajasthan (West),26.91,70.9,6,144,Normal,22.3,61.4,1013.8,14.4,11.9,151.0,88.0,24.8,59.5,1015.4,0.1,9.3,2.5,14.3,2.5,0
2018-01-01,2018,1,1,Winter,West Bengal (Gangetic),22.57,88.36,6,144,Normal,26.4,67.0,1014.5,0.0,9.4,143.0,69.0,26.0,67.2,1016.0,0.3,7.3,0.4,0.3,0.4,0
2018-01-01,2018,1,1,Winter,Rajasthan (West),26.91,70.9,8,192,Normal,23.5,61.4,1017.6,0.0,9.2,267.0,48.0,24.8,61.3,1015.4,0.1,9.3,1.3,0.1,1.3,0
2018-01-01,2018,1,1,Winter,Himachal Pradesh,31.1,77.17,8,192,Normal,10.0,59.8,1020.0,3.6,9.4,348.0,12.0,13.3,57.5,1016.1,0.1,12.9,3.3,3.5,3.3,1
2018-01-01,2018,1,1,Winter,Assam & Meghalaya,26.14,91.73,8,192,Normal,22.0,68.5,1019.4,3.2,8.5,21.0,39.0,19.0,69.1,1017.7,0.5,11.6,3.0,2.7,3.0,0
2018-01-01,2018,1,1,Winter,Maharashtra (Mumbai/Konkan),18.98,72.83,9,216,Normal,19.5,61.1,1019.2,0.8,11.2,256.0,14.0,16.0,58.5,1017.2,1.3,9.8,3.5,0.5,3.5,1
2018-01-01,2018,1,1,Winter,Gujarat Coastal,21.64,69.6,9,216,Normal,23.8,62.7,1021.2,0.0,9.1,159.0,80.0,25.2,59.5,1022.7,0.6,6.2,1.4,0.6,1.4,0
2018-01-01,2018,1,1,Winter,Himachal Pradesh,31.1,77.17,9,216,Normal,18.9,59.8,1015.7,8.2,10.2,254.0,47.0,13.3,65.4,1016.1,0.1,12.9,5.6,8.1,5.6,1
2018-01-01,2018,1,1,Winter,West Bengal (Gangetic),22.57,88.36,9,216,Normal,27.3,67.0,1016.4,0.0,11.1,207.0,12.0,26.0,62.7,1016.0,0.3,7.3,1.3,0.3,1.3,0
2018-01-01,2018,1,1,Winter,Kerala Coast,9.93,76.26,10,240,Normal,17.6,75.3,1009.2,2.7,14.8,53.0,13.0,18.2,76.2,1011.9,0.0,10.2,0.6,2.7,0.6,0
2018-01-01,2018,1,1,Winter,Assam & Meghalaya,26.14,91.73,10,240,Normal,15.6,68.5,1015.6,5.4,14.9,276.0,57.0,19.0,71.6,1017.7,0.5,11.6,3.4,4.9,3.4,1
2018-01-08,2018,1,8,Winter,Kerala Coast,9.93,76.26,1,24,Normal,21.0,50.0,1016.9,2.0,10.1,175.0,48.0,20.7,53.7,1016.3,0.8,8.8,0.3,1.2,0.3,0
2018-01-08,2018,1,8,Winter,Assam & Meghalaya,26.14,91.73,1,24,Normal,18.8,61.6,1014.9,0.0,7.0,193.0,14.0,20.0,55.3,1014.4,0.8,7.3,1.2,0.8,1.2,0
2018-01-08,2018,1,8,Winter,Odisha Coastal,20.27,85.84,2,48,Normal,20.5,62.7,1017.2,0.2,11.3,255.0,76.0,19.7,61.4,1016.6,1.6,9.7,0.8,1.4,0.8,0
2018-01-08,2018,1,8,Winter,Gujarat Coastal,21.64,69.6,2,48,Normal,20.7,56.1,1018.8,0.0,9.0,184.0,38.0,19.6,53.3,1019.2,0.3,7.1,1.1,0.3,1.1,0
2018-01-08,2018,1,8,Winter,Gujarat Coastal,21.64,69.6,3,72,Normal,19.5,56.1,1018.9,3.0,6.7,88.0,10.0,19.6,64.6,1019.2,0.3,7.1,0.1,2.7,0.1,0
2018-01-08,2018,1,8,Winter,Rajasthan (West),26.91,70.9,3,72,Normal,19.4,75.0,1016.5,4.5,7.5,32.0,42.0,19.2,82.2,1016.0,0.6,6.1,0.2,3.9,0.2,0
2018-01-08,2018,1,8,Winter,Maharashtra (Mumbai/Konkan),18.98,72.83,4,96,Normal,21.8,69.1,1016.5,0.4,7.6,143.0,22.0,22.0,70.8,1017.9,2.2,9.3,0.2,1.8,0.2,0
2018-01-08,2018,1,8,Winter,West Bengal (Gangetic),22.57,88.36,4,96,Normal,25.3,55.1,1016.9,4.1,10.7,51.0,92.0,25.9,51.7,1016.8,0.3,10.1,0.6,3.8,0.6,0
2018-01-08,2018,1,8,Winter,Kerala Coast,9.93,76.26,5,120,Normal,19.7,50.0,1016.6,2.2,8.9,312.0,45.0,20.7,53.5,1016.3,0.8,8.8,1.0,1.4,1.0,0
2018-01-08,2018,1,8,Winter,Maharashtra (Mumbai/Konkan),18.98,72.83,5,120,Normal,21.3,69.1,1015.4,5.4,10.4,263.0,62.0,22.0,73.9,1017.9,2.2,9.3,0.7,3.2,0.7,0
2018-01-08,2018,1,8,Winter,Himachal Pradesh,31.1,77.17,5,120,Western Disturbance,22.3,63.7,1017.5,24.2,11.1,356.0,82.0,21.7,71.2,1018.3,13.6,8.9,0.6,10.6,10.6,0
2018-01-08,2018,1,8,Winter,Himachal Pradesh,31.1,77.17,7,168,Western Disturbance,20.2,63.7,1020.4,0.0,8.8,313.0,84.0,21.7,56.9,1018.3,13.6,8.9,1.5,13.6,13.6,0
2018-01-08,2018,1,8,Winter,West Bengal (Gangetic),22.57,88.36,8,192,Normal,26.4,55.1,1022.6,0.0,4.6,18.0,58.0,25.9,51.7,1016.8,0.3,10.1,0.5,0.3,0.5,1
2018-01-08,2018,1,8,Winter,Assam & Meghalaya,26.14,91.73,8,192,Normal,20.6,61.6,1013.8,0.0,8.8,252.0,16.0,20.0,59.4,1014.4,0.8,7.3,0.6,0.8,0.6,0
2018-01-08,2018,1,8,Winter,Odisha Coastal,20.27,85.84,9,216,Normal,16.9,62.7,1016.2,5.4,12.5,232.0,46.0,19.7,62.2,1016.6,1.6,9.7,2.8,3.8,2.8,0
2018-01-08,2018,1,8,Winter,Rajasthan (West),26.91,70.9,10,240,Normal,23.3,75.0,1018.5,0.0,6.1,324.0,13.0,19.2,77.2,1016.0,0.6,6.1,4.1,0.6,4.1,1
2018-01-15,2018,1,15,Winter,Odisha Coastal,20.27,85.84,1,24,Normal,21.0,68.5,1016.8,4.0,9.5,347.0,71.0,20.3,66.3,1016.5,2.1,8.6,0.7,1.9,0.7,0
2018-01-15,2018,1,15,Winter,Kerala Coast,9.93,76.26,1,24,Normal,11.9,60.5,1013.7,0.0,5.9,11.0,83.0,11.4,57.7,1014.3,0.6,4.2,0.5,0.6,0.5,0
2018-01-15,2018,1,15,Winter,Himachal Pradesh,31.1,77.17,1,24,Normal,19.4,51.2,1016.6,0.0,7.6,46.0,65.0,19.7,50.7,1017.0,0.4,7.9,0.3,0.4,0.3,0
2018-01-15,2018,1,15,Winter,West Bengal (Gangetic),22.57,88.36,1,24,Normal,18.2,64.9,1017.0,1.0,7.5,273.0,47.0,19.2,67.5,1017.5,0.2,6.9,1.0,0.8,1.0,0
2018-01-15,2018,1,15,Winter,Kerala Coast,9.93,76.26,2,48,Normal,13.6,60.5,1013.7,0.0,3.3,89.0,17.0,11.4,64.6,1014.3,0.6,4.2,2.2,0.6,2.2,0
2018-01-15,2018,1,15,Winter,Gujarat Coastal,21.64,69.6,2,48,Normal,27.5,62.6,1016.2,1.8,4.5,258.0,59.0,26.7,61.5,1016.4,0.9,9.8,0.8,0.9,0.8,0
2018-01-15,2018,1,15,Winter,Gujarat Coastal,21.64,69.6,4,96,Normal,27.0,62.6,1017.5,5.6,10.2,312.0,26.0,26.7,65.1,1016.4,0.9,9.8,0.3,4.7,0.3,0
2018-01-15,2018,1,15,Winter,West Bengal (Gangetic),22.57,88.36,4,96,Normal,16.8,64.9,1016.7,1.0,3.8,201.0,48.0,19.2,60.7,1017.5,0.2,6.9,2.4,0.8,2.4,0
2018-01-15,2018,1,15,Winter,Rajasthan (West),26.91,70.9,5,120,Normal,27.2,52.3,1015.0,1.0,7.0,137.0,65.0,24.8,54.9,1017.4,0.1,4.5,2.4,0.9,2.4,0
2018-01-15,2018,1,15,Winter,Assam & Meghalaya,26.14,91.73,6,144,Normal,19.4,53.8,1014.3,0.0,15.4,225.0,68.0,17.7,48.6,1015.3,2.2,11.4,1.7,2.2,1.7,0
2018-01-15,2018,1,15,Winter,Maharashtra (Mumbai/Konkan),18.98,72.83,7,168,Normal,10.0,44.7,1016.5,10.5,10.2,98.0,10.0,13.7,46.1,1016.7,1.7,6.2,3.7,8.8,3.7,1
2018-01-15,2018,1,15,Winter,Odisha Coastal,20.27,85.84,8,192,Normal,19.9,68.5,1016.2,8.5,8.5,140.0,67.0,20.3,64.5,1016.5,2.1,8.6,0.4,6.4,0.4,0
2018-01-15,2018,1,15,Winter,Himachal Pradesh,31.1,77.17,8,192,Normal,22.0,51.2,1016.1,0.7,1.0,45.0,43.0,19.7,53.2,1017.0,0.4,7.9,2.3,0.3,2.3,0
2018-01-15,2018,1,15,Winter,Assam & Meghalaya,26.14,91.73,8,192,Normal,14.4,53.8,1014.1,6.4,9.7,330.0,71.0,17.7,50.5,1015.3,2.2,11.4,3.3,4.2,3.3,1
2018-01-15,2018,1,15,Winter,Maharashtra (Mumbai/Konkan),18.98,72.83,9,216,Normal,15.0,44.7,1018.7,2.8,5.0,64.0,27.0,13.7,40.0,1016.7,1.7,6.2,1.3,1.1,1.3,0
2018-01-15,2018,1,15,Winter,Rajasthan (West),26.91,70.9,9,216,Normal,26.0,52.3,1014.4,3.9,9.2,125.0,52.0,24.8,51.8,1017.4,0.1,4.5,1.2,3.8,1.2,0
2018-01-22,2018,1,22,Winter,Rajasthan (West),26.91,70.9,1,24,Normal,19.6,67.7,1017.6,0.4,9.6,355.0,77.0,18.1,74.0,1017.9,1.0,8.8,1.5,0.6,1.5,0
2018-01-22,2018,1,22,Winter,West Bengal (Gangetic),22.57,88.36,2,48,Normal,17.0,52.7,1014.6,0.0,8.1,18.0,27.0,17.6,56.9,1014.6,0.2,8.9,0.6,0.2,0.6,0
2018-01-22,2018,1,22,Winter,Kerala Coast,9.93,76.26,3,72,Normal,22.9,50.9,1017.2,0.0,8.8,37.0,44.0,22.8,54.0,1016.5,0.7,6.7,0.1,0.7,0.1,0
2018-01-22,2018,1,22,Winter,Himachal Pradesh,31.1,77.17,3,72,Normal,17.4,63.4,1014.3,0.0,3.0,346.0,26.0,18.3,52.2,1015.2,0.4,5.9,0.9,0.4,0.9,0
2018-01-22,2018,1,22,Winter,Maharashtra (Mumbai/Konkan),18.98,72.83,4,96,Normal,24.9,59.0,1017.1,9.1,10.9,287.0,60.0,25.5,57.4,1016.2,1.6,7.0,0.6,7.5,0.6,0
2018-01-22,2018,1,22,Winter,Odisha Coastal,20.27,85.84,5,120,Normal,16.6,40.0,1019.5,17.0,9.9,325.0,35.0,18.1,36.9,1017.4,4.0,7.5,1.5,13.0,1.5,0
2018-01-22,2018,1,22,Winter,Gujarat Coastal,21.64,69.6,5,120,Normal,22.1,52.9,1016.3,0.0,2.5,156.0,17.0,20.3,51.2,1016.6,2.8,5.0,1.8,2.8,1.8,0
2018-01-22,2018,1,22,Winter,West Bengal (Gangetic),22.57,88.36,5,120,Normal,17.6,52.7,1014.7,11.4,8.9,210.0,71.0,17.6,52.6,1014.6,0.2,8.9,0.0,11.2,0.0,0
2018-01-22,2018,1,22,Winter,Maharashtra (Mumbai/Konkan),18.98,72.83,6,144,Normal,26.9,59.0,1019.1,14.3,2.5,144.0,75.0,25.5,62.6,1016.2,1.6,7.0,1.4,12.7,1.4,0
2018-01-22,2018,1,22,Winter,Himachal Pradesh,31.1,77.17,6,144,Normal,17.4,63.4,1014.9,0.8,6.8,24.0,80.0,18.3,67.5,1015.2,0.4,5.9,0.9,0.4,0.9,0
2018-01-22,2018,1,22,Winter,Kerala Coast,9.93,76.26,7,168,Normal,24.0,50.9,1017.1,0.0,4.8,136.0,43.0,22.8,52.8,1016.5,0.7,6.7,1.2,0.7,1.2,0
2018-01-22,2018,1,22,Winter,Gujarat Coastal,21.64,69.6,7,168,Normal,22.8,52.9,1015.3,0.0,9.9,122.0,83.0,20.3,54.5,1016.6,2.8,5.0,2.5,2.8,2.5,0
2018-01-22,2018,1,22,Winter,Rajasthan (West),26.91,70.9,9,216,Normal,21.2,67.7,1016.7,5.9,8.1,50.0,38.0,18.1,65.2,1017.9,1.0,8.8,3.1,4.9,3.1,1
2018-01-22,2018,1,22,Winter,Assam & Meghalaya,26.14,91.73,9,216,Normal,16.5,79.4,1020.1,10.7,10.2,312.0,76.0,16.5,83.5,1019.9,0.7,11.2,0.0,10.0,0.0,0
2018-01-22,2018,1,22,Winter,Odisha Coastal,20.27,85.84,10,240,Normal,16.0,40.0,1014.0,0.0,7.7,46.0,10.0,18.1,33.9,1017.4,4.0,7.5,2.1,4.0,2.1,1
2018-01-22,2018,1,22,Winter,Assam & Meghalaya,26.14,91.73,10,240,Normal,18.5,79.4,1018.8,0.0,13.3,96.0,17.0,16.5,78.5,1019.9,0.7,11.2,2.0,0.7,2.0,0
2018-01-29,2018,1,29,Winter,West Bengal (Gangetic),22.57,88.36,2,48,Normal,23.7,57.6,1014.3,0.9,5.0,348.0,72.0,22.8,60.1,1014.4,0.3,6.0,0.9,0.6,0.9,0
2018-01-29,2018,1,29,Winter,Kerala Coast,9.93,76.26,3,72,Normal,18.0,67.8,1015.7,0.0,7.9,292.0,84.0,18.1,70.3,1015.9,1.6,7.3,0.1,1.6,0.1,0
2018-01-29,2018,1,29,Winter,Himachal Pradesh,31.1,77.17,3,72,Normal,17.8,39.8,1017.8,2.4,10.3,358.0,93.0,19.8,36.3,1018.6,0.5,10.7,2.0,1.9,2.0,0
2018-01-29,2018,1,29,Winter,Odisha Coastal,20.27,85.84,4,96,Normal,18.2,65.7,1016.4,1.4,13.5,255.0,18.0,18.7,58.7,1016.9,1.8,11.3,0.5,0.4,0.5,0
2018-01-29,2018,1,29,Winter,Rajasthan (West),26.91,70.9,4,96,Normal,19.9,61.7,1021.4,0.0,13.5,151.0,69.0,17.9,65.8,1019.9,0.1,10.6,2.0,0.1,2.0,0
2018-01-29,2018,1,29,Winter,West Bengal (Gangetic),22.57,88.36,4,96,Normal,21.7,57.6,1015.3,0.0,6.6,318.0,55.0,22.8,57.8,1014.4,0.3,6.0,1.1,0.3,1.1,0
2018-01-29,2018,1,29,Winter,Assam & Meghalaya,26.14,91.73,5,120,Normal,19.1,56.7,1013.6,3.8,9.3,2.0,41.0,18.2,56.7,1015.8,3.2,8.9,0.9,0.6,0.9,0
2018-01-29,2018,1,29,Winter,Odisha Coastal,20.27,85.84,6,144,Normal,16.8,65.7,1018.3,9.8,12.0,10.0,11.0,18.7,68.7,1016.9,1.8,11.3,1.9,8.0,1.9,0
2018-01-29,2018,1,29,Winter,Maharashtra (Mumbai/Konkan),18.98,72.83,6,144,Normal,10.3,55.5,1014.5,1.2,7.9,148.0,20.0,11.0,51.8,1016.6,0.2,6.2,0.7,1.0,0.7,0
2018-01-29,2018,1,29,Winter,Kerala Coast,9.93,76.26,7,168,Normal,18.4,67.8,1015.9,10.0,11.7,33.0,26.0,18.1,67.5,1015.9,1.6,7.3,0.3,8.4,0.3,0
2018-01-29,2018,1,29,Winter,Gujarat Coastal,21.64,69.6,7,168,Normal,13.1,52.2,1019.3,0.0,17.3,24.0,48.0,15.3,56.1,1018.1,0.8,12.2,2.2,0.8,2.2,0
2018-01-29,2018,1,29,Winter,Gujarat Coastal,21.64,69.6,9,216,Normal,14.5,52.2,1018.6,2.5,10.3,72.0,82.0,15.3,61.4,1018.1,0.8,12.2,0.8,1.7,0.8,0
2018-01-29,2018,1,29,Winter,Maharashtra (Mumbai/Konkan),18.98,72.83,10,240,Normal,8.4,55.5,1019.0,0.0,4.4,129.0,63.0,11.0,61.3,1016.6,0.2,6.2,2.6,0.2,2.6,0
2018-01-29,2018,1,29,Winter,Rajasthan (West),26.91,70.9,10,240,Normal,19.8,61.7,1020.2,5.9,12.5,314.0,91.0,17.9,60.9,1019.9,0.1,10.6,1.9,5.8,1.9,0
2018-01-29,2018,1,29,Winter,Himachal Pradesh,31.1,77.17,10,240,Normal,20.7,39.8,1018.7,5.8,15.9,317.0,66.0,19.8,37.0,1018.6,0.5,10.7,0.9,5.3,0.9,0
2018-01-29,2018,1,29,Winter,Assam & Meghalaya,26.14,91.73,10,240,Normal,24.5,56.7,1011.1,0.0,5.2,122.0,38.0,18.2,57.8,1015.8,3.2,8.9,6.3,3.2,6.3,1
2018-02-05,2018,2,5,Winter,Maharashtra (Mumbai/Konkan),18.98,72.83,1,24,Normal,17.4,59.6,1015.4,0.9,3.4,119.0,91.0,17.7,63.5,1015.3,1.8,5.6,0.3,0.9,0.3,0
2018-02-05,2018,2,5,Winter,Rajasthan (West),26.91,70.9,1,24,Normal,21.1,64.6,1016.7,3.7,6.1,273.0,73.0,21.6,65.9,1016.9,1.4,6.1,0.5,2.3,0.5,0
2018-02-05,2018,2,5,Winter,West Bengal (Gangetic),22.57,88.36,1,24,Normal,20.9,58.6,1017.0,3.0,12.6,210.0,31.0,21.3,58.2,1016.3,1.5,9.0,0.4,1.5,0.4,0
2018-02-05,2018,2,5,Winter,Odisha Coastal,20.27,85.84,3,72,Normal,19.6,65.3,1019.2,0.0,6.8,55.0,49.0,21.2,66.6,1020.0,0.1,4.5,1.6,0.1,1.6,0
2018-02-05,2018,2,5,Winter,Himachal Pradesh,31.1,77.17,3,72,Western Disturbance,20.4,67.2,1018.2,24.1,10.3,72.0,41.0,19.7,70.7,1018.5,22.2,9.9,0.7,1.9,1.9,0
2018-02-05,2018,2,5,Winter,West Bengal (Gangetic),22.57,88.36,3,72,Normal,21.8,58.6,1016.0,9.6,9.4,11.0,21.0,21.3,54.5,1016.3,1.5,9.0,0.5,8.1,0.5,0
2018-02-05,2018,2,5,Winter,Kerala Coast,9.93,76.26,4,96,Normal,21.5,63.2,1017.6,7.6,10.2,16.0,69.0,21.5,61.7,1017.4,1.8,10.1,0.0,5.8,0.0,0
2018-02-05,2018,2,5,Winter,Himachal Pradesh,31.1,77.17,5,120,Western Disturbance,19.8,67.2,1017.9,2.2,12.6,102.0,75.0,19.7,70.9,1018.5,22.2,9.9,0.1,20.0,20.0,0
2018-02-05,2018,2,5,Winter,Odisha Coastal,20.27,85.84,6,144,Normal,22.5,65.3,1020.8,9.1,3.5,146.0,89.0,21.2,69.0,1020.0,0.1,4.5,1.3,9.0,1.3,0
2018-02-05,2018,2,5,Winter,Assam & Meghalaya,26.14,91.73,8,192,Normal,22.7,44.0,1015.9,7.0,10.7,151.0,59.0,21.8,44.9,1014.3,0.5,8.0,0.9,6.5,0.9,0
2018-02-05,2018,2,5,Winter,Gujarat Coastal,21.64,69.6,9,216,Normal,16.6,60.7,1019.3,0.0,16.4,207.0,36.0,15.7,62.1,1018.3,1.7,9.7,0.9,1.7,0.9,0
2018-02-05,2018,2,5,Winter,Kerala Coast,9.93,76.26,10,240,Normal,24.8,63.2,1017.7,0.4,15.2,81.0,11.0,21.5,60.0,1017.4,1.8,10.1,3.3,1.4,3.3,1
2018-02-05,2018,2,5,Winter,Maharashtra (Mumbai/Konkan),18.98,72.83,10,240,Normal,18.7,59.6,1015.0,0.0,1.0,57.0,35.0,17.7,59.2,1015.3,1.8,5.6,1.0,1.8,1.0,0
2018-02-05,2018,2,5,Winter,Gujarat Coastal,21.64,69.6,10,240,Normal,14.3,60.7,1017.1,0.0,14.6,161.0,70.0,15.7,57.0,1018.3,1.7,9.7,1.4,1.7,1.4,0
2018-02-05,2018,2,5,Winter,Rajasthan (West),26.91,70.9,10,240,Normal,22.5,64.6,1018.2,0.0,1.0,318.0,11.0,21.6,65.8,1016.9,1.4,6.1,0.9,1.4,0.9,0
2018-02-05,2018,2,5,Winter,Assam & Meghalaya,26.14,91.73,10,240,Normal,24.7,44.0,1013.3,13.1,12.6,261.0,48.0,21.8,43.9,1014.3,0.5,8.0,2.9,12.6,2.9,0
2018-02-12,2018,2,12,Winter,Odisha Coastal,20.27,85.84,1,24,Normal,22.6,47.4,1018.0,0.6,10.7,315.0,23.0,22.3,38.5,1019.0,1.3,10.8,0.3,0.7,0.3,0
2018-02-12,2018,2,12,Winter,Kerala Coast,9.93,76.26,1,24,Normal,14.2,69.3,1013.8,4.9,9.5,311.0,37.0,15.5,73.2,1015.1,3.5,8.7,1.3,1.4,1.3,0
2018-02-12,2018,2,12,Winter,Rajasthan (West),26.91,70.9,1,24,Normal,20.4,62.6,1015.7,0.0,7.7,88.0,94.0,19.8,58.2,1016.6,0.8,8.8,0.6,0.8,0.6,0
2018-02-12,2018,2,12,Winter,West Bengal (Gangetic),22.57,88.36,1,24,Normal,19.8,59.5,1013.9,4.1,7.5,107.0,83.0,20.4,57.3,1014.5,0.7,7.4,0.6,3.4,0.6,0
2018-02-12,2018,2,12,Winter,Himachal Pradesh,31.1,77.17,3,72,Normal,23.7,68.1,1012.3,1.1,11.5,342.0,79.0,25.7,71.5,1014.6,0.5,12.5,2.0,0.6,2.0,0
2018-02-12,2018,2,12,Winter,Assam & Meghalaya,26.14,91.73,3,72,Normal,22.8,41.8,1017.1,2.9,12.0,68.0,56.0,21.7,37.3,1016.5,0.9,12.5,1.1,2.0,1.1,0
2018-02-12,2018,2,12,Winter,Assam & Meghalaya,26.14,91.73,4,96,Normal,22.2,41.8,1015.6,7.1,10.2,151.0,28.0,21.7,43.5,1016.5,0.9,12.5,0.5,6.2,0.5,0
2018-02-12,2018,2,12,Winter,Maharashtra (Mumbai/Konkan),18.98,72.83,6,144,Normal,21.0,68.7,1013.7,0.0,12.8,241.0,52.0,20.6,69.0,1015.0,4.3,8.1,0.4,4.3,0.4,0
2018-02-12,2018,2,12,Winter,Maharashtra (Mumbai/Konkan),18.98,72.83,7,168,Normal,21.5,68.7,1012.3,5.5,9.5,150.0,54.0,20.6,60.4,1015.0,4.3,8.1,0.9,1.2,0.9,0
2018-02-12,2018,2,12,Winter,Rajasthan (West),26.91,70.9,7,168,Normal,16.7,62.6,1015.2,10.2,5.6,304.0,44.0,19.8,54.0,1016.6,0.8,8.8,3.1,9.4,3.1,1
2018-02-12,2018,2,12,Winter,Gujarat Coastal,21.64,69.6,8,192,Normal,16.8,64.0,1018.5,1.3,9.4,219.0,75.0,17.4,71.3,1017.2,0.2,6.4,0.6,1.1,0.6,0
2018-02-12,2018,2,12,Winter,West Bengal (Gangetic),22.57,88.36,8,192,Normal,21.6,59.5,1013.3,6.8,4.5,309.0,10.0,20.4,58.9,1014.5,0.7,7.4,1.2,6.1,1.2,0
2018-02-12,2018,2,12,Winter,Kerala Coast,9.93,76.26,9,216,Normal,11.5,69.3,1018.0,0.0,12.0,63.0,93.0,15.5,74.9,1015.1,3.5,8.7,4.0,3.5,4.0,1
2018-02-12,2018,2,12,Winter,Gujarat Coastal,21.64,69.6,9,216,Normal,17.1,64.0,1018.5,0.0,4.4,302.0,85.0,17.4,64.8,1017.2,0.2,6.4,0.3,0.2,0.3,0
2018-02-12,2018,2,12,Winter,Himachal Pradesh,31.1,77.17,9,216,Normal,28.2,68.1,1014.8,9.6,16.1,116.0,24.0,25.7,67.4,1014.6,0.5,12.5,2.5,9.1,2.5,0
2018-02-12,2018,2,12,Winter,Odisha Coastal,20.27,85.84,10,240,Normal,23.0,47.4,1019.7,0.0,12.4,65.0,44.0,22.3,47.0,1019.0,1.3,10.8,0.7,1.3,0.7,0
2018-02-19,2018,2,19,Winter,Gujarat Coastal,21.64,69.6,1,24,Normal,20.0,65.7,1014.0,1.6,6.2,215.0,39.0,20.3,62.9,1014.3,0.6,4.8,0.3,1.0,0.3,0
2018-02-19,2018,2,19,Winter,Maharashtra (Mumbai/Konkan),18.98,72.83,2,48,Normal,17.4,64.2,1013.6,3.9,3.2,340.0,11.0,17.6,58.9,1012.9,1.7,4.4,0.2,2.2,0.2,0
2018-02-19,2018,2,19,Winter,Rajasthan (West),26.91,70.9,2,48,Normal,22.0,61.0,1015.6,0.0,15.1,265.0,11.0,22.5,52.9,1014.6,0.4,13.3,0.5,0.4,0.5,0
2018-02-19,2018,2,19,Winter,Himachal Pradesh,31.1,77.17,2,48,Western Disturbance,24.4,59.2,1011.5,29.5,13.9,228.0,14.0,25.7,59.1,1013.0,14.2,9.8,1.3,15.3,15.3,0
2018-02-19,2018,2,19,Winter,West Bengal (Gangetic),22.57,88.36,3,72,Normal,18.9,56.9,1017.0,2.1,7.9,220.0,61.0,19.4,55.6,1016.0,0.3,6.9,0.5,1.8,0.5,0
2018-02-19,2018,2,19,Winter,West Bengal (Gangetic),22.57,88.36,4,96,Normal,20.0,56.9,1015.5,0.0,8.7,307.0,64.0,19.4,51.6,1016.0,0.3,6.9,0.6,0.3,0.6,0
2018-02-19,2018,2,19,Winter,Odisha Coastal,20.27,85.84,6,144,Normal,21.6,57.1,1019.7,12.9,8.9,124.0,48.0,21.8,61.3,1020.9,0.2,4.2,0.2,12.7,0.2,0
2018-02-19,2018,2,19,Winter,Kerala Coast,9.93,76.26,7,168,Normal,18.7,51.9,1011.5,4.6,6.8,258.0,79.0,18.0,51.3,1014.7,0.1,5.6,0.7,4.5,0.7,1
2018-02-19,2018,2,19,Winter,Odisha Coastal,20.27,85.84,8,192,Normal,20.6,57.1,1022.8,0.0,4.8,35.0,45.0,21.8,58.1,1020.9,0.2,4.2,1.2,0.2,1.2,0
2018-02-19,2018,2,19,Winter,Rajasthan (West),26.91,70.9,8,192,Normal,21.6,61.0,1015.5,0.0,13.5,95.0,22.0,22.5,63.9,1014.6,0.4,13.3,0.9,0.4,0.9,0
2018-02-19,2018,2,19,Winter,Himachal Pradesh,31.1,77.17,8,192,Western Disturbance,24.4,59.2,1013.8,39.2,12.9,190.0,71.0,25.7,61.9,1013.0,14.2,9.8,1.3,25.0,25.0,1
2018-02-19,2018,2,19,Winter,Kerala Coast,9.93,76.26,9,216,Normal,16.6,51.9,1013.5,0.0,2.4,332.0,40.0,18.0,52.5,1014.7,0.1,5.6,1.4,0.1,1.4,0
2018-02-19,2018,2,19,Winter,Assam & Meghalaya,26.14,91.73,9,216,Normal,26.4,62.3,1009.8,8.0,9.4,227.0,20.0,23.6,59.9,1014.5,2.9,8.7,2.8,5.1,2.8,1
2018-02-19,2018,2,19,Winter,Maharashtra (Mumbai/Konkan),18.98,72.83,10,240,Normal,15.5,64.2,1011.5,8.4,5.6,230.0,41.0,17.6,64.7,1012.9,1.7,4.4,2.1,6.7,2.1,0
2018-02-19,2018,2,19,Winter,Gujarat Coastal,21.64,69.6,10,240,Normal,21.5,65.7,1013.2,5.0,3.0,205.0,29.0,20.3,63.5,1014.3,0.6,4.8,1.2,4.4,1.2,0
2018-02-19,2018,2,19,Winter,Assam & Meghalaya,26.14,91.73,10,240,Normal,23.1,62.3,1016.6,1.7,8.6,7.0,86.0,23.6,63.4,1014.5,2.9,8.7,0.5,1.2,0.5,0
2018-02-26,2018,2,26,Winter,Maharashtra (Mumbai/Konkan),18.98,72.83,1,24,Normal,24.9,69.0,1015.0,0.8,11.7,228.0,17.0,25.6,68.0,1014.4,0.3,11.5,0.7,0.5,0.7,0
2018-02-26,2018,2,26,Winter,Assam & Meghalaya,26.14,91.73,1,24,Normal,22.1,62.8,1014.4,0.0,11.9,20.0,77.0,22.7,67.1,1013.8,0.1,9.5,0.6,0.1,0.6,0
2018-02-26,2018,2,26,Winter,Rajasthan (West),26.91,70.9,2,48,Normal,17.8,61.8,1018.7,0.6,10.6,185.0,64.0,18.6,63.0,1017.9,0.5,11.4,0.8,0.1,0.8,0
2018-02-26,2018,2,26,Winter,West Bengal (Gangetic),22.57,88.36,2,48,Normal,21.9,62.8,1016.1,0.0,12.1,128.0,33.0,23.1,66.5,1016.1,0.2,9.4,1.2,0.2,1.2,0
2018-02-26,2018,2,26,Winter,Rajasthan (West),26.91,70.9,3,72,Normal,18.3,61.8,1020.3,0.9,10.8,158.0,69.0,18.6,61.8,1017.9,0.5,11.4,0.3,0.4,0.3,0
2018-02-26,2018,2,26,Winter,Odisha Coastal,20.27,85.84,4,96,Normal,23.1,70.0,1010.6,3.1,9.1,118.0,71.0,24.2,74.9,1011.6,1.8,7.7,1.1,1.3,1.1,0
2018-02-26,2018,2,26,Winter,West Bengal (Gangetic),22.57,88.36,4,96,Normal,25.6,62.8,1016.7,0.0,7.9,48.0,30.0,23.1,54.0,1016.1,0.2,9.4,2.5,0.2,2.5,0
2018-02-26,2018,2,26,Winter,Kerala Coast,9.93,76.26,5,120,Normal,23.1,64.3,1018.5,0.0,4.9,148.0,22.0,21.8,65.8,1018.1,0.1,9.1,1.3,0.1,1.3,0
2018-02-26,2018,2,26,Winter,Himachal Pradesh,31.1,77.17,5,120,Normal,27.1,68.9,1015.6,4.2,5.9,160.0,26.0,24.6,73.2,1014.7,1.2,8.2,2.5,3.0,2.5,0
2018-02-26,2018,2,26,Winter,Odisha Coastal,20.27,85.84,6,144,Normal,23.6,70.0,1011.5,5.8,4.6,257.0,22.0,24.2,76.1,1011.6,1.8,7.7,0.6,4.0,0.6,0
2018-02-26,2018,2,26,Winter,Gujarat Coastal,21.64,69.6,7,168,Normal,16.8,66.6,1013.4,0.0,5.0,311.0,92.0,19.9,73.5,1014.1,4.8,7.6,3.1,4.8,3.1,1
2018-02-26,2018,2,26,Winter,Gujarat Coastal,21.64,69.6,8,192,Normal,17.9,66.6,1015.8,19.4,10.0,85.0,67.0,19.9,57.8,1014.1,4.8,7.6,2.0,14.6,2.0,0
2018-02-26,2018,2,26,Winter,Assam & Meghalaya,26.14,91.73,8,192,Normal,25.6,62.8,1014.5,0.0,12.7,105.0,86.0,22.7,59.6,1013.8,0.1,9.5,2.9,0.1,2.9,0
2018-02-26,2018,2,26,Winter,Maharashtra (Mumbai/Konkan),18.98,72.83,9,216,Normal,26.4,69.0,1012.6,0.0,17.2,352.0,65.0,25.6,67.0,1014.4,0.3,11.5,0.8,0.3,0.8,0
2018-02-26,2018,2,26,Winter,Kerala Coast,9.93,76.26,10,240,Normal,21.2,64.3,1017.5,0.0,10.4,121.0,41.0,21.8,67.6,1018.1,0.1,9.1,0.6,0.1,0.6,0
2018-02-26,2018,2,26,Winter,Himachal Pradesh,31.1,77.17,10,240,Normal,24.4,68.9,1015.9,19.6,4.2,46.0,87.0,24.6,72.3,1014.7,1.2,8.2,0.2,18.4,0.2,0
2018-03-05,2018,3,5,Pre-Monsoon,Maharashtra (Mumbai/Konkan),18.98,72.83,1,24,Normal,40.2,58.4,1008.6,0.0,10.2,226.0,15.0,40.4,55.2,1009.1,1.6,12.0,0.2,1.6,0.2,0
2018-03-05,2018,3,5,Pre-Monsoon,Rajasthan (West),26.91,70.9,2,48,Normal,39.6,49.9,1010.0,3.8,9.5,212.0,12.0,39.4,50.2,1010.8,0.3,7.7,0.2,3.5,0.2,0
2018-03-05,2018,3,5,Pre-Monsoon,West Bengal (Gangetic),22.57,88.36,2,48,Normal,34.7,44.0,1006.9,0.0,10.9,280.0,49.0,34.9,45.4,1007.0,0.1,8.7,0.2,0.1,0.2,0
2018-03-05,2018,3,5,Pre-Monsoon,Assam & Meghalaya,26.14,91.73,2,48,Normal,36.9,57.1,1008.6,2.5,11.0,316.0,45.0,36.6,54.5,1008.9,0.7,10.5,0.3,1.8,0.3,0
2018-03-05,2018,3,5,Pre-Monsoon,Odisha Coastal,20.27,85.84,3,72,Normal,34.0,48.5,1008.7,4.4,6.3,344.0,94.0,33.8,44.2,1009.4,2.6,7.3,0.2,1.8,0.2,0
2018-03-05,2018,3,5,Pre-Monsoon,Kerala Coast,9.93,76.26,3,72,Normal,35.3,54.3,1013.0,0.3,11.0,137.0,73.0,36.2,54.2,1011.7,0.1,10.9,0.9,0.2,0.9,0
2018-03-05,2018,3,5,Pre-Monsoon,Maharashtra (Mumbai/Konkan),18.98,72.83,3,72,Normal,41.4,58.4,1009.7,1.9,12.7,65.0,34.0,40.4,64.8,1009.1,1.6,12.0,1.0,0.3,1.0,0
2018-03-05,2018,3,5,Pre-Monsoon,Gujarat Coastal,21.64,69.6,3,72,Normal,29.1,41.9,1010.8,1.5,7.2,175.0,13.0,29.6,38.4,1009.5,1.2,8.7,0.5,0.3,0.5,0
2018-03-05,2018,3,5,Pre-Monsoon,Odisha Coastal,20.27,85.84,4,96,Normal,31.4,48.5,1008.6,8.3,5.5,326.0,42.0,33.8,44.4,1009.4,2.6,7.3,2.4,5.7,2.4,0
2018-03-05,2018,3,5,Pre-Monsoon,Kerala Coast,9.93,76.26,4,96,Normal,38.9,54.3,1012.7,1.7,5.7,124.0,48.0,36.2,50.2,1011.7,0.1,10.9,2.7,1.6,2.7,0
2018-03-05,2018,3,5,Pre-Monsoon,Rajasthan (West),26.91,70.9,4,96,Normal,41.1,49.9,1011.2,2.5,8.1,188.0,18.0,39.4,48.5,1010.8,0.3,7.7,1.7,2.2,1.7,0
2018-03-05,2018,3,5,Pre-Monsoon,Himachal Pradesh,31.1,77.17,4,96,Normal,38.6,45.4,1009.7,0.0,6.3,0.0,81.0,39.1,48.9,1009.2,0.2,8.5,0.5,0.2,0.5,0
2018-03-05,2018,3,5,Pre-Monsoon,Himachal Pradesh,31.1,77.17,5,120,Normal,41.9,45.4,1010.8,0.0,8.2,270.0,44.0,39.1,50.3,1009.2,0.2,8.5,2.8,0.2,2.8,0
2018-03-05,2018,3,5,Pre-Monsoon,West Bengal (Gangetic),22.57,88.36,5,120,Normal,37.3,44.0,1007.4,3.8,4.7,141.0,81.0,34.9,38.3,1007.0,0.1,8.7,2.4,3.7,2.4,0
2018-03-05,2018,3,5,Pre-Monsoon,Gujarat Coastal,21.64,69.6,6,144,Normal,28.6,41.9,1007.9,3.3,11.0,39.0,42.0,29.6,40.8,1009.5,1.2,8.7,1.0,2.1,1.0,0
2018-03-05,2018,3,5,Pre-Monsoon,Assam & Meghalaya,26.14,91.73,8,192,Normal,36.1,57.1,1008.9,0.0,9.4,88.0,23.0,36.6,50.7,1008.9,0.7,10.5,0.5,0.7,0.5,0
2018-03-12,2018,3,12,Pre-Monsoon,Kerala Coast,9.93,76.26,1,24,Normal,34.5,49.2,1011.5,0.0,11.0,141.0,44.0,34.9,44.1,1011.6,3.1,13.5,0.4,3.1,0.4,0
2018-03-12,2018,3,12,Pre-Monsoon,Maharashtra (Mumbai/Konkan),18.98,72.83,4,96,Normal,28.4,59.6,1015.8,9.3,7.5,126.0,55.0,28.1,58.1,1015.9,3.9,8.8,0.3,5.4,0.3,0
2018-03-12,2018,3,12,Pre-Monsoon,Rajasthan (West),26.91,70.9,5,120,Normal,31.1,51.7,1012.1,9.6,16.2,349.0,49.0,34.0,52.2,1011.1,2.3,12.9,2.9,7.3,2.9,0
2018-03-12,2018,3,12,Pre-Monsoon,West Bengal (Gangetic),22.57,88.36,5,120,Heat Wave,41.0,54.5,1008.9,0.8,11.3,320.0,40.0,45.3,59.1,1007.4,0.1,10.6,4.3,0.7,4.3,1
2018-03-12,2018,3,12,Pre-Monsoon,Gujarat Coastal,21.64,69.6,6,144,Normal,30.9,55.8,1013.1,0.3,10.7,224.0,85.0,32.6,54.9,1010.9,2.2,12.1,1.7,1.9,1.7,0
2018-03-12,2018,3,12,Pre-Monsoon,Himachal Pradesh,31.1,77.17,6,144,Normal,34.8,44.3,1011.1,9.1,13.4,334.0,50.0,35.4,45.3,1011.5,1.3,12.6,0.6,7.8,0.6,0
2018-03-12,2018,3,12,Pre-Monsoon,Gujarat Coastal,21.64,69.6,8,192,Normal,29.8,55.8,1011.9,8.3,15.0,160.0,45.0,32.6,51.0,1010.9,2.2,12.1,2.8,6.1,2.8,0
2018-03-12,2018,3,12,Pre-Monsoon,Assam & Meghalaya,26.14,91.73,8,192,Normal,31.1,41.6,1007.0,9.7,7.0,50.0,94.0,31.6,36.6,1008.9,1.3,10.1,0.5,8.4,0.5,0
2018-03-12,2018,3,12,Pre-Monsoon,Odisha Coastal,20.27,85.84,9,216,Normal,42.7,60.5,1009.5,12.3,9.3,171.0,42.0,38.3,57.6,1007.8,0.1,12.4,4.4,12.2,4.4,1
2018-03-12,2018,3,12,Pre-Monsoon,Kerala Coast,9.93,76.26,9,216,Normal,37.8,49.2,1014.9,3.5,11.1,152.0,91.0,34.9,50.0,1011.6,3.1,13.5,2.9,0.4,2.9,1
2018-03-12,2018,3,12,Pre-Monsoon,Rajasthan (West),26.91,70.9,9,216,Normal,35.4,51.7,1006.3,10.0,19.0,310.0,54.0,34.0,54.9,1011.1,2.3,12.9,1.4,7.7,1.4,1
2018-03-12,2018,3,12,Pre-Monsoon,Himachal Pradesh,31.1,77.17,9,216,Normal,30.7,44.3,1007.9,0.0,17.2,312.0,42.0,35.4,49.9,1011.5,1.3,12.6,4.7,1.3,4.7,1
2018-03-12,2018,3,12,Pre-Monsoon,Assam & Meghalaya,26.14,91.73,9,216,Normal,31.5,41.6,1007.4,2.8,10.0,161.0,62.0,31.6,43.2,1008.9,1.3,10.1,0.1,1.5,0.1,0
2018-03-12,2018,3,12,Pre-Monsoon,Odisha Coastal,20.27,85.84,10,240,Normal,38.8,60.5,1005.4,12.3,11.9,146.0,35.0,38.3,59.1,1007.8,0.1,12.4,0.5,12.2,0.5,0
2018-03-12,2018,3,12,Pre-Monsoon,Maharashtra (Mumbai/Konkan),18.98,72.83,10,240,Normal,30.3,59.6,1014.7,12.6,12.4,276.0,60.0,28.1,57.3,1015.9,3.9,8.8,2.2,8.7,2.2,0
2018-03-12,2018,3,12,Pre-Monsoon,West Bengal (Gangetic),22.57,88.36,10,240,Heat Wave,42.6,54.5,1006.4,4.9,10.5,66.0,84.0,45.3,47.4,1007.4,0.1,10.6,2.7,4.8,2.7,0
2018-03-19,2018,3,19,Pre-Monsoon,Maharashtra (Mumbai/Konkan),18.98,72.83,1,24,Normal,41.2,39.8,1008.1,0.0,12.4,34.0,75.0,40.2,38.9,1008.0,0.7,12.2,1.0,0.7,1.0,0
2018-03-19,2018,3,19,Pre-Monsoon,Rajasthan (West),26.91,70.9,1,24,Normal,38.9,45.9,1006.4,0.0,10.2,29.0,72.0,39.6,41.9,1006.5,2.9,11.5,0.7,2.9,0.7,0
2018-03-19,2018,3,19,Pre-Monsoon,Assam & Meghalaya,26.14,91.73,1,24,Heat Wave,43.1,47.3,1010.7,2.9,9.1,20.0,22.0,42.3,43.3,1010.9,2.3,6.1,0.8,0.6,0.8,0
2018-03-19,2018,3,19,Pre-Monsoon,Rajasthan (West),26.91,70.9,3,72,Normal,38.7,45.9,1007.0,9.5,13.0,203.0,58.0,39.6,43.4,1006.5,2.9,11.5,0.9,6.6,0.9,0
2018-03-19,2018,3,19,Pre-Monsoon,Gujarat Coastal,21.64,69.6,4,96,Normal,32.3,40.4,1013.3,0.0,14.9,220.0,62.0,33.4,41.1,1012.4,2.3,15.3,1.1,2.3,1.1,0
2018-03-19,2018,3,19,Pre-Monsoon,Gujarat Coastal,21.64,69.6,5,120,Normal,34.7,40.4,1010.3,1.6,16.4,183.0,40.0,33.4,37.4,1012.4,2.3,15.3,1.3,0.7,1.3,0
2018-03-19,2018,3,19,Pre-Monsoon,Himachal Pradesh,31.1,77.17,5,120,Normal,34.5,59.6,1008.2,0.0,13.6,178.0,46.0,36.0,58.9,1007.4,0.1,12.1,1.5,0.1,1.5,0
2018-03-19,2018,3,19,Pre-Monsoon,Assam & Meghalaya,26.14,91.73,5,120,Heat Wave,38.8,47.3,1009.0,3.3,3.2,336.0,23.0,42.3,46.4,1010.9,2.3,6.1,3.5,1.0,3.5,1
2018-03-19,2018,3,19,Pre-Monsoon,Odisha Coastal,20.27,85.84,6,144,Normal,33.9,50.6,1010.3,6.6,12.3,7.0,37.0,33.4,49.5,1011.2,0.9,7.3,0.5,5.7,0.5,0
2018-03-19,2018,3,19,Pre-Monsoon,Himachal Pradesh,31.1,77.17,6,144,Normal,37.4,59.6,1008.1,0.6,14.7,174.0,32.0,36.0,61.8,1007.4,0.1,12.1,1.4,0.5,1.4,0
2018-03-19,2018,3,19,Pre-Monsoon,West Bengal (Gangetic),22.57,88.36,6,144,Normal,34.4,44.2,1004.8,1.9,14.9,15.0,18.0,34.9,42.7,1007.9,0.3,11.0,0.5,1.6,0.5,1
2018-03-19,2018,3,19,Pre-Monsoon,Odisha Coastal,20.27,85.84,7,168,Normal,34.4,50.6,1013.9,5.4,12.3,309.0,54.0,33.4,48.4,1011.2,0.9,7.3,1.0,4.5,1.0,0
2018-03-19,2018,3,19,Pre-Monsoon,Maharashtra (Mumbai/Konkan),18.98,72.83,7,168,Normal,41.9,39.8,1007.1,7.4,9.3,56.0,56.0,40.2,37.0,1008.0,0.7,12.2,1.7,6.7,1.7,0
2018-03-19,2018,3,19,Pre-Monsoon,Kerala Coast,9.93,76.26,8,192,Normal,42.3,53.3,1016.2,0.0,7.9,238.0,13.0,35.9,52.8,1014.1,0.1,9.1,6.4,0.1,6.4,1
2018-03-19,2018,3,19,Pre-Monsoon,West Bengal (Gangetic),22.57,88.36,8,192,Normal,35.3,44.2,1009.0,0.3,5.9,145.0,87.0,34.9,35.0,1007.9,0.3,11.0,0.4,0.0,0.4,0
2018-03-19,2018,3,19,Pre-Monsoon,Kerala Coast,9.93,76.26,9,216,Normal,41.0,53.3,1010.4,0.0,19.5,202.0,73.0,35.9,57.1,1014.1,0.1,9.1,5.1,0.1,5.1,1
2018-03-26,2018,3,26,Pre-Monsoon,Rajasthan (West),26.91,70.9,1,24,Normal,34.8,55.4,1012.3,0.4,6.4,215.0,51.0,34.3,58.9,1011.9,0.9,7.9,0.5,0.5,0.5,0
2018-03-26,2018,3,26,Pre-Monsoon,West Bengal (Gangetic),22.57,88.36,1,24,Normal,40.5,42.0,1012.1,0.0,9.5,40.0,28.0,40.8,40.2,1011.9,6.3,11.1,0.3,6.3,6.3,0
2018-03-26,2018,3,26,Pre-Monsoon,Maharashtra (Mumbai/Konkan),18.98,72.83,2,48,Normal,39.2,53.3,1009.2,1.0,12.7,53.0,42.0,40.2,61.6,1009.1,2.0,14.0,1.0,1.0,1.0,0
2018-03-26,2018,3,26,Pre-Monsoon,Odisha Coastal,20.27,85.84,3,72,Normal,28.2,57.8,1002.8,7.7,7.3,15.0,89.0,28.1,61.7,1004.0,1.8,10.0,0.1,5.9,0.1,0
2018-03-26,2018,3,26,Pre-Monsoon,Assam & Meghalaya,26.14,91.73,3,72,Normal,37.2,36.2,1012.8,0.0,7.8,316.0,93.0,36.3,38.9,1013.5,0.7,9.7,0.9,0.7,0.9,0
2018-03-26,2018,3,26,Pre-Monsoon,Odisha Coastal,20.27,85.84,5,120,Normal,27.7,57.8,1004.8,5.3,9.1,223.0,34.0,28.1,55.5,1004.0,1.8,10.0,0.4,3.5,0.4,0
2018-03-26,2018,3,26,Pre-Monsoon,Maharashtra (Mumbai/Konkan),18.98,72.83,5,120,Normal,40.3,53.3,1009.1,5.1,9.9,276.0,55.0,40.2,52.5,1009.1,2.0,14.0,0.1,3.1,0.1,0
2018-03-26,2018,3,26,Pre-Monsoon,Himachal Pradesh,31.1,77.17,5,120,Normal,34.5,45.3,1011.7,0.0,6.3,172.0,93.0,34.6,37.9,1010.7,1.1,10.0,0.1,1.1,0.1,0
2018-03-26,2018,3,26,Pre-Monsoon,Kerala Coast,9.93,76.26,6,144,Normal,29.5,56.7,1011.2,0.0,5.1,25.0,34.0,31.9,58.3,1011.7,1.2,6.0,2.4,1.2,2.4,0
2018-03-26,2018,3,26,Pre-Monsoon,Gujarat Coastal,21.64,69.6,6,144,Normal,35.0,48.2,1013.1,5.2,4.3,273.0,28.0,34.9,46.2,1013.4,1.6,8.6,0.1,3.6,0.1,0
2018-03-26,2018,3,26,Pre-Monsoon,Assam & Meghalaya,26.14,91.73,6,144,Normal,38.3,36.2,1014.0,0.0,8.2,253.0,62.0,36.3,35.9,1013.5,0.7,9.7,2.0,0.7,2.0,0
2018-03-26,2018,3,26,Pre-Monsoon,Kerala Coast,9.93,76.26,8,192,Normal,29.9,56.7,1011.6,0.0,7.9,27.0,31.0,31.9,56.9,1011.7,1.2,6.0,2.0,1.2,2.0,0
2018-03-26,2018,3,26,Pre-Monsoon,Rajasthan (West),26.91,70.9,8,192,Normal,38.0,55.4,1011.5,10.7,9.0,73.0,45.0,34.3,59.6,1011.9,0.9,7.9,3.7,9.8,3.7,1
2018-03-26,2018,3,26,Pre-Monsoon,Himachal Pradesh,31.1,77.17,9,216,Normal,33.3,45.3,1014.6,0.0,7.2,93.0,44.0,34.6,46.3,1010.7,1.1,10.0,1.3,1.1,1.3,1
2018-03-26,2018,3,26,Pre-Monsoon,Gujarat Coastal,21.64,69.6,10,240,Normal,34.7,48.2,1014.1,0.0,8.5,183.0,73.0,34.9,57.3,1013.4,1.6,8.6,0.2,1.6,0.2,0
2018-03-26,2018,3,26,Pre-Monsoon,West Bengal (Gangetic),22.57,88.36,10,240,Normal,38.4,42.0,1009.1,0.0,10.3,131.0,32.0,40.8,45.6,1011.9,6.3,11.1,2.4,6.3,6.3,0
2018-04-02,2018,4,2,Pre-Monsoon,Odisha Coastal,20.27,85.84,1,24,Normal,33.0,56.7,1011.5,0.0,7.4,9.0,26.0,32.6,50.3,1011.2,1.1,7.3,0.4,1.1,0.4,0
2018-04-02,2018,4,2,Pre-Monsoon,Gujarat Coastal,21.64,69.6,1,24,Normal,34.3,55.8,1011.6,0.0,13.7,56.0,37.0,35.1,53.1,1012.5,2.0,12.4,0.8,2.0,0.8,0
2018-04-02,2018,4,2,Pre-Monsoon,Assam & Meghalaya,26.14,91.73,2,48,Normal,35.2,50.2,1009.1,0.0,9.4,313.0,42.0,34.5,49.0,1009.8,1.9,6.8,0.7,1.9,0.7,0
2018-04-02,2018,4,2,Pre-Monsoon,Odisha Coastal,20.27,85.84,5,120,Normal,30.6,56.7,1011.4,0.0,4.0,201.0,41.0,32.6,49.5,1011.2,1.1,7.3,2.0,1.1,2.0,0
2018-04-02,2018,4,2,Pre-Monsoon,Kerala Coast,9.93,76.26,5,120,Normal,37.5,59.7,1012.6,0.0,17.0,75.0,56.0,38.4,66.2,1012.0,0.2,15.0,0.9,0.2,0.9,0
2018-04-02,2018,4,2,Pre-Monsoon,Gujarat Coastal,21.64,69.6,5,120,Normal,34.1,55.8,1013.4,0.0,11.4,11.0,62.0,35.1,54.1,1012.5,2.0,12.4,1.0,2.0,1.0,0
2018-04-02,2018,4,2,Pre-Monsoon,Maharashtra (Mumbai/Konkan),18.98,72.83,6,144,Normal,26.2,48.2,1003.6,0.0,11.9,239.0,73.0,29.6,49.9,1005.1,1.4,12.0,3.4,1.4,3.4,1
2018-04-02,2018,4,2,Pre-Monsoon,Rajasthan (West),26.91,70.9,6,144,Normal,37.9,43.0,1011.8,2.5,8.6,28.0,33.0,35.5,48.3,1012.3,1.1,7.2,2.4,1.4,2.4,0
2018-04-02,2018,4,2,Pre-Monsoon,Maharashtra (Mumbai/Konkan),18.98,72.83,7,168,Normal,29.1,48.2,1004.5,0.0,14.9,167.0,92.0,29.6,50.5,1005.1,1.4,12.0,0.5,1.4,0.5,0
2018-04-02,2018,4,2,Pre-Monsoon,Himachal Pradesh,31.1,77.17,7,168,Normal,36.4,58.9,1014.5,8.7,10.5,47.0,79.0,33.2,54.4,1012.6,1.1,7.2,3.2,7.6,3.2,1
2018-04-02,2018,4,2,Pre-Monsoon,West Bengal (Gangetic),22.57,88.36,7,168,Normal,31.3,60.2,1011.2,4.6,10.1,270.0,13.0,33.2,66.9,1010.7,5.9,9.5,1.9,1.3,1.3,0
2018-04-02,2018,4,2,Pre-Monsoon,Himachal Pradesh,31.1,77.17,8,192,Normal,29.3,58.9,1013.3,1.7,6.9,147.0,28.0,33.2,59.6,1012.6,1.1,7.2,3.9,0.6,3.9,1
2018-04-02,2018,4,2,Pre-Monsoon,Rajasthan (West),26.91,70.9,9,216,Normal,34.2,43.0,1009.7,0.0,7.5,5.0,67.0,35.5,42.0,1012.3,1.1,7.2,1.3,1.1,1.3,0
2018-04-02,2018,4,2,Pre-Monsoon,Assam & Meghalaya,26.14,91.73,9,216,Normal,33.0,50.2,1010.8,3.8,8.6,318.0,86.0,34.5,48.3,1009.8,1.9,6.8,1.5,1.9,1.5,0
2018-04-02,2018,4,2,Pre-Monsoon,Kerala Coast,9.93,76.26,10,240,Normal,47.2,59.7,1014.0,8.0,13.2,250.0,50.0,38.4,62.4,1012.0,0.2,15.0,8.8,7.8,8.8,1
2018-04-02,2018,4,2,Pre-Monsoon,West Bengal (Gangetic),22.57,88.36,10,240,Normal,34.0,60.2,1010.8,14.5,12.6,45.0,41.0,33.2,56.6,1010.7,5.9,9.5,0.8,8.6,8.6,0
2018-04-09,2018,4,9,Pre-Monsoon,Maharashtra (Mumbai/Konkan),18.98,72.83,1,24,Normal,33.8,79.5,1013.7,0.2,13.2,312.0,82.0,33.5,81.4,1013.1,0.9,12.6,0.3,0.7,0.3,0
2018-04-09,2018,4,9,Pre-Monsoon,West Bengal (Gangetic),22.57,88.36,1,24,Normal,30.4,43.9,1010.3,4.8,10.8,346.0,39.0,29.3,47.8,1010.5,0.9,9.3,1.1,3.9,1.1,0
2018-04-09,2018,4,9,Pre-Monsoon,Assam & Meghalaya,26.14,91.73,2,48,Normal,42.3,62.1,1017.3,1.7,13.1,276.0,73.0,41.5,63.3,1016.9,0.9,12.8,0.8,0.8,0.8,0
2018-04-09,2018,4,9,Pre-Monsoon,Odisha Coastal,20.27,85.84,3,72,Normal,39.1,33.2,1010.8,16.1,16.4,122.0,69.0,40.0,30.2,1010.2,8.8,12.4,0.9,7.3,7.3,0
2018-04-09,2018,4,9,Pre-Monsoon,Maharashtra (Mumbai/Konkan),18.98,72.83,3,72,Normal,32.9,79.5,1013.1,3.4,14.6,34.0,48.0,33.5,70.9,1013.1,0.9,12.6,0.6,2.5,0.6,0
2018-04-09,2018,4,9,Pre-Monsoon,Himachal Pradesh,31.1,77.17,3,72,Normal,36.0,40.9,1015.5,4.0,10.9,47.0,75.0,37.0,44.3,1014.3,4.3,11.8,1.0,0.3,1.0,0
2018-04-09,2018,4,9,Pre-Monsoon,Rajasthan (West),26.91,70.9,4,96,Normal,35.2,55.4,1011.7,2.5,16.1,313.0,58.0,36.7,59.5,1010.9,2.3,13.7,1.5,0.2,1.5,0
2018-04-09,2018,4,9,Pre-Monsoon,West Bengal (Gangetic),22.57,88.36,4,96,Normal,30.3,43.9,1010.3,0.0,9.3,123.0,70.0,29.3,37.3,1010.5,0.9,9.3,1.0,0.9,1.0,0
2018-04-09,2018,4,9,Pre-Monsoon,Odisha Coastal,20.27,85.84,5,120,Normal,40.0,33.2,1008.7,20.1,12.7,334.0,27.0,40.0,31.0,1010.2,8.8,12.4,0.0,11.3,11.3,0
2018-04-09,2018,4,9,Pre-Monsoon,Kerala Coast,9.93,76.26,5,120,Normal,40.1,46.1,1009.6,5.1,11.5,68.0,10.0,38.6,41.8,1009.9,0.7,8.3,1.5,4.4,1.5,0
2018-04-09,2018,4,9,Pre-Monsoon,Gujarat Coastal,21.64,69.6,5,120,Normal,32.3,55.6,1006.6,0.0,7.2,151.0,81.0,33.2,55.4,1007.7,0.5,10.3,0.9,0.5,0.9,0
2018-04-09,2018,4,9,Pre-Monsoon,Assam & Meghalaya,26.14,91.73,7,168,Normal,42.6,62.1,1019.5,3.4,13.6,331.0,51.0,41.5,68.6,1016.9,0.9,12.8,1.1,2.5,1.1,0
2018-04-09,2018,4,9,Pre-Monsoon,Rajasthan (West),26.91,70.9,8,192,Normal,35.5,55.4,1011.4,3.3,16.4,294.0,35.0,36.7,55.3,1010.9,2.3,13.7,1.2,1.0,1.2,0
2018-04-09,2018,4,9,Pre-Monsoon,Himachal Pradesh,31.1,77.17,8,192,Normal,34.8,40.9,1013.8,1.2,12.7,338.0,28.0,37.0,33.7,1014.3,4.3,11.8,2.2,3.1,2.2,0
2018-04-09,2018,4,9,Pre-Monsoon,Gujarat Coastal,21.64,69.6,9,216,Normal,37.7,55.6,1011.3,8.2,9.3,10.0,87.0,33.2,54.2,1007.7,0.5,10.3,4.5,7.7,4.5,1
2018-04-09,2018,4,9,Pre-Monsoon,Kerala Coast,9.93,76.26,10,240,Normal,38.6,46.1,1009.6,6.3,8.5,201.0,30.0,38.6,42.1,1009.9,0.7,8.3,0.0,5.6,0.0,0
2018-04-16,2018,4,16,Pre-Monsoon,Gujarat Coastal,21.64,69.6,1,24,Normal,39.8,50.4,1006.6,0.5,11.0,138.0,64.0,39.3,51.1,1007.2,0.0,9.7,0.5,0.5,0.5,0
2018-04-16,2018,4,16,Pre-Monsoon,Himachal Pradesh,31.1,77.17,1,24,Normal,34.8,51.7,1009.6,0.5,10.1,25.0,84.0,35.8,55.9,1009.0,0.1,9.6,1.0,0.4,1.0,0
2018-04-16,2018,4,16,Pre-Monsoon,Maharashtra (Mumbai/Konkan),18.98,72.83,2,48,Normal,31.3,45.6,1014.6,4.7,9.0,186.0,30.0,31.7,44.6,1014.1,2.2,10.6,0.4,2.5,0.4,0
2018-04-16,2018,4,16,Pre-Monsoon,West Bengal (Gangetic),22.57,88.36,2,48,Normal,37.7,56.3,1007.6,0.0,10.3,51.0,24.0,37.9,49.5,1008.0,0.7,10.7,0.2,0.7,0.2,0
2018-04-16,2018,4,16,Pre-Monsoon,Kerala Coast,9.93,76.26,3,72,Normal,38.9,34.7,1010.1,1.4,10.3,95.0,44.0,38.1,28.5,1011.5,2.2,11.4,0.8,0.8,0.8,0
2018-04-16,2018,4,16,Pre-Monsoon,West Bengal (Gangetic),22.57,88.36,3,72,Normal,38.0,56.3,1008.6,0.0,13.4,70.0,67.0,37.9,57.3,1008.0,0.7,10.7,0.1,0.7,0.1,0
2018-04-16,2018,4,16,Pre-Monsoon,Assam & Meghalaya,26.14,91.73,3,72,Normal,36.3,43.9,1012.8,1.7,6.8,127.0,33.0,34.6,38.2,1012.6,0.7,8.8,1.7,1.0,1.7,0
2018-04-16,2018,4,16,Pre-Monsoon,Odisha Coastal,20.27,85.84,5,120,Normal,34.5,63.7,1006.4,5.3,15.0,238.0,76.0,34.0,59.3,1005.6,0.4,12.6,0.5,4.9,0.5,0
2018-04-16,2018,4,16,Pre-Monsoon,Himachal Pradesh,31.1,77.17,5,120,Normal,32.9,51.7,1008.0,4.9,9.2,127.0,93.0,35.8,47.2,1009.0,0.1,9.6,2.9,4.8,2.9,0
2018-04-16,2018,4,16,Pre-Monsoon,Assam & Meghalaya,26.14,91.73,6,144,Normal,33.9,43.9,1013.0,1.7,7.4,30.0,20.0,34.6,42.8,1012.6,0.7,8.8,0.7,1.0,0.7,0
2018-04-16,2018,4,16,Pre-Monsoon,Kerala Coast,9.93,76.26,8,192,Normal,39.2,34.7,1012.2,10.6,13.1,216.0,65.0,38.1,35.0,1011.5,2.2,11.4,1.1,8.4,1.1,0
2018-04-16,2018,4,16,Pre-Monsoon,Gujarat Coastal,21.64,69.6,8,192,Normal,42.9,50.4,1002.7,8.0,4.9,49.0,13.0,39.3,49.9,1007.2,0.0,9.7,3.6,8.0,3.6,1
2018-04-16,2018,4,16,Pre-Monsoon,Odisha Coastal,20.27,85.84,9,216,Normal,34.4,63.7,1003.3,4.2,9.1,155.0,30.0,34.0,59.6,1005.6,0.4,12.6,0.4,3.8,0.4,0
2018-04-16,2018,4,16,Pre-Monsoon,Rajasthan (West),26.91,70.9,9,216,Normal,42.1,50.1,1013.9,18.6,3.8,338.0,74.0,39.4,53.5,1011.8,6.0,8.9,2.7,12.6,12.6,0
2018-04-16,2018,4,16,Pre-Monsoon,Maharashtra (Mumbai/Konkan),18.98,72.83,10,240,Normal,32.6,45.6,1016.4,15.0,5.1,290.0,47.0,31.7,41.5,1014.1,2.2,10.6,0.9,12.8,0.9,0
2018-04-16,2018,4,16,Pre-Monsoon,Rajasthan (West),26.91,70.9,10,240,Normal,42.9,50.1,1013.0,26.8,5.2,213.0,56.0,39.4,52.6,1011.8,6.0,8.9,3.5,20.8,20.8,1
2018-04-23,2018,4,23,Pre-Monsoon,Gujarat Coastal,21.64,69.6,1,24,Normal,30.2,43.9,1011.5,0.2,15.7,207.0,18.0,29.6,42.2,1011.1,1.3,14.8,0.6,1.1,0.6,0
2018-04-23,2018,4,23,Pre-Monsoon,Himachal Pradesh,31.1,77.17,1,24,Normal,33.4,51.2,1009.4,1.2,9.6,104.0,69.0,33.0,49.3,1009.0,1.8,7.3,0.4,0.6,0.4,0
2018-04-23,2018,4,23,Pre-Monsoon,Kerala Coast,9.93,76.26,2,48,Normal,34.6,65.6,1007.7,5.3,12.1,5.0,87.0,33.2,64.4,1009.3,0.3,10.7,1.4,5.0,1.4,0
2018-04-23,2018,4,23,Pre-Monsoon,Maharashtra (Mumbai/Konkan),18.98,72.83,2,48,Normal,39.0,55.2,1013.6,0.7,9.2,186.0,22.0,38.2,46.2,1014.1,0.8,10.3,0.8,0.1,0.8,0
2018-04-23,2018,4,23,Pre-Monsoon,Assam & Meghalaya,26.14,91.73,2,48,Normal,34.7,62.2,1010.5,0.9,7.5,179.0,81.0,32.8,64.1,1009.4,0.3,10.6,1.9,0.6,1.9,0
2018-04-23,2018,4,23,Pre-Monsoon,Odisha Coastal,20.27,85.84,3,72,Cyclone,37.6,41.5,1008.1,2.7,12.4,332.0,89.0,38.3,40.1,1009.9,1.2,12.3,0.7,1.5,0.7,0
2018-04-23,2018,4,23,Pre-Monsoon,Assam & Meghalaya,26.14,91.73,3,72,Normal,34.9,62.2,1009.5,3.3,13.0,90.0,27.0,32.8,58.8,1009.4,0.3,10.6,2.1,3.0,2.1,0
2018-04-23,2018,4,23,Pre-Monsoon,Rajasthan (West),26.91,70.9,4,96,Normal,29.3,51.3,1009.9,6.4,9.6,138.0,58.0,29.9,46.4,1010.2,0.4,10.6,0.6,6.0,0.6,0
2018-04-23,2018,4,23,Pre-Monsoon,Rajasthan (West),26.91,70.9,6,144,Normal,30.8,51.3,1010.5,1.4,10.0,101.0,46.0,29.9,53.8,1010.2,0.4,10.6,0.9,1.0,0.9,0
2018-04-23,2018,4,23,Pre-Monsoon,Odisha Coastal,20.27,85.84,7,168,Cyclone,39.9,41.5,1013.1,30.1,20.6,248.0,57.0,38.3,34.7,1009.9,1.2,12.3,1.6,28.9,1.6,1
2018-04-23,2018,4,23,Pre-Monsoon,West Bengal (Gangetic),22.57,88.36,7,168,Normal,31.9,39.0,1008.9,12.8,13.2,88.0,75.0,32.5,36.9,1010.7,6.9,10.2,0.6,5.9,5.9,0
2018-04-23,2018,4,23,Pre-Monsoon,Maharashtra (Mumbai/Konkan),18.98,72.83,8,192,Normal,34.2,55.2,1016.3,4.3,8.0,272.0,33.0,38.2,57.0,1014.1,0.8,10.3,4.0,3.5,4.0,1
2018-04-23,2018,4,23,Pre-Monsoon,Gujarat Coastal,21.64,69.6,9,216,Normal,26.0,43.9,1011.5,19.5,14.9,52.0,61.0,29.6,47.5,1011.1,1.3,14.8,3.6,18.2,3.6,1
2018-04-23,2018,4,23,Pre-Monsoon,Himachal Pradesh,31.1,77.17,9,216,Normal,31.4,51.2,1005.8,0.0,5.8,209.0,57.0,33.0,49.3,1009.0,1.8,7.3,1.6,1.8,1.6,1
2018-04-23,2018,4,23,Pre-Monsoon,Kerala Coast,9.93,76.26,10,240,Normal,29.7,65.6,1008.8,2.0,1.0,207.0,31.0,33.2,64.6,1009.3,0.3,10.7,3.5,1.7,3.5,1
2018-04-23,2018,4,23,Pre-Monsoon,West Bengal (Gangetic),22.57,88.36,10,240,Normal,24.1,39.0,1014.4,0.0,14.1,339.0,21.0,32.5,38.1,1010.7,6.9,10.2,8.4,6.9,6.9,1
2018-04-30,2018,4,30,Pre-Monsoon,Odisha Coastal,20.27,85.84,1,24,Cyclone,37.9,51.8,1008.9,0.0,12.7,208.0,31.0,37.5,43.1,1007.7,1.2,13.8,0.4,1.2,0.4,0
2018-04-30,2018,4,30,Pre-Monsoon,Gujarat Coastal,21.64,69.6,1,24,Normal,36.8,51.0,1006.3,4.0,9.0,121.0,13.0,36.2,51.0,1006.2,2.5,9.3,0.6,1.5,0.6,0
2018-04-30,2018,4,30,Pre-Monsoon,Rajasthan (West),26.91,70.9,1,24,Normal,39.8,34.3,1009.9,1.2,9.4,250.0,12.0,40.7,25.0,1009.0,1.6,11.2,0.9,0.4,0.9,0
2018-04-30,2018,4,30,Pre-Monsoon,Kerala Coast,9.93,76.26,2,48,Normal,32.1,61.5,1008.2,0.0,6.0,25.0,56.0,35.0,58.5,1008.7,0.8,6.2,2.9,0.8,2.9,0
2018-04-30,2018,4,30,Pre-Monsoon,Odisha Coastal,20.27,85.84,3,72,Cyclone,38.3,51.8,1007.0,0.0,8.2,100.0,10.0,37.5,52.3,1007.7,1.2,13.8,0.8,1.2,0.8,0
2018-04-30,2018,4,30,Pre-Monsoon,Kerala Coast,9.93,76.26,4,96,Normal,31.3,61.5,1009.2,0.0,4.0,145.0,13.0,35.0,68.4,1008.7,0.8,6.2,3.7,0.8,3.7,1
2018-04-30,2018,4,30,Pre-Monsoon,Maharashtra (Mumbai/Konkan),18.98,72.83,5,120,Normal,40.2,48.7,1011.2,0.0,16.5,238.0,77.0,37.5,46.8,1008.2,0.2,11.5,2.7,0.2,2.7,0
2018-04-30,2018,4,30,Pre-Monsoon,Rajasthan (West),26.91,70.9,5,120,Normal,40.2,34.3,1010.5,0.0,9.4,213.0,79.0,40.7,31.7,1009.0,1.6,11.2,0.5,1.6,0.5,0
2018-04-30,2018,4,30,Pre-Monsoon,Himachal Pradesh,31.1,77.17,5,120,Normal,33.5,40.4,1009.5,2.9,6.8,126.0,50.0,31.9,45.5,1008.4,0.1,9.5,1.6,2.8,1.6,0
2018-04-30,2018,4,30,Pre-Monsoon,West Bengal (Gangetic),22.57,88.36,5,120,Normal,33.4,40.3,1006.1,0.0,8.8,62.0,90.0,33.3,42.8,1007.6,0.1,9.6,0.1,0.1,0.1,0
2018-04-30,2018,4,30,Pre-Monsoon,Assam & Meghalaya,26.14,91.73,5,120,Normal,33.8,30.1,1009.4,8.0,2.3,325.0,72.0,34.4,29.5,1008.5,4.1,2.7,0.6,3.9,0.6,0
2018-04-30,2018,4,30,Pre-Monsoon,Gujarat Coastal,21.64,69.6,6,144,Normal,35.0,51.0,1008.7,0.0,9.9,196.0,48.0,36.2,57.5,1006.2,2.5,9.3,1.2,2.5,1.2,0
2018-04-30,2018,4,30,Pre-Monsoon,Himachal Pradesh,31.1,77.17,8,192,Normal,30.5,40.4,1009.5,0.0,7.7,213.0,54.0,31.9,36.1,1008.4,0.1,9.5,1.4,0.1,1.4,0
2018-04-30,2018,4,30,Pre-Monsoon,Assam & Meghalaya,26.14,91.73,8,192,Normal,31.7,30.1,1007.8,0.0,3.3,355.0,39.0,34.4,36.4,1008.5,4.1,2.7,2.7,4.1,2.7,0
2018-04-30,2018,4,30,Pre-Monsoon,Maharashtra (Mumbai/Konkan),18.98,72.83,9,216,Normal,37.9,48.7,1007.6,0.0,15.0,49.0,74.0,37.5,48.1,1008.2,0.2,11.5,0.4,0.2,0.4,0
2018-04-30,2018,4,30,Pre-Monsoon,West Bengal (Gangetic),22.57,88.36,9,216,Normal,33.2,40.3,1008.5,0.4,13.3,71.0,16.0,33.3,36.2,1007.6,0.1,9.6,0.1,0.3,0.1,0
2018-05-07,2018,5,7,Pre-Monsoon,Gujarat Coastal,21.64,69.6,1,24,Normal,38.5,72.9,1010.2,2.8,13.6,21.0,87.0,38.8,70.0,1009.7,3.3,13.1,0.3,0.5,0.3,0
2018-05-07,2018,5,7,Pre-Monsoon,West Bengal (Gangetic),22.57,88.36,1,24,Normal,38.9,42.1,1009.2,3.8,8.7,345.0,35.0,39.4,37.8,1009.0,2.0,10.5,0.5,1.8,0.5,0
2018-05-07,2018,5,7,Pre-Monsoon,Rajasthan (West),26.91,70.9,2,48,Normal,32.7,42.0,1010.0,5.2,10.4,250.0,93.0,33.6,44.4,1009.1,1.2,10.2,0.9,4.0,0.9,0
2018-05-07,2018,5,7,Pre-Monsoon,Himachal Pradesh,31.1,77.17,2,48,Heat Wave,46.1,51.0,1008.1,0.9,7.7,98.0,29.0,44.3,51.4,1007.9,1.0,6.1,1.8,0.1,1.8,0
2018-05-07,2018,5,7,Pre-Monsoon,Odisha Coastal,20.27,85.84,3,72,Normal,34.5,55.3,1006.8,6.7,8.8,180.0,41.0,33.4,50.0,1007.2,0.6,7.5,1.1,6.1,1.1,0
2018-05-07,2018,5,7,Pre-Monsoon,Maharashtra (Mumbai/Konkan),18.98,72.83,3,72,Normal,33.4,49.7,1007.9,7.7,11.0,345.0,82.0,35.0,48.8,1009.1,5.7,12.9,1.6,2.0,2.0,0
2018-05-07,2018,5,7,Pre-Monsoon,Gujarat Coastal,21.64,69.6,3,72,Normal,36.8,72.9,1010.0,7.2,15.2,293.0,76.0,38.8,76.3,1009.7,3.3,13.1,2.0,3.9,2.0,0
2018-05-07,2018,5,7,Pre-Monsoon,Rajasthan (West),26.91,70.9,3,72,Normal,33.3,42.0,1009.7,2.0,9.8,103.0,87.0,33.6,38.5,1009.1,1.2,10.2,0.3,0.8,0.3,0
2018-05-07,2018,5,7,Pre-Monsoon,Odisha Coastal,20.27,85.84,5,120,Normal,32.1,55.3,1006.7,1.2,5.4,323.0,53.0,33.4,55.5,1007.2,0.6,7.5,1.3,0.6,1.3,0
2018-05-07,2018,5,7,Pre-Monsoon,Assam & Meghalaya,26.14,91.73,5,120,Normal,33.2,56.7,1013.4,7.9,10.3,268.0,63.0,33.1,61.6,1013.0,3.6,9.9,0.1,4.3,0.1,0
2018-05-07,2018,5,7,Pre-Monsoon,Kerala Coast,9.93,76.26,6,144,Normal,42.1,31.6,1007.0,0.0,6.9,279.0,13.0,41.3,35.0,1008.0,1.7,9.1,0.8,1.7,0.8,0
2018-05-07,2018,5,7,Pre-Monsoon,Maharashtra (Mumbai/Konkan),18.98,72.83,7,168,Normal,37.6,49.7,1009.0,10.1,16.9,65.0,74.0,35.0,54.5,1009.1,5.7,12.9,2.6,4.4,4.4,0
2018-05-07,2018,5,7,Pre-Monsoon,West Bengal (Gangetic),22.57,88.36,8,192,Normal,37.0,42.1,1010.9,7.0,7.8,110.0,62.0,39.4,46.3,1009.0,2.0,10.5,2.4,5.0,2.4,0
2018-05-07,2018,5,7,Pre-Monsoon,Kerala Coast,9.93,76.26,9,216,Normal,40.1,31.6,1009.8,8.7,15.7,304.0,25.0,41.3,27.6,1008.0,1.7,9.1,1.2,7.0,1.2,0
2018-05-07,2018,5,7,Pre-Monsoon,Assam & Meghalaya,26.14,91.73,9,216,Normal,34.2,56.7,1013.3,0.0,13.8,139.0,52.0,33.1,59.7,1013.0,3.6,9.9,1.1,3.6,1.1,0
2018-05-07,2018,5,7,Pre-Monsoon,Himachal Pradesh,31.1,77.17,10,240,Heat Wave,48.6,51.0,1005.4,5.3,1.6,336.0,75.0,44.3,55.8,1007.9,1.0,6.1,4.3,4.3,4.3,1
2018-05-14,2018,5,14,Pre-Monsoon,Gujarat Coastal,21.64,69.6,1,24,Normal,38.5,51.9,1012.0,0.0,8.6,133.0,51.0,37.6,53.7,1011.2,1.3,8.3,0.9,1.3,0.9,0
2018-05-14,2018,5,14,Pre-Monsoon,Kerala Coast,9.93,76.26,3,72,Heat Wave,43.3,40.3,1004.1,0.0,6.3,131.0,52.0,42.7,38.9,1004.4,1.1,8.4,0.6,1.1,0.6,0
2018-05-14,2018,5,14,Pre-Monsoon,Rajasthan (West),26.91,70.9,4,96,Normal,40.7,55.2,1009.2,5.1,1.8,122.0,12.0,40.0,58.2,1009.8,1.6,6.6,0.7,3.5,0.7,0
2018-05-14,2018,5,14,Pre-Monsoon,Assam & Meghalaya,26.14,91.73,4,96,Normal,34.4,61.8,1009.3,4.8,9.6,27.0,61.0,34.9,67.4,1008.4,9.8,11.3,0.5,5.0,5.0,0
2018-05-14,2018,5,14,Pre-Monsoon,West Bengal (Gangetic),22.57,88.36,5,120,Normal,35.1,59.8,1005.5,6.9,4.8,268.0,78.0,32.1,53.4,1004.7,0.2,7.2,3.0,6.7,3.0,0
2018-05-14,2018,5,14,Pre-Monsoon,Kerala Coast,9.93,76.26,6,144,Heat Wave,40.4,40.3,1004.2,7.1,7.2,188.0,44.0,42.7,39.0,1004.4,1.1,8.4,2.3,6.0,2.3,0
2018-05-14,2018,5,14,Pre-Monsoon,Himachal Pradesh,31.1,77.17,6,144,Heat Wave,42.2,60.9,1009.9,5.1,8.4,0.0,19.0,42.2,64.6,1009.1,0.3,8.2,0.0,4.8,0.0,0
2018-05-14,2018,5,14,Pre-Monsoon,West Bengal (Gangetic),22.57,88.36,6,144,Normal,33.3,59.8,1002.7,5.3,14.8,318.0,85.0,32.1,59.0,1004.7,0.2,7.2,1.2,5.1,1.2,1
2018-05-14,2018,5,14,Pre-Monsoon,Maharashtra (Mumbai/Konkan),18.98,72.83,7,168,Normal,32.0,52.7,1007.9,10.4,2.2,151.0,28.0,34.5,63.3,1005.4,2.3,7.3,2.5,8.1,2.5,0
2018-05-14,2018,5,14,Pre-Monsoon,Assam & Meghalaya,26.14,91.73,7,168,Normal,33.2,61.8,1010.5,14.9,4.2,332.0,63.0,34.9,62.5,1008.4,9.8,11.3,1.7,5.1,5.1,1
2018-05-14,2018,5,14,Pre-Monsoon,Odisha Coastal,20.27,85.84,8,192,Normal,27.6,64.3,1007.0,0.0,10.8,216.0,60.0,32.5,61.0,1008.6,1.2,11.7,4.9,1.2,4.9,1
2018-05-14,2018,5,14,Pre-Monsoon,Maharashtra (Mumbai/Konkan),18.98,72.83,8,192,Normal,35.2,52.7,1004.7,19.6,9.0,180.0,80.0,34.5,55.0,1005.4,2.3,7.3,0.7,17.3,0.7,0
2018-05-14,2018,5,14,Pre-Monsoon,Gujarat Coastal,21.64,69.6,8,192,Normal,36.6,51.9,1010.7,12.4,7.4,209.0,77.0,37.6,46.4,1011.2,1.3,8.3,1.0,11.1,1.0,0
2018-05-14,2018,5,14,Pre-Monsoon,Himachal Pradesh,31.1,77.17,9,216,Heat Wave,40.8,60.9,1008.9,0.0,7.9,153.0,87.0,42.2,58.0,1009.1,0.3,8.2,1.4,0.3,1.4,0
2018-05-14,2018,5,14,Pre-Monsoon,Odisha Coastal,20.27,85.84,10,240,Normal,32.1,64.3,1004.1,1.8,13.6,272.0,76.0,32.5,60.3,1008.6,1.2,11.7,0.4,0.6,0.4,1
2018-05-14,2018,5,14,Pre-Monsoon,Rajasthan (West),26.91,70.9,10,240,Normal,38.5,55.2,1008.7,0.0,6.0,110.0,47.0,40.0,43.5,1009.8,1.6,6.6,1.5,1.6,1.5,0
2018-05-21,2018,5,21,Pre-Monsoon,Odisha Coastal,20.27,85.84,1,24,Normal,34.3,32.7,1014.9,0.0,7.3,133.0,18.0,34.3,30.5,1014.7,0.3,5.6,0.0,0.3,0.0,0
2018-05-21,2018,5,21,Pre-Monsoon,Rajasthan (West),26.91,70.9,1,24,Normal,31.1,57.0,1009.0,0.0,13.8,324.0,92.0,31.9,60.3,1009.4,0.1,15.0,0.8,0.1,0.8,0
2018-05-21,2018,5,21,Pre-Monsoon,West Bengal (Gangetic),22.57,88.36,1,24,Cyclone,37.8,51.5,1008.2,5.3,6.2,195.0,44.0,38.6,52.2,1009.0,0.5,8.0,0.8,4.8,0.8,0
2018-05-21,2018,5,21,Pre-Monsoon,Gujarat Coastal,21.64,69.6,2,48,Normal,33.3,43.0,1008.1,4.1,13.4,259.0,51.0,32.1,43.3,1007.7,1.0,13.3,1.2,3.1,1.2,0
2018-05-21,2018,5,21,Pre-Monsoon,Himachal Pradesh,31.1,77.17,2,48,Normal,36.9,54.6,1011.3,3.5,13.4,35.0,34.0,36.1,52.9,1011.1,3.2,12.8,0.8,0.3,0.8,0
2018-05-21,2018,5,21,Pre-Monsoon,Kerala Coast,9.93,76.26,3,72,Normal,39.8,50.6,1006.3,0.3,7.3,74.0,23.0,40.6,47.0,1006.5,0.3,5.4,0.8,0.0,0.8,0
2018-05-21,2018,5,21,Pre-Monsoon,Rajasthan (West),26.91,70.9,3,72,Normal,32.1,57.0,1008.6,0.0,14.9,219.0,79.0,31.9,58.9,1009.4,0.1,15.0,0.2,0.1,0.2,0
2018-05-21,2018,5,21,Pre-Monsoon,Odisha Coastal,20.27,85.84,4,96,Normal,32.7,32.7,1013.3,0.0,10.2,87.0,56.0,34.3,39.1,1014.7,0.3,5.6,1.6,0.3,1.6,0
2018-05-21,2018,5,21,Pre-Monsoon,Maharashtra (Mumbai/Konkan),18.98,72.83,4,96,Normal,36.3,39.4,1009.2,10.2,12.9,38.0,40.0,38.6,39.7,1010.0,1.8,12.5,2.3,8.4,2.3,0
2018-05-21,2018,5,21,Pre-Monsoon,Himachal Pradesh,31.1,77.17,5,120,Normal,34.8,54.6,1011.1,0.0,10.7,82.0,51.0,36.1,50.2,1011.1,3.2,12.8,1.3,3.2,1.3,0
2018-05-21,2018,5,21,Pre-Monsoon,Gujarat Coastal,21.64,69.6,6,144,Normal,30.5,43.0,1008.2,4.6,10.6,190.0,18.0,32.1,41.5,1007.7,1.0,13.3,1.6,3.6,1.6,0
2018-05-21,2018,5,21,Pre-Monsoon,Assam & Meghalaya,26.14,91.73,7,168,Normal,37.3,53.4,1010.7,4.6,8.4,272.0,33.0,39.1,59.0,1009.2,1.6,11.5,1.8,3.0,1.8,0
2018-05-21,2018,5,21,Pre-Monsoon,West Bengal (Gangetic),22.57,88.36,8,192,Cyclone,38.4,51.5,1009.2,1.6,6.9,218.0,89.0,38.6,50.1,1009.0,0.5,8.0,0.2,1.1,0.2,0
2018-05-21,2018,5,21,Pre-Monsoon,Kerala Coast,9.93,76.26,10,240,Normal,38.7,50.6,1004.6,1.1,4.0,34.0,71.0,40.6,45.2,1006.5,0.3,5.4,1.9,0.8,1.9,0
2018-05-21,2018,5,21,Pre-Monsoon,Maharashtra (Mumbai/Konkan),18.98,72.83,10,240,Normal,34.4,39.4,1009.1,0.0,10.4,344.0,54.0,38.6,44.5,1010.0,1.8,12.5,4.2,1.8,4.2,1
2018-05-21,2018,5,21,Pre-Monsoon,Assam & Meghalaya,26.14,91.73,10,240,Normal,40.0,53.4,1006.9,0.0,6.4,78.0,79.0,39.1,57.0,1009.2,1.6,11.5,0.9,1.6,0.9,0
2018-05-28,2018,5,28,Pre-Monsoon,Kerala Coast,9.93,76.26,1,24,Normal,34.6,55.1,1008.4,0.0,7.6,250.0,27.0,34.9,51.4,1008.8,2.1,7.0,0.3,2.1,0.3,0
2018-05-28,2018,5,28,Pre-Monsoon,Gujarat Coastal,21.64,69.6,2,48,Normal,30.5,52.9,1007.6,1.5,10.7,285.0,31.0,31.1,46.2,1008.6,0.8,11.7,0.6,0.7,0.6,0
2018-05-28,2018,5,28,Pre-Monsoon,Odisha Coastal,20.27,85.84,3,72,Normal,34.7,57.6,1008.3,1.6,13.4,92.0,93.0,34.9,63.2,1007.4,2.0,10.2,0.2,0.4,0.2,0
2018-05-28,2018,5,28,Pre-Monsoon,Kerala Coast,9.93,76.26,3,72,Normal,32.0,55.1,1008.8,2.1,6.6,104.0,46.0,34.9,57.6,1008.8,2.1,7.0,2.9,0.0,2.9,0
2018-05-28,2018,5,28,Pre-Monsoon,West Bengal (Gangetic),22.57,88.36,3,72,Normal,34.3,52.8,1010.8,1.4,9.6,306.0,73.0,35.0,53.6,1012.2,3.3,9.5,0.7,1.9,0.7,0
2018-05-28,2018,5,28,Pre-Monsoon,Gujarat Coastal,21.64,69.6,4,96,Normal,31.5,52.9,1008.1,7.6,13.8,246.0,26.0,31.1,57.4,1008.6,0.8,11.7,0.4,6.8,0.4,0
2018-05-28,2018,5,28,Pre-Monsoon,West Bengal (Gangetic),22.57,88.36,4,96,Normal,35.2,52.8,1014.0,6.9,9.9,283.0,90.0,35.0,52.3,1012.2,3.3,9.5,0.2,3.6,0.2,0
2018-05-28,2018,5,28,Pre-Monsoon,Rajasthan (West),26.91,70.9,5,120,Normal,32.1,40.2,1011.4,0.0,12.1,205.0,87.0,32.4,34.3,1012.5,0.8,14.3,0.3,0.8,0.3,0
2018-05-28,2018,5,28,Pre-Monsoon,Maharashtra (Mumbai/Konkan),18.98,72.83,6,144,Normal,38.5,39.6,1013.2,11.1,10.2,247.0,27.0,38.3,40.6,1012.8,0.6,10.3,0.2,10.5,0.2,0
2018-05-28,2018,5,28,Pre-Monsoon,Himachal Pradesh,31.1,77.17,6,144,Normal,37.0,40.1,1010.9,4.8,10.6,96.0,89.0,38.4,37.9,1011.1,1.6,9.4,1.4,3.2,1.4,0
2018-05-28,2018,5,28,Pre-Monsoon,Assam & Meghalaya,26.14,91.73,7,168,Normal,31.0,27.0,1008.4,0.0,5.2,144.0,66.0,31.8,23.9,1008.7,1.5,6.7,0.8,1.5,0.8,0
2018-05-28,2018,5,28,Pre-Monsoon,Odisha Coastal,20.27,85.84,8,192,Normal,35.7,57.6,1009.1,0.0,10.3,252.0,34.0,34.9,61.8,1007.4,2.0,10.2,0.8,2.0,0.8,0
2018-05-28,2018,5,28,Pre-Monsoon,Maharashtra (Mumbai/Konkan),18.98,72.83,10,240,Normal,37.7,39.6,1009.8,6.6,9.9,112.0,52.0,38.3,36.4,1012.8,0.6,10.3,0.6,6.0,0.6,0
2018-05-28,2018,5,28,Pre-Monsoon,Rajasthan (West),26.91,70.9,10,240,Normal,38.4,40.2,1010.5,0.0,16.9,80.0,21.0,32.4,42.8,1012.5,0.8,14.3,6.0,0.8,6.0,1
2018-05-28,2018,5,28,Pre-Monsoon,Himachal Pradesh,31.1,77.17,10,240,Normal,38.3,40.1,1009.7,3.1,14.3,78.0,76.0,38.4,38.5,1011.1,1.6,9.4,0.1,1.5,0.1,0
2018-05-28,2018,5,28,Pre-Monsoon,Assam & Meghalaya,26.14,91.73,10,240,Normal,31.8,27.0,1007.9,0.0,3.6,336.0,26.0,31.8,29.7,1008.7,1.5,6.7,0.0,1.5,0.0,0
2018-06-04,2018,6,4,Monsoon,Maharashtra (Mumbai/Konkan),18.98,72.83,2,48,Normal,26.0,94.6,1002.4,6.0,14.5,303.0,49.0,27.0,97.6,1003.2,3.0,14.7,1.0,3.0,1.0,0
2018-06-04,2018,6,4,Monsoon,Odisha Coastal,20.27,85.84,3,72,Normal,26.8,88.0,1004.8,0.0,9.2,345.0,61.0,26.8,95.8,1004.4,9.7,9.8,0.0,9.7,9.7,0
2018-06-04,2018,6,4,Monsoon,West Bengal (Gangetic),22.57,88.36,3,72,Normal,27.6,79.9,1004.6,0.0,10.0,288.0,68.0,28.9,82.7,1004.9,0.9,13.3,1.3,0.9,1.3,0
2018-06-04,2018,6,4,Monsoon,Kerala Coast,9.93,76.26,4,96,Normal,28.5,86.4,1001.0,0.0,7.3,309.0,71.0,27.8,86.6,999.8,21.2,8.6,0.7,21.2,21.2,1
2018-06-04,2018,6,4,Monsoon,Rajasthan (West),26.91,70.9,4,96,Normal,26.8,86.7,1003.4,7.9,14.3,13.0,19.0,26.4,86.4,1002.4,5.4,13.0,0.4,2.5,2.5,0
2018-06-04,2018,6,4,Monsoon,Himachal Pradesh,31.1,77.17,4,96,Normal,29.0,79.6,1000.1,7.9,17.1,252.0,23.0,29.9,81.3,1000.7,3.8,14.2,0.9,4.1,0.9,0
2018-06-04,2018,6,4,Monsoon,Kerala Coast,9.93,76.26,5,120,Normal,27.2,86.4,999.6,20.6,7.0,199.0,38.0,27.8,95.4,999.8,21.2,8.6,0.6,0.6,0.6,0
2018-06-04,2018,6,4,Monsoon,Gujarat Coastal,21.64,69.6,5,120,Normal,28.8,83.1,1006.6,0.1,17.0,50.0,80.0,26.2,88.0,1007.6,2.0,16.0,2.6,1.9,2.6,0
2018-06-04,2018,6,4,Monsoon,Assam & Meghalaya,26.14,91.73,5,120,Normal,32.9,89.2,1001.2,0.0,18.2,87.0,81.0,29.2,88.1,1003.6,1.5,16.2,3.7,1.5,3.7,1
2018-06-04,2018,6,4,Monsoon,Maharashtra (Mumbai/Konkan),18.98,72.83,6,144,Normal,25.2,94.6,1004.0,2.4,17.4,43.0,42.0,27.0,94.4,1003.2,3.0,14.7,1.8,0.6,1.8,0
2018-06-04,2018,6,4,Monsoon,Gujarat Coastal,21.64,69.6,7,168,Normal,30.7,83.1,1008.3,11.4,14.8,356.0,57.0,26.2,88.6,1007.6,2.0,16.0,4.5,9.4,4.5,1
2018-06-04,2018,6,4,Monsoon,Rajasthan (West),26.91,70.9,7,168,Normal,26.5,86.7,1001.4,12.3,14.2,222.0,10.0,26.4,94.8,1002.4,5.4,13.0,0.1,6.9,6.9,0
2018-06-04,2018,6,4,Monsoon,Assam & Meghalaya,26.14,91.73,8,192,Normal,27.9,89.2,1003.2,9.8,14.3,225.0,93.0,29.2,82.8,1003.6,1.5,16.2,1.3,8.3,1.3,0
2018-06-04,2018,6,4,Monsoon,Odisha Coastal,20.27,85.84,10,240,Normal,27.2,88.0,1004.1,15.6,12.4,106.0,18.0,26.8,94.1,1004.4,9.7,9.8,0.4,5.9,5.9,0
2018-06-04,2018,6,4,Monsoon,Himachal Pradesh,31.1,77.17,10,240,Normal,30.2,79.6,997.6,0.0,11.3,227.0,19.0,29.9,77.9,1000.7,3.8,14.2,0.3,3.8,0.3,1
2018-06-04,2018,6,4,Monsoon,West Bengal (Gangetic),22.57,88.36,10,240,Normal,31.3,79.9,1003.8,2.0,12.5,119.0,81.0,28.9,78.1,1004.9,0.9,13.3,2.4,1.1,2.4,0
2018-06-11,2018,6,11,Monsoon,Odisha Coastal,20.27,85.84,1,24,Normal,25.5,83.3,1003.6,44.3,18.3,185.0,85.0,26.8,84.3,1003.0,40.7,18.8,1.3,3.6,3.6,0
2018-06-11,2018,6,11,Monsoon,Maharashtra (Mumbai/Konkan),18.98,72.83,1,24,Normal,28.9,79.3,1004.2,9.5,8.9,57.0,87.0,27.8,78.7,1004.3,4.7,10.5,1.1,4.8,1.1,0
2018-06-11,2018,6,11,Monsoon,Gujarat Coastal,21.64,69.6,1,24,Normal,25.4,74.5,1005.4,17.8,12.7,145.0,52.0,26.7,73.8,1005.7,11.8,11.4,1.3,6.0,6.0,0
2018-06-11,2018,6,11,Monsoon,Himachal Pradesh,31.1,77.17,1,24,Normal,28.5,72.9,996.0,0.0,10.9,193.0,78.0,28.5,72.8,996.1,2.0,11.7,0.0,2.0,0.0,0
2018-06-11,2018,6,11,Monsoon,Assam & Meghalaya,26.14,91.73,1,24,Normal,24.1,67.7,1003.5,36.3,12.6,236.0,64.0,24.4,67.4,1002.5,26.2,13.1,0.3,10.1,10.1,0
2018-06-11,2018,6,11,Monsoon,Kerala Coast,9.93,76.26,2,48,Normal,29.6,88.8,1004.9,16.0,12.2,247.0,16.0,28.6,85.7,1004.3,14.2,12.8,1.0,1.8,1.8,0
2018-06-11,2018,6,11,Monsoon,Maharashtra (Mumbai/Konkan),18.98,72.83,2,48,Normal,27.7,79.3,1003.6,0.0,10.5,324.0,63.0,27.8,77.1,1004.3,4.7,10.5,0.1,4.7,0.1,0
2018-06-11,2018,6,11,Monsoon,Kerala Coast,9.93,76.26,3,72,Normal,29.6,88.8,1003.4,24.0,11.7,340.0,79.0,28.6,82.6,1004.3,14.2,12.8,1.0,9.8,9.8,0
2018-06-11,2018,6,11,Monsoon,Assam & Meghalaya,26.14,91.73,3,72,Normal,25.3,67.7,1003.1,4.2,11.8,192.0,12.0,24.4,61.4,1002.5,26.2,13.1,0.9,22.0,22.0,1
2018-06-11,2018,6,11,Monsoon,Gujarat Coastal,21.64,69.6,5,120,Normal,28.6,74.5,1007.7,3.6,7.5,206.0,37.0,26.7,73.5,1005.7,11.8,11.4,1.9,8.2,8.2,0
2018-06-11,2018,6,11,Monsoon,Rajasthan (West),26.91,70.9,5,120,Normal,25.3,79.3,1001.2,0.0,15.6,79.0,66.0,25.2,80.8,1000.9,2.0,14.4,0.1,2.0,0.1,0
2018-06-11,2018,6,11,Monsoon,Himachal Pradesh,31.1,77.17,6,144,Normal,28.4,72.9,993.7,0.0,15.3,44.0,27.0,28.5,72.9,996.1,2.0,11.7,0.1,2.0,0.1,0
2018-06-11,2018,6,11,Monsoon,West Bengal (Gangetic),22.57,88.36,6,144,Normal,25.2,79.7,1003.7,6.2,10.7,295.0,47.0,27.7,74.6,1003.6,7.2,11.7,2.5,1.0,1.0,0
2018-06-11,2018,6,11,Monsoon,Rajasthan (West),26.91,70.9,8,192,Normal,23.7,79.3,1001.9,0.0,14.5,167.0,57.0,25.2,85.0,1000.9,2.0,14.4,1.5,2.0,1.5,0
2018-06-11,2018,6,11,Monsoon,West Bengal (Gangetic),22.57,88.36,9,216,Normal,23.0,79.7,1001.7,2.7,12.3,96.0,71.0,27.7,84.8,1003.6,7.2,11.7,4.7,4.5,4.5,1
2018-06-11,2018,6,11,Monsoon,Odisha Coastal,20.27,85.84,10,240,Normal,29.1,83.3,1000.6,0.0,22.5,4.0,35.0,26.8,83.2,1003.0,40.7,18.8,2.3,40.7,40.7,1
2018-06-18,2018,6,18,Monsoon,Odisha Coastal,20.27,85.84,1,24,Normal,29.1,77.4,1008.8,9.2,16.4,245.0,80.0,29.6,80.1,1008.6,3.6,17.4,0.5,5.6,0.5,0
2018-06-18,2018,6,18,Monsoon,Himachal Pradesh,31.1,77.17,1,24,Normal,28.8,75.2,1008.1,2.2,10.1,119.0,83.0,29.5,81.7,1007.4,0.3,8.8,0.7,1.9,0.7,0
2018-06-18,2018,6,18,Monsoon,Kerala Coast,9.93,76.26,2,48,Normal,24.9,82.9,1008.5,40.9,9.3,314.0,71.0,25.7,83.1,1009.8,55.6,9.3,0.8,14.7,14.7,0
2018-06-18,2018,6,18,Monsoon,Gujarat Coastal,21.64,69.6,3,72,Normal,26.5,73.8,1001.8,5.9,10.5,44.0,67.0,27.2,73.8,1000.8,8.1,11.0,0.7,2.2,2.2,0
2018-06-18,2018,6,18,Monsoon,West Bengal (Gangetic),22.57,88.36,3,72,Normal,28.9,83.1,1000.5,21.1,11.2,348.0,81.0,28.2,90.5,1000.2,15.0,12.7,0.7,6.1,6.1,0
2018-06-18,2018,6,18,Monsoon,Odisha Coastal,20.27,85.84,4,96,Normal,26.1,77.4,1008.6,8.1,20.0,215.0,38.0,29.6,78.3,1008.6,3.6,17.4,3.5,4.5,3.5,1
2018-06-18,2018,6,18,Monsoon,Kerala Coast,9.93,76.26,5,120,Normal,28.0,82.9,1009.7,104.6,4.6,75.0,29.0,25.7,86.5,1009.8,55.6,9.3,2.3,49.0,49.0,1
2018-06-18,2018,6,18,Monsoon,Gujarat Coastal,21.64,69.6,5,120,Normal,26.0,73.8,1002.0,0.0,12.5,356.0,41.0,27.2,72.1,1000.8,8.1,11.0,1.2,8.1,8.1,0
2018-06-18,2018,6,18,Monsoon,Rajasthan (West),26.91,70.9,5,120,Normal,27.7,78.6,999.0,0.2,11.5,258.0,77.0,27.5,78.3,1000.6,3.9,10.8,0.2,3.7,0.2,0
2018-06-18,2018,6,18,Monsoon,Himachal Pradesh,31.1,77.17,5,120,Normal,30.3,75.2,1005.3,0.0,10.1,258.0,14.0,29.5,82.4,1007.4,0.3,8.8,0.8,0.3,0.8,0
2018-06-18,2018,6,18,Monsoon,West Bengal (Gangetic),22.57,88.36,5,120,Normal,28.1,83.1,1000.1,1.6,11.2,69.0,47.0,28.2,84.4,1000.2,15.0,12.7,0.1,13.4,13.4,0
2018-06-18,2018,6,18,Monsoon,Assam & Meghalaya,26.14,91.73,5,120,Normal,30.8,92.3,997.8,6.2,8.2,127.0,16.0,29.5,90.7,996.5,0.4,12.0,1.3,5.8,1.3,0
2018-06-18,2018,6,18,Monsoon,Maharashtra (Mumbai/Konkan),18.98,72.83,6,144,Normal,22.4,87.8,1010.7,13.0,13.9,278.0,57.0,26.0,87.3,1007.9,24.7,13.1,3.6,11.7,11.7,1
2018-06-18,2018,6,18,Monsoon,Assam & Meghalaya,26.14,91.73,8,192,Normal,30.0,92.3,998.0,0.0,11.5,230.0,54.0,29.5,95.7,996.5,0.4,12.0,0.5,0.4,0.5,0
2018-06-18,2018,6,18,Monsoon,Maharashtra (Mumbai/Konkan),18.98,72.83,9,216,Normal,21.9,87.8,1008.6,7.5,17.4,219.0,39.0,26.0,96.6,1007.9,24.7,13.1,4.1,17.2,17.2,1
2018-06-18,2018,6,18,Monsoon,Rajasthan (West),26.91,70.9,10,240,Normal,24.3,78.6,1003.8,0.0,10.9,323.0,55.0,27.5,77.0,1000.6,3.9,10.8,3.2,3.9,3.2,1
2018-06-25,2018,6,25,Monsoon,Odisha Coastal,20.27,85.84,1,24,Normal,27.7,85.5,1005.4,13.0,16.8,102.0,10.0,27.1,85.0,1003.6,11.3,15.5,0.6,1.7,1.7,0
2018-06-25,2018,6,25,Monsoon,Kerala Coast,9.93,76.26,1,24,Normal,30.8,81.3,1001.6,22.9,12.5,217.0,70.0,29.3,72.4,1002.8,21.0,12.9,1.5,1.9,1.9,0
2018-06-25,2018,6,25,Monsoon,Maharashtra (Mumbai/Konkan),18.98,72.83,1,24,Normal,30.2,88.0,1005.1,29.4,11.4,264.0,24.0,28.2,92.4,1004.8,26.6,8.7,2.0,2.8,2.8,0
2018-06-25,2018,6,25,Monsoon,Rajasthan (West),26.91,70.9,1,24,Normal,28.7,82.1,1002.0,0.6,15.2,116.0,12.0,30.0,86.4,1001.5,1.7,16.9,1.3,1.1,1.3,0
2018-06-25,2018,6,25,Monsoon,Gujarat Coastal,21.64,69.6,2,48,Normal,29.1,85.8,1005.6,2.3,16.8,327.0,14.0,29.2,83.8,1005.2,2.5,15.7,0.1,0.2,0.1,0
2018-06-25,2018,6,25,Monsoon,Gujarat Coastal,21.64,69.6,3,72,Normal,29.6,85.8,1006.1,5.2,13.6,321.0,34.0,29.2,88.4,1005.2,2.5,15.7,0.4,2.7,0.4,0
2018-06-25,2018,6,25,Monsoon,Odisha Coastal,20.27,85.84,4,96,Normal,28.3,85.5,1003.4,14.1,17.2,222.0,55.0,27.1,87.5,1003.6,11.3,15.5,1.2,2.8,2.8,0
2018-06-25,2018,6,25,Monsoon,Rajasthan (West),26.91,70.9,4,96,Normal,28.8,82.1,1001.5,4.2,13.4,332.0,74.0,30.0,84.8,1001.5,1.7,16.9,1.2,2.5,1.2,0
2018-06-25,2018,6,25,Monsoon,West Bengal (Gangetic),22.57,88.36,4,96,Normal,27.5,74.9,1006.8,10.6,12.7,67.0,45.0,27.9,79.7,1007.2,2.5,12.3,0.4,8.1,0.4,0
2018-06-25,2018,6,25,Monsoon,Assam & Meghalaya,26.14,91.73,5,120,Normal,25.2,75.1,1003.6,10.5,10.3,28.0,16.0,26.1,80.4,1004.1,6.6,10.8,0.9,3.9,3.9,0
2018-06-25,2018,6,25,Monsoon,Kerala Coast,9.93,76.26,6,144,Normal,30.9,81.3,1002.3,39.2,12.5,260.0,24.0,29.3,80.0,1002.8,21.0,12.9,1.6,18.2,18.2,0
2018-06-25,2018,6,25,Monsoon,Himachal Pradesh,31.1,77.17,6,144,Normal,26.0,84.7,1001.7,0.0,19.6,314.0,48.0,26.9,76.9,1003.2,3.4,17.1,0.9,3.4,0.9,0
2018-06-25,2018,6,25,Monsoon,Maharashtra (Mumbai/Konkan),18.98,72.83,7,168,Normal,23.4,88.0,1001.6,9.6,4.9,199.0,72.0,28.2,92.9,1004.8,26.6,8.7,4.8,17.0,17.0,1
2018-06-25,2018,6,25,Monsoon,Himachal Pradesh,31.1,77.17,8,192,Normal,26.4,84.7,1004.4,6.6,18.0,131.0,29.0,26.9,87.3,1003.2,3.4,17.1,0.5,3.2,0.5,0
2018-06-25,2018,6,25,Monsoon,West Bengal (Gangetic),22.57,88.36,10,240,Normal,26.1,74.9,1006.5,0.0,8.5,65.0,30.0,27.9,73.8,1007.2,2.5,12.3,1.8,2.5,1.8,0
2018-06-25,2018,6,25,Monsoon,Assam & Meghalaya,26.14,91.73,10,240,Normal,23.6,75.1,1005.6,8.7,10.5,68.0,54.0,26.1,77.7,1004.1,6.6,10.8,2.5,2.1,2.1,0
2018-07-02,2018,7,2,Monsoon,West Bengal (Gangetic),22.57,88.36,1,24,Active Monsoon,26.7,84.4,1006.8,0.0,13.1,197.0,53.0,25.7,88.2,1007.0,0.5,11.6,1.0,0.5,1.0,0
2018-07-02,2018,7,2,Monsoon,Gujarat Coastal,21.64,69.6,2,48,Active Monsoon,27.4,76.2,1010.3,1.6,16.9,176.0,35.0,28.2,70.9,1010.0,8.9,15.9,0.8,7.3,7.3,0
2018-07-02,2018,7,2,Monsoon,Rajasthan (West),26.91,70.9,3,72,Active Monsoon,25.8,69.9,995.7,0.0,17.7,232.0,19.0,26.2,67.1,995.5,3.3,19.2,0.4,3.3,0.4,0
2018-07-02,2018,7,2,Monsoon,Assam & Meghalaya,26.14,91.73,4,96,Active Monsoon,27.9,78.3,1005.7,15.7,5.6,37.0,29.0,27.9,78.5,1005.8,19.6,12.6,0.0,3.9,3.9,0
2018-07-02,2018,7,2,Monsoon,Odisha Coastal,20.27,85.84,5,120,Active Monsoon,24.2,88.4,1004.0,2.8,10.3,254.0,29.0,26.0,86.1,1003.8,3.8,10.0,1.8,1.0,1.8,0
2018-07-02,2018,7,2,Monsoon,Kerala Coast,9.93,76.26,5,120,Active Monsoon,27.7,78.4,1003.3,0.0,11.1,311.0,52.0,28.0,83.6,1003.1,3.8,12.7,0.3,3.8,0.3,0
2018-07-02,2018,7,2,Monsoon,Maharashtra (Mumbai/Konkan),18.98,72.83,5,120,Active Monsoon,27.5,75.5,1004.1,7.5,13.5,113.0,39.0,26.9,78.9,1004.0,10.5,16.9,0.6,3.0,3.0,0
2018-07-02,2018,7,2,Monsoon,Himachal Pradesh,31.1,77.17,5,120,Active Monsoon,31.8,80.1,1001.4,0.0,14.5,90.0,72.0,29.0,83.0,1000.5,10.4,12.1,2.8,10.4,10.4,0
2018-07-02,2018,7,2,Monsoon,West Bengal (Gangetic),22.57,88.36,5,120,Active Monsoon,25.2,84.4,1006.4,2.5,10.4,322.0,27.0,25.7,84.9,1007.0,0.5,11.6,0.5,2.0,0.5,0
2018-07-02,2018,7,2,Monsoon,Rajasthan (West),26.91,70.9,6,144,Active Monsoon,25.4,69.9,995.3,5.8,25.6,277.0,60.0,26.2,72.1,995.5,3.3,19.2,0.8,2.5,0.8,0
2018-07-02,2018,7,2,Monsoon,Odisha Coastal,20.27,85.84,7,168,Active Monsoon,24.5,88.4,1004.2,0.0,10.3,292.0,17.0,26.0,94.2,1003.8,3.8,10.0,1.5,3.8,1.5,0
2018-07-02,2018,7,2,Monsoon,Gujarat Coastal,21.64,69.6,7,168,Active Monsoon,31.4,76.2,1010.1,15.9,14.4,352.0,27.0,28.2,78.3,1010.0,8.9,15.9,3.2,7.0,7.0,1
2018-07-02,2018,7,2,Monsoon,Himachal Pradesh,31.1,77.17,8,192,Active Monsoon,26.9,80.1,999.7,7.8,12.1,207.0,57.0,29.0,80.8,1000.5,10.4,12.1,2.1,2.6,2.6,0
2018-07-02,2018,7,2,Monsoon,Kerala Coast,9.93,76.26,10,240,Active Monsoon,31.3,78.4,1001.2,8.0,16.4,351.0,91.0,28.0,81.2,1003.1,3.8,12.7,3.3,4.2,3.3,1
2018-07-02,2018,7,2,Monsoon,Maharashtra (Mumbai/Konkan),18.98,72.83,10,240,Active Monsoon,23.4,75.5,1003.4,10.9,21.3,206.0,81.0,26.9,76.8,1004.0,10.5,16.9,3.5,0.4,0.4,1
2018-07-02,2018,7,2,Monsoon,Assam & Meghalaya,26.14,91.73,10,240,Active Monsoon,30.1,78.3,1005.2,20.5,13.4,20.0,67.0,27.9,80.4,1005.8,19.6,12.6,2.2,0.9,0.9,0
2018-07-09,2018,7,9,Monsoon,Himachal Pradesh,31.1,77.17,1,24,Active Monsoon,27.3,90.1,1002.7,3.5,16.2,180.0,48.0,26.9,87.4,1002.0,3.1,13.4,0.4,0.4,0.4,0
2018-07-09,2018,7,9,Monsoon,Rajasthan (West),26.91,70.9,2,48,Active Monsoon,29.7,78.4,1002.2,0.7,8.7,99.0,28.0,29.9,76.5,1001.4,1.2,9.3,0.2,0.5,0.2,0
2018-07-09,2018,7,9,Monsoon,West Bengal (Gangetic),22.57,88.36,2,48,Active Monsoon,31.3,80.3,1004.5,8.8,11.1,257.0,24.0,28.6,75.0,1004.8,4.3,11.9,2.7,4.5,2.7,0
2018-07-09,2018,7,9,Monsoon,Kerala Coast,9.93,76.26,3,72,Active Monsoon,27.2,85.5,1001.2,0.0,10.5,28.0,32.0,26.8,85.0,1002.9,1.7,12.4,0.4,1.7,0.4,0
2018-07-09,2018,7,9,Monsoon,Rajasthan (West),26.91,70.9,4,96,Active Monsoon,30.1,78.4,1002.4,1.1,8.1,181.0,92.0,29.9,78.2,1001.4,1.2,9.3,0.2,0.1,0.2,0
2018-07-09,2018,7,9,Monsoon,Himachal Pradesh,31.1,77.17,4,96,Active Monsoon,25.6,90.1,1002.4,0.3,12.6,117.0,83.0,26.9,91.0,1002.0,3.1,13.4,1.3,2.8,1.3,0
2018-07-09,2018,7,9,Monsoon,Assam & Meghalaya,26.14,91.73,4,96,Active Monsoon,27.4,77.9,1006.4,2.6,17.0,233.0,44.0,28.6,77.2,1006.9,1.7,15.3,1.2,0.9,1.2,0
2018-07-09,2018,7,9,Monsoon,Odisha Coastal,20.27,85.84,5,120,Active Monsoon,25.7,81.5,1008.1,2.6,11.9,211.0,25.0,31.0,80.8,1008.8,1.9,10.9,5.3,0.7,5.3,1
2018-07-09,2018,7,9,Monsoon,West Bengal (Gangetic),22.57,88.36,5,120,Active Monsoon,26.3,80.3,1002.4,1.8,9.8,94.0,15.0,28.6,74.7,1004.8,4.3,11.9,2.3,2.5,2.3,0
2018-07-09,2018,7,9,Monsoon,Odisha Coastal,20.27,85.84,6,144,Active Monsoon,31.9,81.5,1009.8,0.0,12.4,308.0,93.0,31.0,83.5,1008.8,1.9,10.9,0.9,1.9,0.9,0
2018-07-09,2018,7,9,Monsoon,Kerala Coast,9.93,76.26,6,144,Active Monsoon,27.3,85.5,999.7,8.1,11.2,185.0,23.0,26.8,95.4,1002.9,1.7,12.4,0.5,6.4,0.5,1
2018-07-09,2018,7,9,Monsoon,Maharashtra (Mumbai/Konkan),18.98,72.83,6,144,Active Monsoon,29.0,78.4,1009.4,18.5,10.6,201.0,94.0,29.3,77.2,1007.3,19.6,12.7,0.3,1.1,1.1,0
2018-07-09,2018,7,9,Monsoon,Gujarat Coastal,21.64,69.6,7,168,Active Monsoon,25.9,69.7,1007.4,0.0,7.8,54.0,10.0,25.1,69.3,1006.2,7.1,13.7,0.8,7.1,7.1,0
2018-07-09,2018,7,9,Monsoon,Gujarat Coastal,21.64,69.6,8,192,Active Monsoon,22.6,69.7,1007.2,33.7,17.1,198.0,55.0,25.1,68.6,1006.2,7.1,13.7,2.5,26.6,26.6,1
2018-07-09,2018,7,9,Monsoon,Maharashtra (Mumbai/Konkan),18.98,72.83,9,216,Active Monsoon,29.9,78.4,1006.9,12.7,7.8,79.0,16.0,29.3,80.4,1007.3,19.6,12.7,0.6,6.9,6.9,0
2018-07-09,2018,7,9,Monsoon,Assam & Meghalaya,26.14,91.73,9,216,Active Monsoon,23.5,77.9,1008.2,0.3,19.4,117.0,62.0,28.6,71.2,1006.9,1.7,15.3,5.1,1.4,5.1,1
2018-07-16,2018,7,16,Monsoon,Odisha Coastal,20.27,85.84,1,24,Active Monsoon,26.0,86.0,1004.7,0.0,8.3,188.0,80.0,26.3,86.4,1005.8,2.0,9.9,0.3,2.0,0.3,0
2018-07-16,2018,7,16,Monsoon,Kerala Coast,9.93,76.26,1,24,Active Monsoon,25.6,87.2,1006.9,11.6,15.2,203.0,63.0,26.7,85.6,1006.4,11.2,15.3,1.1,0.4,0.4,0
2018-07-16,2018,7,16,Monsoon,Assam & Meghalaya,26.14,91.73,1,24,Active Monsoon,26.1,78.3,1002.1,0.0,13.6,85.0,40.0,26.7,72.1,1002.2,2.5,12.9,0.6,2.5,0.6,0
2018-07-16,2018,7,16,Monsoon,Maharashtra (Mumbai/Konkan),18.98,72.83,2,48,Active Monsoon,30.6,89.2,1008.2,2.7,17.3,263.0,66.0,29.3,90.0,1007.7,7.2,15.7,1.3,4.5,4.5,0
2018-07-16,2018,7,16,Monsoon,Rajasthan (West),26.91,70.9,2,48,Active Monsoon,28.0,93.5,1002.4,5.8,17.0,134.0,31.0,26.8,100.3,1002.0,1.5,16.3,1.2,4.3,1.2,0
2018-07-16,2018,7,16,Monsoon,Himachal Pradesh,31.1,77.17,3,72,Active Monsoon,26.8,84.5,1003.1,0.0,16.8,231.0,88.0,26.9,89.2,1002.4,2.4,15.8,0.1,2.4,0.1,0
2018-07-16,2018,7,16,Monsoon,Kerala Coast,9.93,76.26,5,120,Active Monsoon,25.8,87.2,1007.8,26.8,14.1,338.0,39.0,26.7,89.4,1006.4,11.2,15.3,0.9,15.6,15.6,0
2018-07-16,2018,7,16,Monsoon,Rajasthan (West),26.91,70.9,5,120,Active Monsoon,27.5,93.5,1001.4,8.9,17.0,290.0,86.0,26.8,96.3,1002.0,1.5,16.3,0.7,7.4,0.7,0
2018-07-16,2018,7,16,Monsoon,Himachal Pradesh,31.1,77.17,5,120,Active Monsoon,24.8,84.5,1004.4,4.9,18.3,152.0,86.0,26.9,86.9,1002.4,2.4,15.8,2.1,2.5,2.1,0
2018-07-16,2018,7,16,Monsoon,Assam & Meghalaya,26.14,91.73,5,120,Active Monsoon,29.3,78.3,1004.4,3.0,18.1,136.0,67.0,26.7,78.6,1002.2,2.5,12.9,2.6,0.5,2.6,0
2018-07-16,2018,7,16,Monsoon,Gujarat Coastal,21.64,69.6,6,144,Active Monsoon,35.7,82.3,1004.8,0.0,15.3,204.0,30.0,30.2,81.7,1003.5,2.1,14.5,5.5,2.1,5.5,1
2018-07-16,2018,7,16,Monsoon,West Bengal (Gangetic),22.57,88.36,8,192,Active Monsoon,34.6,88.3,1004.9,26.3,11.8,63.0,29.0,30.5,80.6,1008.1,26.7,14.2,4.1,0.4,0.4,1
2018-07-16,2018,7,16,Monsoon,Gujarat Coastal,21.64,69.6,9,216,Active Monsoon,28.7,82.3,1005.7,0.1,18.5,140.0,74.0,30.2,81.8,1003.5,2.1,14.5,1.5,2.0,1.5,0
2018-07-16,2018,7,16,Monsoon,West Bengal (Gangetic),22.57,88.36,9,216,Active Monsoon,30.8,88.3,1007.3,35.2,14.3,37.0,62.0,30.5,92.4,1008.1,26.7,14.2,0.3,8.5,8.5,0
2018-07-16,2018,7,16,Monsoon,Odisha Coastal,20.27,85.84,10,240,Active Monsoon,22.2,86.0,1008.6,0.0,13.4,322.0,29.0,26.3,86.7,1005.8,2.0,9.9,4.1,2.0,4.1,1
2018-07-16,2018,7,16,Monsoon,Maharashtra (Mumbai/Konkan),18.98,72.83,10,240,Active Monsoon,28.6,89.2,1005.4,0.2,20.1,189.0,64.0,29.3,85.5,1007.7,7.2,15.7,0.7,7.0,7.0,0
2018-07-23,2018,7,23,Monsoon,Kerala Coast,9.93,76.26,1,24,Active Monsoon,28.3,82.5,1000.8,0.0,13.7,126.0,90.0,29.2,82.9,1000.9,1.6,12.6,0.9,1.6,0.9,0
2018-07-23,2018,7,23,Monsoon,West Bengal (Gangetic),22.57,88.36,1,24,Active Monsoon,27.1,77.4,1006.5,3.8,16.5,140.0,27.0,27.4,86.3,1006.4,0.4,14.9,0.3,3.4,0.3,0
2018-07-23,2018,7,23,Monsoon,Assam & Meghalaya,26.14,91.73,1,24,Active Monsoon,25.6,78.6,999.8,18.0,14.3,359.0,93.0,26.7,76.4,999.5,13.6,15.5,1.1,4.4,4.4,0
2018-07-23,2018,7,23,Monsoon,Rajasthan (West),26.91,70.9,2,48,Active Monsoon,30.0,79.0,1002.9,6.6,8.9,343.0,12.0,29.5,77.5,1003.5,5.6,11.0,0.5,1.0,1.0,0
2018-07-23,2018,7,23,Monsoon,Himachal Pradesh,31.1,77.17,2,48,Active Monsoon,27.2,76.5,1009.3,2.7,11.6,215.0,85.0,28.3,79.5,1009.2,2.5,13.3,1.1,0.2,1.1,0
2018-07-23,2018,7,23,Monsoon,Odisha Coastal,20.27,85.84,3,72,Active Monsoon,26.4,87.7,1012.6,14.7,11.6,43.0,39.0,26.4,86.4,1011.0,41.6,11.8,0.0,26.9,26.9,1
2018-07-23,2018,7,23,Monsoon,Rajasthan (West),26.91,70.9,3,72,Active Monsoon,28.8,79.0,1001.8,0.0,10.8,269.0,65.0,29.5,79.0,1003.5,5.6,11.0,0.7,5.6,5.6,0
2018-07-23,2018,7,23,Monsoon,Odisha Coastal,20.27,85.84,5,120,Active Monsoon,25.1,87.7,1012.3,43.4,13.1,357.0,79.0,26.4,87.9,1011.0,41.6,11.8,1.3,1.8,1.8,0
2018-07-23,2018,7,23,Monsoon,Himachal Pradesh,31.1,77.17,6,144,Active Monsoon,31.1,76.5,1010.5,1.7,15.2,202.0,66.0,28.3,76.8,1009.2,2.5,13.3,2.8,0.8,2.8,0
2018-07-23,2018,7,23,Monsoon,Kerala Coast,9.93,76.26,8,192,Active Monsoon,35.2,82.5,999.5,0.0,13.2,310.0,10.0,29.2,81.0,1000.9,1.6,12.6,6.0,1.6,6.0,1
2018-07-23,2018,7,23,Monsoon,Maharashtra (Mumbai/Konkan),18.98,72.83,8,192,Active Monsoon,30.5,82.5,1004.2,16.5,8.8,76.0,46.0,28.7,80.8,1003.2,4.1,8.9,1.8,12.4,1.8,0
2018-07-23,2018,7,23,Monsoon,Maharashtra (Mumbai/Konkan),18.98,72.83,9,216,Active Monsoon,29.9,82.5,1005.1,7.7,5.8,312.0,84.0,28.7,85.2,1003.2,4.1,8.9,1.2,3.6,1.2,0
2018-07-23,2018,7,23,Monsoon,Gujarat Coastal,21.64,69.6,9,216,Active Monsoon,24.6,83.1,1012.6,8.2,16.1,51.0,76.0,29.6,86.3,1007.6,27.8,13.6,5.0,19.6,19.6,1
2018-07-23,2018,7,23,Monsoon,Gujarat Coastal,21.64,69.6,10,240,Active Monsoon,29.0,83.1,1007.6,0.4,14.2,17.0,19.0,29.6,94.8,1007.6,27.8,13.6,0.6,27.4,27.4,1
2018-07-23,2018,7,23,Monsoon,West Bengal (Gangetic),22.57,88.36,10,240,Active Monsoon,26.0,77.4,1007.8,9.1,13.3,267.0,51.0,27.4,76.6,1006.4,0.4,14.9,1.4,8.7,1.4,0
2018-07-23,2018,7,23,Monsoon,Assam & Meghalaya,26.14,91.73,10,240,Active Monsoon,22.4,78.6,997.8,4.0,13.8,64.0,43.0,26.7,83.1,999.5,13.6,15.5,4.3,9.6,9.6,1
2018-07-30,2018,7,30,Monsoon,Odisha Coastal,20.27,85.84,2,48,Active Monsoon,26.7,89.6,1003.3,5.8,18.5,335.0,47.0,27.2,83.1,1002.6,4.4,17.9,0.5,1.4,0.5,0
2018-07-30,2018,7,30,Monsoon,Maharashtra (Mumbai/Konkan),18.98,72.83,2,48,Active Monsoon,27.4,77.1,1004.0,4.7,11.8,252.0,75.0,28.4,78.7,1003.5,6.9,11.7,1.0,2.2,2.2,0
2018-07-30,2018,7,30,Monsoon,Kerala Coast,9.93,76.26,4,96,Active Monsoon,23.7,86.1,1000.8,10.2,14.2,149.0,27.0,24.9,87.2,1000.8,19.5,18.9,1.2,9.3,9.3,0
2018-07-30,2018,7,30,Monsoon,Gujarat Coastal,21.64,69.6,4,96,Active Monsoon,27.7,85.5,1007.4,40.5,13.5,306.0,69.0,27.2,81.5,1007.6,23.0,15.7,0.5,17.5,17.5,0
2018-07-30,2018,7,30,Monsoon,Rajasthan (West),26.91,70.9,4,96,Active Monsoon,31.9,80.5,1000.8,3.2,15.8,181.0,93.0,29.4,81.3,1000.4,1.4,13.0,2.5,1.8,2.5,0
2018-07-30,2018,7,30,Monsoon,Himachal Pradesh,31.1,77.17,4,96,Active Monsoon,29.4,77.9,1004.9,2.0,15.2,241.0,11.0,27.6,78.0,1004.1,0.5,13.4,1.8,1.5,1.8,0
2018-07-30,2018,7,30,Monsoon,West Bengal (Gangetic),22.57,88.36,4,96,Active Monsoon,27.1,86.6,1001.0,6.9,17.2,103.0,84.0,26.9,84.1,1002.6,5.9,15.4,0.2,1.0,1.0,0
2018-07-30,2018,7,30,Monsoon,Maharashtra (Mumbai/Konkan),18.98,72.83,6,144,Active Monsoon,26.5,77.1,1002.6,4.6,11.2,81.0,83.0,28.4,82.6,1003.5,6.9,11.7,1.9,2.3,2.3,0
2018-07-30,2018,7,30,Monsoon,Himachal Pradesh,31.1,77.17,6,144,Active Monsoon,24.7,77.9,1006.2,0.0,12.4,53.0,34.0,27.6,75.8,1004.1,0.5,13.4,2.9,0.5,2.9,0
2018-07-30,2018,7,30,Monsoon,Assam & Meghalaya,26.14,91.73,6,144,Active Monsoon,27.5,82.4,1001.5,0.0,15.8,104.0,74.0,28.3,81.8,1001.6,4.3,10.4,0.8,4.3,0.8,0
2018-07-30,2018,7,30,Monsoon,Rajasthan (West),26.91,70.9,8,192,Active Monsoon,25.5,80.5,997.2,0.0,12.0,222.0,32.0,29.4,78.0,1000.4,1.4,13.0,3.9,1.4,3.9,1
2018-07-30,2018,7,30,Monsoon,Assam & Meghalaya,26.14,91.73,8,192,Active Monsoon,26.8,82.4,1002.8,0.0,10.2,330.0,23.0,28.3,80.1,1001.6,4.3,10.4,1.5,4.3,1.5,0
2018-07-30,2018,7,30,Monsoon,West Bengal (Gangetic),22.57,88.36,9,216,Active Monsoon,26.4,86.6,1000.1,1.9,23.9,333.0,77.0,26.9,82.1,1002.6,5.9,15.4,0.5,4.0,4.0,1
2018-07-30,2018,7,30,Monsoon,Odisha Coastal,20.27,85.84,10,240,Active Monsoon,23.8,89.6,1001.7,12.0,21.2,164.0,90.0,27.2,92.0,1002.6,4.4,17.9,3.4,7.6,3.4,1
2018-07-30,2018,7,30,Monsoon,Kerala Coast,9.93,76.26,10,240,Active Monsoon,26.1,86.1,997.8,7.8,20.5,339.0,62.0,24.9,87.8,1000.8,19.5,18.9,1.2,11.7,11.7,0
2018-07-30,2018,7,30,Monsoon,Gujarat Coastal,21.64,69.6,10,240,Active Monsoon,25.8,85.5,1006.9,1.1,19.0,47.0,94.0,27.2,86.8,1007.6,23.0,15.7,1.4,21.9,21.9,1
2018-08-06,2018,8,6,Monsoon,West Bengal (Gangetic),22.57,88.36,1,24,Active Monsoon,23.5,81.3,1006.3,7.6,13.5,92.0,74.0,25.4,77.0,1007.0,9.7,11.1,1.9,2.1,2.1,0
2018-08-06,2018,8,6,Monsoon,Kerala Coast,9.93,76.26,2,48,Active Monsoon,29.0,90.2,1001.5,3.3,12.3,105.0,86.0,28.9,91.9,1002.1,13.4,11.2,0.1,10.1,10.1,0
2018-08-06,2018,8,6,Monsoon,Rajasthan (West),26.91,70.9,2,48,Active Monsoon,27.8,86.3,1001.2,0.0,18.3,8.0,22.0,28.8,80.8,1000.5,2.0,18.3,1.0,2.0,1.0,0
2018-08-06,2018,8,6,Monsoon,Himachal Pradesh,31.1,77.17,3,72,Active Monsoon,31.6,75.7,1002.4,0.0,17.6,146.0,32.0,31.8,74.5,1002.9,4.4,15.9,0.2,4.4,0.2,0
2018-08-06,2018,8,6,Monsoon,Assam & Meghalaya,26.14,91.73,3,72,Active Monsoon,28.3,83.3,1005.8,4.2,16.2,212.0,61.0,29.4,80.7,1005.5,1.6,17.4,1.1,2.6,1.1,0
2018-08-06,2018,8,6,Monsoon,Odisha Coastal,20.27,85.84,4,96,Active Monsoon,27.5,82.2,1001.3,2.9,13.0,164.0,20.0,26.2,83.0,1000.4,7.4,13.5,1.3,4.5,4.5,0
2018-08-06,2018,8,6,Monsoon,Maharashtra (Mumbai/Konkan),18.98,72.83,4,96,Active Monsoon,29.7,77.2,1005.8,0.0,14.9,176.0,72.0,29.7,68.7,1007.2,10.8,13.5,0.0,10.8,10.8,0
2018-08-06,2018,8,6,Monsoon,West Bengal (Gangetic),22.57,88.36,4,96,Active Monsoon,25.7,81.3,1005.9,18.0,6.0,193.0,28.0,25.4,75.2,1007.0,9.7,11.1,0.3,8.3,8.3,0
2018-08-06,2018,8,6,Monsoon,Assam & Meghalaya,26.14,91.73,5,120,Active Monsoon,26.4,83.3,1003.0,0.9,18.3,252.0,48.0,29.4,91.6,1005.5,1.6,17.4,3.0,0.7,3.0,0
2018-08-06,2018,8,6,Monsoon,Gujarat Coastal,21.64,69.6,8,192,Active Monsoon,25.8,84.6,998.2,0.0,21.3,60.0,17.0,31.1,84.3,1000.2,0.8,17.6,5.3,0.8,5.3,1
2018-08-06,2018,8,6,Monsoon,Maharashtra (Mumbai/Konkan),18.98,72.83,9,216,Active Monsoon,30.1,77.2,1010.6,0.0,10.7,93.0,54.0,29.7,75.7,1007.2,10.8,13.5,0.4,10.8,10.8,1
2018-08-06,2018,8,6,Monsoon,Odisha Coastal,20.27,85.84,10,240,Active Monsoon,19.4,82.2,1002.5,12.2,16.7,341.0,90.0,26.2,85.2,1000.4,7.4,13.5,6.8,4.8,4.8,1
2018-08-06,2018,8,6,Monsoon,Kerala Coast,9.93,76.26,10,240,Active Monsoon,25.4,90.2,1001.9,14.2,8.5,76.0,67.0,28.9,82.4,1002.1,13.4,11.2,3.5,0.8,0.8,1
2018-08-06,2018,8,6,Monsoon,Gujarat Coastal,21.64,69.6,10,240,Active Monsoon,30.5,84.6,1000.5,0.0,20.7,337.0,76.0,31.1,88.1,1000.2,0.8,17.6,0.6,0.8,0.6,0
2018-08-06,2018,8,6,Monsoon,Rajasthan (West),26.91,70.9,10,240,Active Monsoon,28.2,86.3,1001.2,0.0,25.1,192.0,27.0,28.8,85.7,1000.5,2.0,18.3,0.6,2.0,0.6,0
2018-08-06,2018,8,6,Monsoon,Himachal Pradesh,31.1,77.17,10,240,Active Monsoon,27.2,75.7,1002.9,0.2,20.3,13.0,10.0,31.8,78.4,1002.9,4.4,15.9,4.6,4.2,4.6,1
2018-08-13,2018,8,13,Monsoon,Maharashtra (Mumbai/Konkan),18.98,72.83,1,24,Active Monsoon,30.4,76.7,1001.0,1.4,13.0,322.0,11.0,29.7,68.8,1001.6,7.9,13.2,0.7,6.5,6.5,0
2018-08-13,2018,8,13,Monsoon,Himachal Pradesh,31.1,77.17,2,48,Active Monsoon,30.3,73.3,1001.1,31.1,12.8,157.0,66.0,29.0,66.2,1002.1,16.1,12.0,1.3,15.0,15.0,0
2018-08-13,2018,8,13,Monsoon,Assam & Meghalaya,26.14,91.73,2,48,Active Monsoon,30.8,76.1,999.2,2.8,12.3,31.0,41.0,28.8,70.9,999.8,0.8,11.8,2.0,2.0,2.0,0
2018-08-13,2018,8,13,Monsoon,Assam & Meghalaya,26.14,91.73,3,72,Active Monsoon,26.1,76.1,1000.6,1.7,9.4,158.0,84.0,28.8,75.6,999.8,0.8,11.8,2.7,0.9,2.7,0
2018-08-13,2018,8,13,Monsoon,Gujarat Coastal,21.64,69.6,4,96,Active Monsoon,28.7,83.1,1007.5,0.0,12.6,230.0,32.0,28.0,89.0,1008.0,1.7,13.6,0.7,1.7,0.7,0
2018-08-13,2018,8,13,Monsoon,Odisha Coastal,20.27,85.84,5,120,Active Monsoon,31.0,78.1,1004.5,27.9,23.9,350.0,61.0,29.5,78.6,1005.0,17.8,18.5,1.5,10.1,10.1,0
2018-08-13,2018,8,13,Monsoon,West Bengal (Gangetic),22.57,88.36,5,120,Active Monsoon,28.4,79.7,1004.4,0.2,15.0,177.0,46.0,28.6,79.8,1004.6,1.3,10.3,0.2,1.1,0.2,0
2018-08-13,2018,8,13,Monsoon,Kerala Coast,9.93,76.26,6,144,Active Monsoon,30.7,87.1,1006.3,0.0,16.2,122.0,62.0,27.3,86.5,1004.8,8.5,13.3,3.4,8.5,8.5,1
2018-08-13,2018,8,13,Monsoon,West Bengal (Gangetic),22.57,88.36,6,144,Active Monsoon,28.5,79.7,1006.3,4.2,7.7,48.0,85.0,28.6,73.9,1004.6,1.3,10.3,0.1,2.9,0.1,0
2018-08-13,2018,8,13,Monsoon,Gujarat Coastal,21.64,69.6,8,192,Active Monsoon,28.2,83.1,1008.6,0.0,9.9,202.0,78.0,28.0,84.2,1008.0,1.7,13.6,0.2,1.7,0.2,0
2018-08-13,2018,8,13,Monsoon,Rajasthan (West),26.91,70.9,8,192,Active Monsoon,27.9,78.7,1003.5,2.4,14.8,256.0,59.0,28.2,79.5,1002.9,1.4,13.7,0.3,1.0,0.3,0
2018-08-13,2018,8,13,Monsoon,Kerala Coast,9.93,76.26,9,216,Active Monsoon,26.0,87.1,1005.0,0.0,9.7,353.0,47.0,27.3,91.1,1004.8,8.5,13.3,1.3,8.5,8.5,0
2018-08-13,2018,8,13,Monsoon,Maharashtra (Mumbai/Konkan),18.98,72.83,9,216,Active Monsoon,29.8,76.7,1003.9,0.0,21.2,88.0,27.0,29.7,71.5,1001.6,7.9,13.2,0.1,7.9,7.9,1
2018-08-13,2018,8,13,Monsoon,Rajasthan (West),26.91,70.9,9,216,Active Monsoon,29.8,78.7,1003.9,0.0,20.0,164.0,48.0,28.2,82.0,1002.9,1.4,13.7,1.6,1.4,1.6,0
2018-08-13,2018,8,13,Monsoon,Odisha Coastal,20.27,85.84,10,240,Active Monsoon,29.4,78.1,1005.4,25.0,24.0,287.0,66.0,29.5,88.4,1005.0,17.8,18.5,0.1,7.2,7.2,0
2018-08-13,2018,8,13,Monsoon,Himachal Pradesh,31.1,77.17,10,240,Active Monsoon,32.0,73.3,998.1,0.0,8.6,256.0,74.0,29.0,80.8,1002.1,16.1,12.0,3.0,16.1,16.1,1
2018-08-20,2018,8,20,Monsoon,Kerala Coast,9.93,76.26,2,48,Active Monsoon,30.7,82.3,1006.9,0.9,17.4,202.0,40.0,28.7,84.7,1007.5,1.3,14.6,2.0,0.4,2.0,0
2018-08-20,2018,8,20,Monsoon,Maharashtra (Mumbai/Konkan),18.98,72.83,2,48,Active Monsoon,29.7,80.4,1004.4,0.0,11.8,112.0,53.0,28.6,81.5,1004.7,0.2,10.6,1.1,0.2,1.1,0
2018-08-20,2018,8,20,Monsoon,Rajasthan (West),26.91,70.9,2,48,Active Monsoon,27.5,84.1,1003.3,0.0,15.2,357.0,48.0,28.9,88.2,1003.0,0.9,13.7,1.4,0.9,1.4,0
2018-08-20,2018,8,20,Monsoon,West Bengal (Gangetic),22.57,88.36,2,48,Active Monsoon,23.9,78.1,1008.3,10.0,15.9,241.0,87.0,24.1,80.9,1006.1,13.7,15.5,0.2,3.7,3.7,0
2018-08-20,2018,8,20,Monsoon,Odisha Coastal,20.27,85.84,4,96,Active Monsoon,26.4,81.4,1009.5,32.3,14.1,121.0,90.0,28.9,78.8,1009.8,8.6,13.0,2.5,23.7,23.7,1
2018-08-20,2018,8,20,Monsoon,Gujarat Coastal,21.64,69.6,4,96,Active Monsoon,25.0,74.0,1002.6,7.3,13.0,99.0,70.0,26.7,71.2,1003.3,12.7,14.5,1.7,5.4,5.4,0
2018-08-20,2018,8,20,Monsoon,Kerala Coast,9.93,76.26,5,120,Active Monsoon,27.7,82.3,1007.4,0.0,14.7,125.0,56.0,28.7,88.8,1007.5,1.3,14.6,1.0,1.3,1.0,0
2018-08-20,2018,8,20,Monsoon,Gujarat Coastal,21.64,69.6,5,120,Active Monsoon,26.9,74.0,1005.3,14.5,13.7,175.0,12.0,26.7,75.9,1003.3,12.7,14.5,0.2,1.8,1.8,0
2018-08-20,2018,8,20,Monsoon,Himachal Pradesh,31.1,77.17,6,144,Active Monsoon,29.2,67.0,1004.4,6.1,14.7,150.0,39.0,27.2,70.2,1004.9,2.7,13.5,2.0,3.4,2.0,0
2018-08-20,2018,8,20,Monsoon,Assam & Meghalaya,26.14,91.73,7,168,Active Monsoon,25.9,86.4,1002.8,4.3,13.7,86.0,60.0,29.3,86.5,1002.6,6.7,11.8,3.4,2.4,2.4,1
2018-08-20,2018,8,20,Monsoon,Himachal Pradesh,31.1,77.17,8,192,Active Monsoon,25.1,67.0,1005.1,0.0,22.4,112.0,81.0,27.2,67.7,1004.9,2.7,13.5,2.1,2.7,2.1,1
2018-08-20,2018,8,20,Monsoon,Assam & Meghalaya,26.14,91.73,8,192,Active Monsoon,25.8,86.4,1001.8,0.0,12.3,232.0,79.0,29.3,83.8,1002.6,6.7,11.8,3.5,6.7,6.7,1
2018-08-20,2018,8,20,Monsoon,West Bengal (Gangetic),22.57,88.36,9,216,Active Monsoon,23.3,78.1,1006.9,34.5,11.7,233.0,82.0,24.1,75.0,1006.1,13.7,15.5,0.8,20.8,20.8,1
2018-08-20,2018,8,20,Monsoon,Odisha Coastal,20.27,85.84,10,240,Active Monsoon,30.0,81.4,1013.8,18.8,3.8,321.0,26.0,28.9,78.5,1009.8,8.6,13.0,1.1,10.2,10.2,1
2018-08-20,2018,8,20,Monsoon,Maharashtra (Mumbai/Konkan),18.98,72.83,10,240,Active Monsoon,31.6,80.4,1004.6,0.0,2.4,256.0,30.0,28.6,76.8,1004.7,0.2,10.6,3.0,0.2,3.0,1
2018-08-20,2018,8,20,Monsoon,Rajasthan (West),26.91,70.9,10,240,Active Monsoon,31.6,84.1,1001.2,0.0,4.1,141.0,53.0,28.9,82.7,1003.0,0.9,13.7,2.7,0.9,2.7,1
2018-08-27,2018,8,27,Monsoon,Assam & Meghalaya,26.14,91.73,1,24,Active Monsoon,28.8,87.0,1001.6,5.8,20.9,254.0,47.0,28.7,86.1,1002.9,10.0,19.3,0.1,4.2,4.2,0
2018-08-27,2018,8,27,Monsoon,Maharashtra (Mumbai/Konkan),18.98,72.83,2,48,Active Monsoon,26.5,85.4,1002.5,24.6,17.3,213.0,59.0,27.1,81.4,1003.2,22.0,15.3,0.6,2.6,2.6,0
2018-08-27,2018,8,27,Monsoon,Rajasthan (West),26.91,70.9,3,72,Active Monsoon,28.7,87.0,1006.9,4.0,22.0,292.0,88.0,29.1,89.0,1006.9,4.4,20.6,0.4,0.4,0.4,0
2018-08-27,2018,8,27,Monsoon,Maharashtra (Mumbai/Konkan),18.98,72.83,4,96,Active Monsoon,27.9,85.4,1002.6,2.2,11.1,144.0,73.0,27.1,83.2,1003.2,22.0,15.3,0.8,19.8,19.8,0
2018-08-27,2018,8,27,Monsoon,Rajasthan (West),26.91,70.9,4,96,Active Monsoon,28.1,87.0,1006.9,7.4,21.3,9.0,40.0,29.1,79.6,1006.9,4.4,20.6,1.0,3.0,1.0,0
2018-08-27,2018,8,27,Monsoon,West Bengal (Gangetic),22.57,88.36,4,96,Active Monsoon,27.9,77.9,998.0,0.0,12.5,39.0,47.0,27.7,74.1,998.4,3.9,12.1,0.2,3.9,0.2,0
2018-08-27,2018,8,27,Monsoon,Himachal Pradesh,31.1,77.17,5,120,Active Monsoon,31.9,83.6,1004.3,0.0,20.1,234.0,89.0,28.3,84.2,1003.6,0.8,18.4,3.6,0.8,3.6,1
2018-08-27,2018,8,27,Monsoon,Kerala Coast,9.93,76.26,6,144,Active Monsoon,24.6,95.8,1004.5,32.7,15.7,182.0,49.0,25.5,97.8,1003.4,15.9,18.2,0.9,16.8,16.8,0
2018-08-27,2018,8,27,Monsoon,Himachal Pradesh,31.1,77.17,6,144,Active Monsoon,25.8,83.6,1001.7,0.0,22.2,338.0,56.0,28.3,83.6,1003.6,0.8,18.4,2.5,0.8,2.5,0
2018-08-27,2018,8,27,Monsoon,Assam & Meghalaya,26.14,91.73,6,144,Active Monsoon,30.3,87.0,1003.7,1.0,18.3,69.0,91.0,28.7,88.9,1002.9,10.0,19.3,1.6,9.0,9.0,0
2018-08-27,2018,8,27,Monsoon,Odisha Coastal,20.27,85.84,7,168,Active Monsoon,36.4,82.6,1005.0,0.0,18.6,56.0,47.0,32.2,80.7,1007.5,3.5,15.4,4.2,3.5,4.2,1
2018-08-27,2018,8,27,Monsoon,Gujarat Coastal,21.64,69.6,7,168,Active Monsoon,24.4,76.4,1004.7,11.2,8.6,177.0,52.0,27.5,78.8,1003.3,10.3,14.1,3.1,0.9,0.9,1
2018-08-27,2018,8,27,Monsoon,Kerala Coast,9.93,76.26,8,192,Active Monsoon,23.5,95.8,1003.5,1.8,19.7,79.0,27.0,25.5,94.3,1003.4,15.9,18.2,2.0,14.1,14.1,0
2018-08-27,2018,8,27,Monsoon,Gujarat Coastal,21.64,69.6,9,216,Active Monsoon,26.0,76.4,1003.6,24.3,9.5,85.0,90.0,27.5,74.1,1003.3,10.3,14.1,1.5,14.0,14.0,0
2018-08-27,2018,8,27,Monsoon,Odisha Coastal,20.27,85.84,10,240,Active Monsoon,30.9,82.6,1007.8,6.1,17.5,32.0,19.0,32.2,79.7,1007.5,3.5,15.4,1.3,2.6,1.3,0
2018-08-27,2018,8,27,Monsoon,West Bengal (Gangetic),22.57,88.36,10,240,Active Monsoon,27.2,77.9,998.6,0.0,15.2,263.0,77.0,27.7,77.5,998.4,3.9,12.1,0.5,3.9,0.5,0
2018-09-03,2018,9,3,Monsoon,Assam & Meghalaya,26.14,91.73,1,24,Normal,28.8,81.4,1001.2,4.0,14.6,162.0,70.0,29.1,83.5,1000.8,10.9,13.8,0.3,6.9,6.9,0
2018-09-03,2018,9,3,Monsoon,Himachal Pradesh,31.1,77.17,2,48,Normal,29.9,87.0,1000.1,0.0,11.4,326.0,21.0,28.6,88.1,1002.1,0.2,12.6,1.3,0.2,1.3,0
2018-09-03,2018,9,3,Monsoon,Kerala Coast,9.93,76.26,3,72,Normal,29.2,79.8,997.9,13.6,13.4,225.0,48.0,31.3,81.7,999.7,12.7,11.7,2.1,0.9,0.9,0
2018-09-03,2018,9,3,Monsoon,West Bengal (Gangetic),22.57,88.36,3,72,Normal,27.6,85.0,1010.1,1.7,13.0,347.0,80.0,27.4,83.6,1008.2,4.9,12.3,0.2,3.2,0.2,0
2018-09-03,2018,9,3,Monsoon,Odisha Coastal,20.27,85.84,4,96,Normal,28.4,80.8,1000.3,2.6,17.6,140.0,19.0,26.2,80.9,1001.7,15.0,17.5,2.2,12.4,12.4,0
2018-09-03,2018,9,3,Monsoon,Rajasthan (West),26.91,70.9,4,96,Normal,26.8,91.2,1002.7,5.2,21.6,172.0,44.0,26.0,90.4,1002.4,0.4,22.4,0.8,4.8,0.8,0
2018-09-03,2018,9,3,Monsoon,Assam & Meghalaya,26.14,91.73,4,96,Normal,28.4,81.4,998.9,1.6,14.8,90.0,36.0,29.1,86.3,1000.8,10.9,13.8,0.7,9.3,9.3,0
2018-09-03,2018,9,3,Monsoon,Gujarat Coastal,21.64,69.6,5,120,Normal,27.6,78.0,1008.2,15.1,4.6,109.0,61.0,26.4,75.8,1006.9,8.2,8.6,1.2,6.9,6.9,0
2018-09-03,2018,9,3,Monsoon,Rajasthan (West),26.91,70.9,5,120,Normal,26.8,91.2,1000.2,3.9,22.2,307.0,44.0,26.0,85.5,1002.4,0.4,22.4,0.8,3.5,0.8,0
2018-09-03,2018,9,3,Monsoon,Kerala Coast,9.93,76.26,7,168,Normal,29.4,79.8,1000.4,22.7,11.2,55.0,40.0,31.3,76.1,999.7,12.7,11.7,1.9,10.0,10.0,0
2018-09-03,2018,9,3,Monsoon,Maharashtra (Mumbai/Konkan),18.98,72.83,7,168,Normal,31.4,80.4,999.4,0.0,12.8,143.0,27.0,30.6,84.8,1000.1,6.0,11.0,0.8,6.0,6.0,0
2018-09-03,2018,9,3,Monsoon,Gujarat Coastal,21.64,69.6,7,168,Normal,23.0,78.0,1006.2,0.0,9.5,134.0,17.0,26.4,77.8,1006.9,8.2,8.6,3.4,8.2,8.2,1
2018-09-03,2018,9,3,Monsoon,Himachal Pradesh,31.1,77.17,7,168,Normal,26.1,87.0,1000.8,0.0,13.5,244.0,49.0,28.6,88.5,1002.1,0.2,12.6,2.5,0.2,2.5,0
2018-09-03,2018,9,3,Monsoon,Odisha Coastal,20.27,85.84,8,192,Normal,25.1,80.8,1001.7,14.2,19.9,210.0,55.0,26.2,86.1,1001.7,15.0,17.5,1.1,0.8,0.8,0
2018-09-03,2018,9,3,Monsoon,West Bengal (Gangetic),22.57,88.36,9,216,Normal,26.5,85.0,1007.6,0.0,17.8,310.0,28.0,27.4,88.1,1008.2,4.9,12.3,0.9,4.9,0.9,0
2018-09-03,2018,9,3,Monsoon,Maharashtra (Mumbai/Konkan),18.98,72.83,10,240,Normal,29.9,80.4,1002.7,4.7,4.9,12.0,44.0,30.6,78.5,1000.1,6.0,11.0,0.7,1.3,1.3,0
2018-09-10,2018,9,10,Monsoon,Rajasthan (West),26.91,70.9,1,24,Normal,25.5,80.9,1005.9,3.3,14.1,309.0,34.0,26.8,80.8,1006.4,5.5,13.1,1.3,2.2,2.2,0
2018-09-10,2018,9,10,Monsoon,Himachal Pradesh,31.1,77.17,1,24,Normal,26.8,80.2,1002.8,12.9,13.8,318.0,68.0,27.8,85.4,1002.5,7.3,14.1,1.0,5.6,5.6,0
2018-09-10,2018,9,10,Monsoon,Himachal Pradesh,31.1,77.17,3,72,Normal,27.2,80.2,1001.1,12.9,12.6,207.0,70.0,27.8,86.8,1002.5,7.3,14.1,0.6,5.6,5.6,0
2018-09-10,2018,9,10,Monsoon,Assam & Meghalaya,26.14,91.73,3,72,Normal,27.6,77.4,1001.9,8.8,17.3,79.0,20.0,26.7,80.4,1002.6,3.3,14.1,0.9,5.5,0.9,0
2018-09-10,2018,9,10,Monsoon,West Bengal (Gangetic),22.57,88.36,4,96,Normal,25.7,78.7,1005.3,9.7,8.3,320.0,77.0,28.2,86.0,1005.5,14.9,9.7,2.5,5.2,5.2,0
2018-09-10,2018,9,10,Monsoon,Gujarat Coastal,21.64,69.6,5,120,Normal,30.1,87.4,1006.7,2.7,11.9,325.0,83.0,27.1,91.0,1005.5,3.5,18.2,3.0,0.8,3.0,0
2018-09-10,2018,9,10,Monsoon,Rajasthan (West),26.91,70.9,5,120,Normal,26.0,80.9,1006.0,0.0,16.9,15.0,63.0,26.8,85.0,1006.4,5.5,13.1,0.8,5.5,5.5,0
2018-09-10,2018,9,10,Monsoon,Odisha Coastal,20.27,85.84,6,144,Normal,28.6,74.9,1005.7,4.0,15.3,140.0,44.0,28.7,65.0,1006.0,3.8,11.8,0.1,0.2,0.1,0
2018-09-10,2018,9,10,Monsoon,Kerala Coast,9.93,76.26,6,144,Normal,29.6,87.7,1003.3,7.5,9.7,11.0,16.0,28.8,84.0,1002.1,3.8,11.4,0.8,3.7,0.8,0
2018-09-10,2018,9,10,Monsoon,Odisha Coastal,20.27,85.84,7,168,Normal,28.0,74.9,1003.9,0.0,9.7,275.0,11.0,28.7,74.3,1006.0,3.8,11.8,0.7,3.8,0.7,0
2018-09-10,2018,9,10,Monsoon,Maharashtra (Mumbai/Konkan),18.98,72.83,7,168,Normal,29.1,81.1,1001.9,33.1,18.9,104.0,75.0,27.8,80.5,1003.5,38.7,16.9,1.3,5.6,5.6,0
2018-09-10,2018,9,10,Monsoon,Maharashtra (Mumbai/Konkan),18.98,72.83,8,192,Normal,22.9,81.1,1007.3,30.6,11.4,353.0,84.0,27.8,87.4,1003.5,38.7,16.9,4.9,8.1,8.1,1
2018-09-10,2018,9,10,Monsoon,Gujarat Coastal,21.64,69.6,8,192,Normal,25.3,87.4,1003.2,0.0,16.0,220.0,15.0,27.1,85.8,1005.5,3.5,18.2,1.8,3.5,1.8,0
2018-09-10,2018,9,10,Monsoon,West Bengal (Gangetic),22.57,88.36,8,192,Normal,25.5,78.7,1006.8,24.4,5.4,133.0,10.0,28.2,81.8,1005.5,14.9,9.7,2.7,9.5,9.5,0
2018-09-10,2018,9,10,Monsoon,Assam & Meghalaya,26.14,91.73,8,192,Normal,30.0,77.4,1003.7,0.0,13.8,216.0,43.0,26.7,78.2,1002.6,3.3,14.1,3.3,3.3,3.3,1
2018-09-10,2018,9,10,Monsoon,Kerala Coast,9.93,76.26,10,240,Normal,30.7,87.7,1003.2,10.2,12.0,242.0,72.0,28.8,85.3,1002.1,3.8,11.4,1.9,6.4,1.9,0
2018-09-17,2018,9,17,Monsoon,Kerala Coast,9.93,76.26,1,24,Normal,28.8,89.5,1006.1,4.7,10.5,7.0,65.0,27.7,88.7,1006.6,7.2,10.8,1.1,2.5,2.5,0
2018-09-17,2018,9,17,Monsoon,Himachal Pradesh,31.1,77.17,1,24,Normal,29.3,83.5,1003.1,8.0,11.4,76.0,54.0,29.4,79.6,1004.2,8.0,11.9,0.1,0.0,0.0,0
2018-09-17,2018,9,17,Monsoon,Gujarat Coastal,21.64,69.6,2,48,Normal,28.9,81.9,1003.3,14.6,14.7,244.0,51.0,29.0,81.1,1002.8,8.7,12.5,0.1,5.9,5.9,0
2018-09-17,2018,9,17,Monsoon,Rajasthan (West),26.91,70.9,2,48,Normal,30.5,81.9,1005.9,0.0,16.1,79.0,15.0,30.2,87.7,1006.1,2.5,15.7,0.3,2.5,0.3,0
2018-09-17,2018,9,17,Monsoon,Assam & Meghalaya,26.14,91.73,2,48,Normal,24.7,77.1,1002.3,0.0,11.1,280.0,70.0,26.3,70.9,1001.8,0.1,12.8,1.6,0.1,1.6,0
2018-09-17,2018,9,17,Monsoon,West Bengal (Gangetic),22.57,88.36,3,72,Normal,28.7,85.6,1004.2,0.0,11.1,207.0,50.0,29.5,86.5,1003.9,17.5,8.4,0.8,17.5,17.5,0
2018-09-17,2018,9,17,Monsoon,Odisha Coastal,20.27,85.84,4,96,Normal,27.4,83.7,1006.3,0.0,15.5,179.0,88.0,28.4,79.7,1005.5,5.5,15.0,1.0,5.5,5.5,0
2018-09-17,2018,9,17,Monsoon,West Bengal (Gangetic),22.57,88.36,4,96,Normal,31.0,85.6,1003.7,0.6,3.1,195.0,53.0,29.5,86.4,1003.9,17.5,8.4,1.5,16.9,16.9,0
2018-09-17,2018,9,17,Monsoon,Maharashtra (Mumbai/Konkan),18.98,72.83,5,120,Normal,28.3,75.9,1005.2,0.0,14.9,19.0,59.0,30.0,72.7,1005.3,0.4,14.9,1.7,0.4,1.7,0
2018-09-17,2018,9,17,Monsoon,Himachal Pradesh,31.1,77.17,6,144,Normal,28.1,83.5,1004.5,9.3,15.5,21.0,53.0,29.4,79.3,1004.2,8.0,11.9,1.3,1.3,1.3,0
2018-09-17,2018,9,17,Monsoon,Assam & Meghalaya,26.14,91.73,6,144,Normal,24.8,77.1,1001.7,0.0,11.2,254.0,93.0,26.3,72.8,1001.8,0.1,12.8,1.5,0.1,1.5,0
2018-09-17,2018,9,17,Monsoon,Odisha Coastal,20.27,85.84,8,192,Normal,29.1,83.7,1004.2,0.0,13.8,351.0,41.0,28.4,85.2,1005.5,5.5,15.0,0.7,5.5,5.5,0
2018-09-17,2018,9,17,Monsoon,Rajasthan (West),26.91,70.9,8,192,Normal,31.4,81.9,1006.9,10.6,10.8,325.0,28.0,30.2,82.8,1006.1,2.5,15.7,1.2,8.1,1.2,0
2018-09-17,2018,9,17,Monsoon,Kerala Coast,9.93,76.26,9,216,Normal,18.7,89.5,1008.3,3.1,4.3,356.0,57.0,27.7,89.4,1006.6,7.2,10.8,9.0,4.1,4.1,1
2018-09-17,2018,9,17,Monsoon,Maharashtra (Mumbai/Konkan),18.98,72.83,9,216,Normal,29.6,75.9,1007.7,1.1,15.2,354.0,49.0,30.0,72.0,1005.3,0.4,14.9,0.4,0.7,0.4,0
2018-09-17,2018,9,17,Monsoon,Gujarat Coastal,21.64,69.6,10,240,Normal,28.0,81.9,1004.2,6.1,10.3,8.0,46.0,29.0,77.7,1002.8,8.7,12.5,1.0,2.6,2.6,0
2018-09-24,2018,9,24,Monsoon,Gujarat Coastal,21.64,69.6,2,48,Normal,30.6,83.3,1006.5,15.2,13.1,14.0,72.0,29.5,77.0,1007.0,13.5,15.7,1.1,1.7,1.7,0
2018-09-24,2018,9,24,Monsoon,Himachal Pradesh,31.1,77.17,2,48,Normal,28.0,94.4,1003.6,8.5,13.9,104.0,56.0,28.7,91.1,1004.5,7.5,14.0,0.7,1.0,1.0,0
2018-09-24,2018,9,24,Monsoon,Odisha Coastal,20.27,85.84,4,96,Normal,30.1,77.1,1001.1,30.9,17.5,269.0,68.0,28.9,79.1,1001.2,27.2,18.1,1.2,3.7,3.7,0
2018-09-24,2018,9,24,Monsoon,Maharashtra (Mumbai/Konkan),18.98,72.83,4,96,Normal,27.6,80.4,1001.9,12.9,13.2,244.0,44.0,29.5,81.3,1000.7,7.9,11.6,1.9,5.0,5.0,0
2018-09-24,2018,9,24,Monsoon,Odisha Coastal,20.27,85.84,5,120,Normal,30.4,77.1,1002.4,0.0,21.1,277.0,56.0,28.9,76.2,1001.2,27.2,18.1,1.5,27.2,27.2,1
2018-09-24,2018,9,24,Monsoon,Gujarat Coastal,21.64,69.6,5,120,Normal,27.8,83.3,1005.9,3.6,20.3,180.0,66.0,29.5,83.2,1007.0,13.5,15.7,1.7,9.9,9.9,0
2018-09-24,2018,9,24,Monsoon,Rajasthan (West),26.91,70.9,5,120,Normal,28.9,86.9,1004.9,0.5,7.6,25.0,91.0,29.6,86.2,1004.2,9.2,8.9,0.7,8.7,8.7,0
2018-09-24,2018,9,24,Monsoon,Kerala Coast,9.93,76.26,6,144,Normal,23.7,80.8,1001.6,6.5,14.1,336.0,94.0,24.3,80.3,1001.2,4.6,14.3,0.6,1.9,0.6,0
2018-09-24,2018,9,24,Monsoon,Assam & Meghalaya,26.14,91.73,6,144,Normal,25.9,72.2,999.6,5.0,2.6,186.0,62.0,28.6,84.1,1002.4,3.7,6.9,2.7,1.3,2.7,0
2018-09-24,2018,9,24,Monsoon,Kerala Coast,9.93,76.26,7,168,Normal,24.4,80.8,998.3,0.0,10.7,245.0,68.0,24.3,77.0,1001.2,4.6,14.3,0.1,4.6,0.1,0
2018-09-24,2018,9,24,Monsoon,Rajasthan (West),26.91,70.9,7,168,Normal,30.5,86.9,1003.9,12.5,4.1,62.0,64.0,29.6,88.3,1004.2,9.2,8.9,0.9,3.3,3.3,0
2018-09-24,2018,9,24,Monsoon,West Bengal (Gangetic),22.57,88.36,7,168,Normal,25.5,87.3,1005.5,15.0,21.0,142.0,20.0,25.3,92.0,1004.5,6.0,20.7,0.2,9.0,9.0,0
2018-09-24,2018,9,24,Monsoon,Maharashtra (Mumbai/Konkan),18.98,72.83,10,240,Normal,33.5,80.4,996.6,11.9,13.5,316.0,23.0,29.5,80.1,1000.7,7.9,11.6,4.0,4.0,4.0,1
2018-09-24,2018,9,24,Monsoon,Himachal Pradesh,31.1,77.17,10,240,Normal,28.7,94.4,1004.5,30.0,14.4,216.0,73.0,28.7,94.7,1004.5,7.5,14.0,0.0,22.5,22.5,1
2018-09-24,2018,9,24,Monsoon,West Bengal (Gangetic),22.57,88.36,10,240,Normal,25.8,87.3,1003.6,14.4,24.8,110.0,31.0,25.3,82.8,1004.5,6.0,20.7,0.5,8.4,8.4,0
2018-09-24,2018,9,24,Monsoon,Assam & Meghalaya,26.14,91.73,10,240,Normal,33.3,72.2,1001.4,0.0,1.0,252.0,13.0,28.6,76.9,1002.4,3.7,6.9,4.7,3.7,4.7,1
2018-10-01,2018,10,1,Post-Monsoon,Kerala Coast,9.93,76.26,1,24,Normal,21.9,80.0,1010.0,13.3,14.9,164.0,45.0,21.3,84.8,1010.1,9.2,14.8,0.6,4.1,4.1,0
2018-10-01,2018,10,1,Post-Monsoon,Rajasthan (West),26.91,70.9,1,24,Normal,22.4,77.4,1011.8,0.8,8.6,231.0,15.0,25.4,78.4,1011.5,0.6,9.3,3.0,0.2,3.0,0
2018-10-01,2018,10,1,Post-Monsoon,Assam & Meghalaya,26.14,91.73,1,24,Normal,23.6,70.9,1016.9,1.0,14.5,288.0,71.0,24.6,62.6,1017.7,2.5,12.0,1.0,1.5,1.0,0
2018-10-01,2018,10,1,Post-Monsoon,Himachal Pradesh,31.1,77.17,2,48,Normal,25.8,77.0,1014.5,0.0,6.7,215.0,62.0,26.0,73.0,1014.0,0.8,10.2,0.2,0.8,0.2,0
2018-10-01,2018,10,1,Post-Monsoon,Kerala Coast,9.93,76.26,3,72,Normal,22.7,80.0,1009.6,3.8,12.3,203.0,53.0,21.3,77.3,1010.1,9.2,14.8,1.4,5.4,5.4,0
2018-10-01,2018,10,1,Post-Monsoon,Maharashtra (Mumbai/Konkan),18.98,72.83,3,72,Normal,29.1,65.2,1009.5,0.0,12.7,324.0,76.0,29.1,65.9,1010.6,2.0,12.7,0.0,2.0,0.0,0
2018-10-01,2018,10,1,Post-Monsoon,West Bengal (Gangetic),22.57,88.36,3,72,Normal,21.8,70.8,1016.7,19.5,9.6,148.0,19.0,22.5,78.5,1016.6,17.2,11.0,0.7,2.3,2.3,0
2018-10-01,2018,10,1,Post-Monsoon,Gujarat Coastal,21.64,69.6,4,96,Normal,28.3,63.9,1012.7,13.2,10.3,46.0,94.0,26.7,57.1,1014.3,9.0,9.7,1.6,4.2,4.2,0
2018-10-01,2018,10,1,Post-Monsoon,Odisha Coastal,20.27,85.84,5,120,Normal,28.9,84.1,1015.1,0.0,9.2,352.0,53.0,25.8,79.6,1014.0,1.2,13.2,3.1,1.2,3.1,1
2018-10-01,2018,10,1,Post-Monsoon,Maharashtra (Mumbai/Konkan),18.98,72.83,5,120,Normal,27.9,65.2,1009.6,3.0,8.9,253.0,24.0,29.1,72.4,1010.6,2.0,12.7,1.2,1.0,1.2,0
2018-10-01,2018,10,1,Post-Monsoon,Rajasthan (West),26.91,70.9,6,144,Normal,27.3,77.4,1010.4,0.0,9.3,249.0,61.0,25.4,79.6,1011.5,0.6,9.3,1.9,0.6,1.9,0
2018-10-01,2018,10,1,Post-Monsoon,Assam & Meghalaya,26.14,91.73,7,168,Normal,26.7,70.9,1018.9,0.0,8.2,238.0,56.0,24.6,71.7,1017.7,2.5,12.0,2.1,2.5,2.1,0
2018-10-01,2018,10,1,Post-Monsoon,Himachal Pradesh,31.1,77.17,8,192,Normal,25.2,77.0,1013.6,0.0,5.0,215.0,63.0,26.0,80.8,1014.0,0.8,10.2,0.8,0.8,0.8,0
2018-10-01,2018,10,1,Post-Monsoon,West Bengal (Gangetic),22.57,88.36,8,192,Normal,22.4,70.8,1014.7,32.6,10.8,118.0,46.0,22.5,71.2,1016.6,17.2,11.0,0.1,15.4,15.4,0
2018-10-01,2018,10,1,Post-Monsoon,Odisha Coastal,20.27,85.84,9,216,Normal,24.3,84.1,1013.6,7.4,12.2,305.0,37.0,25.8,87.9,1014.0,1.2,13.2,1.5,6.2,1.5,0
2018-10-01,2018,10,1,Post-Monsoon,Gujarat Coastal,21.64,69.6,9,216,Normal,26.6,63.9,1014.4,25.7,7.6,5.0,62.0,26.7,60.8,1014.3,9.0,9.7,0.1,16.7,16.7,0
2018-10-08,2018,10,8,Post-Monsoon,Himachal Pradesh,31.1,77.17,1,24,Normal,28.2,70.7,1010.7,2.4,13.2,245.0,90.0,27.3,69.2,1011.0,0.2,11.1,0.9,2.2,0.9,0
2018-10-08,2018,10,8,Post-Monsoon,Odisha Coastal,20.27,85.84,2,48,Normal,26.9,54.5,1009.9,0.0,8.3,77.0,39.0,27.3,45.7,1010.3,1.2,7.5,0.4,1.2,0.4,0
2018-10-08,2018,10,8,Post-Monsoon,Kerala Coast,9.93,76.26,2,48,Normal,27.9,69.7,1010.8,10.6,10.8,188.0,17.0,26.8,63.4,1011.3,4.3,10.4,1.1,6.3,1.1,0
2018-10-08,2018,10,8,Post-Monsoon,Gujarat Coastal,21.64,69.6,2,48,Normal,28.6,75.3,1015.3,1.1,8.7,171.0,59.0,26.3,63.3,1014.2,4.6,10.1,2.3,3.5,2.3,0
2018-10-08,2018,10,8,Post-Monsoon,Gujarat Coastal,21.64,69.6,3,72,Normal,24.7,75.3,1013.3,10.5,7.5,200.0,89.0,26.3,80.0,1014.2,4.6,10.1,1.6,5.9,1.6,0
2018-10-08,2018,10,8,Post-Monsoon,Rajasthan (West),26.91,70.9,3,72,Normal,28.1,81.1,1015.4,7.5,12.3,16.0,29.0,27.8,77.1,1015.2,1.2,8.6,0.3,6.3,0.3,0
2018-10-08,2018,10,8,Post-Monsoon,Himachal Pradesh,31.1,77.17,3,72,Normal,28.5,70.7,1009.3,4.7,7.9,171.0,18.0,27.3,70.4,1011.0,0.2,11.1,1.2,4.5,1.2,0
2018-10-08,2018,10,8,Post-Monsoon,Assam & Meghalaya,26.14,91.73,4,96,Normal,28.1,76.3,1012.2,11.9,12.0,242.0,30.0,27.0,74.8,1011.8,4.1,11.1,1.1,7.8,1.1,0
2018-10-08,2018,10,8,Post-Monsoon,Rajasthan (West),26.91,70.9,6,144,Normal,31.7,81.1,1016.0,0.0,12.4,349.0,32.0,27.8,85.2,1015.2,1.2,8.6,3.9,1.2,3.9,1
2018-10-08,2018,10,8,Post-Monsoon,Kerala Coast,9.93,76.26,8,192,Normal,29.8,69.7,1011.8,14.4,7.6,140.0,15.0,26.8,68.5,1011.3,4.3,10.4,3.0,10.1,3.0,0
2018-10-08,2018,10,8,Post-Monsoon,Maharashtra (Mumbai/Konkan),18.98,72.83,8,192,Normal,20.7,51.7,1013.4,16.6,8.1,14.0,82.0,24.1,53.3,1011.4,12.0,10.4,3.4,4.6,4.6,1
2018-10-08,2018,10,8,Post-Monsoon,West Bengal (Gangetic),22.57,88.36,8,192,Cyclone,26.6,74.6,989.2,128.0,43.9,325.0,75.0,25.2,75.9,991.6,49.5,39.9,1.4,78.5,78.5,1
2018-10-08,2018,10,8,Post-Monsoon,Odisha Coastal,20.27,85.84,9,216,Normal,25.5,54.5,1009.9,3.7,3.1,310.0,65.0,27.3,53.3,1010.3,1.2,7.5,1.8,2.5,1.8,0
2018-10-08,2018,10,8,Post-Monsoon,Maharashtra (Mumbai/Konkan),18.98,72.83,9,216,Normal,25.2,51.7,1010.7,0.0,13.4,67.0,51.0,24.1,54.6,1011.4,12.0,10.4,1.1,12.0,12.0,0
2018-10-08,2018,10,8,Post-Monsoon,Assam & Meghalaya,26.14,91.73,9,216,Normal,26.7,76.3,1010.1,6.2,14.5,149.0,77.0,27.0,75.9,1011.8,4.1,11.1,0.3,2.1,0.3,0
2018-10-08,2018,10,8,Post-Monsoon,West Bengal (Gangetic),22.57,88.36,10,240,Cyclone,24.7,74.6,990.2,167.1,40.8,341.0,73.0,25.2,67.7,991.6,49.5,39.9,0.5,117.6,117.6,1
2018-10-15,2018,10,15,Post-Monsoon,Kerala Coast,9.93,76.26,1,24,Normal,26.0,83.4,1015.1,5.1,7.5,94.0,71.0,26.3,76.9,1014.8,4.8,8.8,0.3,0.3,0.3,0
2018-10-15,2018,10,15,Post-Monsoon,Rajasthan (West),26.91,70.9,1,24,Normal,24.0,64.8,1016.1,4.9,11.5,146.0,52.0,23.3,68.4,1015.8,0.0,11.8,0.7,4.9,0.7,0
2018-10-15,2018,10,15,Post-Monsoon,Assam & Meghalaya,26.14,91.73,2,48,Normal,30.5,65.4,1017.4,0.0,9.7,0.0,34.0,30.5,61.6,1017.9,0.9,7.7,0.0,0.9,0.0,0
2018-10-15,2018,10,15,Post-Monsoon,Maharashtra (Mumbai/Konkan),18.98,72.83,4,96,Normal,25.8,69.6,1014.8,10.5,15.2,306.0,57.0,25.9,78.5,1013.3,6.5,13.0,0.1,4.0,4.0,0
2018-10-15,2018,10,15,Post-Monsoon,Kerala Coast,9.93,76.26,6,144,Normal,23.1,83.4,1017.8,20.4,5.6,352.0,77.0,26.3,83.4,1014.8,4.8,8.8,3.2,15.6,3.2,1
2018-10-15,2018,10,15,Post-Monsoon,Odisha Coastal,20.27,85.84,7,168,Normal,22.1,82.4,1015.9,8.9,5.9,135.0,64.0,26.3,90.8,1012.0,16.0,7.7,4.2,7.1,7.1,1
2018-10-15,2018,10,15,Post-Monsoon,Gujarat Coastal,21.64,69.6,7,168,Normal,26.2,70.1,1010.9,0.9,2.9,66.0,28.0,25.8,68.8,1009.2,0.7,6.6,0.4,0.2,0.4,0
2018-10-15,2018,10,15,Post-Monsoon,Himachal Pradesh,31.1,77.17,7,168,Normal,30.9,67.4,1011.6,5.9,7.2,82.0,36.0,29.4,64.3,1012.8,0.2,10.9,1.5,5.7,1.5,0
2018-10-15,2018,10,15,Post-Monsoon,Assam & Meghalaya,26.14,91.73,7,168,Normal,29.1,65.4,1017.1,5.8,7.1,189.0,35.0,30.5,69.5,1017.9,0.9,7.7,1.4,4.9,1.4,0
2018-10-15,2018,10,15,Post-Monsoon,Himachal Pradesh,31.1,77.17,8,192,Normal,26.2,67.4,1013.3,0.0,4.8,346.0,69.0,29.4,62.1,1012.8,0.2,10.9,3.2,0.2,3.2,1
2018-10-15,2018,10,15,Post-Monsoon,West Bengal (Gangetic),22.57,88.36,8,192,Normal,24.8,72.7,1014.3,1.9,3.6,3.0,53.0,25.1,75.5,1013.9,7.0,1.9,0.3,5.1,5.1,0
2018-10-15,2018,10,15,Post-Monsoon,Rajasthan (West),26.91,70.9,9,216,Normal,22.7,64.8,1014.4,9.3,7.7,155.0,32.0,23.3,64.6,1015.8,0.0,11.8,0.6,9.3,0.6,0
2018-10-15,2018,10,15,Post-Monsoon,Odisha Coastal,20.27,85.84,10,240,Normal,25.1,82.4,1013.8,11.1,7.3,345.0,64.0,26.3,84.4,1012.0,16.0,7.7,1.2,4.9,4.9,0
2018-10-15,2018,10,15,Post-Monsoon,Maharashtra (Mumbai/Konkan),18.98,72.83,10,240,Normal,20.8,69.6,1008.9,6.1,15.1,308.0,16.0,25.9,67.8,1013.3,6.5,13.0,5.1,0.4,0.4,1
2018-10-15,2018,10,15,Post-Monsoon,Gujarat Coastal,21.64,69.6,10,240,Normal,27.0,70.1,1009.7,3.8,4.8,175.0,76.0,25.8,59.6,1009.2,0.7,6.6,1.2,3.1,1.2,0
2018-10-15,2018,10,15,Post-Monsoon,West Bengal (Gangetic),22.57,88.36,10,240,Normal,28.3,72.7,1011.1,17.2,5.6,325.0,89.0,25.1,75.3,1013.9,7.0,1.9,3.2,10.2,10.2,1
2018-10-22,2018,10,22,Post-Monsoon,Odisha Coastal,20.27,85.84,1,24,Normal,26.0,76.6,1015.7,9.4,11.2,69.0,52.0,26.4,76.8,1016.0,17.7,10.9,0.4,8.3,8.3,0
2018-10-22,2018,10,22,Post-Monsoon,Maharashtra (Mumbai/Konkan),18.98,72.83,1,24,Normal,28.6,74.3,1014.0,5.8,7.0,6.0,81.0,27.1,76.5,1014.3,3.5,6.8,1.5,2.3,1.5,0
2018-10-22,2018,10,22,Post-Monsoon,Kerala Coast,9.93,76.26,2,48,Normal,27.2,85.8,1014.4,0.0,13.0,340.0,33.0,26.9,81.8,1013.9,0.4,12.8,0.3,0.4,0.3,0
2018-10-22,2018,10,22,Post-Monsoon,Gujarat Coastal,21.64,69.6,2,48,Normal,22.5,70.9,1009.1,1.3,14.0,134.0,38.0,23.8,72.0,1008.2,1.2,12.8,1.3,0.1,1.3,0
2018-10-22,2018,10,22,Post-Monsoon,Gujarat Coastal,21.64,69.6,3,72,Normal,24.8,70.9,1008.6,0.0,13.8,31.0,58.0,23.8,65.8,1008.2,1.2,12.8,1.0,1.2,1.0,0
2018-10-22,2018,10,22,Post-Monsoon,Rajasthan (West),26.91,70.9,3,72,Normal,24.4,70.7,1013.9,0.0,11.1,263.0,49.0,24.6,68.9,1013.7,0.7,10.4,0.2,0.7,0.2,0
2018-10-22,2018,10,22,Post-Monsoon,Himachal Pradesh,31.1,77.17,3,72,Normal,24.9,56.3,1009.7,8.2,10.8,21.0,81.0,25.0,59.7,1011.8,1.7,10.4,0.1,6.5,0.1,0
2018-10-22,2018,10,22,Post-Monsoon,Assam & Meghalaya,26.14,91.73,3,72,Normal,23.3,70.5,1015.2,0.0,15.3,1.0,66.0,24.4,69.7,1014.8,0.3,15.4,1.1,0.3,1.1,0
2018-10-22,2018,10,22,Post-Monsoon,Himachal Pradesh,31.1,77.17,4,96,Normal,22.5,56.3,1013.6,0.0,9.9,174.0,76.0,25.0,53.6,1011.8,1.7,10.4,2.5,1.7,2.5,0
2018-10-22,2018,10,22,Post-Monsoon,Assam & Meghalaya,26.14,91.73,5,120,Normal,25.4,70.5,1016.3,0.0,20.6,254.0,18.0,24.4,66.9,1014.8,0.3,15.4,1.0,0.3,1.0,0
2018-10-22,2018,10,22,Post-Monsoon,Kerala Coast,9.93,76.26,8,192,Normal,28.4,85.8,1015.8,0.0,9.1,328.0,69.0,26.9,80.8,1013.9,0.4,12.8,1.5,0.4,1.5,0
2018-10-22,2018,10,22,Post-Monsoon,Rajasthan (West),26.91,70.9,8,192,Normal,22.7,70.7,1013.3,4.2,9.1,278.0,93.0,24.6,70.9,1013.7,0.7,10.4,1.9,3.5,1.9,0
2018-10-22,2018,10,22,Post-Monsoon,West Bengal (Gangetic),22.57,88.36,8,192,Normal,27.9,57.9,1013.7,0.0,10.1,11.0,90.0,27.7,55.2,1013.0,0.3,4.2,0.2,0.3,0.2,0
2018-10-22,2018,10,22,Post-Monsoon,Maharashtra (Mumbai/Konkan),18.98,72.83,9,216,Normal,29.8,74.3,1013.9,0.0,13.2,184.0,36.0,27.1,76.6,1014.3,3.5,6.8,2.7,3.5,2.7,0
2018-10-22,2018,10,22,Post-Monsoon,West Bengal (Gangetic),22.57,88.36,9,216,Normal,21.9,57.9,1011.5,1.7,1.1,286.0,52.0,27.7,55.9,1013.0,0.3,4.2,5.8,1.4,5.8,1
2018-10-22,2018,10,22,Post-Monsoon,Odisha Coastal,20.27,85.84,10,240,Normal,25.5,76.6,1015.4,25.8,13.8,302.0,42.0,26.4,83.5,1016.0,17.7,10.9,0.9,8.1,8.1,0
2018-10-29,2018,10,29,Post-Monsoon,Odisha Coastal,20.27,85.84,1,24,Normal,24.8,66.5,1012.1,3.5,8.1,267.0,30.0,26.2,71.1,1011.9,2.6,7.8,1.4,0.9,1.4,0
2018-10-29,2018,10,29,Post-Monsoon,Gujarat Coastal,21.64,69.6,2,48,Normal,24.1,65.9,1012.4,2.0,10.2,171.0,32.0,24.4,65.9,1012.7,2.0,13.3,0.3,0.0,0.3,0
2018-10-29,2018,10,29,Post-Monsoon,Himachal Pradesh,31.1,77.17,3,72,Normal,24.6,82.4,1010.6,6.0,6.8,174.0,12.0,24.3,83.6,1012.3,1.3,7.6,0.3,4.7,0.3,0
2018-10-29,2018,10,29,Post-Monsoon,West Bengal (Gangetic),22.57,88.36,3,72,Normal,28.0,71.1,1012.4,13.2,16.4,260.0,81.0,28.7,69.9,1011.7,7.5,13.0,0.7,5.7,5.7,0
2018-10-29,2018,10,29,Post-Monsoon,Odisha Coastal,20.27,85.84,4,96,Normal,24.7,66.5,1012.4,8.8,7.4,4.0,51.0,26.2,66.7,1011.9,2.6,7.8,1.5,6.2,1.5,0
2018-10-29,2018,10,29,Post-Monsoon,Kerala Coast,9.93,76.26,4,96,Normal,27.0,77.8,1012.8,4.8,3.7,39.0,83.0,28.5,80.6,1012.9,11.1,10.3,1.5,6.3,6.3,0
2018-10-29,2018,10,29,Post-Monsoon,Gujarat Coastal,21.64,69.6,4,96,Normal,25.1,65.9,1013.0,0.0,11.7,86.0,83.0,24.4,65.7,1012.7,2.0,13.3,0.7,2.0,0.7,0
2018-10-29,2018,10,29,Post-Monsoon,West Bengal (Gangetic),22.57,88.36,4,96,Normal,27.5,71.1,1011.5,2.2,5.0,340.0,60.0,28.7,68.1,1011.7,7.5,13.0,1.2,5.3,5.3,1
2018-10-29,2018,10,29,Post-Monsoon,Kerala Coast,9.93,76.26,5,120,Normal,27.2,77.8,1012.1,16.1,9.1,61.0,94.0,28.5,70.9,1012.9,11.1,10.3,1.3,5.0,5.0,0
2018-10-29,2018,10,29,Post-Monsoon,Rajasthan (West),26.91,70.9,6,144,Normal,30.2,61.4,1014.1,1.8,12.2,321.0,15.0,29.0,54.9,1013.3,1.3,15.5,1.2,0.5,1.2,0
2018-10-29,2018,10,29,Post-Monsoon,Maharashtra (Mumbai/Konkan),18.98,72.83,7,168,Normal,22.9,67.7,1013.6,0.0,15.6,336.0,71.0,23.0,67.5,1014.9,1.0,14.1,0.1,1.0,0.1,0
2018-10-29,2018,10,29,Post-Monsoon,Maharashtra (Mumbai/Konkan),18.98,72.83,8,192,Normal,21.6,67.7,1015.1,4.4,12.8,334.0,59.0,23.0,67.8,1014.9,1.0,14.1,1.4,3.4,1.4,0
2018-10-29,2018,10,29,Post-Monsoon,Himachal Pradesh,31.1,77.17,8,192,Normal,22.5,82.4,1011.0,8.8,8.1,163.0,60.0,24.3,81.9,1012.3,1.3,7.6,1.8,7.5,1.8,0
2018-10-29,2018,10,29,Post-Monsoon,Assam & Meghalaya,26.14,91.73,8,192,Normal,28.3,74.3,1010.2,0.0,2.2,222.0,89.0,25.0,69.4,1012.5,0.2,10.4,3.3,0.2,3.3,1
2018-10-29,2018,10,29,Post-Monsoon,Rajasthan (West),26.91,70.9,9,216,Normal,30.0,61.4,1011.6,9.4,19.3,338.0,79.0,29.0,64.2,1013.3,1.3,15.5,1.0,8.1,1.0,0
2018-10-29,2018,10,29,Post-Monsoon,Assam & Meghalaya,26.14,91.73,9,216,Normal,28.4,74.3,1015.2,7.9,5.2,121.0,53.0,25.0,79.3,1012.5,0.2,10.4,3.4,7.7,3.4,1
2018-11-05,2018,11,5,Post-Monsoon,Himachal Pradesh,31.1,77.17,1,24,Normal,27.5,70.5,1012.9,0.0,9.0,31.0,76.0,27.0,70.0,1014.4,0.7,8.2,0.5,0.7,0.5,0
2018-11-05,2018,11,5,Post-Monsoon,Odisha Coastal,20.27,85.84,2,48,Normal,26.2,70.3,1013.5,1.3,11.6,354.0,81.0,26.5,67.5,1012.5,0.4,10.6,0.3,0.9,0.3,0
2018-11-05,2018,11,5,Post-Monsoon,Rajasthan (West),26.91,70.9,3,72,Normal,23.7,69.7,1007.6,0.0,13.3,287.0,75.0,24.4,69.6,1009.2,0.3,13.1,0.7,0.3,0.7,0
2018-11-05,2018,11,5,Post-Monsoon,Himachal Pradesh,31.1,77.17,3,72,Normal,28.2,70.5,1014.7,3.9,7.2,281.0,37.0,27.0,72.2,1014.4,0.7,8.2,1.2,3.2,1.2,0
2018-11-05,2018,11,5,Post-Monsoon,Assam & Meghalaya,26.14,91.73,5,120,Normal,24.2,77.7,1013.3,3.3,6.1,113.0,84.0,23.5,74.1,1011.4,0.5,7.5,0.7,2.8,0.7,0
2018-11-05,2018,11,5,Post-Monsoon,Kerala Coast,9.93,76.26,6,144,Normal,23.7,80.6,1016.9,13.8,7.3,200.0,33.0,22.9,78.5,1016.2,16.7,8.4,0.8,2.9,2.9,0
2018-11-05,2018,11,5,Post-Monsoon,Maharashtra (Mumbai/Konkan),18.98,72.83,6,144,Normal,28.4,63.5,1015.9,1.1,12.3,203.0,34.0,26.8,54.9,1015.8,8.1,11.9,1.6,7.0,7.0,0
2018-11-05,2018,11,5,Post-Monsoon,Gujarat Coastal,21.64,69.6,6,144,Normal,24.2,81.1,1014.4,0.0,5.4,80.0,64.0,22.2,81.5,1014.7,5.6,8.1,2.0,5.6,5.6,0
2018-11-05,2018,11,5,Post-Monsoon,Maharashtra (Mumbai/Konkan),18.98,72.83,7,168,Normal,25.4,63.5,1013.5,22.1,14.5,271.0,28.0,26.8,68.1,1015.8,8.1,11.9,1.4,14.0,14.0,0
2018-11-05,2018,11,5,Post-Monsoon,Rajasthan (West),26.91,70.9,7,168,Normal,20.7,69.7,1008.5,8.2,14.7,103.0,43.0,24.4,76.1,1009.2,0.3,13.1,3.7,7.9,3.7,1
2018-11-05,2018,11,5,Post-Monsoon,West Bengal (Gangetic),22.57,88.36,7,168,Normal,32.1,67.8,1014.1,6.4,3.8,353.0,10.0,27.3,65.2,1013.4,3.6,8.5,4.8,2.8,4.8,1
2018-11-05,2018,11,5,Post-Monsoon,Assam & Meghalaya,26.14,91.73,8,192,Normal,21.9,77.7,1013.7,0.0,4.7,296.0,61.0,23.5,79.9,1011.4,0.5,7.5,1.6,0.5,1.6,0
2018-11-05,2018,11,5,Post-Monsoon,Odisha Coastal,20.27,85.84,10,240,Normal,29.8,70.3,1009.9,0.0,9.9,295.0,23.0,26.5,76.1,1012.5,0.4,10.6,3.3,0.4,3.3,1
2018-11-05,2018,11,5,Post-Monsoon,Kerala Coast,9.93,76.26,10,240,Normal,23.1,80.6,1015.2,13.6,8.8,264.0,39.0,22.9,83.4,1016.2,16.7,8.4,0.2,3.1,3.1,0
2018-11-05,2018,11,5,Post-Monsoon,Gujarat Coastal,21.64,69.6,10,240,Normal,29.5,81.1,1014.8,7.9,8.5,46.0,88.0,22.2,78.5,1014.7,5.6,8.1,7.3,2.3,2.3,1
2018-11-05,2018,11,5,Post-Monsoon,West Bengal (Gangetic),22.57,88.36,10,240,Normal,26.4,67.8,1012.8,24.0,10.0,336.0,21.0,27.3,70.0,1013.4,3.6,8.5,0.9,20.4,0.9,1
2018-11-12,2018,11,12,Post-Monsoon,Odisha Coastal,20.27,85.84,1,24,Normal,28.9,72.0,1012.3,10.7,11.7,174.0,56.0,28.4,64.3,1013.1,11.1,11.1,0.5,0.4,0.4,0
2018-11-12,2018,11,12,Post-Monsoon,Gujarat Coastal,21.64,69.6,1,24,Normal,22.5,72.3,1009.6,3.9,11.8,80.0,27.0,22.1,78.1,1010.1,1.0,12.3,0.4,2.9,0.4,0
2018-11-12,2018,11,12,Post-Monsoon,West Bengal (Gangetic),22.57,88.36,1,24,Normal,18.7,55.3,1009.1,2.8,13.8,321.0,73.0,19.1,54.9,1009.7,2.7,11.8,0.4,0.1,0.4,0
2018-11-12,2018,11,12,Post-Monsoon,Assam & Meghalaya,26.14,91.73,1,24,Normal,27.0,79.3,1008.6,0.0,8.9,243.0,50.0,27.8,83.8,1008.3,0.7,9.2,0.8,0.7,0.8,0
2018-11-12,2018,11,12,Post-Monsoon,Assam & Meghalaya,26.14,91.73,2,48,Normal,28.2,79.3,1008.1,0.0,9.8,42.0,62.0,27.8,82.6,1008.3,0.7,9.2,0.4,0.7,0.4,0
2018-11-12,2018,11,12,Post-Monsoon,Rajasthan (West),26.91,70.9,3,72,Normal,23.4,78.6,1011.7,7.5,5.9,22.0,44.0,23.3,74.8,1012.6,5.8,4.5,0.1,1.7,1.7,0
2018-11-12,2018,11,12,Post-Monsoon,Himachal Pradesh,31.1,77.17,3,72,Normal,28.8,81.0,1013.2,3.0,9.6,332.0,63.0,28.2,78.5,1013.4,0.0,10.4,0.6,3.0,0.6,0
2018-11-12,2018,11,12,Post-Monsoon,Kerala Coast,9.93,76.26,5,120,Normal,29.3,68.6,1012.6,0.0,10.3,135.0,17.0,26.8,68.0,1012.0,8.6,10.5,2.5,8.6,8.6,0
2018-11-12,2018,11,12,Post-Monsoon,West Bengal (Gangetic),22.57,88.36,6,144,Normal,21.1,55.3,1008.5,0.0,12.2,74.0,47.0,19.1,59.8,1009.7,2.7,11.8,2.0,2.7,2.0,0
2018-11-12,2018,11,12,Post-Monsoon,Kerala Coast,9.93,76.26,8,192,Normal,26.9,68.6,1009.1,15.8,8.2,240.0,36.0,26.8,65.3,1012.0,8.6,10.5,0.1,7.2,7.2,0
2018-11-12,2018,11,12,Post-Monsoon,Rajasthan (West),26.91,70.9,8,192,Normal,22.1,78.6,1016.0,5.1,5.3,276.0,49.0,23.3,75.2,1012.6,5.8,4.5,1.2,0.7,0.7,1
2018-11-12,2018,11,12,Post-Monsoon,Himachal Pradesh,31.1,77.17,8,192,Normal,27.7,81.0,1013.7,0.8,5.7,52.0,47.0,28.2,80.7,1013.4,0.0,10.4,0.5,0.8,0.5,0
2018-11-12,2018,11,12,Post-Monsoon,Maharashtra (Mumbai/Konkan),18.98,72.83,9,216,Normal,23.3,80.3,1007.5,12.3,2.3,239.0,63.0,23.5,75.6,1012.4,5.0,12.8,0.2,7.3,0.2,1
2018-11-12,2018,11,12,Post-Monsoon,Odisha Coastal,20.27,85.84,10,240,Normal,26.9,72.0,1012.8,33.5,5.4,182.0,45.0,28.4,70.1,1013.1,11.1,11.1,1.5,22.4,22.4,1
2018-11-12,2018,11,12,Post-Monsoon,Maharashtra (Mumbai/Konkan),18.98,72.83,10,240,Normal,21.9,80.3,1011.8,31.0,9.1,38.0,60.0,23.5,84.0,1012.4,5.0,12.8,1.6,26.0,1.6,1
2018-11-12,2018,11,12,Post-Monsoon,Gujarat Coastal,21.64,69.6,10,240,Normal,21.4,72.3,1010.2,0.0,7.7,161.0,36.0,22.1,66.0,1010.1,1.0,12.3,0.7,1.0,0.7,0
2018-11-19,2018,11,19,Post-Monsoon,Himachal Pradesh,31.1,77.17,1,24,Normal,25.6,62.8,1013.4,0.0,13.7,123.0,30.0,24.7,65.9,1012.6,0.6,15.7,0.9,0.6,0.9,0
2018-11-19,2018,11,19,Post-Monsoon,West Bengal (Gangetic),22.57,88.36,2,48,Normal,27.0,70.5,1013.5,16.7,10.7,240.0,43.0,28.7,76.9,1014.4,7.4,13.0,1.7,9.3,9.3,0
2018-11-19,2018,11,19,Post-Monsoon,Assam & Meghalaya,26.14,91.73,2,48,Normal,28.3,66.8,1011.2,0.0,13.1,358.0,13.0,28.4,63.7,1011.9,0.3,11.2,0.1,0.3,0.1,0
2018-11-19,2018,11,19,Post-Monsoon,Odisha Coastal,20.27,85.84,3,72,Normal,28.9,80.7,1012.4,13.9,13.7,275.0,61.0,27.7,87.8,1012.7,4.2,16.3,1.2,9.7,1.2,0
2018-11-19,2018,11,19,Post-Monsoon,Rajasthan (West),26.91,70.9,3,72,Normal,26.9,59.2,1009.4,0.0,6.7,65.0,77.0,26.5,62.4,1012.0,0.4,6.6,0.4,0.4,0.4,0
2018-11-19,2018,11,19,Post-Monsoon,Assam & Meghalaya,26.14,91.73,3,72,Normal,27.1,66.8,1012.4,0.0,15.2,358.0,47.0,28.4,73.5,1011.9,0.3,11.2,1.3,0.3,1.3,0
2018-11-19,2018,11,19,Post-Monsoon,Odisha Coastal,20.27,85.84,4,96,Normal,28.5,80.7,1011.6,0.0,14.1,356.0,54.0,27.7,82.0,1012.7,4.2,16.3,0.8,4.2,0.8,0
2018-11-19,2018,11,19,Post-Monsoon,Kerala Coast,9.93,76.26,4,96,Normal,25.6,55.9,1011.8,21.8,21.1,264.0,93.0,28.7,54.3,1011.7,20.8,17.2,3.1,1.0,1.0,1
2018-11-19,2018,11,19,Post-Monsoon,Kerala Coast,9.93,76.26,6,144,Normal,29.2,55.9,1011.4,29.8,13.9,277.0,84.0,28.7,58.8,1011.7,20.8,17.2,0.5,9.0,9.0,0
2018-11-19,2018,11,19,Post-Monsoon,Rajasthan (West),26.91,70.9,7,168,Normal,25.0,59.2,1014.4,5.7,4.6,296.0,66.0,26.5,61.5,1012.0,0.4,6.6,1.5,5.3,1.5,0
2018-11-19,2018,11,19,Post-Monsoon,Maharashtra (Mumbai/Konkan),18.98,72.83,8,192,Normal,23.4,63.0,1012.3,8.9,6.5,57.0,88.0,24.6,68.3,1013.3,7.5,5.2,1.2,1.4,1.4,0
2018-11-19,2018,11,19,Post-Monsoon,West Bengal (Gangetic),22.57,88.36,8,192,Normal,25.0,70.5,1016.9,12.2,13.0,148.0,81.0,28.7,66.5,1014.4,7.4,13.0,3.7,4.8,4.8,1
2018-11-19,2018,11,19,Post-Monsoon,Gujarat Coastal,21.64,69.6,9,216,Normal,28.8,67.7,1011.0,20.9,5.5,107.0,42.0,29.3,78.2,1011.4,18.7,12.5,0.5,2.2,2.2,0
2018-11-19,2018,11,19,Post-Monsoon,Maharashtra (Mumbai/Konkan),18.98,72.83,10,240,Normal,18.5,63.0,1014.1,0.0,5.0,132.0,36.0,24.6,63.4,1013.3,7.5,5.2,6.1,7.5,7.5,1
2018-11-19,2018,11,19,Post-Monsoon,Gujarat Coastal,21.64,69.6,10,240,Normal,28.4,67.7,1013.3,39.5,8.5,337.0,60.0,29.3,68.8,1011.4,18.7,12.5,0.9,20.8,20.8,1
2018-11-19,2018,11,19,Post-Monsoon,Himachal Pradesh,31.1,77.17,10,240,Normal,24.0,62.8,1013.2,0.0,15.7,13.0,75.0,24.7,63.4,1012.6,0.6,15.7,0.7,0.6,0.7,0
2018-11-26,2018,11,26,Post-Monsoon,Odisha Coastal,20.27,85.84,1,24,Normal,25.5,72.0,1014.3,3.3,8.2,136.0,72.0,25.5,66.6,1013.5,3.8,9.0,0.0,0.5,0.0,0
2018-11-26,2018,11,26,Post-Monsoon,Rajasthan (West),26.91,70.9,2,48,Normal,29.3,72.8,1012.4,2.8,9.4,271.0,41.0,28.5,72.4,1012.0,0.6,8.3,0.8,2.2,0.8,0
2018-11-26,2018,11,26,Post-Monsoon,Himachal Pradesh,31.1,77.17,2,48,Normal,29.5,73.1,1012.8,3.2,7.8,57.0,45.0,28.1,69.2,1011.1,3.5,6.9,1.4,0.3,1.4,0
2018-11-26,2018,11,26,Post-Monsoon,West Bengal (Gangetic),22.57,88.36,2,48,Normal,23.5,72.5,1012.6,0.0,11.9,195.0,87.0,23.2,75.8,1012.7,2.4,12.2,0.3,2.4,0.3,0
2018-11-26,2018,11,26,Post-Monsoon,Assam & Meghalaya,26.14,91.73,2,48,Normal,28.8,73.0,1012.0,0.0,4.6,341.0,91.0,29.3,71.7,1011.8,0.7,7.2,0.5,0.7,0.5,0
2018-11-26,2018,11,26,Post-Monsoon,Gujarat Coastal,21.64,69.6,3,72,Normal,26.6,67.1,1008.6,4.1,9.5,145.0,66.0,24.8,64.0,1009.2,3.5,12.9,1.8,0.6,1.8,0
2018-11-26,2018,11,26,Post-Monsoon,Kerala Coast,9.93,76.26,4,96,Normal,32.8,75.4,1013.1,8.0,6.6,68.0,67.0,32.8,69.3,1012.2,3.3,7.8,0.0,4.7,0.0,0
2018-11-26,2018,11,26,Post-Monsoon,Himachal Pradesh,31.1,77.17,5,120,Normal,30.5,73.1,1010.4,18.9,6.3,37.0,15.0,28.1,81.2,1011.1,3.5,6.9,2.4,15.4,2.4,0
2018-11-26,2018,11,26,Post-Monsoon,Odisha Coastal,20.27,85.84,6,144,Normal,27.5,72.0,1014.8,9.4,6.2,119.0,55.0,25.5,72.8,1013.5,3.8,9.0,2.0,5.6,2.0,0
2018-11-26,2018,11,26,Post-Monsoon,Rajasthan (West),26.91,70.9,8,192,Normal,31.9,72.8,1014.7,0.0,10.1,26.0,55.0,28.5,71.1,1012.0,0.6,8.3,3.4,0.6,3.4,1
2018-11-26,2018,11,26,Post-Monsoon,West Bengal (Gangetic),22.57,88.36,8,192,Normal,19.6,72.5,1013.5,10.0,7.0,209.0,65.0,23.2,73.0,1012.7,2.4,12.2,3.6,7.6,3.6,1
2018-11-26,2018,11,26,Post-Monsoon,Assam & Meghalaya,26.14,91.73,8,192,Normal,33.9,73.0,1011.7,2.9,1.5,73.0,16.0,29.3,67.9,1011.8,0.7,7.2,4.6,2.2,4.6,1
2018-11-26,2018,11,26,Post-Monsoon,Maharashtra (Mumbai/Konkan),18.98,72.83,9,216,Normal,29.7,73.4,1013.4,0.0,14.4,207.0,72.0,26.8,61.6,1010.7,0.2,11.3,2.9,0.2,2.9,0
2018-11-26,2018,11,26,Post-Monsoon,Gujarat Coastal,21.64,69.6,9,216,Normal,29.9,67.1,1008.8,7.0,16.9,319.0,39.0,24.8,68.9,1009.2,3.5,12.9,5.1,3.5,5.1,1
2018-11-26,2018,11,26,Post-Monsoon,Kerala Coast,9.93,76.26,10,240,Normal,31.9,75.4,1011.1,6.0,15.1,80.0,37.0,32.8,77.8,1012.2,3.3,7.8,0.9,2.7,0.9,1
2018-11-26,2018,11,26,Post-Monsoon,Maharashtra (Mumbai/Konkan),18.98,72.83,10,240,Normal,26.1,73.4,1013.5,12.1,13.2,323.0,63.0,26.8,69.9,1010.7,0.2,11.3,0.7,11.9,0.7,0
2018-12-03,2018,12,3,Post-Monsoon,West Bengal (Gangetic),22.57,88.36,1,24,Normal,24.5,63.2,1013.0,1.2,14.2,327.0,43.0,24.3,61.1,1013.3,1.0,12.5,0.2,0.2,0.2,0
2018-12-03,2018,12,3,Post-Monsoon,Gujarat Coastal,21.64,69.6,2,48,Normal,24.0,65.2,1013.3,5.5,9.1,103.0,73.0,24.7,63.0,1014.0,1.6,9.3,0.7,3.9,0.7,0
2018-12-03,2018,12,3,Post-Monsoon,Kerala Coast,9.93,76.26,3,72,Normal,28.9,62.8,1009.6,1.6,7.0,229.0,59.0,27.7,67.2,1009.4,3.7,9.4,1.2,2.1,1.2,0
2018-12-03,2018,12,3,Post-Monsoon,Assam & Meghalaya,26.14,91.73,3,72,Normal,30.1,66.6,1018.8,1.9,11.5,112.0,45.0,28.6,68.2,1018.4,0.2,14.7,1.5,1.7,1.5,0
2018-12-03,2018,12,3,Post-Monsoon,Odisha Coastal,20.27,85.84,4,96,Normal,31.6,69.3,1013.8,0.0,6.5,58.0,22.0,31.1,62.1,1013.3,1.9,7.0,0.5,1.9,0.5,0
2018-12-03,2018,12,3,Post-Monsoon,Rajasthan (West),26.91,70.9,4,96,Normal,26.9,64.9,1016.6,2.9,17.7,19.0,86.0,27.4,63.7,1015.4,0.7,16.4,0.5,2.2,0.5,0
2018-12-03,2018,12,3,Post-Monsoon,Himachal Pradesh,31.1,77.17,4,96,Normal,28.2,68.2,1013.9,6.5,8.9,10.0,19.0,26.7,75.0,1013.1,0.9,14.4,1.5,5.6,1.5,0
2018-12-03,2018,12,3,Post-Monsoon,Assam & Meghalaya,26.14,91.73,5,120,Normal,30.7,66.6,1018.9,0.0,14.7,209.0,27.0,28.6,62.7,1018.4,0.2,14.7,2.1,0.2,2.1,0
2018-12-03,2018,12,3,Post-Monsoon,Maharashtra (Mumbai/Konkan),18.98,72.83,6,144,Normal,24.9,73.1,1013.3,8.0,10.4,138.0,61.0,25.5,77.7,1013.9,5.2,10.6,0.6,2.8,2.8,0
2018-12-03,2018,12,3,Post-Monsoon,West Bengal (Gangetic),22.57,88.36,6,144,Normal,24.4,63.2,1013.4,11.4,15.9,269.0,30.0,24.3,68.8,1013.3,1.0,12.5,0.1,10.4,0.1,0
2018-12-03,2018,12,3,Post-Monsoon,Odisha Coastal,20.27,85.84,7,168,Normal,29.9,69.3,1013.2,3.9,7.3,348.0,90.0,31.1,71.1,1013.3,1.9,7.0,1.2,2.0,1.2,0
2018-12-03,2018,12,3,Post-Monsoon,Maharashtra (Mumbai/Konkan),18.98,72.83,9,216,Normal,21.3,73.1,1011.4,0.0,9.9,70.0,18.0,25.5,73.4,1013.9,5.2,10.6,4.2,5.2,5.2,1
2018-12-03,2018,12,3,Post-Monsoon,Gujarat Coastal,21.64,69.6,9,216,Normal,29.7,65.2,1017.9,0.0,12.2,285.0,35.0,24.7,67.5,1014.0,1.6,9.3,5.0,1.6,5.0,1
2018-12-03,2018,12,3,Post-Monsoon,Rajasthan (West),26.91,70.9,9,216,Normal,19.8,64.9,1011.6,0.0,12.2,297.0,55.0,27.4,59.3,1015.4,0.7,16.4,7.6,0.7,7.6,1
2018-12-03,2018,12,3,Post-Monsoon,Himachal Pradesh,31.1,77.17,9,216,Normal,29.4,68.2,1009.5,3.6,11.7,280.0,44.0,26.7,72.5,1013.1,0.9,14.4,2.7,2.7,2.7,1
2018-12-03,2018,12,3,Post-Monsoon,Kerala Coast,9.93,76.26,10,240,Normal,29.5,62.8,1009.0,0.0,9.0,61.0,78.0,27.7,60.8,1009.4,3.7,9.4,1.8,3.7,1.8,0
2018-12-10,2018,12,10,Post-Monsoon,Odisha Coastal,20.27,85.84,1,24,Normal,27.7,83.1,1011.0,0.0,10.0,171.0,60.0,26.3,82.7,1011.8,5.8,10.5,1.4,5.8,5.8,0
2018-12-10,2018,12,10,Post-Monsoon,Assam & Meghalaya,26.14,91.73,1,24,Normal,26.1,53.2,1009.4,4.3,13.0,203.0,23.0,26.2,56.6,1009.6,3.6,11.7,0.1,0.7,0.1,0
2018-12-10,2018,12,10,Post-Monsoon,Kerala Coast,9.93,76.26,2,48,Normal,26.1,67.5,1012.2,8.2,4.0,251.0,59.0,25.2,67.7,1013.3,5.3,5.1,0.9,2.9,2.9,0
2018-12-10,2018,12,10,Post-Monsoon,Kerala Coast,9.93,76.26,3,72,Normal,25.9,67.5,1013.0,6.3,4.4,12.0,23.0,25.2,65.1,1013.3,5.3,5.1,0.7,1.0,1.0,0
2018-12-10,2018,12,10,Post-Monsoon,Gujarat Coastal,21.64,69.6,3,72,Normal,24.1,63.6,1010.2,2.0,13.1,95.0,61.0,23.4,58.9,1010.3,0.2,11.6,0.7,1.8,0.7,0
2018-12-10,2018,12,10,Post-Monsoon,West Bengal (Gangetic),22.57,88.36,3,72,Normal,23.7,75.1,1016.7,9.8,16.1,260.0,91.0,23.1,76.2,1016.5,15.5,13.0,0.6,5.7,5.7,0
2018-12-10,2018,12,10,Post-Monsoon,Maharashtra (Mumbai/Konkan),18.98,72.83,4,96,Normal,23.2,87.2,1012.6,0.4,13.4,6.0,11.0,25.0,93.3,1013.0,3.2,10.2,1.8,2.8,1.8,0
2018-12-10,2018,12,10,Post-Monsoon,Rajasthan (West),26.91,70.9,5,120,Normal,26.7,61.7,1016.2,3.8,9.4,327.0,24.0,28.3,65.7,1014.7,1.2,8.6,1.6,2.6,1.6,0
2018-12-10,2018,12,10,Post-Monsoon,Assam & Meghalaya,26.14,91.73,5,120,Normal,24.8,53.2,1010.0,7.9,4.3,245.0,45.0,26.2,59.4,1009.6,3.6,11.7,1.4,4.3,1.4,1
2018-12-10,2018,12,10,Post-Monsoon,Rajasthan (West),26.91,70.9,6,144,Normal,28.4,61.7,1014.9,5.5,9.7,190.0,40.0,28.3,73.9,1014.7,1.2,8.6,0.1,4.3,0.1,0
2018-12-10,2018,12,10,Post-Monsoon,West Bengal (Gangetic),22.57,88.36,6,144,Normal,21.2,75.1,1014.5,0.0,11.0,144.0,80.0,23.1,69.7,1016.5,15.5,13.0,1.9,15.5,15.5,0
2018-12-10,2018,12,10,Post-Monsoon,Himachal Pradesh,31.1,77.17,7,168,Normal,23.9,71.1,1014.0,6.7,12.2,112.0,76.0,23.7,80.5,1013.8,7.6,13.4,0.2,0.9,0.9,0
2018-12-10,2018,12,10,Post-Monsoon,Maharashtra (Mumbai/Konkan),18.98,72.83,8,192,Normal,27.7,87.2,1010.9,0.0,14.7,305.0,44.0,25.0,82.6,1013.0,3.2,10.2,2.7,3.2,2.7,0
2018-12-10,2018,12,10,Post-Monsoon,Odisha Coastal,20.27,85.84,10,240,Normal,25.7,83.1,1014.0,0.5,6.0,240.0,83.0,26.3,84.5,1011.8,5.8,10.5,0.6,5.3,5.3,0
2018-12-10,2018,12,10,Post-Monsoon,Gujarat Coastal,21.64,69.6,10,240,Normal,27.5,63.6,1007.9,0.0,9.8,177.0,47.0,23.4,59.2,1010.3,0.2,11.6,4.1,0.2,4.1,1
2018-12-10,2018,12,10,Post-Monsoon,Himachal Pradesh,31.1,77.17,10,240,Normal,19.8,71.1,1011.3,6.2,20.1,332.0,23.0,23.7,68.8,1013.8,7.6,13.4,3.9,1.4,1.4,1
2018-12-17,2018,12,17,Post-Monsoon,Himachal Pradesh,31.1,77.17,1,24,Normal,29.2,67.7,1011.0,0.7,10.2,204.0,47.0,28.8,59.1,1011.2,1.5,11.7,0.4,0.8,0.4,0
2018-12-17,2018,12,17,Post-Monsoon,Odisha Coastal,20.27,85.84,2,48,Normal,25.1,53.6,1015.3,10.8,9.3,288.0,76.0,25.3,61.1,1015.3,10.5,7.8,0.2,0.3,0.3,0
2018-12-17,2018,12,17,Post-Monsoon,West Bengal (Gangetic),22.57,88.36,2,48,Normal,24.7,75.4,1014.8,0.4,8.9,246.0,36.0,25.4,71.1,1014.7,1.9,10.2,0.7,1.5,0.7,0
2018-12-17,2018,12,17,Post-Monsoon,Kerala Coast,9.93,76.26,4,96,Normal,24.5,70.8,1014.0,0.0,14.9,271.0,29.0,25.4,73.0,1013.6,6.2,13.5,0.9,6.2,6.2,0
2018-12-17,2018,12,17,Post-Monsoon,Gujarat Coastal,21.64,69.6,4,96,Normal,28.5,72.1,1014.1,22.7,16.2,337.0,55.0,27.0,74.9,1013.8,6.7,15.0,1.5,16.0,16.0,0
2018-12-17,2018,12,17,Post-Monsoon,Maharashtra (Mumbai/Konkan),18.98,72.83,5,120,Normal,25.7,82.9,1015.2,1.6,7.8,200.0,87.0,25.1,83.2,1014.3,1.2,7.0,0.6,0.4,0.6,0
2018-12-17,2018,12,17,Post-Monsoon,Rajasthan (West),26.91,70.9,7,168,Normal,24.9,68.6,1014.9,8.8,7.6,222.0,12.0,26.0,68.0,1011.9,3.6,10.0,1.1,5.2,1.1,0
2018-12-17,2018,12,17,Post-Monsoon,Kerala Coast,9.93,76.26,8,192,Normal,25.0,70.8,1010.7,12.4,12.2,89.0,65.0,25.4,75.6,1013.6,6.2,13.5,0.4,6.2,6.2,0
2018-12-17,2018,12,17,Post-Monsoon,Maharashtra (Mumbai/Konkan),18.98,72.83,8,192,Normal,27.4,82.9,1012.2,0.0,13.5,64.0,64.0,25.1,83.5,1014.3,1.2,7.0,2.3,1.2,2.3,0
2018-12-17,2018,12,17,Post-Monsoon,Gujarat Coastal,21.64,69.6,8,192,Normal,27.4,72.1,1014.3,0.2,10.3,244.0,84.0,27.0,69.4,1013.8,6.7,15.0,0.4,6.5,6.5,0
2018-12-17,2018,12,17,Post-Monsoon,Himachal Pradesh,31.1,77.17,8,192,Normal,27.9,67.7,1010.5,8.4,17.9,244.0,90.0,28.8,69.5,1011.2,1.5,11.7,0.9,6.9,0.9,0
2018-12-17,2018,12,17,Post-Monsoon,Assam & Meghalaya,26.14,91.73,8,192,Normal,24.6,72.3,1014.3,5.1,10.5,134.0,50.0,25.6,65.2,1012.7,0.9,12.3,1.0,4.2,1.0,0
2018-12-17,2018,12,17,Post-Monsoon,Odisha Coastal,20.27,85.84,9,216,Normal,20.7,53.6,1015.7,34.9,14.0,203.0,60.0,25.3,52.1,1015.3,10.5,7.8,4.6,24.4,24.4,1
2018-12-17,2018,12,17,Post-Monsoon,Rajasthan (West),26.91,70.9,9,216,Normal,24.3,68.6,1012.2,5.6,3.8,172.0,81.0,26.0,61.3,1011.9,3.6,10.0,1.7,2.0,1.7,0
2018-12-17,2018,12,17,Post-Monsoon,Assam & Meghalaya,26.14,91.73,9,216,Normal,22.9,72.3,1015.3,7.1,8.5,48.0,17.0,25.6,68.1,1012.7,0.9,12.3,2.7,6.2,2.7,0
2018-12-17,2018,12,17,Post-Monsoon,West Bengal (Gangetic),22.57,88.36,10,240,Normal,22.6,75.4,1015.5,12.4,6.8,306.0,55.0,25.4,78.9,1014.7,1.9,10.2,2.8,10.5,2.8,0
2018-12-24,2018,12,24,Post-Monsoon,Gujarat Coastal,21.64,69.6,1,24,Normal,27.2,69.4,1014.7,12.1,10.5,118.0,49.0,25.7,70.6,1013.9,10.8,10.4,1.5,1.3,1.3,0
2018-12-24,2018,12,24,Post-Monsoon,Assam & Meghalaya,26.14,91.73,2,48,Normal,26.0,69.9,1013.7,5.6,12.6,305.0,74.0,25.4,70.0,1014.3,1.0,10.4,0.6,4.6,0.6,0
2018-12-24,2018,12,24,Post-Monsoon,Gujarat Coastal,21.64,69.6,3,72,Normal,28.6,69.4,1014.1,6.3,11.8,354.0,21.0,25.7,76.5,1013.9,10.8,10.4,2.9,4.5,4.5,0
2018-12-24,2018,12,24,Post-Monsoon,Rajasthan (West),26.91,70.9,3,72,Normal,24.7,69.9,1014.4,3.0,10.2,247.0,76.0,24.6,76.6,1012.5,0.3,11.5,0.1,2.7,0.1,0
2018-12-24,2018,12,24,Post-Monsoon,Odisha Coastal,20.27,85.84,4,96,Cyclone,27.8,72.4,983.4,32.7,29.7,177.0,17.0,26.0,74.5,987.1,102.4,33.0,1.8,69.7,69.7,1
2018-12-24,2018,12,24,Post-Monsoon,Maharashtra (Mumbai/Konkan),18.98,72.83,5,120,Normal,28.2,61.4,1011.7,10.2,13.6,130.0,29.0,26.2,65.4,1012.6,1.9,11.6,2.0,8.3,2.0,0
2018-12-24,2018,12,24,Post-Monsoon,Assam & Meghalaya,26.14,91.73,6,144,Normal,22.6,69.9,1015.0,0.0,5.9,304.0,90.0,25.4,74.1,1014.3,1.0,10.4,2.8,1.0,2.8,0
2018-12-24,2018,12,24,Post-Monsoon,Kerala Coast,9.93,76.26,7,168,Normal,24.8,73.7,1012.0,22.9,9.9,131.0,31.0,25.4,72.3,1012.7,17.5,10.2,0.6,5.4,5.4,0
2018-12-24,2018,12,24,Post-Monsoon,Rajasthan (West),26.91,70.9,7,168,Normal,27.1,69.9,1011.0,0.0,8.4,100.0,23.0,24.6,69.2,1012.5,0.3,11.5,2.5,0.3,2.5,0
2018-12-24,2018,12,24,Post-Monsoon,Himachal Pradesh,31.1,77.17,7,168,Normal,24.0,74.8,1013.1,10.4,14.2,219.0,50.0,24.2,73.4,1012.4,3.1,10.4,0.2,7.3,0.2,0
2018-12-24,2018,12,24,Post-Monsoon,West Bengal (Gangetic),22.57,88.36,7,168,Normal,24.8,57.2,1016.3,0.0,1.0,302.0,63.0,25.0,54.0,1016.0,4.9,7.4,0.2,4.9,0.2,0
2018-12-24,2018,12,24,Post-Monsoon,Maharashtra (Mumbai/Konkan),18.98,72.83,8,192,Normal,25.8,61.4,1010.7,0.0,6.9,286.0,75.0,26.2,69.5,1012.6,1.9,11.6,0.4,1.9,0.4,0
2018-12-24,2018,12,24,Post-Monsoon,Himachal Pradesh,31.1,77.17,8,192,Normal,28.3,74.8,1013.1,0.0,6.2,70.0,37.0,24.2,78.4,1012.4,3.1,10.4,4.1,3.1,4.1,1
2018-12-24,2018,12,24,Post-Monsoon,West Bengal (Gangetic),22.57,88.36,9,216,Normal,25.7,57.2,1016.6,0.9,8.5,306.0,42.0,25.0,56.9,1016.0,4.9,7.4,0.7,4.0,0.7,0
2018-12-24,2018,12,24,Post-Monsoon,Odisha Coastal,20.27,85.84,10,240,Cyclone,26.8,72.4,988.3,0.0,34.6,265.0,85.0,26.0,76.3,987.1,102.4,33.0,0.8,102.4,102.4,1
2018-12-24,2018,12,24,Post-Monsoon,Kerala Coast,9.93,76.26,10,240,Normal,25.7,73.7,1011.4,0.0,8.5,135.0,59.0,25.4,70.9,1012.7,17.5,10.2,0.3,17.5,17.5,0
2018-12-31,2018,12,31,Post-Monsoon,Rajasthan (West),26.91,70.9,2,48,Normal,26.4,66.0,1014.9,4.0,10.9,144.0,59.0,25.9,61.2,1015.2,1.3,11.7,0.5,2.7,0.5,0
2018-12-31,2018,12,31,Post-Monsoon,Gujarat Coastal,21.64,69.6,4,96,Normal,25.6,56.3,1015.4,6.3,1.0,31.0,17.0,25.9,54.5,1013.8,0.4,4.6,0.3,5.9,0.3,0
2018-12-31,2018,12,31,Post-Monsoon,West Bengal (Gangetic),22.57,88.36,5,120,Normal,22.6,67.6,1011.5,0.0,15.3,179.0,27.0,23.8,68.6,1011.5,1.0,12.4,1.2,1.0,1.2,0
2018-12-31,2018,12,31,Post-Monsoon,Odisha Coastal,20.27,85.84,6,144,Normal,26.4,70.1,1015.7,12.1,16.3,14.0,46.0,25.4,76.5,1014.8,5.4,13.5,1.0,6.7,6.7,0
2018-12-31,2018,12,31,Post-Monsoon,Kerala Coast,9.93,76.26,6,144,Normal,28.5,70.0,1013.9,0.0,12.4,51.0,23.0,27.6,68.8,1012.6,0.6,8.5,0.9,0.6,0.9,0
2018-12-31,2018,12,31,Post-Monsoon,Gujarat Coastal,21.64,69.6,6,144,Normal,25.4,56.3,1012.4,6.8,7.3,110.0,83.0,25.9,55.4,1013.8,0.4,4.6,0.5,6.4,0.5,0
2018-12-31,2018,12,31,Post-Monsoon,West Bengal (Gangetic),22.57,88.36,6,144,Normal,24.1,67.6,1010.9,0.0,10.3,116.0,46.0,23.8,66.9,1011.5,1.0,12.4,0.3,1.0,0.3,0
2018-12-31,2018,12,31,Post-Monsoon,Assam & Meghalaya,26.14,91.73,6,144,Normal,27.1,65.1,1013.7,0.0,14.0,320.0,47.0,28.6,57.6,1012.2,1.0,15.9,1.5,1.0,1.5,0
2018-12-31,2018,12,31,Post-Monsoon,Himachal Pradesh,31.1,77.17,7,168,Normal,23.6,71.6,1012.4,0.0,12.7,282.0,94.0,25.4,71.5,1011.1,0.7,12.9,1.8,0.7,1.8,0
2018-12-31,2018,12,31,Post-Monsoon,Odisha Coastal,20.27,85.84,8,192,Normal,26.0,70.1,1012.1,8.1,11.6,313.0,15.0,25.4,67.7,1014.8,5.4,13.5,0.6,2.7,2.7,0
2018-12-31,2018,12,31,Post-Monsoon,Himachal Pradesh,31.1,77.17,8,192,Normal,23.6,71.6,1012.7,0.0,18.1,281.0,29.0,25.4,73.1,1011.1,0.7,12.9,1.8,0.7,1.8,0
2018-12-31,2018,12,31,Post-Monsoon,Assam & Meghalaya,26.14,91.73,8,192,Normal,28.8,65.1,1013.0,0.0,18.2,352.0,80.0,28.6,62.7,1012.2,1.0,15.9,0.2,1.0,0.2,0
2018-12-31,2018,12,31,Post-Monsoon,Kerala Coast,9.93,76.26,9,216,Normal,30.0,70.0,1013.1,5.2,12.4,155.0,67.0,27.6,72.3,1012.6,0.6,8.5,2.4,4.6,2.4,0
2018-12-31,2018,12,31,Post-Monsoon,Maharashtra (Mumbai/Konkan),18.98,72.83,9,216,Normal,30.9,67.7,1014.1,0.0,14.2,72.0,78.0,30.0,69.0,1014.4,2.1,11.8,0.9,2.1,0.9,0
2018-12-31,2018,12,31,Post-Monsoon,Rajasthan (West),26.91,70.9,9,216,Normal,28.2,66.0,1016.2,10.4,9.3,50.0,45.0,25.9,70.8,1015.2,1.3,11.7,2.3,9.1,2.3,0
2018-12-31,2018,12,31,Post-Monsoon,Maharashtra (Mumbai/Konkan),18.98,72.83,10,240,Normal,30.7,67.7,1013.3,4.3,16.8,85.0,48.0,30.0,67.0,1014.4,2.1,11.8,0.7,2.2,0.7,0
2019-01-07,2019,1,7,Winter,Maharashtra (Mumbai/Konkan),18.98,72.83,1,24,Normal,25.3,58.8,1014.3,1.0,6.3,6.0,78.0,25.1,59.1,1014.3,0.9,7.4,0.2,0.1,0.2,0
2019-01-07,2019,1,7,Winter,Himachal Pradesh,31.1,77.17,1,24,Western Disturbance,23.1,38.9,1013.6,11.0,9.7,221.0,22.0,22.5,38.8,1014.3,21.5,8.3,0.6,10.5,10.5,0
2019-01-07,2019,1,7,Winter,Kerala Coast,9.93,76.26,2,48,Normal,24.0,50.6,1017.3,0.0,7.1,349.0,49.0,23.1,49.1,1017.4,0.5,8.9,0.9,0.5,0.9,0
2019-01-07,2019,1,7,Winter,Gujarat Coastal,21.64,69.6,2,48,Normal,15.0,64.2,1013.0,2.4,8.5,346.0,13.0,14.9,64.3,1011.6,3.1,8.2,0.1,0.7,0.1,0
2019-01-07,2019,1,7,Winter,Maharashtra (Mumbai/Konkan),18.98,72.83,3,72,Normal,24.9,58.8,1015.2,1.4,7.8,334.0,57.0,25.1,64.2,1014.3,0.9,7.4,0.2,0.5,0.2,0
2019-01-07,2019,1,7,Winter,Rajasthan (West),26.91,70.9,3,72,Normal,12.2,54.6,1014.5,1.3,9.2,294.0,28.0,13.1,57.7,1015.2,0.1,5.9,0.9,1.2,0.9,0
2019-01-07,2019,1,7,Winter,Assam & Meghalaya,26.14,91.73,3,72,Normal,22.8,51.6,1016.4,0.0,8.1,197.0,82.0,20.9,51.4,1016.3,0.8,8.3,1.9,0.8,1.9,0
2019-01-07,2019,1,7,Winter,Odisha Coastal,20.27,85.84,5,120,Normal,19.5,60.2,1018.2,0.2,7.8,175.0,35.0,19.1,61.5,1017.4,0.1,8.5,0.4,0.1,0.4,0
2019-01-07,2019,1,7,Winter,Rajasthan (West),26.91,70.9,5,120,Normal,13.0,54.6,1014.0,7.2,1.0,187.0,22.0,13.1,54.5,1015.2,0.1,5.9,0.1,7.1,0.1,0
2019-01-07,2019,1,7,Winter,Odisha Coastal,20.27,85.84,6,144,Normal,16.6,60.2,1018.9,0.0,11.4,228.0,33.0,19.1,63.9,1017.4,0.1,8.5,2.5,0.1,2.5,0
2019-01-07,2019,1,7,Winter,Kerala Coast,9.93,76.26,6,144,Normal,22.2,50.6,1017.5,0.0,4.2,248.0,94.0,23.1,52.1,1017.4,0.5,8.9,0.9,0.5,0.9,0
2019-01-07,2019,1,7,Winter,West Bengal (Gangetic),22.57,88.36,7,168,Normal,17.8,56.6,1014.4,1.5,9.3,324.0,46.0,15.8,56.1,1015.2,0.1,10.7,2.0,1.4,2.0,0
2019-01-07,2019,1,7,Winter,West Bengal (Gangetic),22.57,88.36,8,192,Normal,13.2,56.6,1014.7,0.0,8.3,103.0,91.0,15.8,54.8,1015.2,0.1,10.7,2.6,0.1,2.6,0
2019-01-07,2019,1,7,Winter,Gujarat Coastal,21.64,69.6,9,216,Normal,16.7,64.2,1013.7,11.0,12.0,143.0,76.0,14.9,54.3,1011.6,3.1,8.2,1.8,7.9,1.8,0
2019-01-07,2019,1,7,Winter,Himachal Pradesh,31.1,77.17,9,216,Western Disturbance,21.5,38.9,1012.2,51.2,5.3,6.0,22.0,22.5,39.4,1014.3,21.5,8.3,1.0,29.7,29.7,1
2019-01-07,2019,1,7,Winter,Assam & Meghalaya,26.14,91.73,10,240,Normal,23.3,51.6,1015.4,0.0,8.3,263.0,94.0,20.9,51.0,1016.3,0.8,8.3,2.4,0.8,2.4,0
2019-01-14,2019,1,14,Winter,Odisha Coastal,20.27,85.84,1,24,Normal,21.0,59.4,1015.3,0.2,11.3,192.0,24.0,21.6,65.3,1014.7,0.0,11.2,0.6,0.2,0.6,0
2019-01-14,2019,1,14,Winter,Kerala Coast,9.93,76.26,1,24,Normal,19.3,62.9,1015.0,2.1,8.3,205.0,12.0,18.8,62.1,1015.7,0.9,6.6,0.5,1.2,0.5,0
2019-01-14,2019,1,14,Winter,West Bengal (Gangetic),22.57,88.36,1,24,Normal,19.6,47.5,1012.8,0.0,8.2,60.0,45.0,18.4,51.5,1013.7,1.1,7.9,1.2,1.1,1.2,0
2019-01-14,2019,1,14,Winter,Himachal Pradesh,31.1,77.17,3,72,Normal,21.4,60.6,1017.6,0.0,11.5,249.0,73.0,21.3,59.1,1017.1,0.3,7.5,0.1,0.3,0.1,0
2019-01-14,2019,1,14,Winter,West Bengal (Gangetic),22.57,88.36,3,72,Normal,18.8,47.5,1015.2,2.3,5.3,55.0,72.0,18.4,41.9,1013.7,1.1,7.9,0.4,1.2,0.4,0
2019-01-14,2019,1,14,Winter,Odisha Coastal,20.27,85.84,4,96,Normal,21.8,59.4,1015.4,0.0,10.4,255.0,32.0,21.6,61.8,1014.7,0.0,11.2,0.2,0.0,0.2,0
2019-01-14,2019,1,14,Winter,Gujarat Coastal,21.64,69.6,4,96,Normal,18.1,57.9,1017.0,0.0,10.4,196.0,34.0,16.1,59.5,1015.8,2.1,9.0,2.0,2.1,2.0,0
2019-01-14,2019,1,14,Winter,Maharashtra (Mumbai/Konkan),18.98,72.83,5,120,Normal,24.7,65.7,1015.4,7.3,4.9,25.0,78.0,25.2,64.2,1015.2,1.0,7.5,0.5,6.3,0.5,0
2019-01-14,2019,1,14,Winter,Gujarat Coastal,21.64,69.6,6,144,Normal,15.7,57.9,1017.3,0.0,14.7,52.0,55.0,16.1,60.8,1015.8,2.1,9.0,0.4,2.1,0.4,0
2019-01-14,2019,1,14,Winter,Maharashtra (Mumbai/Konkan),18.98,72.83,8,192,Normal,24.5,65.7,1018.2,0.0,14.6,337.0,54.0,25.2,69.3,1015.2,1.0,7.5,0.7,1.0,0.7,1
2019-01-14,2019,1,14,Winter,Rajasthan (West),26.91,70.9,8,192,Normal,23.6,57.7,1016.0,0.0,8.4,149.0,59.0,22.5,57.5,1015.7,0.1,7.1,1.1,0.1,1.1,0
2019-01-14,2019,1,14,Winter,Rajasthan (West),26.91,70.9,9,216,Normal,20.4,57.7,1016.9,3.9,4.3,5.0,30.0,22.5,62.6,1015.7,0.1,7.1,2.1,3.8,2.1,0
2019-01-14,2019,1,14,Winter,Assam & Meghalaya,26.14,91.73,9,216,Normal,20.8,69.1,1017.7,0.0,12.4,127.0,54.0,24.4,68.2,1016.2,0.7,7.1,3.6,0.7,3.6,1
2019-01-14,2019,1,14,Winter,Kerala Coast,9.93,76.26,10,240,Normal,15.8,62.9,1015.6,7.5,6.0,11.0,76.0,18.8,59.9,1015.7,0.9,6.6,3.0,6.6,3.0,0
2019-01-14,2019,1,14,Winter,Himachal Pradesh,31.1,77.17,10,240,Normal,24.7,60.6,1015.3,0.0,8.5,66.0,18.0,21.3,62.5,1017.1,0.3,7.5,3.4,0.3,3.4,1
2019-01-14,2019,1,14,Winter,Assam & Meghalaya,26.14,91.73,10,240,Normal,24.9,69.1,1018.0,0.0,13.5,179.0,50.0,24.4,77.0,1016.2,0.7,7.1,0.5,0.7,0.5,0
2019-01-21,2019,1,21,Winter,Gujarat Coastal,21.64,69.6,1,24,Normal,17.2,47.2,1016.8,0.0,12.2,245.0,83.0,16.4,47.8,1017.3,1.1,11.0,0.8,1.1,0.8,0
2019-01-21,2019,1,21,Winter,Rajasthan (West),26.91,70.9,1,24,Normal,15.6,51.2,1015.5,0.0,4.1,73.0,14.0,16.1,50.6,1015.5,4.5,4.3,0.5,4.5,0.5,0
2019-01-21,2019,1,21,Winter,Kerala Coast,9.93,76.26,2,48,Normal,25.4,59.4,1011.3,0.8,6.3,231.0,72.0,25.2,59.5,1011.8,0.1,7.6,0.2,0.7,0.2,0
2019-01-21,2019,1,21,Winter,Maharashtra (Mumbai/Konkan),18.98,72.83,2,48,Normal,23.5,65.4,1016.1,0.0,13.5,64.0,74.0,23.9,67.3,1016.4,1.6,11.0,0.4,1.6,0.4,0
2019-01-21,2019,1,21,Winter,West Bengal (Gangetic),22.57,88.36,2,48,Normal,14.7,61.0,1014.9,1.9,11.3,261.0,75.0,15.0,55.3,1014.9,0.2,7.1,0.3,1.7,0.3,0
2019-01-21,2019,1,21,Winter,Maharashtra (Mumbai/Konkan),18.98,72.83,3,72,Normal,23.2,65.4,1018.2,5.0,11.6,94.0,72.0,23.9,64.1,1016.4,1.6,11.0,0.7,3.4,0.7,0
2019-01-21,2019,1,21,Winter,Rajasthan (West),26.91,70.9,3,72,Normal,15.8,51.2,1016.1,12.8,3.5,96.0,61.0,16.1,51.8,1015.5,4.5,4.3,0.3,8.3,0.3,0
2019-01-21,2019,1,21,Winter,Odisha Coastal,20.27,85.84,4,96,Normal,18.9,69.1,1015.1,10.1,7.9,189.0,88.0,15.9,66.3,1015.2,1.4,8.6,3.0,8.7,3.0,0
2019-01-21,2019,1,21,Winter,Himachal Pradesh,31.1,77.17,5,120,Western Disturbance,21.2,52.5,1015.2,0.0,14.1,217.0,84.0,21.9,57.2,1015.3,17.7,10.4,0.7,17.7,17.7,0
2019-01-21,2019,1,21,Winter,Odisha Coastal,20.27,85.84,6,144,Normal,17.3,69.1,1016.3,6.6,4.5,306.0,65.0,15.9,65.6,1015.2,1.4,8.6,1.4,5.2,1.4,0
2019-01-21,2019,1,21,Winter,Gujarat Coastal,21.64,69.6,6,144,Normal,16.3,47.2,1017.0,0.0,10.9,273.0,28.0,16.4,51.1,1017.3,1.1,11.0,0.1,1.1,0.1,0
2019-01-21,2019,1,21,Winter,Himachal Pradesh,31.1,77.17,6,144,Western Disturbance,22.2,52.5,1015.6,14.2,12.1,30.0,61.0,21.9,52.8,1015.3,17.7,10.4,0.3,3.5,3.5,0
2019-01-21,2019,1,21,Winter,West Bengal (Gangetic),22.57,88.36,6,144,Normal,17.0,61.0,1015.4,1.2,7.5,352.0,30.0,15.0,59.8,1014.9,0.2,7.1,2.0,1.0,2.0,0
2019-01-21,2019,1,21,Winter,Assam & Meghalaya,26.14,91.73,6,144,Normal,17.1,57.6,1017.5,4.0,11.9,34.0,74.0,19.3,54.2,1019.2,3.2,9.7,2.2,0.8,2.2,0
2019-01-21,2019,1,21,Winter,Kerala Coast,9.93,76.26,8,192,Normal,24.1,59.4,1012.0,0.0,6.2,301.0,47.0,25.2,65.7,1011.8,0.1,7.6,1.1,0.1,1.1,0
2019-01-21,2019,1,21,Winter,Assam & Meghalaya,26.14,91.73,8,192,Normal,20.2,57.6,1018.3,0.0,7.9,41.0,78.0,19.3,54.6,1019.2,3.2,9.7,0.9,3.2,0.9,0
2019-01-28,2019,1,28,Winter,Maharashtra (Mumbai/Konkan),18.98,72.83,2,48,Normal,25.6,57.2,1017.7,0.3,3.0,129.0,45.0,24.1,55.5,1018.9,0.9,5.3,1.5,0.6,1.5,0
2019-01-28,2019,1,28,Winter,Rajasthan (West),26.91,70.9,2,48,Normal,15.2,57.4,1018.1,1.0,7.2,84.0,54.0,15.7,62.4,1018.8,0.6,7.9,0.5,0.4,0.5,0
2019-01-28,2019,1,28,Winter,Himachal Pradesh,31.1,77.17,2,48,Western Disturbance,25.1,57.1,1016.3,8.4,8.3,86.0,62.0,23.2,62.6,1015.6,17.5,9.3,1.9,9.1,9.1,0
2019-01-28,2019,1,28,Winter,West Bengal (Gangetic),22.57,88.36,2,48,Normal,24.1,65.3,1017.9,0.0,7.3,119.0,12.0,23.8,62.6,1017.4,0.3,8.6,0.3,0.3,0.3,0
2019-01-28,2019,1,28,Winter,Kerala Coast,9.93,76.26,3,72,Normal,23.2,43.4,1014.0,0.0,8.2,90.0,14.0,23.4,45.7,1015.6,0.2,9.3,0.2,0.2,0.2,0
2019-01-28,2019,1,28,Winter,Gujarat Coastal,21.64,69.6,3,72,Normal,20.9,62.1,1022.0,6.1,7.9,203.0,78.0,19.9,62.5,1021.6,1.8,4.5,1.0,4.3,1.0,0
2019-01-28,2019,1,28,Winter,Odisha Coastal,20.27,85.84,4,96,Normal,21.1,61.4,1012.3,5.1,6.4,266.0,33.0,21.3,62.0,1014.0,0.3,5.0,0.2,4.8,0.2,0
2019-01-28,2019,1,28,Winter,Himachal Pradesh,31.1,77.17,4,96,Western Disturbance,22.4,57.1,1014.5,47.2,9.4,25.0,63.0,23.2,61.5,1015.6,17.5,9.3,0.8,29.7,29.7,1
2019-01-28,2019,1,28,Winter,West Bengal (Gangetic),22.57,88.36,4,96,Normal,21.3,65.3,1017.5,4.3,7.4,274.0,35.0,23.8,66.0,1017.4,0.3,8.6,2.5,4.0,2.5,0
2019-01-28,2019,1,28,Winter,Gujarat Coastal,21.64,69.6,5,120,Normal,17.9,62.1,1021.1,9.6,6.6,157.0,46.0,19.9,62.4,1021.6,1.8,4.5,2.0,7.8,2.0,0
2019-01-28,2019,1,28,Winter,Assam & Meghalaya,26.14,91.73,5,120,Normal,17.0,61.0,1016.2,6.1,7.3,306.0,26.0,20.2,63.6,1016.6,0.5,9.7,3.2,5.6,3.2,1
2019-01-28,2019,1,28,Winter,Odisha Coastal,20.27,85.84,7,168,Normal,17.8,61.4,1014.7,10.5,5.6,314.0,47.0,21.3,63.4,1014.0,0.3,5.0,3.5,10.2,3.5,1
2019-01-28,2019,1,28,Winter,Assam & Meghalaya,26.14,91.73,7,168,Normal,20.5,61.0,1017.3,0.0,12.6,245.0,74.0,20.2,65.1,1016.6,0.5,9.7,0.3,0.5,0.3,0
2019-01-28,2019,1,28,Winter,Kerala Coast,9.93,76.26,9,216,Normal,22.1,43.4,1014.9,5.1,7.1,19.0,45.0,23.4,47.1,1015.6,0.2,9.3,1.3,4.9,1.3,0
2019-01-28,2019,1,28,Winter,Maharashtra (Mumbai/Konkan),18.98,72.83,10,240,Normal,20.8,57.2,1023.0,4.8,1.0,181.0,73.0,24.1,49.4,1018.9,0.9,5.3,3.3,3.9,3.3,1
2019-01-28,2019,1,28,Winter,Rajasthan (West),26.91,70.9,10,240,Normal,16.4,57.4,1018.3,0.9,2.8,195.0,78.0,15.7,59.2,1018.8,0.6,7.9,0.7,0.3,0.7,0
2019-02-04,2019,2,4,Winter,Maharashtra (Mumbai/Konkan),18.98,72.83,1,24,Normal,24.0,57.4,1018.9,0.0,9.8,8.0,43.0,23.4,58.5,1018.5,0.2,9.8,0.6,0.2,0.6,0
2019-02-04,2019,2,4,Winter,West Bengal (Gangetic),22.57,88.36,1,24,Normal,25.1,56.5,1013.6,0.5,6.8,314.0,92.0,25.3,60.8,1013.7,0.6,5.5,0.2,0.1,0.2,0
2019-02-04,2019,2,4,Winter,Assam & Meghalaya,26.14,91.73,1,24,Normal,19.3,74.2,1013.0,1.4,7.1,188.0,46.0,19.2,70.8,1012.1,0.1,7.4,0.1,1.3,0.1,0
2019-02-04,2019,2,4,Winter,Himachal Pradesh,31.1,77.17,3,72,Western Disturbance,20.2,64.4,1015.2,31.7,8.5,225.0,52.0,17.5,67.4,1015.4,18.8,7.8,2.7,12.9,12.9,0
2019-02-04,2019,2,4,Winter,Odisha Coastal,20.27,85.84,4,96,Normal,25.7,66.1,1014.1,6.1,9.7,95.0,70.0,24.8,62.5,1014.7,0.3,6.0,0.9,5.8,0.9,0
2019-02-04,2019,2,4,Winter,Rajasthan (West),26.91,70.9,4,96,Normal,13.7,63.2,1020.3,0.0,8.4,234.0,36.0,16.0,66.7,1019.5,0.1,8.1,2.3,0.1,2.3,0
2019-02-04,2019,2,4,Winter,Assam & Meghalaya,26.14,91.73,4,96,Normal,19.2,74.2,1011.7,0.5,4.5,223.0,32.0,19.2,71.4,1012.1,0.1,7.4,0.0,0.4,0.0,0
2019-02-04,2019,2,4,Winter,Gujarat Coastal,21.64,69.6,5,120,Normal,19.9,55.9,1014.6,3.8,5.9,283.0,55.0,18.8,49.2,1015.4,0.3,6.0,1.1,3.5,1.1,0
2019-02-04,2019,2,4,Winter,Rajasthan (West),26.91,70.9,5,120,Normal,19.0,63.2,1019.4,0.0,7.4,199.0,49.0,16.0,64.9,1019.5,0.1,8.1,3.0,0.1,3.0,0
2019-02-04,2019,2,4,Winter,Kerala Coast,9.93,76.26,6,144,Normal,13.3,62.0,1017.4,0.4,2.7,161.0,47.0,18.0,61.7,1017.2,0.9,7.1,4.7,0.5,4.7,1
2019-02-04,2019,2,4,Winter,West Bengal (Gangetic),22.57,88.36,6,144,Normal,25.7,56.5,1013.4,10.6,12.8,128.0,22.0,25.3,64.6,1013.7,0.6,5.5,0.4,10.0,0.4,1
2019-02-04,2019,2,4,Winter,Maharashtra (Mumbai/Konkan),18.98,72.83,7,168,Normal,22.7,57.4,1020.2,2.9,8.6,122.0,31.0,23.4,54.3,1018.5,0.2,9.8,0.7,2.7,0.7,0
2019-02-04,2019,2,4,Winter,Gujarat Coastal,21.64,69.6,7,168,Normal,17.0,55.9,1018.6,0.0,3.3,203.0,34.0,18.8,56.1,1015.4,0.3,6.0,1.8,0.3,1.8,1
2019-02-04,2019,2,4,Winter,Odisha Coastal,20.27,85.84,10,240,Normal,26.6,66.1,1013.6,0.0,4.8,292.0,83.0,24.8,69.5,1014.7,0.3,6.0,1.8,0.3,1.8,0
2019-02-04,2019,2,4,Winter,Kerala Coast,9.93,76.26,10,240,Normal,13.3,62.0,1020.5,1.2,4.1,166.0,17.0,18.0,67.3,1017.2,0.9,7.1,4.7,0.3,4.7,1
2019-02-04,2019,2,4,Winter,Himachal Pradesh,31.1,77.17,10,240,Western Disturbance,16.2,64.4,1013.7,70.1,9.5,223.0,61.0,17.5,57.0,1015.4,18.8,7.8,1.3,51.3,51.3,1
2019-02-11,2019,2,11,Winter,Odisha Coastal,20.27,85.84,1,24,Normal,16.9,53.1,1014.9,0.0,7.1,270.0,92.0,16.7,51.3,1015.1,1.6,6.3,0.2,1.6,0.2,0
2019-02-11,2019,2,11,Winter,Gujarat Coastal,21.64,69.6,1,24,Normal,12.6,53.8,1016.4,0.0,11.9,23.0,26.0,14.4,55.2,1017.6,1.8,9.2,1.8,1.8,1.8,0
2019-02-11,2019,2,11,Winter,Odisha Coastal,20.27,85.84,2,48,Normal,15.5,53.1,1013.8,1.1,5.7,308.0,40.0,16.7,53.3,1015.1,1.6,6.3,1.2,0.5,1.2,0
2019-02-11,2019,2,11,Winter,Himachal Pradesh,31.1,77.17,2,48,Normal,20.2,73.0,1015.4,0.0,6.6,270.0,47.0,21.8,73.1,1015.0,1.0,8.0,1.6,1.0,1.6,0
2019-02-11,2019,2,11,Winter,Assam & Meghalaya,26.14,91.73,2,48,Normal,18.8,55.3,1014.3,0.0,6.3,127.0,55.0,20.0,47.8,1014.5,0.4,5.9,1.2,0.4,1.2,0
2019-02-11,2019,2,11,Winter,Kerala Coast,9.93,76.26,4,96,Normal,19.6,56.3,1013.9,6.3,4.7,96.0,42.0,17.0,64.3,1013.2,2.1,3.9,2.6,4.2,2.6,0
2019-02-11,2019,2,11,Winter,Maharashtra (Mumbai/Konkan),18.98,72.83,4,96,Normal,17.2,64.4,1022.3,1.1,7.7,177.0,74.0,16.3,63.4,1020.0,0.2,9.5,0.9,0.9,0.9,0
2019-02-11,2019,2,11,Winter,Gujarat Coastal,21.64,69.6,4,96,Normal,16.3,53.8,1015.3,0.9,10.2,319.0,37.0,14.4,55.7,1017.6,1.8,9.2,1.9,0.9,1.9,0
2019-02-11,2019,2,11,Winter,West Bengal (Gangetic),22.57,88.36,4,96,Normal,21.4,81.5,1014.2,3.1,8.2,40.0,28.0,20.6,81.1,1014.7,1.0,9.2,0.8,2.1,0.8,0
2019-02-11,2019,2,11,Winter,Kerala Coast,9.93,76.26,5,120,Normal,17.6,56.3,1013.7,0.0,3.1,298.0,30.0,17.0,60.6,1013.2,2.1,3.9,0.6,2.1,0.6,0
2019-02-11,2019,2,11,Winter,Maharashtra (Mumbai/Konkan),18.98,72.83,5,120,Normal,18.8,64.4,1020.7,8.4,11.0,179.0,85.0,16.3,61.4,1020.0,0.2,9.5,2.5,8.2,2.5,0
2019-02-11,2019,2,11,Winter,Assam & Meghalaya,26.14,91.73,5,120,Normal,16.9,55.3,1016.7,0.0,10.8,264.0,73.0,20.0,63.8,1014.5,0.4,5.9,3.1,0.4,3.1,1
2019-02-11,2019,2,11,Winter,Rajasthan (West),26.91,70.9,6,144,Normal,27.0,52.0,1010.6,10.1,11.1,180.0,25.0,26.0,50.1,1014.0,1.1,6.2,1.0,9.0,1.0,1
2019-02-11,2019,2,11,Winter,Rajasthan (West),26.91,70.9,8,192,Normal,23.4,52.0,1012.7,0.0,2.6,78.0,65.0,26.0,51.4,1014.0,1.1,6.2,2.6,1.1,2.6,0
2019-02-11,2019,2,11,Winter,Himachal Pradesh,31.1,77.17,8,192,Normal,23.6,73.0,1014.4,0.0,5.5,162.0,83.0,21.8,78.0,1015.0,1.0,8.0,1.8,1.0,1.8,0
2019-02-11,2019,2,11,Winter,West Bengal (Gangetic),22.57,88.36,9,216,Normal,21.6,81.5,1015.9,0.0,12.1,358.0,29.0,20.6,81.1,1014.7,1.0,9.2,1.0,1.0,1.0,0
2019-02-18,2019,2,18,Winter,Rajasthan (West),26.91,70.9,1,24,Normal,16.7,68.5,1021.2,4.3,5.0,153.0,14.0,16.0,66.8,1020.6,0.1,7.3,0.7,4.2,0.7,0
2019-02-18,2019,2,18,Winter,Assam & Meghalaya,26.14,91.73,1,24,Normal,21.2,60.5,1012.2,0.2,7.3,30.0,12.0,21.1,58.5,1012.5,0.4,7.9,0.1,0.2,0.1,0
2019-02-18,2019,2,18,Winter,Odisha Coastal,20.27,85.84,3,72,Normal,21.7,57.2,1013.3,3.9,4.8,135.0,38.0,22.5,54.2,1014.0,1.2,5.2,0.8,2.7,0.8,0
2019-02-18,2019,2,18,Winter,Gujarat Coastal,21.64,69.6,4,96,Normal,18.2,57.1,1016.7,4.5,8.4,218.0,15.0,19.4,57.5,1018.1,0.9,10.0,1.2,3.6,1.2,0
2019-02-18,2019,2,18,Winter,Himachal Pradesh,31.1,77.17,4,96,Normal,22.9,55.0,1016.2,0.0,9.4,303.0,21.0,22.0,54.9,1015.6,0.8,10.3,0.9,0.8,0.9,0
2019-02-18,2019,2,18,Winter,West Bengal (Gangetic),22.57,88.36,4,96,Normal,18.9,55.1,1016.0,1.5,11.7,122.0,63.0,17.1,51.6,1014.8,2.8,9.6,1.8,1.3,1.8,0
2019-02-18,2019,2,18,Winter,Assam & Meghalaya,26.14,91.73,5,120,Normal,19.5,60.5,1012.9,3.0,8.0,349.0,91.0,21.1,56.6,1012.5,0.4,7.9,1.6,2.6,1.6,0
2019-02-18,2019,2,18,Winter,Odisha Coastal,20.27,85.84,7,168,Normal,23.0,57.2,1013.5,0.0,3.6,302.0,43.0,22.5,60.9,1014.0,1.2,5.2,0.5,1.2,0.5,0
2019-02-18,2019,2,18,Winter,Kerala Coast,9.93,76.26,7,168,Normal,13.1,54.0,1011.9,0.0,7.8,206.0,58.0,16.2,57.5,1013.4,0.2,9.8,3.1,0.2,3.1,1
2019-02-18,2019,2,18,Winter,Kerala Coast,9.93,76.26,8,192,Normal,14.9,54.0,1013.8,0.0,7.1,23.0,38.0,16.2,56.7,1013.4,0.2,9.8,1.3,0.2,1.3,0
2019-02-18,2019,2,18,Winter,Maharashtra (Mumbai/Konkan),18.98,72.83,8,192,Normal,24.9,66.2,1013.7,11.0,5.4,206.0,27.0,24.9,69.1,1015.6,3.5,7.0,0.0,7.5,0.0,0
2019-02-18,2019,2,18,Winter,Rajasthan (West),26.91,70.9,8,192,Normal,15.7,68.5,1022.0,3.2,4.9,309.0,14.0,16.0,72.2,1020.6,0.1,7.3,0.3,3.1,0.3,0
2019-02-18,2019,2,18,Winter,Maharashtra (Mumbai/Konkan),18.98,72.83,9,216,Normal,23.3,66.2,1015.7,8.8,9.3,354.0,75.0,24.9,61.7,1015.6,3.5,7.0,1.6,5.3,1.6,0
2019-02-18,2019,2,18,Winter,Gujarat Coastal,21.64,69.6,10,240,Normal,22.7,57.1,1018.5,1.5,13.5,249.0,57.0,19.4,69.3,1018.1,0.9,10.0,3.3,0.6,3.3,1
2019-02-18,2019,2,18,Winter,Himachal Pradesh,31.1,77.17,10,240,Normal,22.5,55.0,1014.3,0.0,3.6,274.0,61.0,22.0,55.0,1015.6,0.8,10.3,0.5,0.8,0.5,0
2019-02-18,2019,2,18,Winter,West Bengal (Gangetic),22.57,88.36,10,240,Normal,20.0,55.1,1013.4,18.2,8.3,133.0,62.0,17.1,53.0,1014.8,2.8,9.6,2.9,15.4,2.9,0
2019-02-25,2019,2,25,Winter,Himachal Pradesh,31.1,77.17,1,24,Normal,22.5,62.7,1016.8,0.8,8.9,109.0,54.0,22.9,64.0,1017.0,2.7,9.1,0.4,1.9,0.4,0
2019-02-25,2019,2,25,Winter,West Bengal (Gangetic),22.57,88.36,1,24,Normal,19.2,53.7,1017.6,0.6,11.1,231.0,29.0,20.7,61.0,1017.5,2.2,10.6,1.5,1.6,1.5,0
2019-02-25,2019,2,25,Winter,Kerala Coast,9.93,76.26,2,48,Normal,13.7,63.1,1017.0,4.7,12.9,227.0,51.0,14.9,63.0,1018.2,1.0,9.6,1.2,3.7,1.2,0
2019-02-25,2019,2,25,Winter,West Bengal (Gangetic),22.57,88.36,2,48,Normal,21.5,53.7,1016.8,0.0,12.4,16.0,27.0,20.7,58.5,1017.5,2.2,10.6,0.8,2.2,0.8,0
2019-02-25,2019,2,25,Winter,Odisha Coastal,20.27,85.84,3,72,Normal,18.7,72.5,1016.8,0.0,12.2,231.0,12.0,18.2,66.3,1017.5,0.4,11.8,0.5,0.4,0.5,0
2019-02-25,2019,2,25,Winter,Kerala Coast,9.93,76.26,3,72,Normal,15.0,63.1,1017.4,0.5,9.3,145.0,57.0,14.9,58.9,1018.2,1.0,9.6,0.1,0.5,0.1,0
2019-02-25,2019,2,25,Winter,Maharashtra (Mumbai/Konkan),18.98,72.83,3,72,Normal,15.5,51.8,1013.1,5.3,4.7,157.0,75.0,17.7,54.2,1013.6,3.2,6.9,2.2,2.1,2.2,0
2019-02-25,2019,2,25,Winter,Assam & Meghalaya,26.14,91.73,3,72,Normal,19.5,57.3,1012.9,0.0,2.0,328.0,80.0,20.4,65.2,1012.9,0.2,5.0,0.9,0.2,0.9,0
2019-02-25,2019,2,25,Winter,Rajasthan (West),26.91,70.9,4,96,Normal,24.7,53.7,1020.3,0.0,5.6,97.0,56.0,24.6,52.9,1018.7,0.5,9.4,0.1,0.5,0.1,0
2019-02-25,2019,2,25,Winter,Rajasthan (West),26.91,70.9,5,120,Normal,25.2,53.7,1019.3,1.6,9.0,281.0,45.0,24.6,53.4,1018.7,0.5,9.4,0.6,1.1,0.6,0
2019-02-25,2019,2,25,Winter,Maharashtra (Mumbai/Konkan),18.98,72.83,6,144,Normal,15.9,51.8,1011.9,0.0,10.1,359.0,76.0,17.7,47.1,1013.6,3.2,6.9,1.8,3.2,1.8,0
2019-02-25,2019,2,25,Winter,Himachal Pradesh,31.1,77.17,6,144,Normal,25.1,62.7,1016.7,0.0,12.3,34.0,91.0,22.9,64.0,1017.0,2.7,9.1,2.2,2.7,2.2,0
2019-02-25,2019,2,25,Winter,Assam & Meghalaya,26.14,91.73,6,144,Normal,21.5,57.3,1012.1,2.9,5.7,320.0,53.0,20.4,61.6,1012.9,0.2,5.0,1.1,2.7,1.1,0
2019-02-25,2019,2,25,Winter,Gujarat Coastal,21.64,69.6,7,168,Normal,21.4,51.7,1013.5,4.2,10.6,16.0,68.0,18.6,55.7,1014.3,0.5,5.4,2.8,3.7,2.8,0
2019-02-25,2019,2,25,Winter,Odisha Coastal,20.27,85.84,8,192,Normal,15.6,72.5,1016.2,0.0,10.9,312.0,34.0,18.2,73.3,1017.5,0.4,11.8,2.6,0.4,2.6,0
2019-02-25,2019,2,25,Winter,Gujarat Coastal,21.64,69.6,10,240,Normal,14.5,51.7,1019.0,0.0,9.2,193.0,79.0,18.6,52.3,1014.3,0.5,5.4,4.1,0.5,4.1,1
2019-03-04,2019,3,4,Pre-Monsoon,Kerala Coast,9.93,76.26,1,24,Normal,35.5,41.3,1007.8,0.0,8.5,91.0,51.0,35.8,44.4,1007.7,1.1,8.7,0.3,1.1,0.3,0
2019-03-04,2019,3,4,Pre-Monsoon,Gujarat Coastal,21.64,69.6,1,24,Normal,35.2,34.9,1011.1,1.0,9.9,330.0,13.0,33.8,30.5,1012.0,2.1,12.6,1.4,1.1,1.4,0
2019-03-04,2019,3,4,Pre-Monsoon,Himachal Pradesh,31.1,77.17,1,24,Normal,36.3,56.9,1007.2,0.3,9.6,355.0,38.0,38.7,50.5,1007.2,0.2,8.8,2.4,0.1,2.4,0
2019-03-04,2019,3,4,Pre-Monsoon,Gujarat Coastal,21.64,69.6,3,72,Normal,33.2,34.9,1012.9,1.5,16.2,248.0,90.0,33.8,37.5,1012.0,2.1,12.6,0.6,0.6,0.6,0
2019-03-04,2019,3,4,Pre-Monsoon,Maharashtra (Mumbai/Konkan),18.98,72.83,4,96,Normal,33.9,58.1,1015.9,9.0,11.1,340.0,87.0,37.0,56.4,1014.4,1.6,11.3,3.1,7.4,3.1,1
2019-03-04,2019,3,4,Pre-Monsoon,Odisha Coastal,20.27,85.84,5,120,Normal,33.4,57.6,1010.4,1.8,12.1,216.0,36.0,34.0,60.7,1011.0,0.1,13.4,0.6,1.7,0.6,0
2019-03-04,2019,3,4,Pre-Monsoon,Kerala Coast,9.93,76.26,5,120,Normal,35.3,41.3,1005.9,5.9,6.9,120.0,15.0,35.8,40.3,1007.7,1.1,8.7,0.5,4.8,0.5,0
2019-03-04,2019,3,4,Pre-Monsoon,Himachal Pradesh,31.1,77.17,5,120,Normal,37.4,56.9,1008.3,6.5,7.7,6.0,58.0,38.7,57.3,1007.2,0.2,8.8,1.3,6.3,1.3,0
2019-03-04,2019,3,4,Pre-Monsoon,Odisha Coastal,20.27,85.84,6,144,Normal,33.1,57.6,1012.1,0.5,11.6,43.0,91.0,34.0,61.9,1011.0,0.1,13.4,0.9,0.4,0.9,0
2019-03-04,2019,3,4,Pre-Monsoon,Rajasthan (West),26.91,70.9,7,168,Normal,33.4,52.0,1014.4,0.0,15.7,211.0,72.0,33.6,47.8,1012.4,0.6,11.7,0.2,0.6,0.2,0
2019-03-04,2019,3,4,Pre-Monsoon,West Bengal (Gangetic),22.57,88.36,7,168,Normal,33.3,33.5,1010.2,4.9,6.0,330.0,90.0,31.6,31.6,1010.6,0.2,12.1,1.7,4.7,1.7,0
2019-03-04,2019,3,4,Pre-Monsoon,Assam & Meghalaya,26.14,91.73,7,168,Normal,27.1,48.4,1010.2,12.1,7.4,342.0,82.0,27.0,52.0,1012.8,0.9,10.0,0.1,11.2,0.1,0
2019-03-04,2019,3,4,Pre-Monsoon,Maharashtra (Mumbai/Konkan),18.98,72.83,10,240,Normal,40.3,58.1,1011.4,19.5,3.2,262.0,65.0,37.0,64.3,1014.4,1.6,11.3,3.3,17.9,3.3,1
2019-03-04,2019,3,4,Pre-Monsoon,Rajasthan (West),26.91,70.9,10,240,Normal,32.6,52.0,1010.9,0.0,12.9,326.0,16.0,33.6,56.3,1012.4,0.6,11.7,1.0,0.6,1.0,0
2019-03-04,2019,3,4,Pre-Monsoon,West Bengal (Gangetic),22.57,88.36,10,240,Normal,32.2,33.5,1013.7,1.6,12.4,22.0,38.0,31.6,28.6,1010.6,0.2,12.1,0.6,1.4,0.6,1
2019-03-04,2019,3,4,Pre-Monsoon,Assam & Meghalaya,26.14,91.73,10,240,Normal,29.1,48.4,1010.4,0.8,5.3,58.0,73.0,27.0,54.2,1012.8,0.9,10.0,2.1,0.1,2.1,0
2019-03-11,2019,3,11,Pre-Monsoon,Odisha Coastal,20.27,85.84,2,48,Normal,37.6,44.4,1009.7,0.0,7.4,195.0,84.0,36.9,43.1,1009.4,1.2,8.0,0.7,1.2,0.7,0
2019-03-11,2019,3,11,Pre-Monsoon,Odisha Coastal,20.27,85.84,3,72,Normal,36.5,44.4,1009.0,2.5,9.2,316.0,46.0,36.9,46.1,1009.4,1.2,8.0,0.4,1.3,0.4,0
2019-03-11,2019,3,11,Pre-Monsoon,Kerala Coast,9.93,76.26,4,96,Normal,35.5,36.4,1012.5,1.1,12.0,295.0,39.0,36.5,33.5,1013.5,1.2,12.0,1.0,0.1,1.0,0
2019-03-11,2019,3,11,Pre-Monsoon,Gujarat Coastal,21.64,69.6,4,96,Normal,36.5,51.0,1009.5,5.5,9.6,148.0,73.0,37.0,51.2,1008.9,1.0,9.2,0.5,4.5,0.5,0
2019-03-11,2019,3,11,Pre-Monsoon,Himachal Pradesh,31.1,77.17,4,96,Normal,37.1,47.2,1006.7,8.1,8.5,108.0,62.0,36.1,48.2,1008.7,4.1,3.8,1.0,4.0,1.0,0
2019-03-11,2019,3,11,Pre-Monsoon,Assam & Meghalaya,26.14,91.73,4,96,Normal,38.8,50.6,1008.7,0.0,7.3,39.0,73.0,41.0,51.5,1007.5,2.8,7.2,2.2,2.8,2.2,0
2019-03-11,2019,3,11,Pre-Monsoon,Maharashtra (Mumbai/Konkan),18.98,72.83,5,120,Normal,38.7,63.0,1011.1,6.3,8.3,268.0,23.0,37.8,63.2,1010.7,2.9,10.7,0.9,3.4,0.9,0
2019-03-11,2019,3,11,Pre-Monsoon,Gujarat Coastal,21.64,69.6,5,120,Normal,38.1,51.0,1008.2,5.5,8.8,17.0,56.0,37.0,50.2,1008.9,1.0,9.2,1.1,4.5,1.1,0
2019-03-11,2019,3,11,Pre-Monsoon,Rajasthan (West),26.91,70.9,5,120,Normal,35.2,47.0,1009.6,0.5,12.4,31.0,16.0,33.9,47.4,1009.1,4.4,17.0,1.3,3.9,1.3,0
2019-03-11,2019,3,11,Pre-Monsoon,West Bengal (Gangetic),22.57,88.36,5,120,Normal,37.1,42.4,1013.7,10.1,13.0,257.0,92.0,37.9,45.0,1011.1,1.2,6.0,0.8,8.9,0.8,0
2019-03-11,2019,3,11,Pre-Monsoon,Kerala Coast,9.93,76.26,7,168,Normal,32.7,36.4,1012.6,7.3,11.5,124.0,42.0,36.5,31.0,1013.5,1.2,12.0,3.8,6.1,3.8,1
2019-03-11,2019,3,11,Pre-Monsoon,Maharashtra (Mumbai/Konkan),18.98,72.83,7,168,Normal,38.3,63.0,1009.4,0.0,13.9,102.0,42.0,37.8,60.0,1010.7,2.9,10.7,0.5,2.9,0.5,0
2019-03-11,2019,3,11,Pre-Monsoon,Himachal Pradesh,31.1,77.17,7,168,Normal,34.2,47.2,1007.0,0.0,3.0,5.0,37.0,36.1,51.7,1008.7,4.1,3.8,1.9,4.1,1.9,0
2019-03-11,2019,3,11,Pre-Monsoon,West Bengal (Gangetic),22.57,88.36,7,168,Normal,37.1,42.4,1010.5,0.0,6.2,215.0,38.0,37.9,38.7,1011.1,1.2,6.0,0.8,1.2,0.8,0
2019-03-11,2019,3,11,Pre-Monsoon,Rajasthan (West),26.91,70.9,8,192,Normal,31.4,47.0,1008.4,2.5,23.6,47.0,60.0,33.9,48.0,1009.1,4.4,17.0,2.5,1.9,2.5,0
2019-03-11,2019,3,11,Pre-Monsoon,Assam & Meghalaya,26.14,91.73,8,192,Normal,40.0,50.6,1006.6,14.8,6.3,268.0,39.0,41.0,51.4,1007.5,2.8,7.2,1.0,12.0,1.0,0
2019-03-18,2019,3,18,Pre-Monsoon,Himachal Pradesh,31.1,77.17,1,24,Normal,38.2,54.1,1010.0,1.8,10.9,138.0,70.0,38.9,53.1,1010.1,2.3,10.8,0.7,0.5,0.7,0
2019-03-18,2019,3,18,Pre-Monsoon,Kerala Coast,9.93,76.26,2,48,Normal,38.8,61.0,1012.8,6.7,7.0,267.0,73.0,39.7,60.8,1012.9,3.7,10.9,0.9,3.0,0.9,0
2019-03-18,2019,3,18,Pre-Monsoon,Gujarat Coastal,21.64,69.6,2,48,Normal,26.7,54.4,1011.6,4.4,14.1,87.0,84.0,29.7,58.5,1011.2,0.2,13.6,3.0,4.2,3.0,0
2019-03-18,2019,3,18,Pre-Monsoon,West Bengal (Gangetic),22.57,88.36,3,72,Normal,35.8,48.7,1007.5,7.5,6.4,293.0,89.0,35.3,43.6,1007.4,1.4,9.3,0.5,6.1,0.5,0
2019-03-18,2019,3,18,Pre-Monsoon,Rajasthan (West),26.91,70.9,5,120,Normal,33.9,52.3,1006.7,0.0,9.9,229.0,38.0,34.2,50.1,1006.4,0.4,11.4,0.3,0.4,0.3,0
2019-03-18,2019,3,18,Pre-Monsoon,Himachal Pradesh,31.1,77.17,5,120,Normal,40.0,54.1,1008.4,7.3,9.3,298.0,37.0,38.9,50.4,1010.1,2.3,10.8,1.1,5.0,1.1,0
2019-03-18,2019,3,18,Pre-Monsoon,West Bengal (Gangetic),22.57,88.36,5,120,Normal,32.5,48.7,1006.3,0.0,8.1,227.0,15.0,35.3,46.0,1007.4,1.4,9.3,2.8,1.4,2.8,0
2019-03-18,2019,3,18,Pre-Monsoon,Odisha Coastal,20.27,85.84,6,144,Normal,36.0,48.7,1008.2,0.0,13.4,145.0,35.0,35.6,49.7,1008.1,1.5,8.9,0.4,1.5,0.4,0
2019-03-18,2019,3,18,Pre-Monsoon,Maharashtra (Mumbai/Konkan),18.98,72.83,6,144,Normal,33.1,41.6,1007.8,16.3,9.9,239.0,10.0,33.8,43.4,1008.3,5.8,10.8,0.7,10.5,10.5,0
2019-03-18,2019,3,18,Pre-Monsoon,Assam & Meghalaya,26.14,91.73,6,144,Normal,40.8,48.9,1010.0,0.0,1.0,42.0,66.0,38.9,47.1,1009.7,2.0,9.4,1.9,2.0,1.9,1
2019-03-18,2019,3,18,Pre-Monsoon,Gujarat Coastal,21.64,69.6,7,168,Normal,32.1,54.4,1013.1,0.0,12.5,49.0,16.0,29.7,59.2,1011.2,0.2,13.6,2.4,0.2,2.4,0
2019-03-18,2019,3,18,Pre-Monsoon,Odisha Coastal,20.27,85.84,8,192,Normal,39.3,48.7,1007.7,0.0,5.9,212.0,57.0,35.6,49.4,1008.1,1.5,8.9,3.7,1.5,3.7,1
2019-03-18,2019,3,18,Pre-Monsoon,Maharashtra (Mumbai/Konkan),18.98,72.83,8,192,Normal,32.0,41.6,1009.5,15.7,1.9,100.0,34.0,33.8,48.1,1008.3,5.8,10.8,1.8,9.9,9.9,1
2019-03-18,2019,3,18,Pre-Monsoon,Kerala Coast,9.93,76.26,9,216,Normal,39.2,61.0,1015.7,24.3,4.4,203.0,27.0,39.7,64.3,1012.9,3.7,10.9,0.5,20.6,0.5,1
2019-03-18,2019,3,18,Pre-Monsoon,Rajasthan (West),26.91,70.9,10,240,Normal,31.6,52.3,1006.9,1.7,17.1,102.0,49.0,34.2,56.6,1006.4,0.4,11.4,2.6,1.3,2.6,0
2019-03-18,2019,3,18,Pre-Monsoon,Assam & Meghalaya,26.14,91.73,10,240,Normal,38.6,48.9,1012.3,3.2,6.6,54.0,47.0,38.9,47.4,1009.7,2.0,9.4,0.3,1.2,0.3,0
2019-03-25,2019,3,25,Pre-Monsoon,Odisha Coastal,20.27,85.84,2,48,Normal,38.8,42.5,1010.8,0.0,11.9,350.0,26.0,38.3,43.9,1010.4,0.6,9.3,0.5,0.6,0.5,0
2019-03-25,2019,3,25,Pre-Monsoon,Gujarat Coastal,21.64,69.6,2,48,Normal,29.6,37.8,1010.8,0.0,7.9,140.0,80.0,30.2,38.6,1009.3,0.9,8.6,0.6,0.9,0.6,0
2019-03-25,2019,3,25,Pre-Monsoon,West Bengal (Gangetic),22.57,88.36,2,48,Normal,35.2,55.3,1016.8,3.5,8.8,36.0,82.0,35.9,54.7,1016.0,5.8,8.6,0.7,2.3,2.3,0
2019-03-25,2019,3,25,Pre-Monsoon,Assam & Meghalaya,26.14,91.73,2,48,Normal,36.6,36.9,1014.2,1.3,9.6,170.0,91.0,37.3,33.6,1013.5,0.7,10.6,0.7,0.6,0.7,0
2019-03-25,2019,3,25,Pre-Monsoon,Rajasthan (West),26.91,70.9,3,72,Normal,37.1,39.9,1009.7,0.4,9.9,125.0,26.0,37.0,32.8,1009.5,1.1,9.8,0.1,0.7,0.1,0
2019-03-25,2019,3,25,Pre-Monsoon,Kerala Coast,9.93,76.26,5,120,Normal,33.6,43.1,1007.0,0.0,13.5,330.0,65.0,36.2,47.1,1006.9,0.6,8.4,2.6,0.6,2.6,0
2019-03-25,2019,3,25,Pre-Monsoon,Maharashtra (Mumbai/Konkan),18.98,72.83,5,120,Normal,40.1,50.8,1007.2,0.0,10.1,303.0,16.0,38.0,50.8,1005.6,0.4,10.4,2.1,0.4,2.1,0
2019-03-25,2019,3,25,Pre-Monsoon,Odisha Coastal,20.27,85.84,6,144,Normal,37.1,42.5,1010.2,0.0,13.2,298.0,85.0,38.3,42.3,1010.4,0.6,9.3,1.2,0.6,1.2,0
2019-03-25,2019,3,25,Pre-Monsoon,Gujarat Coastal,21.64,69.6,6,144,Normal,31.8,37.8,1007.6,3.7,7.3,223.0,83.0,30.2,45.4,1009.3,0.9,8.6,1.6,2.8,1.6,0
2019-03-25,2019,3,25,Pre-Monsoon,Rajasthan (West),26.91,70.9,7,168,Normal,30.9,39.9,1012.6,0.0,12.2,339.0,28.0,37.0,43.6,1009.5,1.1,9.8,6.1,1.1,6.1,1
2019-03-25,2019,3,25,Pre-Monsoon,Kerala Coast,9.93,76.26,8,192,Normal,38.2,43.1,1011.7,0.0,13.7,194.0,43.0,36.2,39.3,1006.9,0.6,8.4,2.0,0.6,2.0,1
2019-03-25,2019,3,25,Pre-Monsoon,Himachal Pradesh,31.1,77.17,8,192,Normal,34.0,42.0,1007.7,4.3,10.8,305.0,21.0,32.3,40.4,1008.8,0.3,8.0,1.7,4.0,1.7,0
2019-03-25,2019,3,25,Pre-Monsoon,Himachal Pradesh,31.1,77.17,9,216,Normal,29.6,42.0,1008.2,0.0,3.0,143.0,88.0,32.3,40.7,1008.8,0.3,8.0,2.7,0.3,2.7,0
2019-03-25,2019,3,25,Pre-Monsoon,West Bengal (Gangetic),22.57,88.36,9,216,Normal,37.3,55.3,1013.2,0.0,9.6,297.0,57.0,35.9,56.9,1016.0,5.8,8.6,1.4,5.8,5.8,0
2019-03-25,2019,3,25,Pre-Monsoon,Maharashtra (Mumbai/Konkan),18.98,72.83,10,240,Normal,38.4,50.8,1005.4,10.0,11.3,321.0,34.0,38.0,50.4,1005.6,0.4,10.4,0.4,9.6,0.4,0
2019-03-25,2019,3,25,Pre-Monsoon,Assam & Meghalaya,26.14,91.73,10,240,Normal,34.8,36.9,1012.3,13.6,12.0,28.0,32.0,37.3,34.2,1013.5,0.7,10.6,2.5,12.9,2.5,0
2019-04-01,2019,4,1,Pre-Monsoon,Rajasthan (West),26.91,70.9,1,24,Normal,33.2,56.3,1013.1,2.3,12.1,43.0,57.0,33.1,55.4,1013.1,1.8,11.7,0.1,0.5,0.1,0
2019-04-01,2019,4,1,Pre-Monsoon,Odisha Coastal,20.27,85.84,2,48,Normal,37.7,41.7,1009.2,0.8,10.4,268.0,72.0,35.7,41.1,1010.2,3.5,12.2,2.0,2.7,2.0,0
2019-04-01,2019,4,1,Pre-Monsoon,Maharashtra (Mumbai/Konkan),18.98,72.83,2,48,Normal,34.3,51.2,1009.0,0.4,9.3,255.0,80.0,33.9,50.8,1008.0,0.0,8.2,0.4,0.4,0.4,0
2019-04-01,2019,4,1,Pre-Monsoon,Kerala Coast,9.93,76.26,3,72,Normal,40.3,47.6,1010.4,2.7,8.7,233.0,69.0,39.7,52.2,1009.4,1.4,7.3,0.6,1.3,0.6,0
2019-04-01,2019,4,1,Pre-Monsoon,Maharashtra (Mumbai/Konkan),18.98,72.83,3,72,Normal,33.7,51.2,1007.4,0.0,9.4,324.0,14.0,33.9,45.7,1008.0,0.0,8.2,0.2,0.0,0.2,0
2019-04-01,2019,4,1,Pre-Monsoon,Assam & Meghalaya,26.14,91.73,4,96,Normal,43.9,46.8,1012.4,0.0,11.2,343.0,22.0,41.6,42.6,1011.2,1.0,9.9,2.3,1.0,2.3,0
2019-04-01,2019,4,1,Pre-Monsoon,Gujarat Coastal,21.64,69.6,5,120,Normal,33.8,56.0,1012.0,24.9,14.8,340.0,16.0,35.5,57.5,1010.7,6.4,12.3,1.7,18.5,18.5,0
2019-04-01,2019,4,1,Pre-Monsoon,West Bengal (Gangetic),22.57,88.36,5,120,Normal,35.6,60.9,1009.1,2.4,10.7,97.0,21.0,35.5,62.2,1009.4,0.3,10.7,0.1,2.1,0.1,0
2019-04-01,2019,4,1,Pre-Monsoon,Kerala Coast,9.93,76.26,6,144,Normal,39.1,47.6,1010.6,7.1,7.4,270.0,46.0,39.7,44.3,1009.4,1.4,7.3,0.6,5.7,0.6,0
2019-04-01,2019,4,1,Pre-Monsoon,Gujarat Coastal,21.64,69.6,6,144,Normal,34.6,56.0,1008.6,0.0,5.1,115.0,70.0,35.5,51.7,1010.7,6.4,12.3,0.9,6.4,6.4,1
2019-04-01,2019,4,1,Pre-Monsoon,Himachal Pradesh,31.1,77.17,6,144,Normal,35.3,61.8,1008.8,11.6,6.8,238.0,31.0,33.2,64.5,1009.6,2.8,5.8,2.1,8.8,2.1,0
2019-04-01,2019,4,1,Pre-Monsoon,West Bengal (Gangetic),22.57,88.36,6,144,Normal,37.6,60.9,1008.8,4.2,11.8,278.0,79.0,35.5,50.0,1009.4,0.3,10.7,2.1,3.9,2.1,0
2019-04-01,2019,4,1,Pre-Monsoon,Assam & Meghalaya,26.14,91.73,7,168,Normal,41.9,46.8,1012.1,0.0,8.6,106.0,23.0,41.6,43.8,1011.2,1.0,9.9,0.3,1.0,0.3,0
2019-04-01,2019,4,1,Pre-Monsoon,Odisha Coastal,20.27,85.84,8,192,Normal,40.6,41.7,1010.4,0.0,11.4,175.0,92.0,35.7,44.3,1010.2,3.5,12.2,4.9,3.5,4.9,1
2019-04-01,2019,4,1,Pre-Monsoon,Rajasthan (West),26.91,70.9,10,240,Normal,29.6,56.3,1014.8,11.5,12.8,223.0,10.0,33.1,51.3,1013.1,1.8,11.7,3.5,9.7,3.5,1
2019-04-01,2019,4,1,Pre-Monsoon,Himachal Pradesh,31.1,77.17,10,240,Normal,32.6,61.8,1009.5,0.6,5.6,273.0,86.0,33.2,60.9,1009.6,2.8,5.8,0.6,2.2,0.6,0
2019-04-08,2019,4,8,Pre-Monsoon,West Bengal (Gangetic),22.57,88.36,1,24,Normal,37.8,35.1,1012.2,0.0,5.1,155.0,77.0,37.6,31.9,1010.9,0.1,7.6,0.2,0.1,0.2,0
2019-04-08,2019,4,8,Pre-Monsoon,Himachal Pradesh,31.1,77.17,2,48,Normal,37.5,50.9,1012.0,0.0,9.5,20.0,52.0,38.5,45.5,1010.8,1.0,9.2,1.0,1.0,1.0,0
2019-04-08,2019,4,8,Pre-Monsoon,Odisha Coastal,20.27,85.84,3,72,Normal,28.6,49.4,1014.2,1.0,4.8,355.0,15.0,31.8,48.0,1014.6,2.0,5.8,3.2,1.0,3.2,1
2019-04-08,2019,4,8,Pre-Monsoon,Rajasthan (West),26.91,70.9,3,72,Normal,32.3,26.2,1013.6,6.1,15.0,94.0,75.0,31.8,17.8,1013.7,3.0,16.1,0.5,3.1,0.5,0
2019-04-08,2019,4,8,Pre-Monsoon,Himachal Pradesh,31.1,77.17,4,96,Normal,38.4,50.9,1010.7,2.3,9.6,68.0,15.0,38.5,56.1,1010.8,1.0,9.2,0.1,1.3,0.1,0
2019-04-08,2019,4,8,Pre-Monsoon,Kerala Coast,9.93,76.26,5,120,Normal,36.1,47.2,1008.6,5.0,9.7,315.0,36.0,37.2,48.9,1010.9,2.0,10.2,1.1,3.0,1.1,0
2019-04-08,2019,4,8,Pre-Monsoon,Maharashtra (Mumbai/Konkan),18.98,72.83,5,120,Normal,30.8,52.8,1006.1,1.1,6.6,201.0,43.0,33.0,50.2,1006.9,1.8,6.4,2.2,0.7,2.2,0
2019-04-08,2019,4,8,Pre-Monsoon,Assam & Meghalaya,26.14,91.73,5,120,Normal,36.4,61.1,1001.8,12.9,13.5,194.0,68.0,37.5,63.9,1003.0,3.3,14.3,1.1,9.6,1.1,0
2019-04-08,2019,4,8,Pre-Monsoon,Maharashtra (Mumbai/Konkan),18.98,72.83,7,168,Normal,32.9,52.8,1006.2,3.5,10.6,28.0,57.0,33.0,47.9,1006.9,1.8,6.4,0.1,1.7,0.1,0
2019-04-08,2019,4,8,Pre-Monsoon,Gujarat Coastal,21.64,69.6,7,168,Normal,34.9,35.1,1013.3,0.0,16.7,276.0,19.0,31.6,38.7,1011.8,2.4,16.0,3.3,2.4,3.3,1
2019-04-08,2019,4,8,Pre-Monsoon,Assam & Meghalaya,26.14,91.73,7,168,Normal,40.0,61.1,1004.5,0.7,17.0,40.0,81.0,37.5,65.6,1003.0,3.3,14.3,2.5,2.6,2.5,0
2019-04-08,2019,4,8,Pre-Monsoon,Kerala Coast,9.93,76.26,8,192,Normal,36.4,47.2,1011.6,0.0,11.7,132.0,81.0,37.2,43.5,1010.9,2.0,10.2,0.8,2.0,0.8,0
2019-04-08,2019,4,8,Pre-Monsoon,Gujarat Coastal,21.64,69.6,8,192,Normal,29.3,35.1,1009.2,1.0,7.9,274.0,73.0,31.6,35.6,1011.8,2.4,16.0,2.3,1.4,2.3,1
2019-04-08,2019,4,8,Pre-Monsoon,Rajasthan (West),26.91,70.9,8,192,Normal,31.6,26.2,1015.9,11.9,16.3,45.0,37.0,31.8,31.2,1013.7,3.0,16.1,0.2,8.9,0.2,0
2019-04-08,2019,4,8,Pre-Monsoon,West Bengal (Gangetic),22.57,88.36,9,216,Normal,34.7,35.1,1009.0,0.0,6.5,311.0,31.0,37.6,39.9,1010.9,0.1,7.6,2.9,0.1,2.9,0
2019-04-08,2019,4,8,Pre-Monsoon,Odisha Coastal,20.27,85.84,10,240,Normal,29.8,49.4,1013.7,2.1,1.0,136.0,74.0,31.8,46.3,1014.6,2.0,5.8,2.0,0.1,2.0,0
2019-04-15,2019,4,15,Pre-Monsoon,Maharashtra (Mumbai/Konkan),18.98,72.83,1,24,Normal,39.6,70.5,1009.3,2.4,9.3,77.0,75.0,39.5,71.2,1010.3,1.8,8.3,0.1,0.6,0.1,0
2019-04-15,2019,4,15,Pre-Monsoon,Gujarat Coastal,21.64,69.6,1,24,Normal,35.7,41.0,1008.3,12.0,10.2,261.0,76.0,35.2,37.4,1009.0,12.7,9.8,0.5,0.7,0.7,0
2019-04-15,2019,4,15,Pre-Monsoon,Himachal Pradesh,31.1,77.17,1,24,Normal,35.7,44.3,1010.2,0.0,7.3,227.0,33.0,36.0,45.7,1010.2,3.2,7.3,0.3,3.2,0.3,0
2019-04-15,2019,4,15,Pre-Monsoon,Himachal Pradesh,31.1,77.17,2,48,Normal,37.9,44.3,1010.7,3.6,5.8,238.0,65.0,36.0,43.1,1010.2,3.2,7.3,1.9,0.4,1.9,0
2019-04-15,2019,4,15,Pre-Monsoon,Kerala Coast,9.93,76.26,3,72,Normal,33.9,55.0,1006.4,3.0,13.2,157.0,93.0,34.0,42.9,1005.8,0.2,12.4,0.1,2.8,0.1,0
2019-04-15,2019,4,15,Pre-Monsoon,Maharashtra (Mumbai/Konkan),18.98,72.83,3,72,Normal,39.8,70.5,1009.3,4.1,10.9,3.0,64.0,39.5,69.3,1010.3,1.8,8.3,0.3,2.3,0.3,0
2019-04-15,2019,4,15,Pre-Monsoon,Assam & Meghalaya,26.14,91.73,3,72,Normal,36.6,49.5,1008.9,2.4,9.4,35.0,43.0,37.6,52.5,1008.8,4.0,9.3,1.0,1.6,1.0,0
2019-04-15,2019,4,15,Pre-Monsoon,Rajasthan (West),26.91,70.9,4,96,Normal,32.1,35.3,1010.0,2.0,11.7,298.0,55.0,30.8,35.6,1009.9,0.4,10.2,1.3,1.6,1.3,0
2019-04-15,2019,4,15,Pre-Monsoon,West Bengal (Gangetic),22.57,88.36,5,120,Normal,36.2,46.4,1010.5,5.2,4.2,134.0,29.0,36.6,43.4,1011.7,2.1,4.3,0.4,3.1,0.4,0
2019-04-15,2019,4,15,Pre-Monsoon,Odisha Coastal,20.27,85.84,7,168,Normal,37.4,70.0,1010.4,0.0,10.5,19.0,83.0,35.7,68.1,1010.1,1.8,8.8,1.7,1.8,1.7,0
2019-04-15,2019,4,15,Pre-Monsoon,Kerala Coast,9.93,76.26,8,192,Normal,33.7,55.0,1005.4,1.8,14.4,142.0,62.0,34.0,50.1,1005.8,0.2,12.4,0.3,1.6,0.3,0
2019-04-15,2019,4,15,Pre-Monsoon,Gujarat Coastal,21.64,69.6,8,192,Normal,33.8,41.0,1008.5,16.5,5.7,139.0,65.0,35.2,44.1,1009.0,12.7,9.8,1.4,3.8,3.8,0
2019-04-15,2019,4,15,Pre-Monsoon,Rajasthan (West),26.91,70.9,8,192,Normal,29.5,35.3,1008.8,8.7,15.3,228.0,33.0,30.8,34.4,1009.9,0.4,10.2,1.3,8.3,1.3,0
2019-04-15,2019,4,15,Pre-Monsoon,Assam & Meghalaya,26.14,91.73,8,192,Normal,36.2,49.5,1011.7,2.0,5.7,125.0,17.0,37.6,45.8,1008.8,4.0,9.3,1.4,2.0,1.4,0
2019-04-15,2019,4,15,Pre-Monsoon,West Bengal (Gangetic),22.57,88.36,9,216,Normal,35.9,46.4,1013.0,14.8,12.8,306.0,55.0,36.6,43.5,1011.7,2.1,4.3,0.7,12.7,0.7,1
2019-04-15,2019,4,15,Pre-Monsoon,Odisha Coastal,20.27,85.84,10,240,Normal,34.3,70.0,1007.9,6.4,19.1,281.0,88.0,35.7,66.5,1010.1,1.8,8.8,1.4,4.6,1.4,1
2019-04-22,2019,4,22,Pre-Monsoon,Maharashtra (Mumbai/Konkan),18.98,72.83,2,48,Normal,39.7,43.2,1008.8,5.3,5.6,354.0,54.0,38.2,41.7,1009.5,1.8,6.8,1.5,3.5,1.5,0
2019-04-22,2019,4,22,Pre-Monsoon,Rajasthan (West),26.91,70.9,2,48,Normal,32.5,53.6,1014.7,0.0,12.6,8.0,80.0,31.8,55.5,1015.6,1.1,9.9,0.7,1.1,0.7,0
2019-04-22,2019,4,22,Pre-Monsoon,Odisha Coastal,20.27,85.84,4,96,Normal,33.7,46.1,1008.9,5.4,11.0,319.0,37.0,35.2,40.0,1009.4,3.3,10.7,1.5,2.1,1.5,0
2019-04-22,2019,4,22,Pre-Monsoon,Maharashtra (Mumbai/Konkan),18.98,72.83,4,96,Normal,37.2,43.2,1009.2,8.0,8.9,242.0,45.0,38.2,48.8,1009.5,1.8,6.8,1.0,6.2,1.0,0
2019-04-22,2019,4,22,Pre-Monsoon,Gujarat Coastal,21.64,69.6,5,120,Normal,37.4,47.8,1009.4,0.0,15.1,215.0,54.0,35.8,48.6,1009.0,2.9,14.6,1.6,2.9,1.6,0
2019-04-22,2019,4,22,Pre-Monsoon,Himachal Pradesh,31.1,77.17,5,120,Normal,34.2,50.3,1010.3,0.0,12.1,76.0,62.0,35.9,50.5,1009.2,1.1,16.6,1.7,1.1,1.7,0
2019-04-22,2019,4,22,Pre-Monsoon,Assam & Meghalaya,26.14,91.73,5,120,Normal,31.6,58.7,1012.9,0.0,10.7,225.0,67.0,29.0,60.0,1012.7,4.4,12.5,2.6,4.4,2.6,0
2019-04-22,2019,4,22,Pre-Monsoon,Himachal Pradesh,31.1,77.17,7,168,Normal,38.6,50.3,1010.7,0.0,14.6,260.0,90.0,35.9,57.0,1009.2,1.1,16.6,2.7,1.1,2.7,0
2019-04-22,2019,4,22,Pre-Monsoon,West Bengal (Gangetic),22.57,88.36,7,168,Normal,35.5,55.7,1008.6,0.0,7.2,161.0,52.0,36.4,62.4,1009.5,1.7,10.0,0.9,1.7,0.9,0
2019-04-22,2019,4,22,Pre-Monsoon,Kerala Coast,9.93,76.26,8,192,Normal,34.4,48.5,1013.3,6.3,7.2,188.0,26.0,35.3,44.3,1011.9,4.0,9.2,0.9,2.3,0.9,0
2019-04-22,2019,4,22,Pre-Monsoon,Gujarat Coastal,21.64,69.6,8,192,Normal,40.3,47.8,1009.1,0.0,16.0,123.0,39.0,35.8,47.9,1009.0,2.9,14.6,4.5,2.9,4.5,1
2019-04-22,2019,4,22,Pre-Monsoon,Rajasthan (West),26.91,70.9,8,192,Normal,28.5,53.6,1017.2,1.6,18.9,30.0,45.0,31.8,60.4,1015.6,1.1,9.9,3.3,0.5,3.3,1
2019-04-22,2019,4,22,Pre-Monsoon,Assam & Meghalaya,26.14,91.73,8,192,Normal,27.9,58.7,1015.5,0.0,12.5,216.0,50.0,29.0,59.8,1012.7,4.4,12.5,1.1,4.4,1.1,0
2019-04-22,2019,4,22,Pre-Monsoon,Odisha Coastal,20.27,85.84,10,240,Normal,42.6,46.1,1007.8,0.0,10.3,208.0,76.0,35.2,39.3,1009.4,3.3,10.7,7.4,3.3,7.4,1
2019-04-22,2019,4,22,Pre-Monsoon,Kerala Coast,9.93,76.26,10,240,Normal,33.3,48.5,1011.7,16.1,3.9,135.0,55.0,35.3,45.1,1011.9,4.0,9.2,2.0,12.1,2.0,0
2019-04-22,2019,4,22,Pre-Monsoon,West Bengal (Gangetic),22.57,88.36,10,240,Normal,33.3,55.7,1006.4,0.0,13.1,272.0,37.0,36.4,52.9,1009.5,1.7,10.0,3.1,1.7,3.1,1
2019-04-29,2019,4,29,Pre-Monsoon,Rajasthan (West),26.91,70.9,1,24,Normal,40.7,50.5,1007.1,1.8,4.8,327.0,51.0,41.1,44.9,1006.9,1.8,4.9,0.4,0.0,0.4,0
2019-04-29,2019,4,29,Pre-Monsoon,Assam & Meghalaya,26.14,91.73,2,48,Normal,30.2,51.2,1012.8,1.5,13.0,119.0,31.0,29.3,46.0,1013.0,0.3,11.6,0.9,1.2,0.9,0
2019-04-29,2019,4,29,Pre-Monsoon,Kerala Coast,9.93,76.26,3,72,Normal,29.7,55.9,1007.7,0.0,16.5,303.0,88.0,29.9,51.2,1006.7,0.0,15.6,0.2,0.0,0.2,0
2019-04-29,2019,4,29,Pre-Monsoon,Maharashtra (Mumbai/Konkan),18.98,72.83,4,96,Normal,35.5,38.0,1012.4,0.0,14.9,160.0,67.0,35.5,34.4,1011.7,0.6,12.4,0.0,0.6,0.0,0
2019-04-29,2019,4,29,Pre-Monsoon,Odisha Coastal,20.27,85.84,5,120,Normal,33.6,55.0,1012.7,2.8,13.4,141.0,56.0,35.0,59.9,1013.7,3.1,9.4,1.4,0.3,1.4,0
2019-04-29,2019,4,29,Pre-Monsoon,Gujarat Coastal,21.64,69.6,5,120,Normal,39.3,38.4,1005.8,9.5,14.3,115.0,21.0,39.0,34.6,1007.2,2.8,12.5,0.3,6.7,0.3,0
2019-04-29,2019,4,29,Pre-Monsoon,Rajasthan (West),26.91,70.9,5,120,Normal,41.5,50.5,1006.1,4.3,8.3,299.0,32.0,41.1,53.2,1006.9,1.8,4.9,0.4,2.5,0.4,0
2019-04-29,2019,4,29,Pre-Monsoon,Himachal Pradesh,31.1,77.17,5,120,Normal,38.5,49.2,1009.2,4.0,9.4,56.0,63.0,38.3,44.1,1010.7,1.9,8.1,0.2,2.1,0.2,0
2019-04-29,2019,4,29,Pre-Monsoon,West Bengal (Gangetic),22.57,88.36,5,120,Normal,34.3,42.6,1014.5,2.8,12.1,7.0,83.0,33.8,40.0,1015.6,0.4,12.3,0.5,2.4,0.5,0
2019-04-29,2019,4,29,Pre-Monsoon,Gujarat Coastal,21.64,69.6,7,168,Normal,43.3,38.4,1008.5,11.3,7.7,66.0,86.0,39.0,36.8,1007.2,2.8,12.5,4.3,8.5,4.3,1
2019-04-29,2019,4,29,Pre-Monsoon,Himachal Pradesh,31.1,77.17,8,192,Normal,40.3,49.2,1013.0,6.2,4.2,268.0,18.0,38.3,54.4,1010.7,1.9,8.1,2.0,4.3,2.0,0
2019-04-29,2019,4,29,Pre-Monsoon,West Bengal (Gangetic),22.57,88.36,8,192,Normal,30.3,42.6,1018.0,0.0,7.5,87.0,64.0,33.8,42.2,1015.6,0.4,12.3,3.5,0.4,3.5,1
2019-04-29,2019,4,29,Pre-Monsoon,Odisha Coastal,20.27,85.84,9,216,Normal,35.9,55.0,1014.7,0.0,9.1,193.0,18.0,35.0,58.4,1013.7,3.1,9.4,0.9,3.1,0.9,0
2019-04-29,2019,4,29,Pre-Monsoon,Maharashtra (Mumbai/Konkan),18.98,72.83,9,216,Normal,35.3,38.0,1009.7,0.0,12.9,154.0,64.0,35.5,43.7,1011.7,0.6,12.4,0.2,0.6,0.2,0
2019-04-29,2019,4,29,Pre-Monsoon,Kerala Coast,9.93,76.26,10,240,Normal,31.1,55.9,1003.7,7.2,7.7,322.0,45.0,29.9,56.7,1006.7,0.0,15.6,1.2,7.2,1.2,1
2019-04-29,2019,4,29,Pre-Monsoon,Assam & Meghalaya,26.14,91.73,10,240,Normal,32.1,51.2,1012.4,0.0,22.3,86.0,44.0,29.3,53.3,1013.0,0.3,11.6,2.8,0.3,2.8,1
2019-05-06,2019,5,6,Pre-Monsoon,Gujarat Coastal,21.64,69.6,1,24,Normal,39.4,30.2,1010.1,0.0,11.3,261.0,92.0,38.5,27.6,1009.0,1.9,9.6,0.9,1.9,0.9,0
2019-05-06,2019,5,6,Pre-Monsoon,Odisha Coastal,20.27,85.84,2,48,Normal,34.3,60.1,1012.5,0.0,9.0,262.0,55.0,35.5,52.4,1012.0,0.6,9.1,1.2,0.6,1.2,0
2019-05-06,2019,5,6,Pre-Monsoon,Assam & Meghalaya,26.14,91.73,2,48,Normal,35.1,35.7,1010.0,0.0,17.0,127.0,29.0,35.3,36.0,1009.0,0.2,14.6,0.2,0.2,0.2,0
2019-05-06,2019,5,6,Pre-Monsoon,Kerala Coast,9.93,76.26,5,120,Normal,30.3,60.1,1009.7,1.6,11.1,248.0,50.0,35.6,58.7,1010.5,0.4,10.7,5.3,1.2,5.3,1
2019-05-06,2019,5,6,Pre-Monsoon,Rajasthan (West),26.91,70.9,5,120,Normal,33.3,45.8,1009.9,1.9,10.6,243.0,18.0,31.4,45.5,1011.2,0.4,8.7,1.9,1.5,1.9,0
2019-05-06,2019,5,6,Pre-Monsoon,Himachal Pradesh,31.1,77.17,5,120,Normal,31.1,57.8,1012.0,0.0,9.3,196.0,61.0,34.4,55.1,1011.9,3.1,10.7,3.3,3.1,3.3,1
2019-05-06,2019,5,6,Pre-Monsoon,West Bengal (Gangetic),22.57,88.36,5,120,Normal,39.6,43.8,1012.8,0.0,12.5,350.0,71.0,39.9,48.6,1013.8,0.1,14.5,0.3,0.1,0.3,0
2019-05-06,2019,5,6,Pre-Monsoon,Assam & Meghalaya,26.14,91.73,5,120,Normal,33.1,35.7,1008.6,0.0,15.7,303.0,93.0,35.3,28.5,1009.0,0.2,14.6,2.2,0.2,2.2,0
2019-05-06,2019,5,6,Pre-Monsoon,Odisha Coastal,20.27,85.84,6,144,Normal,35.8,60.1,1011.8,4.3,8.6,346.0,87.0,35.5,64.4,1012.0,0.6,9.1,0.3,3.7,0.3,0
2019-05-06,2019,5,6,Pre-Monsoon,Maharashtra (Mumbai/Konkan),18.98,72.83,6,144,Normal,34.9,42.2,1012.2,9.4,7.8,69.0,91.0,34.1,37.0,1011.6,0.8,10.2,0.8,8.6,0.8,0
2019-05-06,2019,5,6,Pre-Monsoon,Maharashtra (Mumbai/Konkan),18.98,72.83,7,168,Normal,35.1,42.2,1008.5,0.0,4.7,291.0,19.0,34.1,44.7,1011.6,0.8,10.2,1.0,0.8,1.0,1
2019-05-06,2019,5,6,Pre-Monsoon,Rajasthan (West),26.91,70.9,7,168,Normal,32.5,45.8,1012.4,0.0,3.3,321.0,19.0,31.4,49.6,1011.2,0.4,8.7,1.1,0.4,1.1,0
2019-05-06,2019,5,6,Pre-Monsoon,Gujarat Coastal,21.64,69.6,9,216,Normal,36.1,30.2,1010.3,6.0,1.0,187.0,27.0,38.5,24.9,1009.0,1.9,9.6,2.4,4.1,2.4,1
2019-05-06,2019,5,6,Pre-Monsoon,West Bengal (Gangetic),22.57,88.36,9,216,Normal,40.3,43.8,1015.8,0.0,19.1,158.0,38.0,39.9,44.6,1013.8,0.1,14.5,0.4,0.1,0.4,0
2019-05-06,2019,5,6,Pre-Monsoon,Kerala Coast,9.93,76.26,10,240,Normal,32.2,60.1,1012.2,0.0,14.8,214.0,45.0,35.6,61.5,1010.5,0.4,10.7,3.4,0.4,3.4,1
2019-05-06,2019,5,6,Pre-Monsoon,Himachal Pradesh,31.1,77.17,10,240,Normal,33.8,57.8,1013.5,7.5,10.4,119.0,67.0,34.4,67.3,1011.9,3.1,10.7,0.6,4.4,0.6,0
2019-05-13,2019,5,13,Pre-Monsoon,Rajasthan (West),26.91,70.9,1,24,Normal,36.3,34.1,1011.4,0.3,11.0,3.0,93.0,36.0,31.0,1011.6,1.0,11.8,0.3,0.7,0.3,0
2019-05-13,2019,5,13,Pre-Monsoon,Maharashtra (Mumbai/Konkan),18.98,72.83,2,48,Normal,31.5,52.6,1010.2,9.5,6.0,104.0,40.0,30.5,51.9,1009.2,1.7,10.0,1.0,7.8,1.0,0
2019-05-13,2019,5,13,Pre-Monsoon,Assam & Meghalaya,26.14,91.73,2,48,Normal,34.8,50.2,1012.4,0.0,10.8,258.0,18.0,33.6,46.5,1011.9,2.4,9.7,1.2,2.4,1.2,0
2019-05-13,2019,5,13,Pre-Monsoon,Kerala Coast,9.93,76.26,3,72,Normal,36.5,34.6,1016.9,2.8,9.9,227.0,13.0,35.9,32.9,1015.5,1.1,9.0,0.6,1.7,0.6,0
2019-05-13,2019,5,13,Pre-Monsoon,Gujarat Coastal,21.64,69.6,3,72,Cyclone,36.6,63.9,1010.6,10.4,8.6,102.0,92.0,37.9,68.5,1009.3,0.2,8.5,1.3,10.2,1.3,0
2019-05-13,2019,5,13,Pre-Monsoon,Odisha Coastal,20.27,85.84,4,96,Normal,36.4,47.5,1011.2,0.0,9.8,1.0,71.0,35.6,40.3,1011.7,0.2,10.9,0.8,0.2,0.8,0
2019-05-13,2019,5,13,Pre-Monsoon,Himachal Pradesh,31.1,77.17,4,96,Normal,33.2,64.8,1013.7,0.0,7.4,81.0,62.0,35.6,62.4,1013.7,0.1,8.3,2.4,0.1,2.4,0
2019-05-13,2019,5,13,Pre-Monsoon,Gujarat Coastal,21.64,69.6,5,120,Cyclone,37.9,63.9,1009.4,0.0,11.4,16.0,22.0,37.9,61.0,1009.3,0.2,8.5,0.0,0.2,0.0,0
2019-05-13,2019,5,13,Pre-Monsoon,West Bengal (Gangetic),22.57,88.36,6,144,Normal,34.3,53.2,1005.5,0.0,5.6,214.0,11.0,36.8,59.1,1005.9,0.5,9.8,2.5,0.5,2.5,0
2019-05-13,2019,5,13,Pre-Monsoon,Odisha Coastal,20.27,85.84,8,192,Normal,32.0,47.5,1013.7,0.0,12.8,257.0,66.0,35.6,46.1,1011.7,0.2,10.9,3.6,0.2,3.6,1
2019-05-13,2019,5,13,Pre-Monsoon,Kerala Coast,9.93,76.26,8,192,Normal,35.2,34.6,1014.3,0.0,14.0,53.0,14.0,35.9,29.5,1015.5,1.1,9.0,0.7,1.1,0.7,0
2019-05-13,2019,5,13,Pre-Monsoon,Himachal Pradesh,31.1,77.17,8,192,Normal,34.3,64.8,1013.4,0.0,11.9,15.0,30.0,35.6,60.5,1013.7,0.1,8.3,1.3,0.1,1.3,0
2019-05-13,2019,5,13,Pre-Monsoon,West Bengal (Gangetic),22.57,88.36,9,216,Normal,42.0,53.2,1009.0,0.0,7.1,217.0,56.0,36.8,53.4,1005.9,0.5,9.8,5.2,0.5,5.2,1
2019-05-13,2019,5,13,Pre-Monsoon,Maharashtra (Mumbai/Konkan),18.98,72.83,10,240,Normal,28.4,52.6,1008.9,0.0,14.9,299.0,92.0,30.5,51.9,1009.2,1.7,10.0,2.1,1.7,2.1,0
2019-05-13,2019,5,13,Pre-Monsoon,Rajasthan (West),26.91,70.9,10,240,Normal,35.9,34.1,1007.9,0.0,15.5,261.0,54.0,36.0,30.3,1011.6,1.0,11.8,0.1,1.0,0.1,1
2019-05-13,2019,5,13,Pre-Monsoon,Assam & Meghalaya,26.14,91.73,10,240,Normal,34.8,50.2,1013.3,1.5,10.2,223.0,32.0,33.6,56.9,1011.9,2.4,9.7,1.2,0.9,1.2,0
2019-05-20,2019,5,20,Pre-Monsoon,Maharashtra (Mumbai/Konkan),18.98,72.83,1,24,Normal,40.0,61.0,1008.3,0.5,14.1,186.0,14.0,39.3,62.0,1008.8,0.9,14.5,0.7,0.4,0.7,0
2019-05-20,2019,5,20,Pre-Monsoon,Rajasthan (West),26.91,70.9,2,48,Normal,27.8,56.5,1009.5,3.2,11.0,346.0,52.0,29.1,64.3,1009.5,0.6,10.3,1.3,2.6,1.3,0
2019-05-20,2019,5,20,Pre-Monsoon,West Bengal (Gangetic),22.57,88.36,3,72,Normal,38.9,45.6,1006.0,0.0,7.2,124.0,18.0,39.3,48.3,1006.4,3.2,5.3,0.4,3.2,0.4,0
2019-05-20,2019,5,20,Pre-Monsoon,Gujarat Coastal,21.64,69.6,4,96,Normal,41.7,53.5,1010.7,5.0,10.5,291.0,65.0,39.6,45.1,1012.2,5.8,11.7,2.1,0.8,0.8,0
2019-05-20,2019,5,20,Pre-Monsoon,Himachal Pradesh,31.1,77.17,4,96,Normal,36.2,36.4,1008.5,8.8,8.8,345.0,51.0,33.2,38.3,1009.5,4.5,9.9,3.0,4.3,3.0,0
2019-05-20,2019,5,20,Pre-Monsoon,Odisha Coastal,20.27,85.84,5,120,Cyclone,37.3,54.0,1010.3,0.0,9.7,66.0,91.0,37.7,59.0,1010.6,0.0,9.6,0.4,0.0,0.4,0
2019-05-20,2019,5,20,Pre-Monsoon,Kerala Coast,9.93,76.26,5,120,Normal,41.4,45.0,1009.4,0.0,10.2,337.0,23.0,39.9,42.6,1008.3,0.6,12.6,1.5,0.6,1.5,0
2019-05-20,2019,5,20,Pre-Monsoon,West Bengal (Gangetic),22.57,88.36,5,120,Normal,39.9,45.6,1004.7,2.3,6.2,116.0,12.0,39.3,48.5,1006.4,3.2,5.3,0.6,0.9,0.6,0
2019-05-20,2019,5,20,Pre-Monsoon,Assam & Meghalaya,26.14,91.73,5,120,Normal,33.8,52.2,1014.2,0.0,9.7,340.0,66.0,36.9,57.3,1013.8,0.3,12.5,3.1,0.3,3.1,1
2019-05-20,2019,5,20,Pre-Monsoon,Himachal Pradesh,31.1,77.17,7,168,Normal,34.4,36.4,1010.3,0.0,8.0,86.0,65.0,33.2,35.8,1009.5,4.5,9.9,1.2,4.5,1.2,0
2019-05-20,2019,5,20,Pre-Monsoon,Maharashtra (Mumbai/Konkan),18.98,72.83,8,192,Normal,34.7,61.0,1007.5,2.3,13.4,314.0,47.0,39.3,64.3,1008.8,0.9,14.5,4.6,1.4,4.6,1
2019-05-20,2019,5,20,Pre-Monsoon,Gujarat Coastal,21.64,69.6,8,192,Normal,35.9,53.5,1015.7,20.3,12.3,28.0,39.0,39.6,49.6,1012.2,5.8,11.7,3.7,14.5,14.5,1
2019-05-20,2019,5,20,Pre-Monsoon,Assam & Meghalaya,26.14,91.73,8,192,Normal,37.9,52.2,1012.1,0.0,13.4,37.0,14.0,36.9,50.7,1013.8,0.3,12.5,1.0,0.3,1.0,0
2019-05-20,2019,5,20,Pre-Monsoon,Odisha Coastal,20.27,85.84,9,216,Cyclone,33.8,54.0,1006.7,0.0,14.5,13.0,54.0,37.7,52.0,1010.6,0.0,9.6,3.9,0.0,3.9,1
2019-05-20,2019,5,20,Pre-Monsoon,Kerala Coast,9.93,76.26,10,240,Normal,39.3,45.0,1005.9,2.1,14.7,358.0,17.0,39.9,42.1,1008.3,0.6,12.6,0.6,1.5,0.6,0
2019-05-20,2019,5,20,Pre-Monsoon,Rajasthan (West),26.91,70.9,10,240,Normal,29.0,56.5,1014.5,12.9,6.5,246.0,19.0,29.1,59.2,1009.5,0.6,10.3,0.1,12.3,0.1,1
2019-05-27,2019,5,27,Pre-Monsoon,Odisha Coastal,20.27,85.84,2,48,Cyclone,37.8,52.0,1001.8,0.0,14.1,14.0,26.0,38.8,50.2,1004.9,0.1,9.2,1.0,0.1,1.0,1
2019-05-27,2019,5,27,Pre-Monsoon,Kerala Coast,9.93,76.26,2,48,Normal,40.0,33.5,1013.5,5.1,8.3,102.0,67.0,38.6,36.4,1013.7,1.0,8.0,1.4,4.1,1.4,0
2019-05-27,2019,5,27,Pre-Monsoon,Gujarat Coastal,21.64,69.6,2,48,Normal,40.8,47.2,1010.5,0.6,7.6,109.0,30.0,40.6,52.5,1011.0,0.2,8.5,0.2,0.4,0.2,0
2019-05-27,2019,5,27,Pre-Monsoon,Rajasthan (West),26.91,70.9,2,48,Normal,38.3,52.1,1011.4,17.1,8.3,349.0,39.0,38.2,52.5,1011.5,7.0,6.8,0.1,10.1,10.1,0
2019-05-27,2019,5,27,Pre-Monsoon,West Bengal (Gangetic),22.57,88.36,3,72,Normal,35.5,39.1,1009.4,3.7,13.5,59.0,20.0,35.4,39.4,1009.7,1.5,10.9,0.1,2.2,0.1,0
2019-05-27,2019,5,27,Pre-Monsoon,West Bengal (Gangetic),22.57,88.36,4,96,Normal,37.9,39.1,1006.9,0.0,11.9,99.0,64.0,35.4,38.9,1009.7,1.5,10.9,2.5,1.5,2.5,0
2019-05-27,2019,5,27,Pre-Monsoon,Assam & Meghalaya,26.14,91.73,4,96,Normal,42.2,36.4,1008.7,2.8,5.5,170.0,10.0,39.3,30.0,1008.0,1.8,8.9,2.9,1.0,2.9,0
2019-05-27,2019,5,27,Pre-Monsoon,Odisha Coastal,20.27,85.84,5,120,Cyclone,39.3,52.0,1006.6,0.0,9.2,270.0,66.0,38.8,58.9,1004.9,0.1,9.2,0.5,0.1,0.5,0
2019-05-27,2019,5,27,Pre-Monsoon,Maharashtra (Mumbai/Konkan),18.98,72.83,6,144,Normal,34.6,46.7,1010.5,0.0,12.9,225.0,60.0,36.8,43.3,1010.5,1.5,10.3,2.2,1.5,2.2,0
2019-05-27,2019,5,27,Pre-Monsoon,Himachal Pradesh,31.1,77.17,6,144,Normal,33.3,59.8,1008.0,1.6,10.2,316.0,35.0,34.1,65.8,1008.9,0.9,11.6,0.8,0.7,0.8,0
2019-05-27,2019,5,27,Pre-Monsoon,Himachal Pradesh,31.1,77.17,7,168,Normal,33.5,59.8,1009.3,0.5,12.0,65.0,22.0,34.1,55.8,1008.9,0.9,11.6,0.6,0.4,0.6,0
2019-05-27,2019,5,27,Pre-Monsoon,Assam & Meghalaya,26.14,91.73,8,192,Normal,37.8,36.4,1007.0,12.6,8.9,209.0,31.0,39.3,39.0,1008.0,1.8,8.9,1.5,10.8,1.5,0
2019-05-27,2019,5,27,Pre-Monsoon,Maharashtra (Mumbai/Konkan),18.98,72.83,9,216,Normal,39.4,46.7,1009.3,0.0,11.8,236.0,41.0,36.8,48.2,1010.5,1.5,10.3,2.6,1.5,2.6,0
2019-05-27,2019,5,27,Pre-Monsoon,Gujarat Coastal,21.64,69.6,9,216,Normal,45.4,47.2,1012.6,0.0,12.2,288.0,77.0,40.6,48.1,1011.0,0.2,8.5,4.8,0.2,4.8,1
2019-05-27,2019,5,27,Pre-Monsoon,Kerala Coast,9.93,76.26,10,240,Normal,43.5,33.5,1011.3,7.1,1.5,311.0,34.0,38.6,32.9,1013.7,1.0,8.0,4.9,6.1,4.9,1
2019-05-27,2019,5,27,Pre-Monsoon,Rajasthan (West),26.91,70.9,10,240,Normal,34.5,52.1,1012.2,6.7,3.8,64.0,11.0,38.2,54.3,1011.5,7.0,6.8,3.7,0.3,0.3,1
2019-06-03,2019,6,3,Monsoon,Odisha Coastal,20.27,85.84,1,24,Normal,28.1,87.3,1005.9,6.7,16.1,187.0,69.0,29.1,85.8,1005.9,3.6,17.1,1.0,3.1,1.0,0
2019-06-03,2019,6,3,Monsoon,Kerala Coast,9.93,76.26,1,24,Normal,25.9,74.3,1003.4,22.0,12.4,186.0,21.0,26.7,76.3,1003.8,15.7,11.8,0.8,6.3,6.3,0
2019-06-03,2019,6,3,Monsoon,Gujarat Coastal,21.64,69.6,1,24,Normal,31.7,83.2,1005.9,3.0,14.4,336.0,39.0,32.2,81.2,1005.1,1.4,15.5,0.5,1.6,0.5,0
2019-06-03,2019,6,3,Monsoon,Odisha Coastal,20.27,85.84,2,48,Normal,30.2,87.3,1005.3,2.5,18.3,322.0,60.0,29.1,89.4,1005.9,3.6,17.1,1.1,1.1,1.1,0
2019-06-03,2019,6,3,Monsoon,Himachal Pradesh,31.1,77.17,3,72,Normal,27.7,79.2,1004.1,11.6,19.7,271.0,44.0,26.2,85.1,1004.9,16.0,16.1,1.5,4.4,4.4,0
2019-06-03,2019,6,3,Monsoon,Rajasthan (West),26.91,70.9,4,96,Normal,27.5,89.2,1005.3,7.2,14.8,45.0,52.0,26.3,85.0,1004.3,3.0,14.8,1.2,4.2,1.2,0
2019-06-03,2019,6,3,Monsoon,Himachal Pradesh,31.1,77.17,4,96,Normal,26.9,79.2,1003.9,15.2,18.6,336.0,62.0,26.2,78.4,1004.9,16.0,16.1,0.7,0.8,0.8,0
2019-06-03,2019,6,3,Monsoon,Kerala Coast,9.93,76.26,5,120,Normal,24.7,74.3,1004.0,27.4,13.8,107.0,60.0,26.7,74.2,1003.8,15.7,11.8,2.0,11.7,11.7,0
2019-06-03,2019,6,3,Monsoon,Maharashtra (Mumbai/Konkan),18.98,72.83,5,120,Normal,27.9,86.4,998.6,60.9,24.0,226.0,48.0,28.2,81.8,998.8,36.8,18.0,0.3,24.1,24.1,1
2019-06-03,2019,6,3,Monsoon,Assam & Meghalaya,26.14,91.73,5,120,Normal,28.1,87.2,1004.1,2.8,15.8,91.0,31.0,28.5,83.3,1003.5,7.9,13.1,0.4,5.1,5.1,0
2019-06-03,2019,6,3,Monsoon,Maharashtra (Mumbai/Konkan),18.98,72.83,6,144,Normal,30.4,86.4,996.9,19.1,13.0,166.0,53.0,28.2,90.7,998.8,36.8,18.0,2.2,17.7,17.7,0
2019-06-03,2019,6,3,Monsoon,Gujarat Coastal,21.64,69.6,6,144,Normal,29.6,83.2,1006.8,10.0,16.7,341.0,48.0,32.2,80.1,1005.1,1.4,15.5,2.6,8.6,2.6,0
2019-06-03,2019,6,3,Monsoon,Rajasthan (West),26.91,70.9,6,144,Normal,22.4,89.2,1002.3,10.9,18.7,149.0,86.0,26.3,89.7,1004.3,3.0,14.8,3.9,7.9,3.9,1
2019-06-03,2019,6,3,Monsoon,West Bengal (Gangetic),22.57,88.36,6,144,Normal,30.1,79.1,1009.6,14.3,19.0,354.0,79.0,30.0,71.9,1008.2,15.4,14.3,0.1,1.1,1.1,0
2019-06-03,2019,6,3,Monsoon,West Bengal (Gangetic),22.57,88.36,8,192,Normal,27.2,79.1,1011.3,4.9,16.6,179.0,34.0,30.0,84.1,1008.2,15.4,14.3,2.8,10.5,10.5,1
2019-06-03,2019,6,3,Monsoon,Assam & Meghalaya,26.14,91.73,9,216,Normal,35.6,87.2,1003.4,6.2,12.7,53.0,74.0,28.5,89.5,1003.5,7.9,13.1,7.1,1.7,1.7,1
2019-06-10,2019,6,10,Monsoon,Assam & Meghalaya,26.14,91.73,2,48,Normal,27.2,80.7,1003.9,41.8,15.2,358.0,26.0,26.5,85.6,1004.2,23.2,15.6,0.7,18.6,18.6,0
2019-06-10,2019,6,10,Monsoon,Gujarat Coastal,21.64,69.6,3,72,Normal,27.2,86.1,1005.5,7.5,13.8,46.0,84.0,27.0,83.7,1004.6,2.4,13.7,0.2,5.1,0.2,0
2019-06-10,2019,6,10,Monsoon,West Bengal (Gangetic),22.57,88.36,3,72,Normal,32.4,80.6,1006.4,19.3,13.3,131.0,50.0,29.7,81.6,1006.3,10.6,14.1,2.7,8.7,8.7,0
2019-06-10,2019,6,10,Monsoon,Rajasthan (West),26.91,70.9,4,96,Normal,27.3,90.2,1001.3,0.1,13.2,283.0,43.0,29.1,89.4,1001.9,2.7,12.6,1.8,2.6,1.8,0
2019-06-10,2019,6,10,Monsoon,Himachal Pradesh,31.1,77.17,4,96,Normal,27.5,81.4,1006.7,0.0,11.5,74.0,74.0,26.7,85.1,1005.3,1.8,11.3,0.8,1.8,0.8,0
2019-06-10,2019,6,10,Monsoon,Assam & Meghalaya,26.14,91.73,4,96,Normal,25.7,80.7,1002.1,35.1,14.4,63.0,39.0,26.5,72.9,1004.2,23.2,15.6,0.8,11.9,11.9,0
2019-06-10,2019,6,10,Monsoon,Odisha Coastal,20.27,85.84,5,120,Normal,21.0,76.3,1003.9,1.6,16.4,150.0,24.0,22.0,80.4,1002.9,4.7,15.8,1.0,3.1,1.0,0
2019-06-10,2019,6,10,Monsoon,Odisha Coastal,20.27,85.84,6,144,Normal,21.7,76.3,1002.9,0.9,17.6,306.0,65.0,22.0,78.3,1002.9,4.7,15.8,0.3,3.8,0.3,0
2019-06-10,2019,6,10,Monsoon,Kerala Coast,9.93,76.26,9,216,Normal,28.3,85.9,1006.7,4.3,14.2,191.0,90.0,25.3,86.1,1008.2,6.6,9.4,3.0,2.3,2.3,0
2019-06-10,2019,6,10,Monsoon,Maharashtra (Mumbai/Konkan),18.98,72.83,9,216,Normal,29.2,76.4,1001.7,29.3,9.3,354.0,82.0,29.0,68.2,1002.0,7.7,9.6,0.2,21.6,21.6,1
2019-06-10,2019,6,10,Monsoon,Rajasthan (West),26.91,70.9,9,216,Normal,27.5,90.2,1004.1,0.0,15.2,116.0,59.0,29.1,94.4,1001.9,2.7,12.6,1.6,2.7,1.6,0
2019-06-10,2019,6,10,Monsoon,Kerala Coast,9.93,76.26,10,240,Normal,22.6,85.9,1007.0,21.3,11.6,7.0,31.0,25.3,84.3,1008.2,6.6,9.4,2.7,14.7,14.7,0
2019-06-10,2019,6,10,Monsoon,Maharashtra (Mumbai/Konkan),18.98,72.83,10,240,Normal,28.6,76.4,1000.4,11.4,5.3,74.0,31.0,29.0,71.4,1002.0,7.7,9.6,0.4,3.7,3.7,0
2019-06-10,2019,6,10,Monsoon,Gujarat Coastal,21.64,69.6,10,240,Normal,31.0,86.1,1005.4,11.1,13.7,268.0,51.0,27.0,89.5,1004.6,2.4,13.7,4.0,8.7,4.0,1
2019-06-10,2019,6,10,Monsoon,Himachal Pradesh,31.1,77.17,10,240,Normal,28.1,81.4,1006.6,6.5,10.9,135.0,79.0,26.7,86.0,1005.3,1.8,11.3,1.4,4.7,1.4,0
2019-06-10,2019,6,10,Monsoon,West Bengal (Gangetic),22.57,88.36,10,240,Normal,27.7,80.6,1006.3,0.0,12.3,51.0,24.0,29.7,80.9,1006.3,10.6,14.1,2.0,10.6,10.6,0
2019-06-17,2019,6,17,Monsoon,Odisha Coastal,20.27,85.84,1,24,Normal,25.4,88.8,1005.7,2.9,17.8,190.0,21.0,26.3,84.7,1005.5,4.2,15.9,0.9,1.3,0.9,0
2019-06-17,2019,6,17,Monsoon,Gujarat Coastal,21.64,69.6,1,24,Normal,27.8,89.0,1004.4,19.0,14.0,235.0,69.0,27.2,82.7,1005.3,11.0,14.3,0.6,8.0,8.0,0
2019-06-17,2019,6,17,Monsoon,Rajasthan (West),26.91,70.9,1,24,Normal,29.1,80.9,1009.7,0.0,14.6,97.0,54.0,28.3,77.0,1009.0,1.4,15.9,0.8,1.4,0.8,0
2019-06-17,2019,6,17,Monsoon,Kerala Coast,9.93,76.26,3,72,Normal,28.6,84.7,1005.1,21.4,16.5,74.0,91.0,28.3,85.8,1005.1,11.7,17.6,0.3,9.7,9.7,0
2019-06-17,2019,6,17,Monsoon,Rajasthan (West),26.91,70.9,4,96,Normal,28.2,80.9,1008.0,0.0,16.1,155.0,53.0,28.3,82.4,1009.0,1.4,15.9,0.1,1.4,0.1,0
2019-06-17,2019,6,17,Monsoon,Odisha Coastal,20.27,85.84,5,120,Normal,28.9,88.8,1004.3,7.0,13.4,86.0,35.0,26.3,88.6,1005.5,4.2,15.9,2.6,2.8,2.6,0
2019-06-17,2019,6,17,Monsoon,Himachal Pradesh,31.1,77.17,5,120,Normal,29.9,75.3,1003.2,0.0,20.3,160.0,16.0,28.2,80.4,1002.1,3.3,21.1,1.7,3.3,1.7,0
2019-06-17,2019,6,17,Monsoon,West Bengal (Gangetic),22.57,88.36,5,120,Normal,26.1,84.1,1006.3,16.5,11.6,245.0,77.0,29.6,82.3,1005.2,13.0,14.6,3.5,3.5,3.5,1
2019-06-17,2019,6,17,Monsoon,Assam & Meghalaya,26.14,91.73,5,120,Normal,32.8,93.1,998.7,2.5,12.1,236.0,43.0,32.4,89.8,998.6,0.3,14.1,0.4,2.2,0.4,0
2019-06-17,2019,6,17,Monsoon,Maharashtra (Mumbai/Konkan),18.98,72.83,6,144,Normal,26.7,84.9,1000.3,24.5,15.1,278.0,53.0,28.6,86.4,1000.4,19.0,13.8,1.9,5.5,5.5,0
2019-06-17,2019,6,17,Monsoon,Gujarat Coastal,21.64,69.6,6,144,Normal,27.9,89.0,1007.0,10.3,12.3,132.0,39.0,27.2,89.8,1005.3,11.0,14.3,0.7,0.7,0.7,0
2019-06-17,2019,6,17,Monsoon,Kerala Coast,9.93,76.26,9,216,Normal,24.3,84.7,1001.6,30.3,16.7,226.0,30.0,28.3,77.8,1005.1,11.7,17.6,4.0,18.6,18.6,1
2019-06-17,2019,6,17,Monsoon,Maharashtra (Mumbai/Konkan),18.98,72.83,10,240,Normal,31.4,84.9,1002.5,0.0,13.1,129.0,94.0,28.6,79.9,1000.4,19.0,13.8,2.8,19.0,19.0,0
2019-06-17,2019,6,17,Monsoon,Himachal Pradesh,31.1,77.17,10,240,Normal,27.2,75.3,1002.7,0.0,18.8,272.0,79.0,28.2,72.7,1002.1,3.3,21.1,1.0,3.3,1.0,0
2019-06-17,2019,6,17,Monsoon,West Bengal (Gangetic),22.57,88.36,10,240,Normal,27.0,84.1,1004.7,23.4,13.1,247.0,50.0,29.6,82.1,1005.2,13.0,14.6,2.6,10.4,10.4,0
2019-06-17,2019,6,17,Monsoon,Assam & Meghalaya,26.14,91.73,10,240,Normal,33.5,93.1,996.8,3.0,19.7,331.0,44.0,32.4,94.5,998.6,0.3,14.1,1.1,2.7,1.1,0
2019-06-24,2019,6,24,Monsoon,Kerala Coast,9.93,76.26,1,24,Normal,26.0,76.9,1011.0,0.0,8.0,343.0,39.0,26.7,71.4,1010.6,0.5,7.2,0.7,0.5,0.7,0
2019-06-24,2019,6,24,Monsoon,Maharashtra (Mumbai/Konkan),18.98,72.83,1,24,Normal,28.6,92.7,1005.2,17.9,17.6,16.0,93.0,28.9,88.6,1005.7,19.4,16.9,0.3,1.5,1.5,0
2019-06-24,2019,6,24,Monsoon,Himachal Pradesh,31.1,77.17,1,24,Normal,29.3,77.2,1000.9,1.5,17.1,14.0,42.0,29.6,80.1,1001.4,1.1,15.3,0.3,0.4,0.3,0
2019-06-24,2019,6,24,Monsoon,Odisha Coastal,20.27,85.84,2,48,Normal,29.2,94.7,1002.5,1.0,14.8,86.0,49.0,28.3,87.3,1002.1,1.3,14.4,0.9,0.3,0.9,0
2019-06-24,2019,6,24,Monsoon,Maharashtra (Mumbai/Konkan),18.98,72.83,2,48,Normal,30.0,92.7,1006.2,3.9,19.1,90.0,81.0,28.9,89.4,1005.7,19.4,16.9,1.1,15.5,15.5,0
2019-06-24,2019,6,24,Monsoon,Gujarat Coastal,21.64,69.6,2,48,Normal,28.0,83.6,999.5,14.4,13.7,162.0,84.0,28.6,86.0,1000.3,5.3,14.8,0.6,9.1,9.1,0
2019-06-24,2019,6,24,Monsoon,Odisha Coastal,20.27,85.84,3,72,Normal,27.3,94.7,1001.9,4.1,14.3,144.0,40.0,28.3,90.7,1002.1,1.3,14.4,1.0,2.8,1.0,0
2019-06-24,2019,6,24,Monsoon,Rajasthan (West),26.91,70.9,3,72,Normal,26.4,78.4,998.4,7.7,11.2,164.0,30.0,26.7,80.2,997.7,0.6,11.4,0.3,7.1,0.3,0
2019-06-24,2019,6,24,Monsoon,Assam & Meghalaya,26.14,91.73,3,72,Normal,24.8,68.6,1003.5,3.0,10.9,262.0,49.0,28.0,63.1,1005.1,3.4,15.3,3.2,0.4,3.2,1
2019-06-24,2019,6,24,Monsoon,West Bengal (Gangetic),22.57,88.36,4,96,Normal,26.7,82.2,996.8,8.0,15.1,265.0,84.0,28.5,87.2,999.4,11.2,15.1,1.8,3.2,3.2,0
2019-06-24,2019,6,24,Monsoon,Assam & Meghalaya,26.14,91.73,5,120,Normal,25.7,68.6,1003.3,7.1,14.9,158.0,93.0,28.0,67.3,1005.1,3.4,15.3,2.3,3.7,2.3,0
2019-06-24,2019,6,24,Monsoon,Kerala Coast,9.93,76.26,7,168,Normal,26.5,76.9,1009.8,2.4,8.7,251.0,16.0,26.7,74.8,1010.6,0.5,7.2,0.2,1.9,0.2,0
2019-06-24,2019,6,24,Monsoon,Himachal Pradesh,31.1,77.17,7,168,Normal,31.1,77.2,1000.7,8.2,10.9,42.0,59.0,29.6,69.5,1001.4,1.1,15.3,1.5,7.1,1.5,0
2019-06-24,2019,6,24,Monsoon,Gujarat Coastal,21.64,69.6,8,192,Normal,32.2,83.6,999.1,0.0,17.1,257.0,60.0,28.6,85.6,1000.3,5.3,14.8,3.6,5.3,5.3,1
2019-06-24,2019,6,24,Monsoon,Rajasthan (West),26.91,70.9,9,216,Normal,26.3,78.4,997.1,7.8,7.8,208.0,85.0,26.7,77.7,997.7,0.6,11.4,0.4,7.2,0.4,0
2019-06-24,2019,6,24,Monsoon,West Bengal (Gangetic),22.57,88.36,9,216,Normal,31.3,82.2,998.3,20.0,15.8,21.0,25.0,28.5,86.8,999.4,11.2,15.1,2.8,8.8,8.8,0
2019-07-01,2019,7,1,Monsoon,Kerala Coast,9.93,76.26,1,24,Active Monsoon,27.5,90.5,1004.4,6.5,17.5,165.0,78.0,28.1,96.3,1004.1,9.6,16.6,0.6,3.1,3.1,0
2019-07-01,2019,7,1,Monsoon,Assam & Meghalaya,26.14,91.73,1,24,Active Monsoon,30.4,79.1,1011.3,23.7,10.0,243.0,39.0,31.1,82.1,1011.3,32.7,11.6,0.7,9.0,9.0,0
2019-07-01,2019,7,1,Monsoon,Rajasthan (West),26.91,70.9,2,48,Active Monsoon,33.3,80.7,1007.2,0.3,5.7,37.0,87.0,32.8,85.2,1006.9,3.8,7.1,0.5,3.5,0.5,0
2019-07-01,2019,7,1,Monsoon,Odisha Coastal,20.27,85.84,4,96,Active Monsoon,27.7,66.1,1001.9,17.4,12.5,342.0,27.0,26.6,58.4,1001.3,15.5,9.2,1.1,1.9,1.9,0
2019-07-01,2019,7,1,Monsoon,Gujarat Coastal,21.64,69.6,5,120,Active Monsoon,28.2,82.7,1001.5,1.9,11.6,176.0,11.0,27.0,78.0,1002.2,1.9,11.7,1.2,0.0,1.2,0
2019-07-01,2019,7,1,Monsoon,Rajasthan (West),26.91,70.9,5,120,Active Monsoon,33.5,80.7,1004.7,0.0,8.0,89.0,55.0,32.8,83.1,1006.9,3.8,7.1,0.7,3.8,0.7,0
2019-07-01,2019,7,1,Monsoon,Assam & Meghalaya,26.14,91.73,5,120,Active Monsoon,28.7,79.1,1010.4,69.4,11.4,344.0,59.0,31.1,85.4,1011.3,32.7,11.6,2.4,36.7,36.7,1
2019-07-01,2019,7,1,Monsoon,West Bengal (Gangetic),22.57,88.36,6,144,Active Monsoon,25.1,74.0,1008.5,0.0,11.3,135.0,69.0,26.9,62.9,1009.6,0.2,11.9,1.8,0.2,1.8,0
2019-07-01,2019,7,1,Monsoon,Maharashtra (Mumbai/Konkan),18.98,72.83,7,168,Active Monsoon,27.3,75.4,1005.3,0.0,6.5,102.0,23.0,32.2,70.1,1005.5,9.3,8.7,4.9,9.3,9.3,1
2019-07-01,2019,7,1,Monsoon,West Bengal (Gangetic),22.57,88.36,7,168,Active Monsoon,29.3,74.0,1008.3,6.7,14.9,213.0,43.0,26.9,75.2,1009.6,0.2,11.9,2.4,6.5,2.4,0
2019-07-01,2019,7,1,Monsoon,Odisha Coastal,20.27,85.84,9,216,Active Monsoon,28.8,66.1,998.1,19.9,3.7,58.0,68.0,26.6,64.7,1001.3,15.5,9.2,2.2,4.4,4.4,1
2019-07-01,2019,7,1,Monsoon,Kerala Coast,9.93,76.26,9,216,Active Monsoon,29.9,90.5,1000.8,0.0,21.4,51.0,18.0,28.1,89.3,1004.1,9.6,16.6,1.8,9.6,9.6,1
2019-07-01,2019,7,1,Monsoon,Himachal Pradesh,31.1,77.17,9,216,Active Monsoon,22.6,94.3,1003.7,0.0,8.3,340.0,34.0,29.1,86.4,1003.5,6.9,7.1,6.5,6.9,6.9,1
2019-07-01,2019,7,1,Monsoon,Maharashtra (Mumbai/Konkan),18.98,72.83,10,240,Active Monsoon,34.5,75.4,1004.8,0.4,1.0,177.0,25.0,32.2,73.7,1005.5,9.3,8.7,2.3,8.9,8.9,1
2019-07-01,2019,7,1,Monsoon,Gujarat Coastal,21.64,69.6,10,240,Active Monsoon,24.3,82.7,1003.2,0.5,5.9,125.0,41.0,27.0,82.2,1002.2,1.9,11.7,2.7,1.4,2.7,0
2019-07-01,2019,7,1,Monsoon,Himachal Pradesh,31.1,77.17,10,240,Active Monsoon,27.3,94.3,1001.3,4.8,5.7,252.0,82.0,29.1,94.0,1003.5,6.9,7.1,1.8,2.1,2.1,0
2019-07-08,2019,7,8,Monsoon,Rajasthan (West),26.91,70.9,1,24,Active Monsoon,30.2,81.9,1008.2,3.4,11.5,161.0,11.0,28.5,79.2,1009.0,2.5,12.0,1.7,0.9,1.7,0
2019-07-08,2019,7,8,Monsoon,West Bengal (Gangetic),22.57,88.36,2,48,Active Monsoon,28.6,73.9,1003.1,0.0,15.2,206.0,16.0,28.3,76.5,1004.1,1.6,14.6,0.3,1.6,0.3,0
2019-07-08,2019,7,8,Monsoon,Maharashtra (Mumbai/Konkan),18.98,72.83,3,72,Active Monsoon,26.7,83.7,1002.9,36.4,10.4,185.0,64.0,26.8,85.8,1002.5,41.7,9.5,0.1,5.3,5.3,0
2019-07-08,2019,7,8,Monsoon,Maharashtra (Mumbai/Konkan),18.98,72.83,4,96,Active Monsoon,27.4,83.7,1002.0,55.5,15.2,32.0,13.0,26.8,83.4,1002.5,41.7,9.5,0.6,13.8,13.8,0
2019-07-08,2019,7,8,Monsoon,Gujarat Coastal,21.64,69.6,4,96,Active Monsoon,25.9,84.3,1001.9,7.2,11.2,107.0,64.0,26.7,87.9,1002.6,3.4,13.0,0.8,3.8,0.8,0
2019-07-08,2019,7,8,Monsoon,Himachal Pradesh,31.1,77.17,6,144,Active Monsoon,24.6,64.3,1001.0,16.9,19.3,325.0,52.0,26.7,67.0,1002.4,14.5,14.1,2.1,2.4,2.4,0
2019-07-08,2019,7,8,Monsoon,Assam & Meghalaya,26.14,91.73,6,144,Active Monsoon,26.4,71.1,1005.1,6.7,9.5,74.0,54.0,28.6,70.3,1004.9,5.2,10.1,2.2,1.5,1.5,0
2019-07-08,2019,7,8,Monsoon,Kerala Coast,9.93,76.26,7,168,Active Monsoon,25.7,84.0,1010.2,0.0,15.3,174.0,69.0,25.8,90.0,1010.0,5.8,13.1,0.1,5.8,5.8,0
2019-07-08,2019,7,8,Monsoon,Gujarat Coastal,21.64,69.6,7,168,Active Monsoon,30.3,84.3,1003.2,12.1,10.6,275.0,57.0,26.7,81.5,1002.6,3.4,13.0,3.6,8.7,3.6,1
2019-07-08,2019,7,8,Monsoon,Assam & Meghalaya,26.14,91.73,7,168,Active Monsoon,28.0,71.1,1005.1,0.0,9.6,269.0,32.0,28.6,78.6,1004.9,5.2,10.1,0.6,5.2,5.2,0
2019-07-08,2019,7,8,Monsoon,Odisha Coastal,20.27,85.84,8,192,Active Monsoon,27.5,81.2,1002.9,38.4,12.9,281.0,90.0,26.7,76.6,1002.9,14.3,12.2,0.8,24.1,24.1,1
2019-07-08,2019,7,8,Monsoon,Kerala Coast,9.93,76.26,8,192,Active Monsoon,26.2,84.0,1010.0,8.2,13.7,115.0,44.0,25.8,83.6,1010.0,5.8,13.1,0.4,2.4,2.4,0
2019-07-08,2019,7,8,Monsoon,Himachal Pradesh,31.1,77.17,8,192,Active Monsoon,26.8,64.3,1003.7,0.0,17.6,209.0,93.0,26.7,64.7,1002.4,14.5,14.1,0.1,14.5,14.5,0
2019-07-08,2019,7,8,Monsoon,West Bengal (Gangetic),22.57,88.36,8,192,Active Monsoon,28.9,73.9,1004.5,0.0,19.3,30.0,81.0,28.3,71.6,1004.1,1.6,14.6,0.6,1.6,0.6,0
2019-07-08,2019,7,8,Monsoon,Odisha Coastal,20.27,85.84,9,216,Active Monsoon,28.1,81.2,1002.8,30.6,11.6,207.0,69.0,26.7,83.1,1002.9,14.3,12.2,1.4,16.3,16.3,0
2019-07-08,2019,7,8,Monsoon,Rajasthan (West),26.91,70.9,9,216,Active Monsoon,26.2,81.9,1009.8,13.6,6.1,17.0,42.0,28.5,84.3,1009.0,2.5,12.0,2.3,11.1,2.3,0
2019-07-15,2019,7,15,Monsoon,Maharashtra (Mumbai/Konkan),18.98,72.83,1,24,Active Monsoon,29.3,91.0,1003.0,32.2,13.1,248.0,50.0,29.4,88.8,1001.8,28.8,13.9,0.1,3.4,3.4,0
2019-07-15,2019,7,15,Monsoon,Odisha Coastal,20.27,85.84,2,48,Active Monsoon,29.1,90.1,1004.1,5.0,12.1,222.0,31.0,28.1,88.3,1004.9,11.9,16.0,1.0,6.9,6.9,0
2019-07-15,2019,7,15,Monsoon,Himachal Pradesh,31.1,77.17,2,48,Active Monsoon,28.2,87.4,1002.7,3.0,10.5,41.0,61.0,27.6,90.3,1002.2,2.6,10.8,0.6,0.4,0.6,0
2019-07-15,2019,7,15,Monsoon,West Bengal (Gangetic),22.57,88.36,2,48,Active Monsoon,25.8,86.8,1003.0,21.4,13.8,0.0,67.0,27.0,87.2,1003.4,37.5,13.5,1.2,16.1,16.1,0
2019-07-15,2019,7,15,Monsoon,Odisha Coastal,20.27,85.84,3,72,Active Monsoon,29.1,90.1,1005.2,18.6,16.6,15.0,28.0,28.1,92.6,1004.9,11.9,16.0,1.0,6.7,6.7,0
2019-07-15,2019,7,15,Monsoon,West Bengal (Gangetic),22.57,88.36,3,72,Active Monsoon,27.5,86.8,1004.2,26.7,13.7,354.0,28.0,27.0,89.5,1003.4,37.5,13.5,0.5,10.8,10.8,0
2019-07-15,2019,7,15,Monsoon,Kerala Coast,9.93,76.26,4,96,Active Monsoon,28.8,79.2,1003.4,5.0,5.9,82.0,62.0,28.0,86.3,1003.2,6.9,10.0,0.8,1.9,1.9,0
2019-07-15,2019,7,15,Monsoon,Kerala Coast,9.93,76.26,5,120,Active Monsoon,28.9,79.2,1002.9,13.2,10.7,92.0,25.0,28.0,78.9,1003.2,6.9,10.0,0.9,6.3,6.3,0
2019-07-15,2019,7,15,Monsoon,Maharashtra (Mumbai/Konkan),18.98,72.83,6,144,Active Monsoon,28.6,91.0,1001.5,0.0,10.9,61.0,21.0,29.4,95.0,1001.8,28.8,13.9,0.8,28.8,28.8,1
2019-07-15,2019,7,15,Monsoon,Gujarat Coastal,21.64,69.6,6,144,Active Monsoon,30.4,77.7,1010.6,0.8,12.0,204.0,85.0,29.0,72.1,1009.5,1.5,11.2,1.4,0.7,1.4,0
2019-07-15,2019,7,15,Monsoon,Gujarat Coastal,21.64,69.6,8,192,Active Monsoon,28.8,77.7,1005.7,3.1,9.7,87.0,65.0,29.0,72.5,1009.5,1.5,11.2,0.2,1.6,0.2,1
2019-07-15,2019,7,15,Monsoon,Rajasthan (West),26.91,70.9,8,192,Active Monsoon,25.2,90.2,1002.7,7.0,5.6,252.0,16.0,28.9,91.8,1003.6,10.2,14.7,3.7,3.2,3.2,1
2019-07-15,2019,7,15,Monsoon,Himachal Pradesh,31.1,77.17,9,216,Active Monsoon,28.1,87.4,1005.1,10.4,13.9,119.0,84.0,27.6,86.4,1002.2,2.6,10.8,0.5,7.8,0.5,0
2019-07-15,2019,7,15,Monsoon,Assam & Meghalaya,26.14,91.73,9,216,Active Monsoon,33.5,75.7,1003.9,27.7,17.2,12.0,10.0,30.5,78.1,1004.6,22.0,15.9,3.0,5.7,5.7,0
2019-07-15,2019,7,15,Monsoon,Rajasthan (West),26.91,70.9,10,240,Active Monsoon,31.6,90.2,1000.5,0.0,16.6,200.0,29.0,28.9,79.5,1003.6,10.2,14.7,2.7,10.2,10.2,1
2019-07-15,2019,7,15,Monsoon,Assam & Meghalaya,26.14,91.73,10,240,Active Monsoon,33.0,75.7,1003.0,1.0,16.1,259.0,66.0,30.5,71.6,1004.6,22.0,15.9,2.5,21.0,21.0,1
2019-07-22,2019,7,22,Monsoon,Gujarat Coastal,21.64,69.6,1,24,Active Monsoon,29.6,88.3,1005.6,14.7,15.2,330.0,77.0,29.0,85.3,1006.7,13.0,17.1,0.6,1.7,1.7,0
2019-07-22,2019,7,22,Monsoon,West Bengal (Gangetic),22.57,88.36,1,24,Active Monsoon,29.7,86.1,1006.6,10.0,12.8,139.0,75.0,29.9,87.5,1006.6,3.3,10.6,0.2,6.7,0.2,0
2019-07-22,2019,7,22,Monsoon,Assam & Meghalaya,26.14,91.73,2,48,Active Monsoon,28.5,89.2,1007.2,9.6,15.5,309.0,56.0,27.0,86.5,1006.6,20.0,16.0,1.5,10.4,10.4,0
2019-07-22,2019,7,22,Monsoon,Odisha Coastal,20.27,85.84,3,72,Active Monsoon,28.8,76.7,1003.2,0.0,2.2,264.0,42.0,29.8,76.1,1001.9,0.6,4.4,1.0,0.6,1.0,0
2019-07-22,2019,7,22,Monsoon,Kerala Coast,9.93,76.26,3,72,Active Monsoon,28.0,86.3,1003.3,2.5,17.3,173.0,76.0,27.8,84.6,1002.8,0.2,19.2,0.2,2.3,0.2,0
2019-07-22,2019,7,22,Monsoon,Odisha Coastal,20.27,85.84,5,120,Active Monsoon,28.6,76.7,1000.8,3.2,5.4,243.0,34.0,29.8,81.4,1001.9,0.6,4.4,1.2,2.6,1.2,0
2019-07-22,2019,7,22,Monsoon,Maharashtra (Mumbai/Konkan),18.98,72.83,5,120,Active Monsoon,27.5,77.0,1001.0,68.0,16.5,266.0,23.0,28.0,81.7,1000.7,52.2,15.8,0.5,15.8,15.8,0
2019-07-22,2019,7,22,Monsoon,West Bengal (Gangetic),22.57,88.36,5,120,Active Monsoon,31.4,86.1,1005.4,2.6,9.0,308.0,26.0,29.9,90.4,1006.6,3.3,10.6,1.5,0.7,1.5,0
2019-07-22,2019,7,22,Monsoon,Kerala Coast,9.93,76.26,6,144,Active Monsoon,28.5,86.3,1002.5,9.1,18.1,76.0,78.0,27.8,88.7,1002.8,0.2,19.2,0.7,8.9,0.7,0
2019-07-22,2019,7,22,Monsoon,Maharashtra (Mumbai/Konkan),18.98,72.83,6,144,Active Monsoon,32.5,77.0,999.2,57.4,18.2,59.0,29.0,28.0,76.8,1000.7,52.2,15.8,4.5,5.2,5.2,1
2019-07-22,2019,7,22,Monsoon,Rajasthan (West),26.91,70.9,6,144,Active Monsoon,31.7,89.2,1009.0,6.7,7.6,164.0,89.0,29.0,94.6,1008.0,9.3,9.2,2.7,2.6,2.6,0
2019-07-22,2019,7,22,Monsoon,Rajasthan (West),26.91,70.9,7,168,Active Monsoon,28.9,89.2,1007.9,11.8,10.2,308.0,33.0,29.0,89.7,1008.0,9.3,9.2,0.1,2.5,2.5,0
2019-07-22,2019,7,22,Monsoon,Himachal Pradesh,31.1,77.17,8,192,Active Monsoon,23.1,90.9,1000.7,8.6,8.3,209.0,29.0,26.9,92.3,999.7,0.5,11.7,3.8,8.1,3.8,1
2019-07-22,2019,7,22,Monsoon,Gujarat Coastal,21.64,69.6,9,216,Active Monsoon,29.3,88.3,1006.0,18.7,19.3,126.0,61.0,29.0,91.7,1006.7,13.0,17.1,0.3,5.7,5.7,0
2019-07-22,2019,7,22,Monsoon,Himachal Pradesh,31.1,77.17,9,216,Active Monsoon,22.4,90.9,999.4,10.0,15.4,30.0,65.0,26.9,89.4,999.7,0.5,11.7,4.5,9.5,4.5,1
2019-07-22,2019,7,22,Monsoon,Assam & Meghalaya,26.14,91.73,10,240,Active Monsoon,30.0,89.2,1005.3,64.3,8.2,233.0,82.0,27.0,96.3,1006.6,20.0,16.0,3.0,44.3,44.3,1
2019-07-29,2019,7,29,Monsoon,Maharashtra (Mumbai/Konkan),18.98,72.83,1,24,Active Monsoon,26.8,71.5,1006.7,0.3,12.8,68.0,47.0,26.7,73.0,1007.4,0.3,13.1,0.1,0.0,0.1,0
2019-07-29,2019,7,29,Monsoon,Rajasthan (West),26.91,70.9,1,24,Active Monsoon,27.8,75.2,1005.3,2.8,11.5,123.0,71.0,27.0,74.5,1005.5,0.7,13.3,0.8,2.1,0.8,0
2019-07-29,2019,7,29,Monsoon,Odisha Coastal,20.27,85.84,2,48,Active Monsoon,25.5,78.1,1005.1,53.9,16.7,348.0,85.0,26.6,75.9,1005.5,29.4,18.4,1.1,24.5,24.5,1
2019-07-29,2019,7,29,Monsoon,Himachal Pradesh,31.1,77.17,2,48,Active Monsoon,26.4,80.5,1002.2,3.4,17.7,335.0,40.0,28.6,84.6,1002.3,4.3,16.4,2.2,0.9,2.2,0
2019-07-29,2019,7,29,Monsoon,West Bengal (Gangetic),22.57,88.36,2,48,Active Monsoon,27.8,83.0,1003.1,5.7,12.4,11.0,47.0,27.5,83.2,1002.2,1.9,10.3,0.3,3.8,0.3,0
2019-07-29,2019,7,29,Monsoon,Assam & Meghalaya,26.14,91.73,2,48,Active Monsoon,29.3,90.1,1001.7,14.6,12.2,43.0,36.0,28.8,90.2,1002.1,8.9,11.8,0.5,5.7,5.7,0
2019-07-29,2019,7,29,Monsoon,West Bengal (Gangetic),22.57,88.36,3,72,Active Monsoon,27.5,83.0,1003.1,5.1,13.8,302.0,53.0,27.5,87.4,1002.2,1.9,10.3,0.0,3.2,0.0,0
2019-07-29,2019,7,29,Monsoon,Odisha Coastal,20.27,85.84,4,96,Active Monsoon,25.8,78.1,1005.6,9.4,15.1,355.0,83.0,26.6,75.6,1005.5,29.4,18.4,0.8,20.0,20.0,0
2019-07-29,2019,7,29,Monsoon,Kerala Coast,9.93,76.26,4,96,Active Monsoon,28.0,76.4,1001.7,7.8,14.0,320.0,21.0,29.0,74.6,1002.8,10.4,11.6,1.0,2.6,2.6,0
2019-07-29,2019,7,29,Monsoon,Rajasthan (West),26.91,70.9,4,96,Active Monsoon,26.3,75.2,1006.6,0.0,14.9,284.0,68.0,27.0,74.1,1005.5,0.7,13.3,0.7,0.7,0.7,0
2019-07-29,2019,7,29,Monsoon,Gujarat Coastal,21.64,69.6,5,120,Active Monsoon,25.8,81.5,1004.3,0.0,21.8,44.0,31.0,25.7,80.0,1004.3,2.3,18.7,0.1,2.3,0.1,0
2019-07-29,2019,7,29,Monsoon,Kerala Coast,9.93,76.26,6,144,Active Monsoon,28.6,76.4,1003.8,2.9,12.7,157.0,37.0,29.0,71.3,1002.8,10.4,11.6,0.4,7.5,7.5,0
2019-07-29,2019,7,29,Monsoon,Maharashtra (Mumbai/Konkan),18.98,72.83,6,144,Active Monsoon,25.6,71.5,1010.3,0.0,11.8,264.0,78.0,26.7,68.3,1007.4,0.3,13.1,1.1,0.3,1.1,0
2019-07-29,2019,7,29,Monsoon,Gujarat Coastal,21.64,69.6,8,192,Active Monsoon,23.1,81.5,1004.5,3.5,11.1,285.0,51.0,25.7,83.3,1004.3,2.3,18.7,2.6,1.2,2.6,1
2019-07-29,2019,7,29,Monsoon,Assam & Meghalaya,26.14,91.73,9,216,Active Monsoon,31.9,90.1,1003.1,0.0,11.8,315.0,13.0,28.8,96.2,1002.1,8.9,11.8,3.1,8.9,8.9,1
2019-07-29,2019,7,29,Monsoon,Himachal Pradesh,31.1,77.17,10,240,Active Monsoon,30.2,80.5,1004.3,2.1,13.7,354.0,42.0,28.6,82.6,1002.3,4.3,16.4,1.6,2.2,1.6,0
2019-08-05,2019,8,5,Monsoon,Kerala Coast,9.93,76.26,1,24,Active Monsoon,25.9,79.5,1001.0,2.8,12.8,136.0,91.0,26.6,80.1,1001.4,7.0,13.3,0.7,4.2,4.2,0
2019-08-05,2019,8,5,Monsoon,Kerala Coast,9.93,76.26,2,48,Active Monsoon,25.2,79.5,1001.5,8.0,15.2,19.0,81.0,26.6,75.2,1001.4,7.0,13.3,1.4,1.0,1.0,0
2019-08-05,2019,8,5,Monsoon,Gujarat Coastal,21.64,69.6,2,48,Active Monsoon,28.6,85.4,1006.6,26.7,14.2,105.0,42.0,27.5,93.6,1006.2,23.6,12.6,1.1,3.1,3.1,0
2019-08-05,2019,8,5,Monsoon,Himachal Pradesh,31.1,77.17,2,48,Active Monsoon,27.1,84.7,1004.3,2.3,14.4,94.0,22.0,26.6,80.2,1004.6,6.1,11.5,0.5,3.8,3.8,0
2019-08-05,2019,8,5,Monsoon,West Bengal (Gangetic),22.57,88.36,2,48,Active Monsoon,25.6,78.0,1004.7,29.7,10.5,193.0,23.0,26.3,74.6,1005.0,21.2,11.9,0.7,8.5,8.5,0
2019-08-05,2019,8,5,Monsoon,Rajasthan (West),26.91,70.9,3,72,Active Monsoon,28.4,70.1,1002.3,6.0,9.6,38.0,12.0,28.3,70.6,1002.4,5.0,10.3,0.1,1.0,0.1,0
2019-08-05,2019,8,5,Monsoon,Rajasthan (West),26.91,70.9,4,96,Active Monsoon,28.3,70.1,999.9,12.1,9.9,96.0,28.0,28.3,71.0,1002.4,5.0,10.3,0.0,7.1,0.0,0
2019-08-05,2019,8,5,Monsoon,Assam & Meghalaya,26.14,91.73,4,96,Active Monsoon,29.4,63.4,1003.4,0.0,17.8,285.0,24.0,30.3,60.8,1003.6,0.1,18.4,0.9,0.1,0.9,0
2019-08-05,2019,8,5,Monsoon,West Bengal (Gangetic),22.57,88.36,5,120,Active Monsoon,27.3,78.0,1007.1,26.4,10.3,188.0,53.0,26.3,77.0,1005.0,21.2,11.9,1.0,5.2,5.2,0
2019-08-05,2019,8,5,Monsoon,Odisha Coastal,20.27,85.84,6,144,Active Monsoon,30.4,79.1,1001.5,34.0,16.9,180.0,89.0,27.5,74.2,1002.4,17.3,16.5,2.9,16.7,16.7,0
2019-08-05,2019,8,5,Monsoon,Gujarat Coastal,21.64,69.6,7,168,Active Monsoon,24.6,85.4,1006.1,53.3,8.9,93.0,45.0,27.5,84.6,1006.2,23.6,12.6,2.9,29.7,29.7,1
2019-08-05,2019,8,5,Monsoon,Himachal Pradesh,31.1,77.17,7,168,Active Monsoon,27.3,84.7,1006.2,6.7,12.6,125.0,56.0,26.6,88.5,1004.6,6.1,11.5,0.7,0.6,0.6,0
2019-08-05,2019,8,5,Monsoon,Maharashtra (Mumbai/Konkan),18.98,72.83,8,192,Active Monsoon,29.6,89.8,1007.6,0.0,9.5,61.0,63.0,29.0,93.1,1006.0,2.0,13.8,0.6,2.0,0.6,0
2019-08-05,2019,8,5,Monsoon,Odisha Coastal,20.27,85.84,9,216,Active Monsoon,30.9,79.1,1005.3,0.0,15.5,85.0,81.0,27.5,82.4,1002.4,17.3,16.5,3.4,17.3,17.3,1
2019-08-05,2019,8,5,Monsoon,Maharashtra (Mumbai/Konkan),18.98,72.83,9,216,Active Monsoon,27.1,89.8,1009.2,2.4,9.9,283.0,81.0,29.0,84.4,1006.0,2.0,13.8,1.9,0.4,1.9,1
2019-08-05,2019,8,5,Monsoon,Assam & Meghalaya,26.14,91.73,10,240,Active Monsoon,25.4,63.4,1004.1,0.0,18.7,238.0,57.0,30.3,66.0,1003.6,0.1,18.4,4.9,0.1,4.9,1
2019-08-12,2019,8,12,Monsoon,Kerala Coast,9.93,76.26,2,48,Active Monsoon,28.7,75.7,1005.3,5.3,17.1,301.0,38.0,28.9,77.8,1004.2,9.3,17.5,0.2,4.0,4.0,0
2019-08-12,2019,8,12,Monsoon,Rajasthan (West),26.91,70.9,2,48,Active Monsoon,27.3,91.2,1006.6,0.9,11.7,67.0,87.0,28.2,94.4,1005.7,0.1,10.6,0.9,0.8,0.9,0
2019-08-12,2019,8,12,Monsoon,Assam & Meghalaya,26.14,91.73,2,48,Active Monsoon,27.4,84.1,1008.2,20.3,15.7,87.0,52.0,26.9,83.6,1008.6,27.7,16.7,0.5,7.4,7.4,0
2019-08-12,2019,8,12,Monsoon,Gujarat Coastal,21.64,69.6,3,72,Active Monsoon,27.8,89.2,1003.3,16.0,15.2,206.0,47.0,27.7,95.4,1004.0,23.8,16.0,0.1,7.8,7.8,0
2019-08-12,2019,8,12,Monsoon,Himachal Pradesh,31.1,77.17,3,72,Active Monsoon,27.4,77.6,1005.4,0.0,15.8,281.0,56.0,27.7,78.3,1006.3,0.7,16.7,0.3,0.7,0.3,0
2019-08-12,2019,8,12,Monsoon,Rajasthan (West),26.91,70.9,4,96,Active Monsoon,29.8,91.2,1005.2,0.0,8.5,94.0,51.0,28.2,96.4,1005.7,0.1,10.6,1.6,0.1,1.6,0
2019-08-12,2019,8,12,Monsoon,Odisha Coastal,20.27,85.84,5,120,Active Monsoon,26.1,74.9,1001.3,32.8,16.0,166.0,76.0,25.2,74.3,1000.7,16.5,14.4,0.9,16.3,16.3,0
2019-08-12,2019,8,12,Monsoon,West Bengal (Gangetic),22.57,88.36,5,120,Active Monsoon,27.2,76.8,1005.1,12.8,15.1,130.0,34.0,27.9,78.0,1004.0,3.6,13.0,0.7,9.2,0.7,0
2019-08-12,2019,8,12,Monsoon,Maharashtra (Mumbai/Konkan),18.98,72.83,6,144,Active Monsoon,25.9,79.9,1008.4,0.0,18.9,327.0,86.0,28.5,79.4,1008.9,13.6,14.4,2.6,13.6,13.6,0
2019-08-12,2019,8,12,Monsoon,Odisha Coastal,20.27,85.84,7,168,Active Monsoon,28.8,74.9,999.7,0.0,15.6,63.0,86.0,25.2,76.2,1000.7,16.5,14.4,3.6,16.5,16.5,1
2019-08-12,2019,8,12,Monsoon,Gujarat Coastal,21.64,69.6,7,168,Active Monsoon,28.1,89.2,1002.0,49.2,12.6,176.0,51.0,27.7,87.5,1004.0,23.8,16.0,0.4,25.4,25.4,1
2019-08-12,2019,8,12,Monsoon,West Bengal (Gangetic),22.57,88.36,7,168,Active Monsoon,30.5,76.8,1005.4,0.0,10.0,265.0,24.0,27.9,80.0,1004.0,3.6,13.0,2.6,3.6,2.6,0
2019-08-12,2019,8,12,Monsoon,Maharashtra (Mumbai/Konkan),18.98,72.83,8,192,Active Monsoon,31.3,79.9,1010.5,22.3,15.1,100.0,94.0,28.5,78.2,1008.9,13.6,14.4,2.8,8.7,8.7,0
2019-08-12,2019,8,12,Monsoon,Assam & Meghalaya,26.14,91.73,8,192,Active Monsoon,29.7,84.1,1005.4,9.5,18.7,95.0,75.0,26.9,77.6,1008.6,27.7,16.7,2.8,18.2,18.2,1
2019-08-12,2019,8,12,Monsoon,Himachal Pradesh,31.1,77.17,9,216,Active Monsoon,28.4,77.6,1009.0,0.0,19.7,20.0,78.0,27.7,77.0,1006.3,0.7,16.7,0.7,0.7,0.7,0
2019-08-12,2019,8,12,Monsoon,Kerala Coast,9.93,76.26,10,240,Active Monsoon,29.7,75.7,1005.6,11.8,15.6,326.0,42.0,28.9,69.5,1004.2,9.3,17.5,0.8,2.5,2.5,0
2019-08-19,2019,8,19,Monsoon,Odisha Coastal,20.27,85.84,1,24,Active Monsoon,26.1,78.7,1005.2,42.3,20.0,124.0,91.0,26.7,78.6,1004.8,26.3,19.3,0.6,16.0,16.0,0
2019-08-19,2019,8,19,Monsoon,Maharashtra (Mumbai/Konkan),18.98,72.83,1,24,Active Monsoon,28.0,93.2,1004.3,4.8,16.1,89.0,59.0,27.8,91.9,1004.0,3.0,16.4,0.2,1.8,0.2,0
2019-08-19,2019,8,19,Monsoon,West Bengal (Gangetic),22.57,88.36,1,24,Active Monsoon,28.2,76.0,1002.7,15.4,9.6,270.0,62.0,28.2,73.0,1002.4,8.6,10.6,0.0,6.8,6.8,0
2019-08-19,2019,8,19,Monsoon,Gujarat Coastal,21.64,69.6,2,48,Active Monsoon,28.0,84.6,1004.6,25.0,11.3,257.0,68.0,29.2,82.5,1006.3,17.4,10.8,1.2,7.6,7.6,0
2019-08-19,2019,8,19,Monsoon,Odisha Coastal,20.27,85.84,3,72,Active Monsoon,25.2,78.7,1003.3,18.2,24.2,333.0,45.0,26.7,80.3,1004.8,26.3,19.3,1.5,8.1,8.1,0
2019-08-19,2019,8,19,Monsoon,Rajasthan (West),26.91,70.9,3,72,Active Monsoon,25.4,75.1,1006.9,26.5,15.9,326.0,48.0,25.8,76.7,1006.0,13.5,13.8,0.4,13.0,13.0,0
2019-08-19,2019,8,19,Monsoon,Kerala Coast,9.93,76.26,4,96,Active Monsoon,31.4,81.8,1002.5,35.1,14.7,150.0,18.0,29.2,81.8,1003.1,20.6,14.2,2.2,14.5,14.5,0
2019-08-19,2019,8,19,Monsoon,West Bengal (Gangetic),22.57,88.36,4,96,Active Monsoon,27.3,76.0,1002.0,8.1,7.8,354.0,48.0,28.2,80.1,1002.4,8.6,10.6,0.9,0.5,0.5,0
2019-08-19,2019,8,19,Monsoon,Maharashtra (Mumbai/Konkan),18.98,72.83,5,120,Active Monsoon,29.4,93.2,1004.0,7.7,17.8,106.0,75.0,27.8,88.6,1004.0,3.0,16.4,1.6,4.7,1.6,0
2019-08-19,2019,8,19,Monsoon,Assam & Meghalaya,26.14,91.73,5,120,Active Monsoon,31.5,67.2,1002.9,7.7,19.9,75.0,29.0,29.7,65.8,1003.1,37.3,19.1,1.8,29.6,29.6,1
2019-08-19,2019,8,19,Monsoon,Rajasthan (West),26.91,70.9,6,144,Active Monsoon,23.8,75.1,1003.9,4.8,12.5,105.0,11.0,25.8,80.0,1006.0,13.5,13.8,2.0,8.7,8.7,0
2019-08-19,2019,8,19,Monsoon,Kerala Coast,9.93,76.26,8,192,Active Monsoon,32.3,81.8,1002.2,3.8,14.2,296.0,38.0,29.2,84.8,1003.1,20.6,14.2,3.1,16.8,16.8,1
2019-08-19,2019,8,19,Monsoon,Gujarat Coastal,21.64,69.6,8,192,Active Monsoon,27.5,84.6,1008.1,38.9,13.8,135.0,71.0,29.2,83.4,1006.3,17.4,10.8,1.7,21.5,21.5,1
2019-08-19,2019,8,19,Monsoon,Himachal Pradesh,31.1,77.17,8,192,Active Monsoon,26.6,77.2,1006.6,3.7,5.1,3.0,46.0,27.1,80.3,1008.3,0.3,11.0,0.5,3.4,0.5,0
2019-08-19,2019,8,19,Monsoon,Assam & Meghalaya,26.14,91.73,9,216,Active Monsoon,28.5,67.2,1004.6,61.7,17.7,140.0,61.0,29.7,65.3,1003.1,37.3,19.1,1.2,24.4,24.4,1
2019-08-19,2019,8,19,Monsoon,Himachal Pradesh,31.1,77.17,10,240,Active Monsoon,26.5,77.2,1011.8,24.0,14.6,202.0,89.0,27.1,72.3,1008.3,0.3,11.0,0.6,23.7,0.6,1
2019-08-26,2019,8,26,Monsoon,Odisha Coastal,20.27,85.84,1,24,Active Monsoon,30.0,82.0,1006.8,5.8,14.0,326.0,20.0,30.2,74.6,1006.4,5.1,13.8,0.2,0.7,0.7,0
2019-08-26,2019,8,26,Monsoon,Gujarat Coastal,21.64,69.6,1,24,Active Monsoon,28.8,85.8,1006.1,8.3,15.6,284.0,72.0,27.6,86.0,1005.7,10.2,15.7,1.2,1.9,1.9,0
2019-08-26,2019,8,26,Monsoon,Odisha Coastal,20.27,85.84,2,48,Active Monsoon,30.6,82.0,1006.8,0.0,15.1,316.0,65.0,30.2,85.5,1006.4,5.1,13.8,0.4,5.1,5.1,0
2019-08-26,2019,8,26,Monsoon,Maharashtra (Mumbai/Konkan),18.98,72.83,2,48,Active Monsoon,30.6,78.7,1002.9,0.1,11.5,106.0,52.0,28.6,80.7,1004.4,1.3,12.5,2.0,1.2,2.0,0
2019-08-26,2019,8,26,Monsoon,West Bengal (Gangetic),22.57,88.36,2,48,Active Monsoon,28.1,75.6,998.0,14.6,12.9,348.0,57.0,28.0,78.1,997.5,30.5,12.3,0.1,15.9,15.9,0
2019-08-26,2019,8,26,Monsoon,Gujarat Coastal,21.64,69.6,4,96,Active Monsoon,26.1,85.8,1003.5,14.2,17.6,174.0,15.0,27.6,84.3,1005.7,10.2,15.7,1.5,4.0,4.0,0
2019-08-26,2019,8,26,Monsoon,Himachal Pradesh,31.1,77.17,4,96,Active Monsoon,28.4,92.7,1004.1,0.0,18.0,164.0,12.0,28.6,93.7,1004.3,1.6,18.3,0.2,1.6,0.2,0
2019-08-26,2019,8,26,Monsoon,Maharashtra (Mumbai/Konkan),18.98,72.83,5,120,Active Monsoon,29.0,78.7,1004.7,3.5,11.8,252.0,57.0,28.6,72.5,1004.4,1.3,12.5,0.4,2.2,0.4,0
2019-08-26,2019,8,26,Monsoon,Rajasthan (West),26.91,70.9,5,120,Active Monsoon,24.6,89.8,998.3,0.0,15.8,358.0,56.0,25.5,91.7,999.6,0.7,11.5,0.9,0.7,0.9,0
2019-08-26,2019,8,26,Monsoon,Assam & Meghalaya,26.14,91.73,5,120,Active Monsoon,26.6,77.0,1009.3,15.5,12.7,346.0,55.0,29.0,77.9,1008.9,6.4,16.5,2.4,9.1,9.1,0
2019-08-26,2019,8,26,Monsoon,Kerala Coast,9.93,76.26,7,168,Active Monsoon,29.0,84.6,1005.3,6.3,14.4,163.0,24.0,27.5,87.4,1004.7,6.4,14.1,1.5,0.1,0.1,0
2019-08-26,2019,8,26,Monsoon,Kerala Coast,9.93,76.26,8,192,Active Monsoon,25.2,84.6,1005.2,18.9,20.8,342.0,52.0,27.5,83.1,1004.7,6.4,14.1,2.3,12.5,12.5,0
2019-08-26,2019,8,26,Monsoon,Himachal Pradesh,31.1,77.17,8,192,Active Monsoon,30.6,92.7,1006.2,11.1,25.0,70.0,45.0,28.6,94.9,1004.3,1.6,18.3,2.0,9.5,2.0,0
2019-08-26,2019,8,26,Monsoon,West Bengal (Gangetic),22.57,88.36,8,192,Active Monsoon,25.5,75.6,1000.7,17.9,12.3,144.0,84.0,28.0,73.9,997.5,30.5,12.3,2.5,12.6,12.6,1
2019-08-26,2019,8,26,Monsoon,Rajasthan (West),26.91,70.9,9,216,Active Monsoon,28.3,89.8,1001.2,0.0,14.1,304.0,67.0,25.5,90.4,999.6,0.7,11.5,2.8,0.7,2.8,0
2019-08-26,2019,8,26,Monsoon,Assam & Meghalaya,26.14,91.73,10,240,Active Monsoon,29.9,77.0,1010.0,5.4,16.4,243.0,76.0,29.0,73.8,1008.9,6.4,16.5,0.9,1.0,1.0,0
2019-09-02,2019,9,2,Monsoon,Rajasthan (West),26.91,70.9,1,24,Normal,28.3,77.5,1000.4,6.8,14.7,136.0,62.0,28.4,73.9,1000.0,8.3,12.5,0.1,1.5,1.5,0
2019-09-02,2019,9,2,Monsoon,Assam & Meghalaya,26.14,91.73,2,48,Normal,25.5,83.9,1006.2,4.0,16.5,71.0,71.0,26.3,83.2,1006.0,6.4,18.0,0.8,2.4,2.4,0
2019-09-02,2019,9,2,Monsoon,Odisha Coastal,20.27,85.84,3,72,Normal,28.3,79.1,1002.0,47.9,17.6,84.0,24.0,28.1,79.6,1003.2,23.6,16.6,0.2,24.3,24.3,1
2019-09-02,2019,9,2,Monsoon,Himachal Pradesh,31.1,77.17,4,96,Normal,31.0,87.9,1008.5,1.1,19.3,216.0,17.0,29.9,79.2,1008.6,2.8,15.4,1.1,1.7,1.1,0
2019-09-02,2019,9,2,Monsoon,Assam & Meghalaya,26.14,91.73,4,96,Normal,24.3,83.9,1006.3,18.6,19.0,137.0,12.0,26.3,86.8,1006.0,6.4,18.0,2.0,12.2,12.2,0
2019-09-02,2019,9,2,Monsoon,Kerala Coast,9.93,76.26,5,120,Normal,25.8,77.5,1007.5,0.0,19.1,106.0,17.0,28.6,73.8,1006.2,4.1,16.0,2.8,4.1,2.8,0
2019-09-02,2019,9,2,Monsoon,Rajasthan (West),26.91,70.9,5,120,Normal,27.4,77.5,1000.1,9.5,6.8,133.0,74.0,28.4,77.0,1000.0,8.3,12.5,1.0,1.2,1.2,0
2019-09-02,2019,9,2,Monsoon,Kerala Coast,9.93,76.26,7,168,Normal,31.8,77.5,1003.5,5.6,18.0,255.0,47.0,28.6,76.7,1006.2,4.1,16.0,3.2,1.5,3.2,1
2019-09-02,2019,9,2,Monsoon,Maharashtra (Mumbai/Konkan),18.98,72.83,7,168,Normal,28.1,82.6,1009.4,63.3,15.4,48.0,44.0,28.1,79.8,1006.7,24.4,13.6,0.0,38.9,38.9,1
2019-09-02,2019,9,2,Monsoon,Gujarat Coastal,21.64,69.6,7,168,Normal,22.9,82.4,999.1,0.0,12.7,160.0,24.0,27.3,78.3,998.4,5.0,12.1,4.4,5.0,4.4,1
2019-09-02,2019,9,2,Monsoon,Odisha Coastal,20.27,85.84,8,192,Normal,28.4,79.1,1001.5,0.0,14.1,260.0,77.0,28.1,77.5,1003.2,23.6,16.6,0.3,23.6,23.6,1
2019-09-02,2019,9,2,Monsoon,Gujarat Coastal,21.64,69.6,8,192,Normal,27.5,82.4,996.8,35.9,14.0,232.0,26.0,27.3,84.0,998.4,5.0,12.1,0.2,30.9,0.2,1
2019-09-02,2019,9,2,Monsoon,Himachal Pradesh,31.1,77.17,8,192,Normal,28.2,87.9,1011.1,10.7,19.5,223.0,43.0,29.9,89.1,1008.6,2.8,15.4,1.7,7.9,1.7,0
2019-09-02,2019,9,2,Monsoon,Maharashtra (Mumbai/Konkan),18.98,72.83,9,216,Normal,30.7,82.6,1007.6,59.8,11.0,26.0,55.0,28.1,87.5,1006.7,24.4,13.6,2.6,35.4,35.4,1
2019-09-02,2019,9,2,Monsoon,West Bengal (Gangetic),22.57,88.36,9,216,Normal,27.3,84.3,1004.6,58.4,22.6,180.0,26.0,26.3,86.9,1001.3,19.5,19.3,1.0,38.9,38.9,1
2019-09-02,2019,9,2,Monsoon,West Bengal (Gangetic),22.57,88.36,10,240,Normal,20.8,84.3,999.0,28.0,13.1,37.0,33.0,26.3,79.8,1001.3,19.5,19.3,5.5,8.5,8.5,1
2019-09-09,2019,9,9,Monsoon,Kerala Coast,9.93,76.26,1,24,Normal,27.0,81.5,1010.0,17.6,9.4,31.0,46.0,27.0,82.6,1009.4,16.7,11.4,0.0,0.9,0.9,0
2019-09-09,2019,9,9,Monsoon,West Bengal (Gangetic),22.57,88.36,2,48,Normal,28.5,77.7,1005.4,6.1,14.8,188.0,22.0,27.3,83.6,1005.2,0.7,16.1,1.2,5.4,1.2,0
2019-09-09,2019,9,9,Monsoon,Kerala Coast,9.93,76.26,3,72,Normal,28.2,81.5,1011.1,27.2,12.2,148.0,40.0,27.0,76.5,1009.4,16.7,11.4,1.2,10.5,10.5,0
2019-09-09,2019,9,9,Monsoon,Maharashtra (Mumbai/Konkan),18.98,72.83,3,72,Normal,26.8,80.2,1003.6,6.0,15.7,286.0,37.0,27.9,76.7,1002.5,10.1,13.6,1.1,4.1,4.1,0
2019-09-09,2019,9,9,Monsoon,Odisha Coastal,20.27,85.84,4,96,Normal,29.7,93.7,1003.0,6.6,12.0,324.0,27.0,27.9,90.6,1003.9,0.9,11.6,1.8,5.7,1.8,0
2019-09-09,2019,9,9,Monsoon,Rajasthan (West),26.91,70.9,5,120,Normal,25.5,81.7,1009.9,26.1,8.3,39.0,36.0,25.8,81.1,1008.6,8.6,9.6,0.3,17.5,17.5,0
2019-09-09,2019,9,9,Monsoon,Odisha Coastal,20.27,85.84,6,144,Normal,30.8,93.7,1004.3,0.0,7.7,9.0,91.0,27.9,88.9,1003.9,0.9,11.6,2.9,0.9,2.9,0
2019-09-09,2019,9,9,Monsoon,Assam & Meghalaya,26.14,91.73,6,144,Normal,25.4,83.7,1002.4,0.0,10.5,25.0,62.0,28.2,77.2,1004.1,6.5,14.3,2.8,6.5,6.5,0
2019-09-09,2019,9,9,Monsoon,Gujarat Coastal,21.64,69.6,7,168,Normal,24.3,82.1,1005.3,19.0,14.7,111.0,85.0,27.7,76.7,1006.7,6.3,10.1,3.4,12.7,12.7,1
2019-09-09,2019,9,9,Monsoon,West Bengal (Gangetic),22.57,88.36,7,168,Normal,28.7,77.7,1006.8,0.0,15.7,97.0,83.0,27.3,79.1,1005.2,0.7,16.1,1.4,0.7,1.4,0
2019-09-09,2019,9,9,Monsoon,Gujarat Coastal,21.64,69.6,8,192,Normal,28.6,82.1,1006.4,27.0,11.2,77.0,56.0,27.7,86.8,1006.7,6.3,10.1,0.9,20.7,20.7,1
2019-09-09,2019,9,9,Monsoon,Rajasthan (West),26.91,70.9,8,192,Normal,27.0,81.7,1006.4,0.0,5.9,0.0,48.0,25.8,78.8,1008.6,8.6,9.6,1.2,8.6,8.6,0
2019-09-09,2019,9,9,Monsoon,Himachal Pradesh,31.1,77.17,8,192,Normal,26.7,74.6,1003.5,0.0,9.9,325.0,89.0,28.8,67.9,1006.6,0.6,8.8,2.1,0.6,2.1,1
2019-09-09,2019,9,9,Monsoon,Maharashtra (Mumbai/Konkan),18.98,72.83,10,240,Normal,28.6,80.2,1003.9,20.0,5.9,258.0,37.0,27.9,81.1,1002.5,10.1,13.6,0.7,9.9,9.9,1
2019-09-09,2019,9,9,Monsoon,Himachal Pradesh,31.1,77.17,10,240,Normal,30.8,74.6,1004.9,1.3,5.5,17.0,86.0,28.8,73.1,1006.6,0.6,8.8,2.0,0.7,2.0,0
2019-09-09,2019,9,9,Monsoon,Assam & Meghalaya,26.14,91.73,10,240,Normal,26.1,83.7,1003.3,0.0,15.8,158.0,75.0,28.2,85.7,1004.1,6.5,14.3,2.1,6.5,6.5,0
2019-09-16,2019,9,16,Monsoon,Maharashtra (Mumbai/Konkan),18.98,72.83,1,24,Normal,28.9,82.8,1000.6,1.6,17.1,163.0,25.0,28.3,82.3,999.9,3.2,15.3,0.6,1.6,0.6,0
2019-09-16,2019,9,16,Monsoon,West Bengal (Gangetic),22.57,88.36,1,24,Normal,29.7,86.9,1006.2,0.0,16.5,65.0,25.0,29.2,81.9,1006.0,3.4,16.6,0.5,3.4,0.5,0
2019-09-16,2019,9,16,Monsoon,Assam & Meghalaya,26.14,91.73,1,24,Normal,28.0,78.9,1004.8,0.0,7.6,25.0,88.0,28.1,74.2,1004.7,0.5,9.0,0.1,0.5,0.1,0
2019-09-16,2019,9,16,Monsoon,Odisha Coastal,20.27,85.84,2,48,Normal,24.3,85.7,1005.2,7.6,20.8,82.0,64.0,25.8,80.8,1004.8,11.2,20.7,1.5,3.6,3.6,0
2019-09-16,2019,9,16,Monsoon,Maharashtra (Mumbai/Konkan),18.98,72.83,2,48,Normal,28.7,82.8,1000.4,0.0,15.2,156.0,79.0,28.3,84.7,999.9,3.2,15.3,0.4,3.2,0.4,0
2019-09-16,2019,9,16,Monsoon,Rajasthan (West),26.91,70.9,4,96,Normal,28.5,81.3,997.2,0.0,12.8,43.0,48.0,27.7,83.1,997.1,0.3,11.7,0.8,0.3,0.8,0
2019-09-16,2019,9,16,Monsoon,Himachal Pradesh,31.1,77.17,4,96,Normal,28.4,86.3,1006.5,7.5,10.4,218.0,14.0,27.0,83.0,1005.2,6.1,11.2,1.4,1.4,1.4,0
2019-09-16,2019,9,16,Monsoon,Odisha Coastal,20.27,85.84,5,120,Normal,26.8,85.7,1005.3,18.8,19.9,280.0,42.0,25.8,95.8,1004.8,11.2,20.7,1.0,7.6,7.6,0
2019-09-16,2019,9,16,Monsoon,Kerala Coast,9.93,76.26,6,144,Normal,27.5,86.8,1002.3,11.2,16.1,37.0,61.0,27.5,88.8,1001.8,11.8,14.1,0.0,0.6,0.6,0
2019-09-16,2019,9,16,Monsoon,Gujarat Coastal,21.64,69.6,7,168,Normal,33.2,79.5,1005.2,0.0,26.1,47.0,19.0,30.2,81.9,1003.0,4.8,19.5,3.0,4.8,3.0,1
2019-09-16,2019,9,16,Monsoon,Himachal Pradesh,31.1,77.17,7,168,Normal,27.2,86.3,1003.0,0.0,16.3,348.0,49.0,27.0,88.4,1005.2,6.1,11.2,0.2,6.1,6.1,0
2019-09-16,2019,9,16,Monsoon,Gujarat Coastal,21.64,69.6,8,192,Normal,29.1,79.5,1001.4,7.0,12.6,16.0,24.0,30.2,78.5,1003.0,4.8,19.5,1.1,2.2,1.1,0
2019-09-16,2019,9,16,Monsoon,Rajasthan (West),26.91,70.9,8,192,Normal,29.6,81.3,996.7,0.0,13.7,117.0,74.0,27.7,74.0,997.1,0.3,11.7,1.9,0.3,1.9,0
2019-09-16,2019,9,16,Monsoon,West Bengal (Gangetic),22.57,88.36,9,216,Normal,33.8,86.9,1006.5,0.0,12.6,218.0,21.0,29.2,91.9,1006.0,3.4,16.6,4.6,3.4,4.6,1
2019-09-16,2019,9,16,Monsoon,Assam & Meghalaya,26.14,91.73,9,216,Normal,29.1,78.9,1005.0,7.9,11.0,281.0,54.0,28.1,80.3,1004.7,0.5,9.0,1.0,7.4,1.0,0
2019-09-16,2019,9,16,Monsoon,Kerala Coast,9.93,76.26,10,240,Normal,26.9,86.8,1002.6,0.0,12.3,5.0,39.0,27.5,89.2,1001.8,11.8,14.1,0.6,11.8,11.8,0
2019-09-23,2019,9,23,Monsoon,Maharashtra (Mumbai/Konkan),18.98,72.83,1,24,Normal,27.1,89.2,1004.0,3.2,16.0,231.0,25.0,27.7,85.4,1004.1,4.3,15.5,0.6,1.1,0.6,0
2019-09-23,2019,9,23,Monsoon,Odisha Coastal,20.27,85.84,2,48,Normal,26.5,81.0,1006.7,13.4,17.8,277.0,64.0,26.1,83.1,1006.7,18.7,18.5,0.4,5.3,5.3,0
2019-09-23,2019,9,23,Monsoon,Gujarat Coastal,21.64,69.6,2,48,Normal,27.4,93.6,1006.7,10.3,13.5,225.0,13.0,28.3,94.3,1006.2,25.6,13.4,0.9,15.3,15.3,0
2019-09-23,2019,9,23,Monsoon,Himachal Pradesh,31.1,77.17,2,48,Normal,25.8,94.7,1006.9,3.9,13.4,117.0,21.0,26.5,89.8,1007.3,0.8,12.7,0.7,3.1,0.7,0
2019-09-23,2019,9,23,Monsoon,West Bengal (Gangetic),22.57,88.36,2,48,Normal,27.9,74.3,1007.0,17.6,17.1,300.0,40.0,28.9,65.0,1006.1,5.9,18.3,1.0,11.7,11.7,0
2019-09-23,2019,9,23,Monsoon,Assam & Meghalaya,26.14,91.73,2,48,Normal,30.7,82.0,1005.6,11.0,13.4,152.0,24.0,28.4,85.8,1005.4,3.2,12.2,2.3,7.8,2.3,0
2019-09-23,2019,9,23,Monsoon,West Bengal (Gangetic),22.57,88.36,4,96,Normal,31.0,74.3,1006.5,9.6,18.2,273.0,20.0,28.9,76.8,1006.1,5.9,18.3,2.1,3.7,3.7,0
2019-09-23,2019,9,23,Monsoon,Kerala Coast,9.93,76.26,5,120,Normal,28.5,80.2,1006.3,8.0,11.3,149.0,23.0,27.1,79.7,1005.7,2.5,14.7,1.4,5.5,1.4,0
2019-09-23,2019,9,23,Monsoon,Assam & Meghalaya,26.14,91.73,6,144,Normal,27.2,82.0,1003.4,0.2,13.4,41.0,42.0,28.4,84.1,1005.4,3.2,12.2,1.2,3.0,1.2,0
2019-09-23,2019,9,23,Monsoon,Kerala Coast,9.93,76.26,8,192,Normal,27.3,80.2,1003.6,8.1,7.9,296.0,28.0,27.1,80.5,1005.7,2.5,14.7,0.2,5.6,0.2,0
2019-09-23,2019,9,23,Monsoon,Maharashtra (Mumbai/Konkan),18.98,72.83,8,192,Normal,27.0,89.2,1006.0,9.5,17.7,15.0,27.0,27.7,85.6,1004.1,4.3,15.5,0.7,5.2,0.7,0
2019-09-23,2019,9,23,Monsoon,Rajasthan (West),26.91,70.9,8,192,Normal,32.4,82.7,1002.8,5.2,13.8,215.0,39.0,27.0,87.9,1002.9,0.5,13.8,5.4,4.7,5.4,1
2019-09-23,2019,9,23,Monsoon,Odisha Coastal,20.27,85.84,9,216,Normal,23.6,81.0,1005.8,35.1,18.2,322.0,64.0,26.1,83.3,1006.7,18.7,18.5,2.5,16.4,16.4,0
2019-09-23,2019,9,23,Monsoon,Gujarat Coastal,21.64,69.6,9,216,Normal,27.3,93.6,1006.4,37.4,11.0,78.0,49.0,28.3,97.9,1006.2,25.6,13.4,1.0,11.8,11.8,0
2019-09-23,2019,9,23,Monsoon,Himachal Pradesh,31.1,77.17,9,216,Normal,27.0,94.7,1003.2,0.0,12.9,323.0,78.0,26.5,98.3,1007.3,0.8,12.7,0.5,0.8,0.5,1
2019-09-23,2019,9,23,Monsoon,Rajasthan (West),26.91,70.9,10,240,Normal,32.5,82.7,1001.9,11.6,5.3,23.0,17.0,27.0,88.2,1002.9,0.5,13.8,5.5,11.1,5.5,1
2019-09-30,2019,9,30,Monsoon,Gujarat Coastal,21.64,69.6,1,24,Normal,27.8,87.6,1008.3,8.7,15.0,315.0,76.0,28.2,90.5,1008.8,5.5,16.1,0.4,3.2,3.2,0
2019-09-30,2019,9,30,Monsoon,Assam & Meghalaya,26.14,91.73,1,24,Normal,29.9,76.1,1003.4,2.4,10.7,233.0,21.0,28.9,81.2,1004.4,5.4,10.2,1.0,3.0,3.0,0
2019-09-30,2019,9,30,Monsoon,Maharashtra (Mumbai/Konkan),18.98,72.83,2,48,Normal,30.1,76.8,1003.7,6.2,16.8,148.0,23.0,29.3,77.4,1004.2,3.1,16.1,0.8,3.1,0.8,0
2019-09-30,2019,9,30,Monsoon,Gujarat Coastal,21.64,69.6,2,48,Normal,27.0,87.6,1009.4,6.6,16.5,347.0,26.0,28.2,87.6,1008.8,5.5,16.1,1.2,1.1,1.1,0
2019-09-30,2019,9,30,Monsoon,Rajasthan (West),26.91,70.9,2,48,Normal,29.9,82.1,1011.9,5.8,15.0,256.0,94.0,29.5,79.9,1011.4,1.9,13.2,0.4,3.9,0.4,0
2019-09-30,2019,9,30,Monsoon,Kerala Coast,9.93,76.26,4,96,Normal,27.3,83.8,1006.8,81.4,10.9,138.0,11.0,26.9,76.8,1006.7,31.5,10.8,0.4,49.9,49.9,1
2019-09-30,2019,9,30,Monsoon,Odisha Coastal,20.27,85.84,5,120,Normal,28.4,78.5,1000.7,8.2,13.0,328.0,85.0,30.5,76.8,1002.1,0.6,11.8,2.1,7.6,2.1,0
2019-09-30,2019,9,30,Monsoon,West Bengal (Gangetic),22.57,88.36,5,120,Normal,30.1,79.4,1005.5,44.6,10.4,110.0,81.0,30.2,76.9,1006.4,20.7,8.7,0.1,23.9,23.9,1
2019-09-30,2019,9,30,Monsoon,Assam & Meghalaya,26.14,91.73,5,120,Normal,29.0,76.1,1003.6,11.0,10.2,335.0,59.0,28.9,72.8,1004.4,5.4,10.2,0.1,5.6,5.6,0
2019-09-30,2019,9,30,Monsoon,West Bengal (Gangetic),22.57,88.36,6,144,Normal,31.3,79.4,1005.9,18.4,5.8,15.0,61.0,30.2,78.7,1006.4,20.7,8.7,1.1,2.3,2.3,0
2019-09-30,2019,9,30,Monsoon,Rajasthan (West),26.91,70.9,7,168,Normal,30.5,82.1,1010.3,2.2,12.9,190.0,59.0,29.5,78.6,1011.4,1.9,13.2,1.0,0.3,1.0,0
2019-09-30,2019,9,30,Monsoon,Himachal Pradesh,31.1,77.17,7,168,Normal,25.8,82.3,1004.1,0.0,9.7,226.0,64.0,27.6,82.3,1006.0,1.3,10.1,1.8,1.3,1.8,0
2019-09-30,2019,9,30,Monsoon,Odisha Coastal,20.27,85.84,8,192,Normal,27.2,78.5,1002.4,0.0,12.4,285.0,28.0,30.5,82.7,1002.1,0.6,11.8,3.3,0.6,3.3,1
2019-09-30,2019,9,30,Monsoon,Kerala Coast,9.93,76.26,8,192,Normal,26.1,83.8,1007.6,24.4,13.3,40.0,46.0,26.9,79.8,1006.7,31.5,10.8,0.8,7.1,7.1,0
2019-09-30,2019,9,30,Monsoon,Maharashtra (Mumbai/Konkan),18.98,72.83,9,216,Normal,32.4,76.8,1008.8,0.0,13.5,273.0,60.0,29.3,70.6,1004.2,3.1,16.1,3.1,3.1,3.1,1
2019-09-30,2019,9,30,Monsoon,Himachal Pradesh,31.1,77.17,9,216,Normal,27.1,82.3,1005.4,0.0,15.6,273.0,32.0,27.6,90.6,1006.0,1.3,10.1,0.5,1.3,0.5,0
2019-10-07,2019,10,7,Post-Monsoon,West Bengal (Gangetic),22.57,88.36,1,24,Normal,25.2,75.3,1014.0,0.0,9.7,344.0,35.0,26.1,78.2,1013.4,6.7,9.7,0.9,6.7,6.7,0
2019-10-07,2019,10,7,Post-Monsoon,Kerala Coast,9.93,76.26,3,72,Normal,24.4,73.9,1013.7,12.3,9.0,324.0,32.0,25.6,69.5,1012.4,4.0,10.1,1.2,8.3,1.2,0
2019-10-07,2019,10,7,Post-Monsoon,Maharashtra (Mumbai/Konkan),18.98,72.83,3,72,Normal,28.0,71.2,1010.9,6.5,12.3,171.0,46.0,27.4,72.5,1011.6,7.7,10.7,0.6,1.2,1.2,0
2019-10-07,2019,10,7,Post-Monsoon,West Bengal (Gangetic),22.57,88.36,3,72,Normal,25.6,75.3,1015.0,0.0,9.0,356.0,67.0,26.1,72.6,1013.4,6.7,9.7,0.5,6.7,6.7,0
2019-10-07,2019,10,7,Post-Monsoon,Assam & Meghalaya,26.14,91.73,3,72,Normal,21.9,80.3,1010.5,0.0,10.7,328.0,28.0,25.6,79.7,1011.1,0.2,11.5,3.7,0.2,3.7,1
2019-10-07,2019,10,7,Post-Monsoon,Maharashtra (Mumbai/Konkan),18.98,72.83,5,120,Normal,23.0,71.2,1012.5,23.7,9.7,129.0,69.0,27.4,66.6,1011.6,7.7,10.7,4.4,16.0,16.0,1
2019-10-07,2019,10,7,Post-Monsoon,Assam & Meghalaya,26.14,91.73,5,120,Normal,27.2,80.3,1009.5,6.7,15.3,51.0,43.0,25.6,83.7,1011.1,0.2,11.5,1.6,6.5,1.6,0
2019-10-07,2019,10,7,Post-Monsoon,Kerala Coast,9.93,76.26,7,168,Normal,28.3,73.9,1010.6,3.5,6.0,315.0,87.0,25.6,71.2,1012.4,4.0,10.1,2.7,0.5,2.7,0
2019-10-07,2019,10,7,Post-Monsoon,Gujarat Coastal,21.64,69.6,7,168,Normal,25.6,70.1,1015.6,13.3,13.8,170.0,68.0,26.8,70.6,1013.3,11.0,12.3,1.2,2.3,2.3,0
2019-10-07,2019,10,7,Post-Monsoon,Himachal Pradesh,31.1,77.17,7,168,Normal,29.7,51.7,1011.7,18.4,8.4,344.0,14.0,26.2,56.3,1009.7,0.9,8.5,3.5,17.5,3.5,1
2019-10-07,2019,10,7,Post-Monsoon,Odisha Coastal,20.27,85.84,8,192,Normal,20.7,72.7,1016.5,20.5,12.3,65.0,91.0,21.2,70.5,1015.2,5.6,13.5,0.5,14.9,14.9,0
2019-10-07,2019,10,7,Post-Monsoon,Rajasthan (West),26.91,70.9,8,192,Normal,26.0,65.1,1014.2,1.8,23.6,348.0,64.0,27.6,64.1,1013.0,1.2,15.2,1.6,0.6,1.6,1
2019-10-07,2019,10,7,Post-Monsoon,Gujarat Coastal,21.64,69.6,9,216,Normal,24.4,70.1,1010.6,5.5,10.2,177.0,46.0,26.8,70.9,1013.3,11.0,12.3,2.4,5.5,5.5,0
2019-10-07,2019,10,7,Post-Monsoon,Himachal Pradesh,31.1,77.17,9,216,Normal,31.3,51.7,1009.4,0.0,11.5,175.0,13.0,26.2,51.5,1009.7,0.9,8.5,5.1,0.9,5.1,1
2019-10-07,2019,10,7,Post-Monsoon,Odisha Coastal,20.27,85.84,10,240,Normal,19.7,72.7,1015.2,15.5,19.1,200.0,19.0,21.2,77.3,1015.2,5.6,13.5,1.5,9.9,9.9,0
2019-10-07,2019,10,7,Post-Monsoon,Rajasthan (West),26.91,70.9,10,240,Normal,26.3,65.1,1017.0,11.7,10.4,223.0,93.0,27.6,70.2,1013.0,1.2,15.2,1.3,10.5,1.3,1
2019-10-14,2019,10,14,Post-Monsoon,Maharashtra (Mumbai/Konkan),18.98,72.83,1,24,Normal,22.3,69.4,1011.9,9.2,12.5,294.0,14.0,23.8,68.9,1012.0,5.2,12.1,1.5,4.0,4.0,0
2019-10-14,2019,10,14,Post-Monsoon,Odisha Coastal,20.27,85.84,2,48,Normal,26.4,69.7,1010.2,8.6,11.5,122.0,87.0,27.2,68.9,1010.7,1.7,12.6,0.8,6.9,0.8,0
2019-10-14,2019,10,14,Post-Monsoon,Maharashtra (Mumbai/Konkan),18.98,72.83,2,48,Normal,23.0,69.4,1012.0,8.4,12.6,76.0,80.0,23.8,56.1,1012.0,5.2,12.1,0.8,3.2,3.2,0
2019-10-14,2019,10,14,Post-Monsoon,Kerala Coast,9.93,76.26,3,72,Normal,21.8,65.7,1008.3,8.7,11.7,253.0,54.0,24.0,63.1,1008.1,4.7,11.5,2.2,4.0,2.2,0
2019-10-14,2019,10,14,Post-Monsoon,Assam & Meghalaya,26.14,91.73,3,72,Normal,28.9,62.6,1017.5,1.8,14.6,310.0,13.0,29.0,70.3,1016.5,1.7,13.2,0.1,0.1,0.1,0
2019-10-14,2019,10,14,Post-Monsoon,Gujarat Coastal,21.64,69.6,4,96,Normal,27.1,54.2,1011.2,0.0,7.8,31.0,60.0,27.2,44.6,1011.8,4.6,9.4,0.1,4.6,0.1,0
2019-10-14,2019,10,14,Post-Monsoon,Himachal Pradesh,31.1,77.17,5,120,Normal,26.4,67.9,1011.1,0.0,6.8,352.0,52.0,26.4,76.3,1013.9,0.3,7.4,0.0,0.3,0.0,0
2019-10-14,2019,10,14,Post-Monsoon,Assam & Meghalaya,26.14,91.73,5,120,Normal,28.7,62.6,1017.1,1.9,12.7,292.0,60.0,29.0,66.6,1016.5,1.7,13.2,0.3,0.2,0.3,0
2019-10-14,2019,10,14,Post-Monsoon,Odisha Coastal,20.27,85.84,7,168,Normal,23.8,69.7,1010.4,6.3,13.1,25.0,42.0,27.2,68.7,1010.7,1.7,12.6,3.4,4.6,3.4,1
2019-10-14,2019,10,14,Post-Monsoon,Gujarat Coastal,21.64,69.6,7,168,Normal,29.1,54.2,1011.0,5.4,5.9,286.0,63.0,27.2,52.7,1011.8,4.6,9.4,1.9,0.8,1.9,0
2019-10-14,2019,10,14,Post-Monsoon,Rajasthan (West),26.91,70.9,7,168,Normal,21.5,62.3,1011.3,0.0,6.4,104.0,45.0,25.8,53.8,1010.9,3.0,8.8,4.3,3.0,4.3,1
2019-10-14,2019,10,14,Post-Monsoon,Kerala Coast,9.93,76.26,8,192,Normal,22.2,65.7,1010.2,0.2,9.4,341.0,71.0,24.0,64.9,1008.1,4.7,11.5,1.8,4.5,1.8,0
2019-10-14,2019,10,14,Post-Monsoon,Rajasthan (West),26.91,70.9,8,192,Normal,27.0,62.3,1009.5,0.0,10.2,42.0,53.0,25.8,61.0,1010.9,3.0,8.8,1.2,3.0,1.2,0
2019-10-14,2019,10,14,Post-Monsoon,West Bengal (Gangetic),22.57,88.36,8,192,Normal,18.0,73.4,1010.5,10.8,4.4,48.0,68.0,22.5,77.8,1011.4,3.9,10.1,4.5,6.9,4.5,1
2019-10-14,2019,10,14,Post-Monsoon,West Bengal (Gangetic),22.57,88.36,9,216,Normal,21.3,73.4,1012.1,12.3,2.3,97.0,59.0,22.5,78.2,1011.4,3.9,10.1,1.2,8.4,1.2,1
2019-10-14,2019,10,14,Post-Monsoon,Himachal Pradesh,31.1,77.17,10,240,Normal,27.3,67.9,1015.6,0.0,9.1,357.0,22.0,26.4,65.0,1013.9,0.3,7.4,0.9,0.3,0.9,0
2019-10-21,2019,10,21,Post-Monsoon,Rajasthan (West),26.91,70.9,1,24,Normal,26.6,69.6,1011.5,0.0,9.8,252.0,15.0,25.9,73.8,1012.0,0.2,9.4,0.7,0.2,0.7,0
2019-10-21,2019,10,21,Post-Monsoon,Odisha Coastal,20.27,85.84,3,72,Normal,24.3,70.1,1016.5,7.3,13.4,247.0,80.0,23.1,66.0,1016.2,12.8,11.7,1.2,5.5,5.5,0
2019-10-21,2019,10,21,Post-Monsoon,Maharashtra (Mumbai/Konkan),18.98,72.83,3,72,Normal,24.2,78.9,1014.8,10.7,11.8,83.0,45.0,24.4,78.9,1014.0,8.4,12.6,0.2,2.3,2.3,0
2019-10-21,2019,10,21,Post-Monsoon,Rajasthan (West),26.91,70.9,3,72,Normal,27.1,69.6,1010.7,0.9,7.2,129.0,25.0,25.9,76.3,1012.0,0.2,9.4,1.2,0.7,1.2,0
2019-10-21,2019,10,21,Post-Monsoon,Maharashtra (Mumbai/Konkan),18.98,72.83,4,96,Normal,25.9,78.9,1015.3,12.4,13.7,0.0,74.0,24.4,79.0,1014.0,8.4,12.6,1.5,4.0,4.0,0
2019-10-21,2019,10,21,Post-Monsoon,Himachal Pradesh,31.1,77.17,4,96,Normal,26.8,66.9,1010.5,0.0,9.7,59.0,17.0,25.1,63.2,1011.8,1.7,9.0,1.7,1.7,1.7,0
2019-10-21,2019,10,21,Post-Monsoon,West Bengal (Gangetic),22.57,88.36,4,96,Normal,30.2,77.0,1015.7,1.9,13.2,272.0,80.0,29.2,76.1,1015.9,0.1,14.4,1.0,1.8,1.0,0
2019-10-21,2019,10,21,Post-Monsoon,Assam & Meghalaya,26.14,91.73,6,144,Normal,22.6,59.5,1016.0,14.2,14.2,109.0,82.0,27.6,56.0,1013.9,2.0,11.9,5.0,12.2,5.0,1
2019-10-21,2019,10,21,Post-Monsoon,Gujarat Coastal,21.64,69.6,7,168,Normal,28.2,68.3,1014.4,2.1,22.0,33.0,46.0,27.4,76.0,1014.1,7.6,17.9,0.8,5.5,5.5,0
2019-10-21,2019,10,21,Post-Monsoon,West Bengal (Gangetic),22.57,88.36,7,168,Normal,29.5,77.0,1016.1,4.7,12.1,23.0,46.0,29.2,79.9,1015.9,0.1,14.4,0.3,4.6,0.3,0
2019-10-21,2019,10,21,Post-Monsoon,Assam & Meghalaya,26.14,91.73,7,168,Normal,26.4,59.5,1012.3,0.0,12.9,326.0,56.0,27.6,62.1,1013.9,2.0,11.9,1.2,2.0,1.2,0
2019-10-21,2019,10,21,Post-Monsoon,Kerala Coast,9.93,76.26,8,192,Normal,29.9,74.4,1009.3,12.4,8.0,53.0,89.0,27.1,73.3,1006.8,0.7,4.9,2.8,11.7,2.8,0
2019-10-21,2019,10,21,Post-Monsoon,Odisha Coastal,20.27,85.84,9,216,Normal,22.6,70.1,1013.2,13.1,10.7,88.0,25.0,23.1,71.1,1016.2,12.8,11.7,0.5,0.3,0.3,0
2019-10-21,2019,10,21,Post-Monsoon,Kerala Coast,9.93,76.26,9,216,Normal,28.2,74.4,1003.6,0.0,1.0,213.0,49.0,27.1,73.0,1006.8,0.7,4.9,1.1,0.7,1.1,1
2019-10-21,2019,10,21,Post-Monsoon,Gujarat Coastal,21.64,69.6,10,240,Normal,26.5,68.3,1013.6,0.0,16.7,196.0,14.0,27.4,70.5,1014.1,7.6,17.9,0.9,7.6,7.6,0
2019-10-21,2019,10,21,Post-Monsoon,Himachal Pradesh,31.1,77.17,10,240,Normal,25.3,66.9,1010.8,6.4,12.7,208.0,22.0,25.1,63.9,1011.8,1.7,9.0,0.2,4.7,0.2,0
2019-10-28,2019,10,28,Post-Monsoon,Gujarat Coastal,21.64,69.6,1,24,Normal,25.0,62.8,1007.8,1.9,10.2,359.0,83.0,25.4,65.7,1008.2,1.1,10.7,0.4,0.8,0.4,0
2019-10-28,2019,10,28,Post-Monsoon,Himachal Pradesh,31.1,77.17,1,24,Normal,27.0,81.6,1016.1,0.0,14.2,156.0,92.0,27.5,83.7,1015.6,1.1,12.3,0.5,1.1,0.5,0
2019-10-28,2019,10,28,Post-Monsoon,West Bengal (Gangetic),22.57,88.36,2,48,Normal,25.5,65.0,1016.4,3.0,9.1,297.0,81.0,25.5,62.1,1015.9,0.6,7.7,0.0,2.4,0.0,0
2019-10-28,2019,10,28,Post-Monsoon,Assam & Meghalaya,26.14,91.73,2,48,Normal,27.7,74.6,1012.6,0.0,12.3,261.0,46.0,27.3,69.9,1013.0,0.6,11.2,0.4,0.6,0.4,0
2019-10-28,2019,10,28,Post-Monsoon,Odisha Coastal,20.27,85.84,4,96,Normal,25.5,67.1,1013.9,2.2,8.5,178.0,67.0,27.8,67.7,1012.7,4.0,8.9,2.3,1.8,2.3,0
2019-10-28,2019,10,28,Post-Monsoon,Kerala Coast,9.93,76.26,4,96,Normal,25.5,66.5,1013.7,0.0,11.6,227.0,18.0,25.9,70.7,1013.3,0.2,14.9,0.4,0.2,0.4,0
2019-10-28,2019,10,28,Post-Monsoon,Rajasthan (West),26.91,70.9,4,96,Normal,22.8,75.2,1014.3,0.0,8.7,79.0,51.0,25.2,70.9,1014.7,0.3,8.5,2.4,0.3,2.4,0
2019-10-28,2019,10,28,Post-Monsoon,West Bengal (Gangetic),22.57,88.36,4,96,Normal,23.7,65.0,1015.5,0.0,7.0,205.0,41.0,25.5,65.4,1015.9,0.6,7.7,1.8,0.6,1.8,0
2019-10-28,2019,10,28,Post-Monsoon,Kerala Coast,9.93,76.26,5,120,Normal,26.3,66.5,1013.4,4.7,16.5,191.0,53.0,25.9,69.3,1013.3,0.2,14.9,0.4,4.5,0.4,0
2019-10-28,2019,10,28,Post-Monsoon,Maharashtra (Mumbai/Konkan),18.98,72.83,5,120,Normal,26.8,76.0,1012.8,6.6,13.6,194.0,80.0,25.7,81.8,1012.2,4.2,12.0,1.1,2.4,1.1,0
2019-10-28,2019,10,28,Post-Monsoon,Odisha Coastal,20.27,85.84,7,168,Normal,31.9,67.1,1011.2,15.0,14.0,299.0,68.0,27.8,58.7,1012.7,4.0,8.9,4.1,11.0,4.1,1
2019-10-28,2019,10,28,Post-Monsoon,Maharashtra (Mumbai/Konkan),18.98,72.83,7,168,Normal,25.4,76.0,1011.1,3.0,12.3,282.0,27.0,25.7,74.1,1012.2,4.2,12.0,0.3,1.2,0.3,0
2019-10-28,2019,10,28,Post-Monsoon,Himachal Pradesh,31.1,77.17,8,192,Normal,26.1,81.6,1017.5,12.9,12.5,121.0,84.0,27.5,79.9,1015.6,1.1,12.3,1.4,11.8,1.4,0
2019-10-28,2019,10,28,Post-Monsoon,Gujarat Coastal,21.64,69.6,9,216,Normal,27.5,62.8,1007.8,13.3,9.8,8.0,57.0,25.4,63.8,1008.2,1.1,10.7,2.1,12.2,2.1,0
2019-10-28,2019,10,28,Post-Monsoon,Rajasthan (West),26.91,70.9,10,240,Normal,24.5,75.2,1014.9,0.0,1.0,251.0,55.0,25.2,75.1,1014.7,0.3,8.5,0.7,0.3,0.7,1
2019-10-28,2019,10,28,Post-Monsoon,Assam & Meghalaya,26.14,91.73,10,240,Normal,30.9,74.6,1010.1,8.9,11.8,269.0,77.0,27.3,67.9,1013.0,0.6,11.2,3.6,8.3,3.6,1
2019-11-04,2019,11,4,Post-Monsoon,Kerala Coast,9.93,76.26,1,24,Normal,26.1,86.3,1015.1,0.0,13.4,255.0,76.0,26.2,80.7,1014.6,1.4,13.3,0.1,1.4,0.1,0
2019-11-04,2019,11,4,Post-Monsoon,Assam & Meghalaya,26.14,91.73,1,24,Normal,24.1,76.8,1015.6,0.0,11.0,277.0,87.0,24.6,72.8,1015.2,2.2,9.7,0.5,2.2,0.5,0
2019-11-04,2019,11,4,Post-Monsoon,Odisha Coastal,20.27,85.84,3,72,Normal,29.0,78.5,1014.9,40.3,9.4,297.0,29.0,27.5,73.3,1013.9,37.5,11.6,1.5,2.8,2.8,0
2019-11-04,2019,11,4,Post-Monsoon,Gujarat Coastal,21.64,69.6,3,72,Normal,27.6,72.3,1010.4,7.3,5.4,218.0,24.0,28.0,73.7,1010.1,3.2,4.3,0.4,4.1,0.4,0
2019-11-04,2019,11,4,Post-Monsoon,Kerala Coast,9.93,76.26,5,120,Normal,28.4,86.3,1015.8,0.0,12.7,200.0,31.0,26.2,86.4,1014.6,1.4,13.3,2.2,1.4,2.2,0
2019-11-04,2019,11,4,Post-Monsoon,Rajasthan (West),26.91,70.9,6,144,Normal,25.5,79.7,1016.4,0.0,15.7,332.0,92.0,24.1,80.6,1014.6,1.9,14.6,1.4,1.9,1.4,0
2019-11-04,2019,11,4,Post-Monsoon,Rajasthan (West),26.91,70.9,7,168,Normal,19.8,79.7,1014.0,2.4,9.1,64.0,30.0,24.1,87.4,1014.6,1.9,14.6,4.3,0.5,4.3,1
2019-11-04,2019,11,4,Post-Monsoon,Himachal Pradesh,31.1,77.17,7,168,Normal,28.6,73.5,1011.6,1.8,17.7,293.0,54.0,27.4,71.8,1009.9,4.6,13.7,1.2,2.8,1.2,0
2019-11-04,2019,11,4,Post-Monsoon,Odisha Coastal,20.27,85.84,8,192,Normal,28.9,78.5,1015.2,0.0,15.5,251.0,34.0,27.5,83.4,1013.9,37.5,11.6,1.4,37.5,37.5,1
2019-11-04,2019,11,4,Post-Monsoon,Maharashtra (Mumbai/Konkan),18.98,72.83,8,192,Normal,31.4,78.3,1012.5,28.5,6.7,185.0,70.0,28.0,75.4,1012.6,23.5,11.8,3.4,5.0,5.0,1
2019-11-04,2019,11,4,Post-Monsoon,Himachal Pradesh,31.1,77.17,9,216,Normal,30.3,73.5,1011.1,1.7,14.3,208.0,33.0,27.4,72.8,1009.9,4.6,13.7,2.9,2.9,2.9,0
2019-11-04,2019,11,4,Post-Monsoon,West Bengal (Gangetic),22.57,88.36,9,216,Cyclone,20.1,66.5,994.4,150.4,28.1,303.0,67.0,23.8,67.2,993.4,91.3,26.4,3.7,59.1,59.1,1
2019-11-04,2019,11,4,Post-Monsoon,Maharashtra (Mumbai/Konkan),18.98,72.83,10,240,Normal,28.3,78.3,1013.3,60.6,15.2,40.0,40.0,28.0,82.0,1012.6,23.5,11.8,0.3,37.1,37.1,1
2019-11-04,2019,11,4,Post-Monsoon,Gujarat Coastal,21.64,69.6,10,240,Normal,27.3,72.3,1017.6,0.0,6.7,28.0,91.0,28.0,71.2,1010.1,3.2,4.3,0.7,3.2,0.7,1
2019-11-04,2019,11,4,Post-Monsoon,West Bengal (Gangetic),22.57,88.36,10,240,Cyclone,24.2,66.5,993.2,320.4,21.7,256.0,37.0,23.8,68.3,993.4,91.3,26.4,0.4,229.1,229.1,1
2019-11-04,2019,11,4,Post-Monsoon,Assam & Meghalaya,26.14,91.73,10,240,Normal,22.6,76.8,1013.2,7.1,8.9,117.0,36.0,24.6,75.8,1015.2,2.2,9.7,2.0,4.9,2.0,0
2019-11-11,2019,11,11,Post-Monsoon,Himachal Pradesh,31.1,77.17,2,48,Normal,29.6,66.5,1013.2,0.0,12.5,270.0,15.0,29.9,66.0,1013.3,0.5,11.1,0.3,0.5,0.3,0
2019-11-11,2019,11,11,Post-Monsoon,Odisha Coastal,20.27,85.84,3,72,Normal,26.7,69.3,1011.0,20.4,5.8,356.0,35.0,27.4,71.9,1010.4,8.0,5.0,0.7,12.4,12.4,0
2019-11-11,2019,11,11,Post-Monsoon,Kerala Coast,9.93,76.26,3,72,Normal,27.1,70.9,1012.6,4.6,16.0,284.0,47.0,27.5,76.0,1011.7,2.5,15.3,0.4,2.1,0.4,0
2019-11-11,2019,11,11,Post-Monsoon,Gujarat Coastal,21.64,69.6,3,72,Normal,24.0,73.3,1010.8,6.0,8.0,197.0,29.0,26.3,71.0,1011.8,3.9,7.4,2.3,2.1,2.3,0
2019-11-11,2019,11,11,Post-Monsoon,Assam & Meghalaya,26.14,91.73,3,72,Normal,24.2,70.6,1015.6,6.0,10.2,278.0,31.0,25.5,69.9,1015.5,2.5,8.6,1.3,3.5,1.3,0
2019-11-11,2019,11,11,Post-Monsoon,Odisha Coastal,20.27,85.84,5,120,Normal,29.9,69.3,1008.8,18.8,5.8,267.0,21.0,27.4,69.9,1010.4,8.0,5.0,2.5,10.8,10.8,0
2019-11-11,2019,11,11,Post-Monsoon,Rajasthan (West),26.91,70.9,5,120,Normal,26.7,58.3,1015.7,0.0,11.0,222.0,50.0,24.4,50.9,1014.9,0.6,11.1,2.3,0.6,2.3,0
2019-11-11,2019,11,11,Post-Monsoon,Kerala Coast,9.93,76.26,6,144,Normal,27.6,70.9,1012.4,0.0,13.5,104.0,61.0,27.5,68.2,1011.7,2.5,15.3,0.1,2.5,0.1,0
2019-11-11,2019,11,11,Post-Monsoon,Gujarat Coastal,21.64,69.6,6,144,Normal,28.7,73.3,1012.9,4.9,3.2,221.0,34.0,26.3,73.6,1011.8,3.9,7.4,2.4,1.0,2.4,0
2019-11-11,2019,11,11,Post-Monsoon,Maharashtra (Mumbai/Konkan),18.98,72.83,7,168,Normal,28.7,80.2,1015.5,2.6,15.7,16.0,13.0,29.6,79.1,1013.6,1.2,11.3,0.9,1.4,0.9,0
2019-11-11,2019,11,11,Post-Monsoon,Himachal Pradesh,31.1,77.17,7,168,Normal,28.8,66.5,1014.8,1.3,8.0,230.0,53.0,29.9,74.2,1013.3,0.5,11.1,1.1,0.8,1.1,0
2019-11-11,2019,11,11,Post-Monsoon,West Bengal (Gangetic),22.57,88.36,7,168,Normal,26.2,69.5,1016.6,1.2,5.6,36.0,16.0,25.3,55.8,1015.7,2.1,13.3,0.9,0.9,0.9,1
2019-11-11,2019,11,11,Post-Monsoon,Assam & Meghalaya,26.14,91.73,8,192,Normal,25.8,70.6,1017.9,0.0,4.1,212.0,31.0,25.5,70.2,1015.5,2.5,8.6,0.3,2.5,0.3,0
2019-11-11,2019,11,11,Post-Monsoon,Maharashtra (Mumbai/Konkan),18.98,72.83,9,216,Normal,30.0,80.2,1013.6,0.0,9.6,213.0,52.0,29.6,76.3,1013.6,1.2,11.3,0.4,1.2,0.4,0
2019-11-11,2019,11,11,Post-Monsoon,Rajasthan (West),26.91,70.9,10,240,Normal,25.5,58.3,1014.2,2.5,3.0,340.0,44.0,24.4,56.2,1014.9,0.6,11.1,1.1,1.9,1.1,1
2019-11-11,2019,11,11,Post-Monsoon,West Bengal (Gangetic),22.57,88.36,10,240,Normal,26.9,69.5,1017.0,0.0,18.6,116.0,85.0,25.3,62.8,1015.7,2.1,13.3,1.6,2.1,1.6,0
2019-11-18,2019,11,18,Post-Monsoon,Kerala Coast,9.93,76.26,1,24,Normal,25.9,57.6,1014.1,0.5,11.4,315.0,33.0,24.9,56.5,1014.5,0.3,12.1,1.0,0.2,1.0,0
2019-11-18,2019,11,18,Post-Monsoon,Maharashtra (Mumbai/Konkan),18.98,72.83,1,24,Normal,22.7,77.1,1012.8,2.3,10.7,256.0,21.0,22.9,80.6,1013.9,0.9,11.9,0.2,1.4,0.2,0
2019-11-18,2019,11,18,Post-Monsoon,Assam & Meghalaya,26.14,91.73,1,24,Normal,22.6,54.0,1015.6,0.0,14.7,281.0,78.0,23.6,56.2,1015.0,0.7,14.8,1.0,0.7,1.0,0
2019-11-18,2019,11,18,Post-Monsoon,Gujarat Coastal,21.64,69.6,2,48,Normal,25.3,60.6,1014.3,7.9,14.2,247.0,65.0,26.2,58.6,1014.6,5.9,11.4,0.9,2.0,2.0,0
2019-11-18,2019,11,18,Post-Monsoon,Himachal Pradesh,31.1,77.17,3,72,Normal,31.2,69.2,1010.3,1.2,7.4,278.0,75.0,30.8,66.2,1009.8,0.4,7.6,0.4,0.8,0.4,0
2019-11-18,2019,11,18,Post-Monsoon,Odisha Coastal,20.27,85.84,4,96,Normal,27.0,84.0,1009.3,6.4,16.2,188.0,46.0,27.8,89.0,1010.2,1.6,13.1,0.8,4.8,0.8,0
2019-11-18,2019,11,18,Post-Monsoon,Gujarat Coastal,21.64,69.6,4,96,Normal,29.9,60.6,1016.0,8.7,9.9,116.0,85.0,26.2,61.0,1014.6,5.9,11.4,3.7,2.8,2.8,1
2019-11-18,2019,11,18,Post-Monsoon,Rajasthan (West),26.91,70.9,4,96,Normal,22.2,63.7,1016.2,1.1,8.7,4.0,92.0,23.8,66.1,1015.2,1.3,9.2,1.6,0.2,1.6,0
2019-11-18,2019,11,18,Post-Monsoon,West Bengal (Gangetic),22.57,88.36,4,96,Normal,28.7,74.0,1011.1,3.0,11.3,267.0,44.0,28.3,72.6,1012.9,9.3,12.5,0.4,6.3,6.3,0
2019-11-18,2019,11,18,Post-Monsoon,Odisha Coastal,20.27,85.84,7,168,Normal,32.0,84.0,1008.8,2.9,11.3,86.0,40.0,27.8,83.3,1010.2,1.6,13.1,4.2,1.3,4.2,1
2019-11-18,2019,11,18,Post-Monsoon,Kerala Coast,9.93,76.26,8,192,Normal,25.4,57.6,1012.9,0.0,12.0,271.0,36.0,24.9,60.5,1014.5,0.3,12.1,0.5,0.3,0.5,0
2019-11-18,2019,11,18,Post-Monsoon,Maharashtra (Mumbai/Konkan),18.98,72.83,8,192,Normal,20.4,77.1,1014.9,5.4,16.1,308.0,26.0,22.9,74.2,1013.9,0.9,11.9,2.5,4.5,2.5,0
2019-11-18,2019,11,18,Post-Monsoon,Himachal Pradesh,31.1,77.17,8,192,Normal,32.5,69.2,1010.4,12.3,11.3,359.0,39.0,30.8,64.4,1009.8,0.4,7.6,1.7,11.9,1.7,0
2019-11-18,2019,11,18,Post-Monsoon,Rajasthan (West),26.91,70.9,10,240,Normal,24.3,63.7,1014.9,11.1,9.7,246.0,76.0,23.8,62.0,1015.2,1.3,9.2,0.5,9.8,0.5,0
2019-11-18,2019,11,18,Post-Monsoon,West Bengal (Gangetic),22.57,88.36,10,240,Normal,24.6,74.0,1016.0,35.5,14.4,192.0,64.0,28.3,73.1,1012.9,9.3,12.5,3.7,26.2,26.2,1
2019-11-18,2019,11,18,Post-Monsoon,Assam & Meghalaya,26.14,91.73,10,240,Normal,24.9,54.0,1016.4,0.1,17.2,100.0,48.0,23.6,54.0,1015.0,0.7,14.8,1.3,0.6,1.3,0
2019-11-25,2019,11,25,Post-Monsoon,Gujarat Coastal,21.64,69.6,1,24,Normal,24.9,57.6,1013.8,13.8,12.9,26.0,18.0,24.9,60.5,1013.6,11.7,12.1,0.0,2.1,2.1,0
2019-11-25,2019,11,25,Post-Monsoon,Rajasthan (West),26.91,70.9,1,24,Normal,21.2,70.1,1009.6,0.0,9.2,252.0,94.0,21.0,75.0,1009.3,0.6,7.3,0.2,0.6,0.2,0
2019-11-25,2019,11,25,Post-Monsoon,West Bengal (Gangetic),22.57,88.36,1,24,Normal,26.0,71.4,1012.1,6.6,12.9,23.0,35.0,25.7,70.8,1012.9,2.5,13.3,0.3,4.1,0.3,0
2019-11-25,2019,11,25,Post-Monsoon,Assam & Meghalaya,26.14,91.73,1,24,Normal,25.7,71.5,1009.1,3.5,10.3,316.0,53.0,25.0,73.2,1010.0,1.3,8.8,0.7,2.2,0.7,0
2019-11-25,2019,11,25,Post-Monsoon,West Bengal (Gangetic),22.57,88.36,3,72,Normal,24.8,71.4,1012.2,0.1,11.7,41.0,50.0,25.7,68.3,1012.9,2.5,13.3,0.9,2.4,0.9,0
2019-11-25,2019,11,25,Post-Monsoon,Odisha Coastal,20.27,85.84,4,96,Normal,24.3,70.4,1011.1,10.7,8.3,258.0,29.0,21.8,70.9,1012.9,6.4,9.6,2.5,4.3,4.3,0
2019-11-25,2019,11,25,Post-Monsoon,Maharashtra (Mumbai/Konkan),18.98,72.83,5,120,Normal,28.0,77.7,1014.2,1.2,11.4,350.0,94.0,28.3,75.6,1014.8,11.6,8.9,0.3,10.4,10.4,0
2019-11-25,2019,11,25,Post-Monsoon,Rajasthan (West),26.91,70.9,5,120,Normal,19.9,70.1,1008.9,8.1,5.0,344.0,16.0,21.0,68.3,1009.3,0.6,7.3,1.1,7.5,1.1,0
2019-11-25,2019,11,25,Post-Monsoon,Assam & Meghalaya,26.14,91.73,6,144,Normal,20.7,71.5,1008.6,0.1,5.6,269.0,78.0,25.0,69.6,1010.0,1.3,8.8,4.3,1.2,4.3,1
2019-11-25,2019,11,25,Post-Monsoon,Kerala Coast,9.93,76.26,7,168,Normal,28.7,74.8,1013.3,17.7,6.5,38.0,49.0,29.2,71.9,1015.8,3.4,13.6,0.5,14.3,0.5,1
2019-11-25,2019,11,25,Post-Monsoon,Maharashtra (Mumbai/Konkan),18.98,72.83,8,192,Normal,27.9,77.7,1015.6,2.9,9.3,54.0,45.0,28.3,74.1,1014.8,11.6,8.9,0.4,8.7,8.7,0
2019-11-25,2019,11,25,Post-Monsoon,Himachal Pradesh,31.1,77.17,8,192,Normal,28.8,51.1,1011.1,0.0,3.1,212.0,32.0,28.0,56.0,1011.2,0.1,8.0,0.8,0.1,0.8,0
2019-11-25,2019,11,25,Post-Monsoon,Gujarat Coastal,21.64,69.6,9,216,Normal,24.8,57.6,1015.1,50.9,18.0,7.0,53.0,24.9,58.2,1013.6,11.7,12.1,0.1,39.2,39.2,1
2019-11-25,2019,11,25,Post-Monsoon,Himachal Pradesh,31.1,77.17,9,216,Normal,24.2,51.1,1010.7,0.0,1.1,223.0,88.0,28.0,43.5,1011.2,0.1,8.0,3.8,0.1,3.8,1
2019-11-25,2019,11,25,Post-Monsoon,Odisha Coastal,20.27,85.84,10,240,Normal,20.1,70.4,1013.4,7.9,4.3,256.0,22.0,21.8,70.7,1012.9,6.4,9.6,1.7,1.5,1.5,0
2019-11-25,2019,11,25,Post-Monsoon,Kerala Coast,9.93,76.26,10,240,Normal,27.0,74.8,1013.5,12.2,11.3,21.0,38.0,29.2,76.5,1015.8,3.4,13.6,2.2,8.8,2.2,0
2019-12-02,2019,12,2,Post-Monsoon,West Bengal (Gangetic),22.57,88.36,1,24,Cyclone,25.1,77.3,990.0,16.0,30.9,343.0,50.0,26.2,84.1,988.7,74.1,33.5,1.1,58.1,58.1,1
2019-12-02,2019,12,2,Post-Monsoon,Assam & Meghalaya,26.14,91.73,1,24,Normal,27.3,62.8,1013.0,2.5,6.6,232.0,60.0,27.1,64.3,1011.8,0.7,6.0,0.2,1.8,0.2,0
2019-12-02,2019,12,2,Post-Monsoon,Odisha Coastal,20.27,85.84,2,48,Normal,27.9,62.1,1013.3,12.9,14.2,307.0,72.0,26.8,64.2,1011.9,10.2,12.5,1.1,2.7,2.7,0
2019-12-02,2019,12,2,Post-Monsoon,Rajasthan (West),26.91,70.9,3,72,Normal,27.9,71.0,1013.2,3.9,19.4,145.0,80.0,26.9,76.9,1013.4,1.7,18.0,1.0,2.2,1.0,0
2019-12-02,2019,12,2,Post-Monsoon,Rajasthan (West),26.91,70.9,4,96,Normal,25.8,71.0,1012.5,0.0,17.2,188.0,73.0,26.9,67.1,1013.4,1.7,18.0,1.1,1.7,1.1,0
2019-12-02,2019,12,2,Post-Monsoon,Himachal Pradesh,31.1,77.17,4,96,Normal,27.3,72.3,1012.7,0.0,14.6,258.0,14.0,27.3,69.9,1012.3,0.4,14.5,0.0,0.4,0.0,0
2019-12-02,2019,12,2,Post-Monsoon,Kerala Coast,9.93,76.26,5,120,Normal,32.6,76.9,1011.6,41.5,12.7,297.0,86.0,30.4,76.5,1009.5,35.1,12.9,2.2,6.4,6.4,0
2019-12-02,2019,12,2,Post-Monsoon,Himachal Pradesh,31.1,77.17,6,144,Normal,25.3,72.3,1013.3,0.0,20.3,308.0,15.0,27.3,74.7,1012.3,0.4,14.5,2.0,0.4,2.0,0
2019-12-02,2019,12,2,Post-Monsoon,Kerala Coast,9.93,76.26,7,168,Normal,30.3,76.9,1009.2,44.7,16.5,338.0,21.0,30.4,80.4,1009.5,35.1,12.9,0.1,9.6,9.6,0
2019-12-02,2019,12,2,Post-Monsoon,West Bengal (Gangetic),22.57,88.36,8,192,Cyclone,21.7,77.3,993.6,199.0,40.6,354.0,15.0,26.2,74.7,988.7,74.1,33.5,4.5,124.9,124.9,1
2019-12-02,2019,12,2,Post-Monsoon,Maharashtra (Mumbai/Konkan),18.98,72.83,9,216,Normal,25.7,80.8,1011.0,5.5,7.5,62.0,29.0,28.0,78.8,1010.3,2.8,7.5,2.3,2.7,2.3,0
2019-12-02,2019,12,2,Post-Monsoon,Gujarat Coastal,21.64,69.6,9,216,Cyclone,28.7,85.1,981.4,146.9,22.8,81.0,30.0,28.1,90.7,981.9,79.1,30.1,0.6,67.8,67.8,1
2019-12-02,2019,12,2,Post-Monsoon,Assam & Meghalaya,26.14,91.73,9,216,Normal,27.6,62.8,1010.9,0.0,3.2,114.0,14.0,27.1,62.5,1011.8,0.7,6.0,0.5,0.7,0.5,0
2019-12-02,2019,12,2,Post-Monsoon,Odisha Coastal,20.27,85.84,10,240,Normal,31.1,62.1,1010.8,24.8,18.0,189.0,78.0,26.8,63.2,1011.9,10.2,12.5,4.3,14.6,14.6,1
2019-12-02,2019,12,2,Post-Monsoon,Maharashtra (Mumbai/Konkan),18.98,72.83,10,240,Normal,32.7,80.8,1011.5,0.0,9.2,171.0,76.0,28.0,80.7,1010.3,2.8,7.5,4.7,2.8,4.7,1
2019-12-02,2019,12,2,Post-Monsoon,Gujarat Coastal,21.64,69.6,10,240,Cyclone,30.7,85.1,977.7,44.9,38.1,79.0,82.0,28.1,82.0,981.9,79.1,30.1,2.6,34.2,34.2,1
2019-12-09,2019,12,9,Post-Monsoon,Odisha Coastal,20.27,85.84,4,96,Normal,23.0,64.1,1017.4,4.7,8.4,37.0,27.0,23.9,66.8,1016.7,1.2,8.9,0.9,3.5,0.9,0
2019-12-09,2019,12,9,Post-Monsoon,Assam & Meghalaya,26.14,91.73,4,96,Normal,23.2,74.0,1015.2,0.0,13.5,355.0,66.0,25.2,75.3,1014.0,0.3,12.0,2.0,0.3,2.0,0
2019-12-09,2019,12,9,Post-Monsoon,Kerala Coast,9.93,76.26,5,120,Normal,26.2,64.4,1016.3,0.5,12.7,86.0,42.0,25.0,62.3,1014.4,1.8,13.5,1.2,1.3,1.2,0
2019-12-09,2019,12,9,Post-Monsoon,Rajasthan (West),26.91,70.9,5,120,Normal,26.7,74.0,1012.6,0.6,8.6,110.0,33.0,26.4,76.3,1014.5,0.6,8.7,0.3,0.0,0.3,0
2019-12-09,2019,12,9,Post-Monsoon,Kerala Coast,9.93,76.26,6,144,Normal,21.0,64.4,1015.9,0.0,13.3,157.0,35.0,25.0,61.8,1014.4,1.8,13.5,4.0,1.8,4.0,1
2019-12-09,2019,12,9,Post-Monsoon,Himachal Pradesh,31.1,77.17,6,144,Normal,21.0,73.2,1017.5,7.5,10.6,39.0,15.0,23.3,82.2,1016.7,2.2,11.1,2.3,5.3,2.3,0
2019-12-09,2019,12,9,Post-Monsoon,West Bengal (Gangetic),22.57,88.36,6,144,Normal,24.1,73.2,1011.5,5.9,14.8,225.0,94.0,24.8,73.6,1011.5,3.6,9.9,0.7,2.3,0.7,0
2019-12-09,2019,12,9,Post-Monsoon,Assam & Meghalaya,26.14,91.73,6,144,Normal,24.5,74.0,1011.7,0.0,11.7,237.0,59.0,25.2,77.7,1014.0,0.3,12.0,0.7,0.3,0.7,0
2019-12-09,2019,12,9,Post-Monsoon,Maharashtra (Mumbai/Konkan),18.98,72.83,8,192,Normal,24.3,70.9,1017.1,0.0,12.6,18.0,81.0,25.6,76.3,1015.5,6.4,13.8,1.3,6.4,6.4,0
2019-12-09,2019,12,9,Post-Monsoon,Gujarat Coastal,21.64,69.6,8,192,Normal,28.6,71.5,1015.6,10.9,18.3,204.0,20.0,28.7,71.6,1018.3,2.0,15.3,0.1,8.9,0.1,0
2019-12-09,2019,12,9,Post-Monsoon,Himachal Pradesh,31.1,77.17,8,192,Normal,23.5,73.2,1014.8,11.3,10.5,326.0,67.0,23.3,75.4,1016.7,2.2,11.1,0.2,9.1,0.2,0
2019-12-09,2019,12,9,Post-Monsoon,West Bengal (Gangetic),22.57,88.36,8,192,Normal,25.7,73.2,1010.9,3.7,11.8,130.0,92.0,24.8,70.3,1011.5,3.6,9.9,0.9,0.1,0.9,0
2019-12-09,2019,12,9,Post-Monsoon,Odisha Coastal,20.27,85.84,9,216,Normal,24.8,64.1,1014.8,6.8,5.3,171.0,27.0,23.9,63.1,1016.7,1.2,8.9,0.9,5.6,0.9,0
2019-12-09,2019,12,9,Post-Monsoon,Maharashtra (Mumbai/Konkan),18.98,72.83,9,216,Normal,30.5,70.9,1019.0,0.0,13.2,341.0,50.0,25.6,74.6,1015.5,6.4,13.8,4.9,6.4,6.4,1
2019-12-09,2019,12,9,Post-Monsoon,Gujarat Coastal,21.64,69.6,9,216,Normal,29.6,71.5,1020.1,0.0,10.8,334.0,80.0,28.7,66.5,1018.3,2.0,15.3,0.9,2.0,0.9,0
2019-12-09,2019,12,9,Post-Monsoon,Rajasthan (West),26.91,70.9,9,216,Normal,28.5,74.0,1018.1,10.0,10.3,163.0,86.0,26.4,79.6,1014.5,0.6,8.7,2.1,9.4,2.1,1
2019-12-16,2019,12,16,Post-Monsoon,Odisha Coastal,20.27,85.84,1,24,Cyclone,29.9,68.7,990.7,148.4,35.5,213.0,48.0,29.2,68.8,991.4,104.8,31.0,0.7,43.6,43.6,1
2019-12-16,2019,12,16,Post-Monsoon,Rajasthan (West),26.91,70.9,2,48,Normal,25.9,71.3,1009.6,0.2,9.4,126.0,26.0,26.3,77.9,1010.5,0.1,8.1,0.4,0.1,0.4,0
2019-12-16,2019,12,16,Post-Monsoon,West Bengal (Gangetic),22.57,88.36,2,48,Normal,25.2,70.8,1011.8,27.3,7.1,65.0,62.0,24.1,69.1,1012.4,26.8,6.8,1.1,0.5,0.5,0
2019-12-16,2019,12,16,Post-Monsoon,Maharashtra (Mumbai/Konkan),18.98,72.83,4,96,Normal,27.5,72.7,1007.7,0.0,9.7,69.0,35.0,25.9,75.4,1008.9,0.5,10.2,1.6,0.5,1.6,0
2019-12-16,2019,12,16,Post-Monsoon,Gujarat Coastal,21.64,69.6,4,96,Normal,25.6,65.1,1013.4,1.2,13.0,136.0,60.0,25.4,67.6,1012.2,2.1,13.3,0.2,0.9,0.2,0
2019-12-16,2019,12,16,Post-Monsoon,Himachal Pradesh,31.1,77.17,4,96,Normal,25.4,66.5,1011.7,0.0,8.9,15.0,14.0,25.7,62.3,1012.0,1.0,10.0,0.3,1.0,0.3,0
2019-12-16,2019,12,16,Post-Monsoon,Assam & Meghalaya,26.14,91.73,4,96,Normal,25.0,59.5,1014.3,5.3,15.0,140.0,85.0,26.6,58.4,1015.0,2.1,13.3,1.6,3.2,1.6,0
2019-12-16,2019,12,16,Post-Monsoon,Odisha Coastal,20.27,85.84,5,120,Cyclone,28.0,68.7,990.4,107.8,27.0,159.0,23.0,29.2,66.0,991.4,104.8,31.0,1.2,3.0,3.0,0
2019-12-16,2019,12,16,Post-Monsoon,Himachal Pradesh,31.1,77.17,5,120,Normal,30.5,66.5,1011.7,4.6,8.8,257.0,79.0,25.7,64.2,1012.0,1.0,10.0,4.8,3.6,4.8,1
2019-12-16,2019,12,16,Post-Monsoon,Rajasthan (West),26.91,70.9,6,144,Normal,29.0,71.3,1010.8,12.3,6.3,206.0,25.0,26.3,65.7,1010.5,0.1,8.1,2.7,12.2,2.7,0
2019-12-16,2019,12,16,Post-Monsoon,Gujarat Coastal,21.64,69.6,7,168,Normal,22.5,65.1,1010.5,6.0,10.3,186.0,39.0,25.4,73.5,1012.2,2.1,13.3,2.9,3.9,2.9,0
2019-12-16,2019,12,16,Post-Monsoon,Kerala Coast,9.93,76.26,8,192,Normal,29.1,66.0,1013.2,4.1,12.2,329.0,49.0,28.0,68.5,1013.2,7.5,16.3,1.1,3.4,3.4,0
2019-12-16,2019,12,16,Post-Monsoon,West Bengal (Gangetic),22.57,88.36,9,216,Normal,27.6,70.8,1010.5,0.0,16.5,273.0,47.0,24.1,69.4,1012.4,26.8,6.8,3.5,26.8,26.8,1
2019-12-16,2019,12,16,Post-Monsoon,Kerala Coast,9.93,76.26,10,240,Normal,28.6,66.0,1011.3,0.0,15.7,280.0,82.0,28.0,63.2,1013.2,7.5,16.3,0.6,7.5,7.5,0
2019-12-16,2019,12,16,Post-Monsoon,Maharashtra (Mumbai/Konkan),18.98,72.83,10,240,Normal,25.9,72.7,1012.2,7.5,8.9,242.0,82.0,25.9,69.9,1008.9,0.5,10.2,0.0,7.0,0.0,1
2019-12-16,2019,12,16,Post-Monsoon,Assam & Meghalaya,26.14,91.73,10,240,Normal,26.2,59.5,1017.4,0.0,10.6,133.0,18.0,26.6,66.1,1015.0,2.1,13.3,0.4,2.1,0.4,0
2019-12-23,2019,12,23,Post-Monsoon,Odisha Coastal,20.27,85.84,1,24,Normal,25.7,68.5,1011.5,1.4,8.0,170.0,91.0,24.9,65.3,1012.2,2.3,7.3,0.8,0.9,0.8,0
2019-12-23,2019,12,23,Post-Monsoon,Gujarat Coastal,21.64,69.6,1,24,Normal,24.5,86.8,1015.3,24.0,12.0,98.0,63.0,24.1,89.2,1015.4,20.7,9.9,0.4,3.3,3.3,0
2019-12-23,2019,12,23,Post-Monsoon,Kerala Coast,9.93,76.26,3,72,Normal,23.6,74.6,1013.1,4.9,10.3,3.0,67.0,24.4,72.0,1012.2,1.7,8.8,0.8,3.2,0.8,0
2019-12-23,2019,12,23,Post-Monsoon,Maharashtra (Mumbai/Konkan),18.98,72.83,3,72,Normal,26.6,68.9,1010.3,11.3,11.0,45.0,47.0,27.6,65.5,1011.8,10.3,12.1,1.0,1.0,1.0,0
2019-12-23,2019,12,23,Post-Monsoon,West Bengal (Gangetic),22.57,88.36,3,72,Normal,26.1,83.8,1012.9,0.0,10.7,226.0,61.0,26.5,73.9,1012.5,3.7,11.4,0.4,3.7,0.4,0
2019-12-23,2019,12,23,Post-Monsoon,Odisha Coastal,20.27,85.84,4,96,Normal,24.5,68.5,1012.5,0.9,3.5,151.0,66.0,24.9,64.9,1012.2,2.3,7.3,0.4,1.4,0.4,0
2019-12-23,2019,12,23,Post-Monsoon,Kerala Coast,9.93,76.26,4,96,Normal,25.9,74.6,1009.6,5.9,12.3,251.0,13.0,24.4,77.4,1012.2,1.7,8.8,1.5,4.2,1.5,0
2019-12-23,2019,12,23,Post-Monsoon,Assam & Meghalaya,26.14,91.73,7,168,Normal,27.5,77.0,1008.5,0.0,13.2,41.0,38.0,27.1,74.4,1011.1,1.8,9.9,0.4,1.8,0.4,0
2019-12-23,2019,12,23,Post-Monsoon,Assam & Meghalaya,26.14,91.73,8,192,Normal,26.9,77.0,1010.9,13.2,12.0,293.0,53.0,27.1,78.3,1011.1,1.8,9.9,0.2,11.4,0.2,0
2019-12-23,2019,12,23,Post-Monsoon,Maharashtra (Mumbai/Konkan),18.98,72.83,9,216,Normal,26.9,68.9,1011.6,2.0,15.0,332.0,22.0,27.6,65.9,1011.8,10.3,12.1,0.7,8.3,8.3,0
2019-12-23,2019,12,23,Post-Monsoon,Gujarat Coastal,21.64,69.6,9,216,Normal,23.5,86.8,1013.0,8.3,4.2,166.0,16.0,24.1,89.6,1015.4,20.7,9.9,0.6,12.4,12.4,0
2019-12-23,2019,12,23,Post-Monsoon,Rajasthan (West),26.91,70.9,9,216,Normal,30.2,62.8,1013.7,0.0,8.6,29.0,57.0,27.6,61.5,1013.6,0.1,10.5,2.6,0.1,2.6,0
2019-12-23,2019,12,23,Post-Monsoon,Himachal Pradesh,31.1,77.17,9,216,Normal,22.8,75.8,1014.1,0.0,7.2,163.0,13.0,27.6,78.5,1013.8,1.5,9.7,4.8,1.5,4.8,1
2019-12-23,2019,12,23,Post-Monsoon,Rajasthan (West),26.91,70.9,10,240,Normal,31.2,62.8,1013.5,10.3,19.5,162.0,68.0,27.6,60.1,1013.6,0.1,10.5,3.6,10.2,3.6,1
2019-12-23,2019,12,23,Post-Monsoon,Himachal Pradesh,31.1,77.17,10,240,Normal,27.8,75.8,1009.2,0.0,9.6,270.0,84.0,27.6,69.4,1013.8,1.5,9.7,0.2,1.5,0.2,1
2019-12-23,2019,12,23,Post-Monsoon,West Bengal (Gangetic),22.57,88.36,10,240,Normal,26.0,83.8,1011.5,6.8,10.8,184.0,46.0,26.5,83.0,1012.5,3.7,11.4,0.5,3.1,0.5,0
2019-12-30,2019,12,30,Post-Monsoon,Gujarat Coastal,21.64,69.6,2,48,Normal,27.4,68.5,1012.3,4.1,10.3,137.0,80.0,27.1,71.0,1012.6,4.0,10.8,0.3,0.1,0.3,0
2019-12-30,2019,12,30,Post-Monsoon,Odisha Coastal,20.27,85.84,3,72,Normal,21.6,66.9,1012.6,0.0,7.9,199.0,43.0,21.7,64.8,1013.3,1.0,7.0,0.1,1.0,0.1,0
2019-12-30,2019,12,30,Post-Monsoon,Maharashtra (Mumbai/Konkan),18.98,72.83,3,72,Normal,24.1,69.1,1014.4,0.0,11.9,68.0,84.0,24.6,68.0,1014.4,0.3,7.2,0.5,0.3,0.5,0
2019-12-30,2019,12,30,Post-Monsoon,West Bengal (Gangetic),22.57,88.36,3,72,Normal,29.4,79.9,1012.5,5.1,8.1,2.0,15.0,29.4,77.0,1012.3,4.7,9.0,0.0,0.4,0.0,0
2019-12-30,2019,12,30,Post-Monsoon,Gujarat Coastal,21.64,69.6,5,120,Normal,25.2,68.5,1013.3,4.7,10.2,123.0,26.0,27.1,70.0,1012.6,4.0,10.8,1.9,0.7,1.9,0
2019-12-30,2019,12,30,Post-Monsoon,Himachal Pradesh,31.1,77.17,5,120,Normal,28.5,68.5,1007.6,7.4,17.7,225.0,43.0,27.6,68.8,1009.1,1.9,13.0,0.9,5.5,0.9,0
2019-12-30,2019,12,30,Post-Monsoon,West Bengal (Gangetic),22.57,88.36,6,144,Normal,29.3,79.9,1010.7,0.0,7.3,288.0,85.0,29.4,81.0,1012.3,4.7,9.0,0.1,4.7,0.1,0
2019-12-30,2019,12,30,Post-Monsoon,Kerala Coast,9.93,76.26,7,168,Normal,23.6,64.8,1011.1,21.1,6.8,13.0,65.0,23.2,66.4,1010.6,7.8,8.8,0.4,13.3,13.3,0
2019-12-30,2019,12,30,Post-Monsoon,Rajasthan (West),26.91,70.9,8,192,Normal,25.9,65.0,1013.9,5.6,15.8,43.0,42.0,23.5,66.4,1012.0,1.2,16.3,2.4,4.4,2.4,0
2019-12-30,2019,12,30,Post-Monsoon,Himachal Pradesh,31.1,77.17,8,192,Normal,25.6,68.5,1007.8,24.1,14.2,147.0,10.0,27.6,61.5,1009.1,1.9,13.0,2.0,22.2,2.0,1
2019-12-30,2019,12,30,Post-Monsoon,Assam & Meghalaya,26.14,91.73,8,192,Normal,28.4,70.5,1013.6,4.0,12.7,298.0,92.0,28.7,72.2,1012.5,0.0,8.6,0.3,4.0,0.3,0
2019-12-30,2019,12,30,Post-Monsoon,Odisha Coastal,20.27,85.84,9,216,Normal,20.5,66.9,1013.2,3.4,12.4,80.0,76.0,21.7,66.8,1013.3,1.0,7.0,1.2,2.4,1.2,0
2019-12-30,2019,12,30,Post-Monsoon,Kerala Coast,9.93,76.26,9,216,Normal,22.7,64.8,1008.7,7.7,16.0,211.0,29.0,23.2,62.1,1010.6,7.8,8.8,0.5,0.1,0.1,1
2019-12-30,2019,12,30,Post-Monsoon,Maharashtra (Mumbai/Konkan),18.98,72.83,9,216,Normal,25.5,69.1,1017.7,0.0,9.6,288.0,69.0,24.6,73.6,1014.4,0.3,7.2,0.9,0.3,0.9,1
2019-12-30,2019,12,30,Post-Monsoon,Rajasthan (West),26.91,70.9,10,240,Normal,26.2,65.0,1012.9,16.1,20.7,289.0,69.0,23.5,58.6,1012.0,1.2,16.3,2.7,14.9,2.7,0
2019-12-30,2019,12,30,Post-Monsoon,Assam & Meghalaya,26.14,91.73,10,240,Normal,30.1,70.5,1015.0,1.1,1.8,338.0,49.0,28.7,70.2,1012.5,0.0,8.6,1.4,1.1,1.4,0
2020-01-06,2020,1,6,Winter,Maharashtra (Mumbai/Konkan),18.98,72.83,3,72,Normal,20.6,53.9,1020.0,14.1,6.6,125.0,71.0,22.6,56.9,1018.9,2.2,7.4,2.0,11.9,2.0,0
2020-01-06,2020,1,6,Winter,Gujarat Coastal,21.64,69.6,3,72,Normal,20.1,65.6,1012.5,1.7,6.0,17.0,26.0,19.9,71.7,1014.1,0.8,7.8,0.2,0.9,0.2,0
2020-01-06,2020,1,6,Winter,West Bengal (Gangetic),22.57,88.36,3,72,Normal,21.2,57.3,1011.4,8.3,7.1,96.0,80.0,20.4,53.8,1012.4,1.1,7.1,0.8,7.2,0.8,0
2020-01-06,2020,1,6,Winter,Kerala Coast,9.93,76.26,5,120,Normal,23.7,58.1,1018.3,1.0,12.0,207.0,65.0,23.1,68.7,1018.1,0.4,10.4,0.6,0.6,0.6,0
2020-01-06,2020,1,6,Winter,Gujarat Coastal,21.64,69.6,5,120,Normal,22.2,65.6,1015.3,0.0,7.5,256.0,78.0,19.9,63.8,1014.1,0.8,7.8,2.3,0.8,2.3,0
2020-01-06,2020,1,6,Winter,West Bengal (Gangetic),22.57,88.36,5,120,Normal,19.9,57.3,1014.8,4.6,7.9,253.0,12.0,20.4,57.3,1012.4,1.1,7.1,0.5,3.5,0.5,0
2020-01-06,2020,1,6,Winter,Assam & Meghalaya,26.14,91.73,5,120,Normal,16.4,59.6,1015.7,0.0,4.9,153.0,22.0,17.4,62.5,1015.9,0.4,4.3,1.0,0.4,1.0,0
2020-01-06,2020,1,6,Winter,Maharashtra (Mumbai/Konkan),18.98,72.83,6,144,Normal,23.1,53.9,1020.3,5.4,10.0,67.0,58.0,22.6,55.0,1018.9,2.2,7.4,0.5,3.2,0.5,0
2020-01-06,2020,1,6,Winter,Himachal Pradesh,31.1,77.17,7,168,Normal,26.1,63.7,1015.9,0.0,11.7,226.0,69.0,23.3,66.4,1016.1,4.0,10.4,2.8,4.0,2.8,0
2020-01-06,2020,1,6,Winter,Odisha Coastal,20.27,85.84,8,192,Normal,22.0,35.7,1011.9,0.0,11.6,217.0,78.0,21.0,39.9,1012.7,2.3,9.4,1.0,2.3,1.0,0
2020-01-06,2020,1,6,Winter,Rajasthan (West),26.91,70.9,8,192,Normal,16.7,67.1,1021.0,2.0,11.2,214.0,53.0,15.5,65.5,1021.2,1.0,12.2,1.2,1.0,1.2,0
2020-01-06,2020,1,6,Winter,Odisha Coastal,20.27,85.84,9,216,Normal,21.5,35.7,1011.8,26.1,6.6,314.0,62.0,21.0,35.1,1012.7,2.3,9.4,0.5,23.8,0.5,1
2020-01-06,2020,1,6,Winter,Kerala Coast,9.93,76.26,10,240,Normal,26.5,58.1,1016.9,0.0,13.4,357.0,71.0,23.1,55.7,1018.1,0.4,10.4,3.4,0.4,3.4,1
2020-01-06,2020,1,6,Winter,Rajasthan (West),26.91,70.9,10,240,Normal,18.1,67.1,1018.8,3.7,18.2,303.0,29.0,15.5,66.5,1021.2,1.0,12.2,2.6,2.7,2.6,0
2020-01-06,2020,1,6,Winter,Himachal Pradesh,31.1,77.17,10,240,Normal,22.8,63.7,1015.4,0.0,4.4,123.0,52.0,23.3,58.1,1016.1,4.0,10.4,0.5,4.0,0.5,0
2020-01-06,2020,1,6,Winter,Assam & Meghalaya,26.14,91.73,10,240,Normal,18.4,59.6,1014.8,0.0,4.2,342.0,10.0,17.4,59.3,1015.9,0.4,4.3,1.0,0.4,1.0,0
2020-01-13,2020,1,13,Winter,West Bengal (Gangetic),22.57,88.36,1,24,Normal,17.6,48.2,1016.4,1.3,11.6,296.0,28.0,18.9,48.3,1017.9,0.5,9.6,1.3,0.8,1.3,0
2020-01-13,2020,1,13,Winter,Assam & Meghalaya,26.14,91.73,1,24,Normal,19.1,60.3,1020.9,4.6,7.0,334.0,56.0,17.7,58.3,1021.1,1.0,7.2,1.4,3.6,1.4,0
2020-01-13,2020,1,13,Winter,Gujarat Coastal,21.64,69.6,2,48,Normal,18.9,83.5,1013.9,0.7,7.4,290.0,16.0,19.9,81.6,1014.7,1.2,6.6,1.0,0.5,1.0,0
2020-01-13,2020,1,13,Winter,Assam & Meghalaya,26.14,91.73,2,48,Normal,16.9,60.3,1019.8,0.0,8.2,20.0,10.0,17.7,57.1,1021.1,1.0,7.2,0.8,1.0,0.8,0
2020-01-13,2020,1,13,Winter,Maharashtra (Mumbai/Konkan),18.98,72.83,3,72,Normal,23.4,54.1,1014.2,5.0,7.5,309.0,29.0,23.4,55.4,1014.2,0.1,6.6,0.0,4.9,0.0,0
2020-01-13,2020,1,13,Winter,Odisha Coastal,20.27,85.84,4,96,Normal,20.2,50.3,1014.4,0.0,14.1,271.0,17.0,19.7,51.1,1015.3,0.8,11.6,0.5,0.8,0.5,0
2020-01-13,2020,1,13,Winter,West Bengal (Gangetic),22.57,88.36,4,96,Normal,17.7,48.2,1017.3,4.5,12.6,254.0,17.0,18.9,50.4,1017.9,0.5,9.6,1.2,4.0,1.2,0
2020-01-13,2020,1,13,Winter,Kerala Coast,9.93,76.26,6,144,Normal,24.0,58.8,1016.0,0.0,6.9,79.0,13.0,21.4,52.1,1015.9,1.6,11.4,2.6,1.6,2.6,0
2020-01-13,2020,1,13,Winter,Himachal Pradesh,31.1,77.17,6,144,Normal,22.6,54.1,1015.7,0.0,5.6,162.0,68.0,19.1,53.5,1014.6,1.4,9.1,3.5,1.4,3.5,1
2020-01-13,2020,1,13,Winter,Maharashtra (Mumbai/Konkan),18.98,72.83,7,168,Normal,23.3,54.1,1014.9,4.7,4.2,240.0,70.0,23.4,54.8,1014.2,0.1,6.6,0.1,4.6,0.1,0
2020-01-13,2020,1,13,Winter,Himachal Pradesh,31.1,77.17,7,168,Normal,16.9,54.1,1014.3,0.0,1.8,307.0,38.0,19.1,60.1,1014.6,1.4,9.1,2.2,1.4,2.2,1
2020-01-13,2020,1,13,Winter,Kerala Coast,9.93,76.26,8,192,Normal,19.2,58.8,1016.2,7.5,10.1,130.0,35.0,21.4,64.2,1015.9,1.6,11.4,2.2,5.9,2.2,0
2020-01-13,2020,1,13,Winter,Gujarat Coastal,21.64,69.6,8,192,Normal,17.4,83.5,1015.9,0.0,9.3,130.0,70.0,19.9,84.1,1014.7,1.2,6.6,2.5,1.2,2.5,0
2020-01-13,2020,1,13,Winter,Rajasthan (West),26.91,70.9,8,192,Normal,23.2,55.1,1013.5,2.1,4.8,257.0,35.0,21.3,52.9,1010.9,1.1,7.1,1.9,1.0,1.9,0
2020-01-13,2020,1,13,Winter,Odisha Coastal,20.27,85.84,9,216,Normal,22.7,50.3,1015.7,8.5,12.9,118.0,41.0,19.7,55.1,1015.3,0.8,11.6,3.0,7.7,3.0,0
2020-01-13,2020,1,13,Winter,Rajasthan (West),26.91,70.9,10,240,Normal,24.5,55.1,1014.8,1.3,3.0,178.0,75.0,21.3,65.3,1010.9,1.1,7.1,3.2,0.2,3.2,1
2020-01-20,2020,1,20,Winter,West Bengal (Gangetic),22.57,88.36,2,48,Normal,16.5,54.5,1015.0,2.6,9.8,84.0,12.0,17.5,45.5,1014.7,0.5,10.3,1.0,2.1,1.0,0
2020-01-20,2020,1,20,Winter,Assam & Meghalaya,26.14,91.73,2,48,Normal,22.9,50.2,1016.1,3.0,6.0,234.0,83.0,22.0,57.5,1015.1,0.7,4.7,0.9,2.3,0.9,0
2020-01-20,2020,1,20,Winter,Kerala Coast,9.93,76.26,4,96,Normal,14.0,55.6,1015.2,0.0,13.0,345.0,38.0,15.6,49.3,1015.9,0.3,9.7,1.6,0.3,1.6,0
2020-01-20,2020,1,20,Winter,Maharashtra (Mumbai/Konkan),18.98,72.83,4,96,Normal,20.7,60.0,1016.4,3.8,15.2,102.0,30.0,21.9,62.5,1015.5,0.2,16.3,1.2,3.6,1.2,0
2020-01-20,2020,1,20,Winter,Rajasthan (West),26.91,70.9,4,96,Normal,18.7,47.7,1016.8,0.0,8.6,205.0,11.0,19.0,48.1,1015.9,0.0,5.8,0.3,0.0,0.3,0
2020-01-20,2020,1,20,Winter,Himachal Pradesh,31.1,77.17,4,96,Normal,17.9,66.7,1017.6,5.6,8.5,300.0,17.0,18.4,66.5,1016.5,0.2,10.0,0.5,5.4,0.5,0
2020-01-20,2020,1,20,Winter,Odisha Coastal,20.27,85.84,5,120,Normal,19.1,76.3,1016.0,0.0,2.9,93.0,49.0,18.3,75.6,1016.5,0.1,5.0,0.8,0.1,0.8,0
2020-01-20,2020,1,20,Winter,Rajasthan (West),26.91,70.9,5,120,Normal,20.1,47.7,1017.1,0.0,5.8,35.0,30.0,19.0,47.9,1015.9,0.0,5.8,1.1,0.0,1.1,0
2020-01-20,2020,1,20,Winter,Odisha Coastal,20.27,85.84,6,144,Normal,19.0,76.3,1018.9,2.3,3.8,22.0,71.0,18.3,78.0,1016.5,0.1,5.0,0.7,2.2,0.7,0
2020-01-20,2020,1,20,Winter,Gujarat Coastal,21.64,69.6,6,144,Normal,19.3,59.7,1015.1,3.4,16.5,228.0,20.0,17.7,61.1,1016.3,0.0,10.9,1.6,3.4,1.6,0
2020-01-20,2020,1,20,Winter,Maharashtra (Mumbai/Konkan),18.98,72.83,8,192,Normal,21.8,60.0,1012.2,0.0,21.7,165.0,54.0,21.9,63.5,1015.5,0.2,16.3,0.1,0.2,0.1,1
2020-01-20,2020,1,20,Winter,Gujarat Coastal,21.64,69.6,8,192,Normal,18.3,59.7,1014.5,0.0,3.5,297.0,32.0,17.7,53.4,1016.3,0.0,10.9,0.6,0.0,0.6,1
2020-01-20,2020,1,20,Winter,Himachal Pradesh,31.1,77.17,9,216,Normal,19.5,66.7,1019.8,0.0,7.8,127.0,13.0,18.4,62.4,1016.5,0.2,10.0,1.1,0.2,1.1,1
2020-01-20,2020,1,20,Winter,West Bengal (Gangetic),22.57,88.36,9,216,Normal,15.0,54.5,1012.6,0.0,10.9,264.0,41.0,17.5,52.8,1014.7,0.5,10.3,2.5,0.5,2.5,0
2020-01-20,2020,1,20,Winter,Kerala Coast,9.93,76.26,10,240,Normal,16.2,55.6,1012.9,3.5,9.2,187.0,24.0,15.6,52.4,1015.9,0.3,9.7,0.6,3.2,0.6,0
2020-01-20,2020,1,20,Winter,Assam & Meghalaya,26.14,91.73,10,240,Normal,20.7,50.2,1016.5,1.2,5.4,10.0,17.0,22.0,48.6,1015.1,0.7,4.7,1.3,0.5,1.3,0
2020-01-27,2020,1,27,Winter,Maharashtra (Mumbai/Konkan),18.98,72.83,1,24,Normal,13.9,54.6,1015.0,1.5,6.3,238.0,59.0,14.3,56.8,1014.7,0.8,8.3,0.4,0.7,0.4,0
2020-01-27,2020,1,27,Winter,Gujarat Coastal,21.64,69.6,1,24,Normal,24.2,66.4,1016.1,0.0,8.5,208.0,36.0,24.6,68.4,1016.4,0.6,6.8,0.4,0.6,0.4,0
2020-01-27,2020,1,27,Winter,Rajasthan (West),26.91,70.9,1,24,Normal,18.7,54.9,1015.7,0.0,10.9,230.0,68.0,18.9,52.9,1017.1,1.3,10.4,0.2,1.3,0.2,0
2020-01-27,2020,1,27,Winter,Himachal Pradesh,31.1,77.17,1,24,Normal,26.3,75.0,1015.6,5.5,7.6,111.0,40.0,26.0,77.5,1014.5,0.8,7.1,0.3,4.7,0.3,0
2020-01-27,2020,1,27,Winter,West Bengal (Gangetic),22.57,88.36,3,72,Normal,14.8,61.4,1018.0,3.4,3.3,205.0,60.0,16.0,69.7,1018.1,2.2,4.5,1.2,1.2,1.2,0
2020-01-27,2020,1,27,Winter,Assam & Meghalaya,26.14,91.73,6,144,Normal,15.7,58.1,1020.2,0.0,6.8,138.0,26.0,18.0,63.2,1017.9,0.3,8.0,2.3,0.3,2.3,0
2020-01-27,2020,1,27,Winter,Maharashtra (Mumbai/Konkan),18.98,72.83,7,168,Normal,15.5,54.6,1014.6,0.0,9.2,169.0,25.0,14.3,54.6,1014.7,0.8,8.3,1.2,0.8,1.2,0
2020-01-27,2020,1,27,Winter,Himachal Pradesh,31.1,77.17,7,168,Normal,23.1,75.0,1012.4,0.0,8.3,287.0,76.0,26.0,70.7,1014.5,0.8,7.1,2.9,0.8,2.9,0
2020-01-27,2020,1,27,Winter,Odisha Coastal,20.27,85.84,8,192,Normal,21.9,58.1,1015.8,1.3,3.0,41.0,80.0,19.8,54.5,1016.0,0.1,6.6,2.1,1.2,2.1,0
2020-01-27,2020,1,27,Winter,Kerala Coast,9.93,76.26,8,192,Normal,18.2,46.4,1015.1,3.5,5.1,173.0,19.0,22.2,45.5,1015.4,0.6,9.5,4.0,2.9,4.0,1
2020-01-27,2020,1,27,Winter,West Bengal (Gangetic),22.57,88.36,8,192,Normal,16.4,61.4,1015.2,1.5,2.1,235.0,27.0,16.0,56.9,1018.1,2.2,4.5,0.4,0.7,0.4,0
2020-01-27,2020,1,27,Winter,Assam & Meghalaya,26.14,91.73,8,192,Normal,14.6,58.1,1019.1,5.5,1.0,161.0,61.0,18.0,62.1,1017.9,0.3,8.0,3.4,5.2,3.4,1
2020-01-27,2020,1,27,Winter,Odisha Coastal,20.27,85.84,9,216,Normal,23.8,58.1,1014.0,2.6,7.3,342.0,90.0,19.8,55.8,1016.0,0.1,6.6,4.0,2.5,4.0,1
2020-01-27,2020,1,27,Winter,Kerala Coast,9.93,76.26,10,240,Normal,24.4,46.4,1017.7,0.0,15.7,192.0,47.0,22.2,42.4,1015.4,0.6,9.5,2.2,0.6,2.2,0
2020-01-27,2020,1,27,Winter,Gujarat Coastal,21.64,69.6,10,240,Normal,28.6,66.4,1018.2,0.4,1.0,125.0,46.0,24.6,68.2,1016.4,0.6,6.8,4.0,0.2,4.0,1
2020-01-27,2020,1,27,Winter,Rajasthan (West),26.91,70.9,10,240,Normal,19.2,54.9,1018.0,0.0,14.6,304.0,15.0,18.9,52.5,1017.1,1.3,10.4,0.3,1.3,0.3,0
2020-02-03,2020,2,3,Winter,Assam & Meghalaya,26.14,91.73,1,24,Normal,23.8,52.3,1018.5,4.7,4.1,336.0,29.0,22.1,57.3,1017.3,0.3,4.7,1.7,4.4,1.7,0
2020-02-03,2020,2,3,Winter,West Bengal (Gangetic),22.57,88.36,3,72,Normal,21.1,61.4,1016.7,0.0,14.1,233.0,16.0,21.0,65.2,1015.6,0.3,12.3,0.1,0.3,0.1,0
2020-02-03,2020,2,3,Winter,Odisha Coastal,20.27,85.84,4,96,Normal,20.4,58.8,1018.3,10.4,7.1,148.0,39.0,19.8,62.4,1016.0,2.3,7.7,0.6,8.1,0.6,0
2020-02-03,2020,2,3,Winter,West Bengal (Gangetic),22.57,88.36,4,96,Normal,20.4,61.4,1015.1,0.1,13.5,232.0,42.0,21.0,64.3,1015.6,0.3,12.3,0.6,0.2,0.6,0
2020-02-03,2020,2,3,Winter,Kerala Coast,9.93,76.26,5,120,Normal,23.9,60.0,1018.4,1.1,11.7,320.0,50.0,21.1,61.3,1015.9,0.2,8.1,2.8,0.9,2.8,0
2020-02-03,2020,2,3,Winter,Gujarat Coastal,21.64,69.6,5,120,Normal,19.4,52.9,1014.1,1.2,5.9,338.0,77.0,18.6,50.7,1014.6,0.8,8.7,0.8,0.4,0.8,0
2020-02-03,2020,2,3,Winter,Himachal Pradesh,31.1,77.17,5,120,Normal,16.6,53.6,1016.9,5.1,16.3,6.0,12.0,18.1,56.2,1018.1,1.6,10.9,1.5,3.5,1.5,0
2020-02-03,2020,2,3,Winter,Rajasthan (West),26.91,70.9,6,144,Normal,21.3,64.2,1013.7,14.2,6.0,25.0,16.0,21.5,58.3,1015.2,0.6,11.3,0.2,13.6,0.2,0
2020-02-03,2020,2,3,Winter,Himachal Pradesh,31.1,77.17,6,144,Normal,18.4,53.6,1017.1,8.7,10.5,91.0,59.0,18.1,49.3,1018.1,1.6,10.9,0.3,7.1,0.3,0
2020-02-03,2020,2,3,Winter,Maharashtra (Mumbai/Konkan),18.98,72.83,7,168,Normal,20.9,61.4,1017.3,8.1,3.8,341.0,27.0,22.2,65.1,1015.1,0.3,6.0,1.3,7.8,1.3,0
2020-02-03,2020,2,3,Winter,Odisha Coastal,20.27,85.84,8,192,Normal,17.1,58.8,1012.4,13.1,12.3,141.0,78.0,19.8,56.4,1016.0,2.3,7.7,2.7,10.8,2.7,1
2020-02-03,2020,2,3,Winter,Kerala Coast,9.93,76.26,9,216,Normal,18.8,60.0,1016.4,1.6,11.0,342.0,19.0,21.1,57.9,1015.9,0.2,8.1,2.3,1.4,2.3,0
2020-02-03,2020,2,3,Winter,Maharashtra (Mumbai/Konkan),18.98,72.83,9,216,Normal,23.9,61.4,1011.8,5.5,11.3,186.0,13.0,22.2,55.5,1015.1,0.3,6.0,1.7,5.2,1.7,1
2020-02-03,2020,2,3,Winter,Assam & Meghalaya,26.14,91.73,9,216,Normal,22.9,52.3,1022.5,4.9,5.0,213.0,67.0,22.1,52.6,1017.3,0.3,4.7,0.8,4.6,0.8,1
2020-02-03,2020,2,3,Winter,Gujarat Coastal,21.64,69.6,10,240,Normal,17.9,52.9,1017.3,4.8,9.6,52.0,19.0,18.6,47.1,1014.6,0.8,8.7,0.7,4.0,0.7,0
2020-02-03,2020,2,3,Winter,Rajasthan (West),26.91,70.9,10,240,Normal,22.1,64.2,1017.9,8.2,10.0,156.0,18.0,21.5,62.2,1015.2,0.6,11.3,0.6,7.6,0.6,0
2020-02-10,2020,2,10,Winter,Maharashtra (Mumbai/Konkan),18.98,72.83,1,24,Normal,24.6,62.6,1016.5,5.5,11.9,215.0,72.0,24.9,56.1,1016.0,3.4,11.4,0.3,2.1,0.3,0
2020-02-10,2020,2,10,Winter,Himachal Pradesh,31.1,77.17,1,24,Western Disturbance,12.9,65.3,1016.2,0.0,8.5,118.0,84.0,13.5,68.3,1015.5,14.5,7.9,0.6,14.5,14.5,0
2020-02-10,2020,2,10,Winter,Kerala Coast,9.93,76.26,2,48,Normal,20.6,55.7,1017.7,6.3,4.1,334.0,58.0,19.9,59.1,1018.3,1.7,5.9,0.7,4.6,0.7,0
2020-02-10,2020,2,10,Winter,Rajasthan (West),26.91,70.9,2,48,Normal,15.6,61.0,1017.5,0.0,10.0,154.0,91.0,15.3,57.7,1016.4,0.2,8.0,0.3,0.2,0.3,0
2020-02-10,2020,2,10,Winter,Gujarat Coastal,21.64,69.6,3,72,Normal,12.8,51.1,1016.3,4.9,8.0,341.0,48.0,14.1,58.0,1016.2,1.1,9.1,1.3,3.8,1.3,0
2020-02-10,2020,2,10,Winter,Rajasthan (West),26.91,70.9,4,96,Normal,17.9,61.0,1014.1,0.0,14.0,109.0,77.0,15.3,69.5,1016.4,0.2,8.0,2.6,0.2,2.6,0
2020-02-10,2020,2,10,Winter,Himachal Pradesh,31.1,77.17,4,96,Western Disturbance,15.4,65.3,1015.6,20.1,6.8,184.0,26.0,13.5,63.2,1015.5,14.5,7.9,1.9,5.6,5.6,0
2020-02-10,2020,2,10,Winter,Assam & Meghalaya,26.14,91.73,4,96,Normal,19.1,46.8,1020.6,2.3,11.6,300.0,11.0,18.1,39.4,1019.9,1.5,7.7,1.0,0.8,1.0,0
2020-02-10,2020,2,10,Winter,West Bengal (Gangetic),22.57,88.36,6,144,Normal,17.4,62.2,1014.6,0.0,7.9,117.0,86.0,17.0,62.2,1014.5,0.2,6.9,0.4,0.2,0.4,0
2020-02-10,2020,2,10,Winter,Kerala Coast,9.93,76.26,7,168,Normal,21.0,55.7,1020.1,0.0,4.4,139.0,33.0,19.9,54.6,1018.3,1.7,5.9,1.1,1.7,1.1,0
2020-02-10,2020,2,10,Winter,Odisha Coastal,20.27,85.84,8,192,Normal,23.3,63.9,1014.5,5.2,11.1,63.0,60.0,22.1,68.0,1013.8,0.1,10.3,1.2,5.1,1.2,0
2020-02-10,2020,2,10,Winter,West Bengal (Gangetic),22.57,88.36,8,192,Normal,10.2,62.2,1017.0,0.0,8.7,234.0,72.0,17.0,50.8,1014.5,0.2,6.9,6.8,0.2,6.8,1
2020-02-10,2020,2,10,Winter,Maharashtra (Mumbai/Konkan),18.98,72.83,9,216,Normal,22.8,62.6,1013.4,0.4,11.1,121.0,83.0,24.9,67.7,1016.0,3.4,11.4,2.1,3.0,2.1,0
2020-02-10,2020,2,10,Winter,Assam & Meghalaya,26.14,91.73,9,216,Normal,22.3,46.8,1023.0,0.0,11.8,320.0,22.0,18.1,47.4,1019.9,1.5,7.7,4.2,1.5,4.2,1
2020-02-10,2020,2,10,Winter,Odisha Coastal,20.27,85.84,10,240,Normal,18.4,63.9,1013.6,7.5,3.5,352.0,12.0,22.1,66.3,1013.8,0.1,10.3,3.7,7.4,3.7,1
2020-02-10,2020,2,10,Winter,Gujarat Coastal,21.64,69.6,10,240,Normal,17.4,51.1,1016.2,0.0,12.7,274.0,21.0,14.1,50.1,1016.2,1.1,9.1,3.3,1.1,3.3,1
2020-02-17,2020,2,17,Winter,Kerala Coast,9.93,76.26,1,24,Normal,24.3,63.6,1014.9,1.4,6.1,178.0,89.0,23.0,66.6,1014.8,0.7,8.1,1.3,0.7,1.3,0
2020-02-17,2020,2,17,Winter,Himachal Pradesh,31.1,77.17,1,24,Normal,17.1,53.5,1016.0,1.5,11.8,193.0,50.0,16.7,51.9,1016.6,0.0,9.9,0.4,1.5,0.4,0
2020-02-17,2020,2,17,Winter,Maharashtra (Mumbai/Konkan),18.98,72.83,2,48,Normal,23.6,53.5,1014.0,0.0,9.7,52.0,64.0,21.9,48.8,1014.2,0.2,9.3,1.7,0.2,1.7,0
2020-02-17,2020,2,17,Winter,Gujarat Coastal,21.64,69.6,2,48,Normal,28.9,65.2,1020.5,0.8,8.8,187.0,68.0,27.7,60.0,1019.4,0.2,10.0,1.2,0.6,1.2,0
2020-02-17,2020,2,17,Winter,Odisha Coastal,20.27,85.84,4,96,Normal,23.3,56.3,1017.3,0.4,10.0,290.0,47.0,21.3,48.9,1017.6,0.5,10.4,2.0,0.1,2.0,0
2020-02-17,2020,2,17,Winter,West Bengal (Gangetic),22.57,88.36,4,96,Normal,13.2,63.4,1022.4,0.0,6.3,267.0,65.0,12.3,56.7,1020.2,0.3,8.4,0.9,0.3,0.9,0
2020-02-17,2020,2,17,Winter,Assam & Meghalaya,26.14,91.73,4,96,Normal,19.4,60.4,1018.5,0.0,4.9,5.0,63.0,19.1,61.8,1015.8,0.6,5.2,0.3,0.6,0.3,0
2020-02-17,2020,2,17,Winter,Maharashtra (Mumbai/Konkan),18.98,72.83,5,120,Normal,22.0,53.5,1014.0,0.5,8.6,145.0,70.0,21.9,60.4,1014.2,0.2,9.3,0.1,0.3,0.1,0
2020-02-17,2020,2,17,Winter,Rajasthan (West),26.91,70.9,5,120,Normal,11.7,70.0,1016.4,5.6,7.0,78.0,83.0,13.9,67.4,1017.8,1.9,7.5,2.2,3.7,2.2,0
2020-02-17,2020,2,17,Winter,Assam & Meghalaya,26.14,91.73,6,144,Normal,19.0,60.4,1015.6,0.0,1.0,294.0,90.0,19.1,62.4,1015.8,0.6,5.2,0.1,0.6,0.1,0
2020-02-17,2020,2,17,Winter,Gujarat Coastal,21.64,69.6,7,168,Normal,29.1,65.2,1016.5,0.0,2.6,114.0,48.0,27.7,65.3,1019.4,0.2,10.0,1.4,0.2,1.4,1
2020-02-17,2020,2,17,Winter,Kerala Coast,9.93,76.26,8,192,Normal,24.6,63.6,1013.9,0.0,5.3,134.0,53.0,23.0,67.2,1014.8,0.7,8.1,1.6,0.7,1.6,0
2020-02-17,2020,2,17,Winter,Rajasthan (West),26.91,70.9,8,192,Normal,10.1,70.0,1016.0,0.0,12.3,258.0,47.0,13.9,64.9,1017.8,1.9,7.5,3.8,1.9,3.8,1
2020-02-17,2020,2,17,Winter,Himachal Pradesh,31.1,77.17,8,192,Normal,15.0,53.5,1016.2,0.0,11.5,295.0,94.0,16.7,56.7,1016.6,0.0,9.9,1.7,0.0,1.7,0
2020-02-17,2020,2,17,Winter,Odisha Coastal,20.27,85.84,9,216,Normal,17.7,56.3,1018.3,1.7,9.5,101.0,81.0,21.3,57.1,1017.6,0.5,10.4,3.6,1.2,3.6,1
2020-02-17,2020,2,17,Winter,West Bengal (Gangetic),22.57,88.36,10,240,Normal,14.2,63.4,1021.4,0.0,1.0,124.0,47.0,12.3,59.2,1020.2,0.3,8.4,1.9,0.3,1.9,1
2020-02-24,2020,2,24,Winter,Kerala Coast,9.93,76.26,1,24,Normal,18.7,71.2,1016.5,5.1,6.5,37.0,78.0,19.0,71.3,1017.3,2.6,9.0,0.3,2.5,0.3,0
2020-02-24,2020,2,24,Winter,Maharashtra (Mumbai/Konkan),18.98,72.83,1,24,Normal,17.6,72.0,1013.0,0.9,9.0,24.0,46.0,17.5,78.3,1013.0,2.5,8.4,0.1,1.6,0.1,0
2020-02-24,2020,2,24,Winter,Himachal Pradesh,31.1,77.17,1,24,Normal,21.0,61.7,1016.3,3.5,7.9,282.0,76.0,20.7,62.5,1016.0,0.3,7.4,0.3,3.2,0.3,0
2020-02-24,2020,2,24,Winter,Rajasthan (West),26.91,70.9,2,48,Normal,19.3,55.3,1017.6,1.9,5.2,96.0,33.0,19.5,53.6,1018.4,0.8,5.2,0.2,1.1,0.2,0
2020-02-24,2020,2,24,Winter,Odisha Coastal,20.27,85.84,3,72,Normal,14.9,62.8,1017.3,0.0,11.6,121.0,62.0,14.6,58.4,1019.1,0.3,8.7,0.3,0.3,0.3,0
2020-02-24,2020,2,24,Winter,Maharashtra (Mumbai/Konkan),18.98,72.83,4,96,Normal,16.6,72.0,1012.8,1.0,5.5,159.0,46.0,17.5,68.0,1013.0,2.5,8.4,0.9,1.5,0.9,0
2020-02-24,2020,2,24,Winter,West Bengal (Gangetic),22.57,88.36,4,96,Normal,22.3,66.8,1016.5,0.0,9.8,37.0,67.0,20.8,66.7,1016.2,3.0,7.4,1.5,3.0,1.5,0
2020-02-24,2020,2,24,Winter,Gujarat Coastal,21.64,69.6,6,144,Normal,16.2,61.3,1018.0,4.6,7.7,201.0,21.0,16.1,65.7,1016.4,0.6,9.6,0.1,4.0,0.1,0
2020-02-24,2020,2,24,Winter,Rajasthan (West),26.91,70.9,6,144,Normal,22.8,55.3,1017.1,0.0,4.7,13.0,54.0,19.5,54.0,1018.4,0.8,5.2,3.3,0.8,3.3,1
2020-02-24,2020,2,24,Winter,Gujarat Coastal,21.64,69.6,7,168,Normal,14.7,61.3,1015.9,0.0,16.0,293.0,67.0,16.1,62.2,1016.4,0.6,9.6,1.4,0.6,1.4,0
2020-02-24,2020,2,24,Winter,Assam & Meghalaya,26.14,91.73,7,168,Normal,11.9,54.6,1016.0,7.9,6.0,155.0,61.0,14.4,53.3,1015.9,2.9,6.1,2.5,5.0,2.5,0
2020-02-24,2020,2,24,Winter,Odisha Coastal,20.27,85.84,8,192,Normal,10.6,62.8,1019.8,0.0,12.0,220.0,82.0,14.6,62.5,1019.1,0.3,8.7,4.0,0.3,4.0,1
2020-02-24,2020,2,24,Winter,Kerala Coast,9.93,76.26,8,192,Normal,15.5,71.2,1017.5,0.0,6.5,114.0,61.0,19.0,82.1,1017.3,2.6,9.0,3.5,2.6,3.5,1
2020-02-24,2020,2,24,Winter,West Bengal (Gangetic),22.57,88.36,8,192,Normal,20.4,66.8,1015.8,9.1,6.3,243.0,48.0,20.8,66.1,1016.2,3.0,7.4,0.4,6.1,0.4,0
2020-02-24,2020,2,24,Winter,Assam & Meghalaya,26.14,91.73,8,192,Normal,17.7,54.6,1014.9,16.2,3.9,65.0,56.0,14.4,60.0,1015.9,2.9,6.1,3.3,13.3,3.3,1
2020-02-24,2020,2,24,Winter,Himachal Pradesh,31.1,77.17,10,240,Normal,21.6,61.7,1016.0,11.9,5.7,143.0,64.0,20.7,58.7,1016.0,0.3,7.4,0.9,11.6,0.9,0
2020-03-02,2020,3,2,Pre-Monsoon,Maharashtra (Mumbai/Konkan),18.98,72.83,1,24,Normal,36.5,26.9,1007.4,3.2,12.3,320.0,91.0,35.2,22.8,1006.9,5.4,12.5,1.3,2.2,2.2,0
2020-03-02,2020,3,2,Pre-Monsoon,Rajasthan (West),26.91,70.9,2,48,Normal,35.9,74.3,1007.1,0.0,11.1,7.0,15.0,38.0,79.4,1007.4,1.7,7.8,2.1,1.7,2.1,0
2020-03-02,2020,3,2,Pre-Monsoon,Kerala Coast,9.93,76.26,3,72,Normal,33.5,46.5,1007.0,0.0,12.1,237.0,57.0,33.5,52.2,1007.3,1.4,10.0,0.0,1.4,0.0,0
2020-03-02,2020,3,2,Pre-Monsoon,Gujarat Coastal,21.64,69.6,3,72,Normal,38.2,64.7,1010.0,3.5,6.2,260.0,27.0,40.1,69.5,1009.3,2.5,7.5,1.9,1.0,1.9,0
2020-03-02,2020,3,2,Pre-Monsoon,Assam & Meghalaya,26.14,91.73,3,72,Normal,33.1,39.9,1007.8,0.0,9.6,116.0,56.0,33.4,43.3,1007.3,0.5,11.6,0.3,0.5,0.3,0
2020-03-02,2020,3,2,Pre-Monsoon,Maharashtra (Mumbai/Konkan),18.98,72.83,4,96,Normal,36.6,26.9,1007.3,1.7,12.7,12.0,29.0,35.2,26.8,1006.9,5.4,12.5,1.4,3.7,3.7,0
2020-03-02,2020,3,2,Pre-Monsoon,Rajasthan (West),26.91,70.9,4,96,Normal,36.8,74.3,1005.5,2.0,3.5,12.0,10.0,38.0,76.6,1007.4,1.7,7.8,1.2,0.3,1.2,0
2020-03-02,2020,3,2,Pre-Monsoon,Kerala Coast,9.93,76.26,5,120,Normal,35.5,46.5,1008.4,2.2,12.4,25.0,94.0,33.5,45.4,1007.3,1.4,10.0,2.0,0.8,2.0,0
2020-03-02,2020,3,2,Pre-Monsoon,West Bengal (Gangetic),22.57,88.36,5,120,Normal,35.0,52.3,1010.3,11.3,12.5,48.0,49.0,35.2,47.0,1011.2,1.7,10.6,0.2,9.6,0.2,0
2020-03-02,2020,3,2,Pre-Monsoon,Himachal Pradesh,31.1,77.17,6,144,Normal,32.1,40.3,1009.9,0.0,10.1,95.0,83.0,33.4,41.2,1010.7,1.5,8.5,1.3,1.5,1.3,0
2020-03-02,2020,3,2,Pre-Monsoon,Odisha Coastal,20.27,85.84,7,168,Cyclone,35.4,52.1,1016.6,6.7,10.0,134.0,87.0,34.8,51.6,1014.8,0.6,8.7,0.6,6.1,0.6,0
2020-03-02,2020,3,2,Pre-Monsoon,Himachal Pradesh,31.1,77.17,7,168,Normal,30.7,40.3,1009.9,0.0,5.6,308.0,69.0,33.4,38.0,1010.7,1.5,8.5,2.7,1.5,2.7,0
2020-03-02,2020,3,2,Pre-Monsoon,West Bengal (Gangetic),22.57,88.36,7,168,Normal,34.3,52.3,1011.3,0.5,7.9,299.0,74.0,35.2,55.0,1011.2,1.7,10.6,0.9,1.2,0.9,0
2020-03-02,2020,3,2,Pre-Monsoon,Odisha Coastal,20.27,85.84,8,192,Cyclone,38.1,52.1,1016.4,12.0,19.2,110.0,72.0,34.8,51.4,1014.8,0.6,8.7,3.3,11.4,3.3,1
2020-03-02,2020,3,2,Pre-Monsoon,Gujarat Coastal,21.64,69.6,8,192,Normal,37.5,64.7,1009.1,4.3,11.2,359.0,53.0,40.1,67.1,1009.3,2.5,7.5,2.6,1.8,2.6,0
2020-03-02,2020,3,2,Pre-Monsoon,Assam & Meghalaya,26.14,91.73,10,240,Normal,30.6,39.9,1006.4,0.0,1.8,215.0,52.0,33.4,41.8,1007.3,0.5,11.6,2.8,0.5,2.8,1
2020-03-09,2020,3,9,Pre-Monsoon,Kerala Coast,9.93,76.26,1,24,Normal,38.6,58.0,1008.5,2.1,11.7,41.0,83.0,39.0,65.5,1007.8,1.7,10.5,0.4,0.4,0.4,0
2020-03-09,2020,3,9,Pre-Monsoon,Himachal Pradesh,31.1,77.17,1,24,Normal,33.2,68.4,1004.8,1.5,12.2,312.0,68.0,33.1,67.5,1005.6,2.7,11.8,0.1,1.2,0.1,0
2020-03-09,2020,3,9,Pre-Monsoon,Himachal Pradesh,31.1,77.17,3,72,Normal,33.9,68.4,1004.9,3.6,6.4,81.0,47.0,33.1,61.9,1005.6,2.7,11.8,0.8,0.9,0.8,0
2020-03-09,2020,3,9,Pre-Monsoon,Assam & Meghalaya,26.14,91.73,3,72,Normal,40.7,55.4,1009.4,1.8,10.7,171.0,15.0,39.9,52.2,1009.5,0.8,8.7,0.8,1.0,0.8,0
2020-03-09,2020,3,9,Pre-Monsoon,Gujarat Coastal,21.64,69.6,4,96,Normal,36.1,78.4,1015.2,3.0,12.5,243.0,28.0,35.6,78.7,1014.8,6.2,10.0,0.5,3.2,3.2,0
2020-03-09,2020,3,9,Pre-Monsoon,West Bengal (Gangetic),22.57,88.36,4,96,Normal,37.9,43.2,1011.2,0.0,13.2,155.0,16.0,40.5,39.0,1011.5,0.1,11.0,2.6,0.1,2.6,0
2020-03-09,2020,3,9,Pre-Monsoon,Odisha Coastal,20.27,85.84,5,120,Normal,35.4,56.4,1007.6,8.6,18.0,129.0,67.0,38.2,55.8,1008.8,0.4,13.1,2.8,8.2,2.8,0
2020-03-09,2020,3,9,Pre-Monsoon,Rajasthan (West),26.91,70.9,5,120,Normal,37.8,46.7,1011.6,12.8,9.0,10.0,19.0,38.0,44.1,1011.1,1.7,6.8,0.2,11.1,0.2,0
2020-03-09,2020,3,9,Pre-Monsoon,Maharashtra (Mumbai/Konkan),18.98,72.83,6,144,Normal,35.0,58.0,1006.4,0.0,10.3,335.0,57.0,33.5,52.6,1006.9,2.3,12.4,1.5,2.3,1.5,0
2020-03-09,2020,3,9,Pre-Monsoon,Rajasthan (West),26.91,70.9,6,144,Normal,32.4,46.7,1013.7,8.6,5.0,23.0,34.0,38.0,43.6,1011.1,1.7,6.8,5.6,6.9,5.6,1
2020-03-09,2020,3,9,Pre-Monsoon,West Bengal (Gangetic),22.57,88.36,6,144,Normal,38.1,43.2,1011.6,0.0,8.3,118.0,28.0,40.5,50.7,1011.5,0.1,11.0,2.4,0.1,2.4,0
2020-03-09,2020,3,9,Pre-Monsoon,Maharashtra (Mumbai/Konkan),18.98,72.83,7,168,Normal,34.4,58.0,1007.0,6.6,11.2,116.0,26.0,33.5,57.3,1006.9,2.3,12.4,0.9,4.3,0.9,0
2020-03-09,2020,3,9,Pre-Monsoon,Kerala Coast,9.93,76.26,8,192,Normal,36.9,58.0,1007.0,1.1,9.0,274.0,29.0,39.0,62.8,1007.8,1.7,10.5,2.1,0.6,2.1,0
2020-03-09,2020,3,9,Pre-Monsoon,Assam & Meghalaya,26.14,91.73,8,192,Normal,40.1,55.4,1011.5,2.2,7.0,84.0,75.0,39.9,55.9,1009.5,0.8,8.7,0.2,1.4,0.2,0
2020-03-09,2020,3,9,Pre-Monsoon,Gujarat Coastal,21.64,69.6,9,216,Normal,34.8,78.4,1017.7,0.0,8.3,185.0,39.0,35.6,84.5,1014.8,6.2,10.0,0.8,6.2,6.2,0
2020-03-09,2020,3,9,Pre-Monsoon,Odisha Coastal,20.27,85.84,10,240,Normal,40.7,56.4,1008.5,14.0,13.4,4.0,31.0,38.2,58.1,1008.8,0.4,13.1,2.5,13.6,2.5,0
2020-03-16,2020,3,16,Pre-Monsoon,Maharashtra (Mumbai/Konkan),18.98,72.83,1,24,Normal,31.4,51.3,1010.1,0.2,12.8,293.0,15.0,30.2,46.8,1009.6,0.7,12.4,1.2,0.5,1.2,0
2020-03-16,2020,3,16,Pre-Monsoon,Gujarat Coastal,21.64,69.6,1,24,Normal,36.1,52.8,1009.6,1.5,5.7,182.0,40.0,36.4,43.6,1010.1,1.3,5.7,0.3,0.2,0.3,0
2020-03-16,2020,3,16,Pre-Monsoon,Odisha Coastal,20.27,85.84,2,48,Normal,39.1,28.3,1009.9,0.0,6.6,206.0,94.0,38.7,20.5,1009.2,1.9,6.9,0.4,1.9,0.4,0
2020-03-16,2020,3,16,Pre-Monsoon,Rajasthan (West),26.91,70.9,2,48,Normal,39.6,55.8,1010.2,0.3,13.1,59.0,36.0,40.3,55.2,1010.4,1.0,13.5,0.7,0.7,0.7,0
2020-03-16,2020,3,16,Pre-Monsoon,Himachal Pradesh,31.1,77.17,2,48,Normal,35.7,43.3,1009.7,1.0,12.3,43.0,79.0,34.7,46.6,1009.9,2.0,13.6,1.0,1.0,1.0,0
2020-03-16,2020,3,16,Pre-Monsoon,Kerala Coast,9.93,76.26,3,72,Normal,35.4,31.2,1015.4,1.5,10.9,325.0,64.0,35.3,24.2,1014.3,3.6,9.3,0.1,2.1,0.1,0
2020-03-16,2020,3,16,Pre-Monsoon,Assam & Meghalaya,26.14,91.73,4,96,Normal,36.7,38.6,1008.0,0.0,9.8,103.0,93.0,34.9,39.7,1008.8,4.0,11.4,1.8,4.0,1.8,0
2020-03-16,2020,3,16,Pre-Monsoon,Odisha Coastal,20.27,85.84,6,144,Normal,37.7,28.3,1011.4,6.5,11.4,334.0,88.0,38.7,33.9,1009.2,1.9,6.9,1.0,4.6,1.0,0
2020-03-16,2020,3,16,Pre-Monsoon,West Bengal (Gangetic),22.57,88.36,6,144,Normal,33.4,59.4,1011.1,0.0,11.6,51.0,45.0,36.4,61.6,1010.9,0.9,11.9,3.0,0.9,3.0,0
2020-03-16,2020,3,16,Pre-Monsoon,Kerala Coast,9.93,76.26,8,192,Normal,37.4,31.2,1015.5,3.6,2.4,99.0,42.0,35.3,30.1,1014.3,3.6,9.3,2.1,0.0,2.1,0
2020-03-16,2020,3,16,Pre-Monsoon,Maharashtra (Mumbai/Konkan),18.98,72.83,8,192,Normal,32.9,51.3,1010.1,0.0,9.1,39.0,83.0,30.2,59.8,1009.6,0.7,12.4,2.7,0.7,2.7,0
2020-03-16,2020,3,16,Pre-Monsoon,West Bengal (Gangetic),22.57,88.36,8,192,Normal,38.0,59.4,1010.7,19.1,17.0,288.0,62.0,36.4,56.0,1010.9,0.9,11.9,1.6,18.2,1.6,0
2020-03-16,2020,3,16,Pre-Monsoon,Gujarat Coastal,21.64,69.6,9,216,Normal,35.7,52.8,1013.4,9.7,4.6,94.0,56.0,36.4,48.6,1010.1,1.3,5.7,0.7,8.4,0.7,1
2020-03-16,2020,3,16,Pre-Monsoon,Assam & Meghalaya,26.14,91.73,9,216,Normal,32.1,38.6,1010.2,7.3,10.1,255.0,51.0,34.9,41.7,1008.8,4.0,11.4,2.8,3.3,2.8,0
2020-03-16,2020,3,16,Pre-Monsoon,Rajasthan (West),26.91,70.9,10,240,Normal,40.9,55.8,1008.8,0.0,11.1,100.0,57.0,40.3,53.4,1010.4,1.0,13.5,0.6,1.0,0.6,0
2020-03-16,2020,3,16,Pre-Monsoon,Himachal Pradesh,31.1,77.17,10,240,Normal,37.2,43.3,1011.2,0.0,15.9,250.0,74.0,34.7,47.4,1009.9,2.0,13.6,2.5,2.0,2.5,0
2020-03-23,2020,3,23,Pre-Monsoon,Kerala Coast,9.93,76.26,1,24,Normal,33.0,42.5,1013.4,2.1,8.5,195.0,92.0,33.5,44.2,1013.1,3.4,9.1,0.5,1.3,0.5,0
2020-03-23,2020,3,23,Pre-Monsoon,Himachal Pradesh,31.1,77.17,1,24,Normal,38.9,50.5,1011.7,8.6,12.0,189.0,25.0,39.5,46.6,1011.8,4.3,11.3,0.6,4.3,0.6,0
2020-03-23,2020,3,23,Pre-Monsoon,West Bengal (Gangetic),22.57,88.36,1,24,Normal,32.2,45.5,1007.9,0.0,11.9,313.0,49.0,32.3,51.0,1007.9,0.6,12.6,0.1,0.6,0.1,0
2020-03-23,2020,3,23,Pre-Monsoon,Rajasthan (West),26.91,70.9,2,48,Normal,37.7,49.8,1011.4,0.6,7.0,323.0,88.0,36.1,46.4,1012.2,2.2,8.7,1.6,1.6,1.6,0
2020-03-23,2020,3,23,Pre-Monsoon,West Bengal (Gangetic),22.57,88.36,2,48,Normal,32.4,45.5,1010.1,2.1,10.4,255.0,22.0,32.3,48.1,1007.9,0.6,12.6,0.1,1.5,0.1,0
2020-03-23,2020,3,23,Pre-Monsoon,Himachal Pradesh,31.1,77.17,3,72,Normal,38.2,50.5,1011.8,7.8,12.5,227.0,92.0,39.5,52.9,1011.8,4.3,11.3,1.3,3.5,1.3,0
2020-03-23,2020,3,23,Pre-Monsoon,Assam & Meghalaya,26.14,91.73,3,72,Normal,39.4,56.2,1013.0,2.8,6.5,334.0,58.0,41.0,61.8,1013.7,0.5,7.6,1.6,2.3,1.6,0
2020-03-23,2020,3,23,Pre-Monsoon,Kerala Coast,9.93,76.26,4,96,Normal,33.5,42.5,1014.0,6.3,10.4,301.0,13.0,33.5,39.8,1013.1,3.4,9.1,0.0,2.9,0.0,0
2020-03-23,2020,3,23,Pre-Monsoon,Rajasthan (West),26.91,70.9,5,120,Normal,35.6,49.8,1012.1,3.0,10.7,46.0,69.0,36.1,51.9,1012.2,2.2,8.7,0.5,0.8,0.5,0
2020-03-23,2020,3,23,Pre-Monsoon,Assam & Meghalaya,26.14,91.73,5,120,Normal,41.7,56.2,1013.2,0.0,7.8,119.0,42.0,41.0,52.6,1013.7,0.5,7.6,0.7,0.5,0.7,0
2020-03-23,2020,3,23,Pre-Monsoon,Gujarat Coastal,21.64,69.6,6,144,Normal,39.7,45.0,1004.7,0.0,10.9,11.0,47.0,38.5,43.5,1006.6,3.2,9.8,1.2,3.2,1.2,0
2020-03-23,2020,3,23,Pre-Monsoon,Odisha Coastal,20.27,85.84,7,168,Normal,33.3,48.6,1010.4,6.1,10.5,94.0,80.0,36.0,48.7,1010.1,0.0,8.9,2.7,6.1,2.7,0
2020-03-23,2020,3,23,Pre-Monsoon,Maharashtra (Mumbai/Konkan),18.98,72.83,7,168,Heat Wave,45.6,56.6,1010.8,0.0,9.6,187.0,27.0,43.0,55.6,1013.7,2.2,11.8,2.6,2.2,2.6,0
2020-03-23,2020,3,23,Pre-Monsoon,Odisha Coastal,20.27,85.84,8,192,Normal,37.2,48.6,1009.7,0.0,9.0,107.0,83.0,36.0,46.6,1010.1,0.0,8.9,1.2,0.0,1.2,0
2020-03-23,2020,3,23,Pre-Monsoon,Maharashtra (Mumbai/Konkan),18.98,72.83,8,192,Heat Wave,45.3,56.6,1012.2,0.0,15.2,306.0,78.0,43.0,54.9,1013.7,2.2,11.8,2.3,2.2,2.3,0
2020-03-23,2020,3,23,Pre-Monsoon,Gujarat Coastal,21.64,69.6,9,216,Normal,37.9,45.0,1006.6,0.0,6.7,87.0,17.0,38.5,46.9,1006.6,3.2,9.8,0.6,3.2,0.6,0
2020-03-30,2020,3,30,Pre-Monsoon,Maharashtra (Mumbai/Konkan),18.98,72.83,1,24,Heat Wave,42.8,47.8,1011.8,0.0,8.3,76.0,25.0,42.1,46.8,1011.7,1.0,10.0,0.7,1.0,0.7,0
2020-03-30,2020,3,30,Pre-Monsoon,Rajasthan (West),26.91,70.9,1,24,Normal,35.1,25.0,1012.0,1.5,7.9,210.0,13.0,35.7,23.0,1011.2,1.9,7.4,0.6,0.4,0.6,0
2020-03-30,2020,3,30,Pre-Monsoon,Gujarat Coastal,21.64,69.6,2,48,Normal,36.1,54.9,1009.2,2.4,7.4,70.0,85.0,35.2,51.3,1009.1,1.7,8.6,0.9,0.7,0.9,0
2020-03-30,2020,3,30,Pre-Monsoon,Rajasthan (West),26.91,70.9,2,48,Normal,35.2,25.0,1012.5,0.0,8.5,126.0,61.0,35.7,28.8,1011.2,1.9,7.4,0.5,1.9,0.5,0
2020-03-30,2020,3,30,Pre-Monsoon,Himachal Pradesh,31.1,77.17,2,48,Normal,40.3,54.2,1013.1,5.9,13.5,174.0,32.0,40.8,54.8,1013.2,2.7,14.2,0.5,3.2,0.5,0
2020-03-30,2020,3,30,Pre-Monsoon,Kerala Coast,9.93,76.26,4,96,Normal,35.0,43.4,1009.8,0.0,11.6,212.0,43.0,37.3,36.3,1009.6,1.7,9.1,2.3,1.7,2.3,0
2020-03-30,2020,3,30,Pre-Monsoon,Odisha Coastal,20.27,85.84,5,120,Cyclone,34.5,47.2,1007.3,0.0,7.3,105.0,83.0,34.6,45.4,1010.2,7.8,5.8,0.1,7.8,7.8,0
2020-03-30,2020,3,30,Pre-Monsoon,Maharashtra (Mumbai/Konkan),18.98,72.83,5,120,Heat Wave,39.9,47.8,1013.7,2.0,12.0,177.0,78.0,42.1,47.2,1011.7,1.0,10.0,2.2,1.0,2.2,0
2020-03-30,2020,3,30,Pre-Monsoon,Assam & Meghalaya,26.14,91.73,5,120,Normal,36.1,62.9,1013.9,0.0,9.9,201.0,36.0,36.8,58.5,1011.9,0.1,6.2,0.7,0.1,0.7,0
2020-03-30,2020,3,30,Pre-Monsoon,Gujarat Coastal,21.64,69.6,6,144,Normal,34.9,54.9,1009.7,0.0,1.2,282.0,72.0,35.2,59.3,1009.1,1.7,8.6,0.3,1.7,0.3,1
2020-03-30,2020,3,30,Pre-Monsoon,Odisha Coastal,20.27,85.84,8,192,Cyclone,38.9,47.2,1010.2,8.8,6.2,135.0,12.0,34.6,44.5,1010.2,7.8,5.8,4.3,1.0,1.0,1
2020-03-30,2020,3,30,Pre-Monsoon,Kerala Coast,9.93,76.26,8,192,Normal,35.1,43.4,1010.3,0.0,19.4,220.0,32.0,37.3,45.8,1009.6,1.7,9.1,2.2,1.7,2.2,1
2020-03-30,2020,3,30,Pre-Monsoon,Himachal Pradesh,31.1,77.17,8,192,Normal,46.0,54.2,1013.5,0.3,14.7,35.0,11.0,40.8,51.0,1013.2,2.7,14.2,5.2,2.4,5.2,1
2020-03-30,2020,3,30,Pre-Monsoon,West Bengal (Gangetic),22.57,88.36,8,192,Normal,30.6,54.6,1015.5,0.0,5.2,123.0,51.0,33.9,61.1,1012.1,0.2,5.2,3.3,0.2,3.3,1
2020-03-30,2020,3,30,Pre-Monsoon,West Bengal (Gangetic),22.57,88.36,9,216,Normal,31.1,54.6,1014.1,0.0,9.6,56.0,16.0,33.9,60.0,1012.1,0.2,5.2,2.8,0.2,2.8,0
2020-03-30,2020,3,30,Pre-Monsoon,Assam & Meghalaya,26.14,91.73,9,216,Normal,37.1,62.9,1012.0,0.0,7.0,173.0,85.0,36.8,71.9,1011.9,0.1,6.2,0.3,0.1,0.3,0
2020-04-06,2020,4,6,Pre-Monsoon,West Bengal (Gangetic),22.57,88.36,1,24,Normal,34.2,56.2,1006.3,3.0,11.2,246.0,43.0,34.7,56.2,1006.9,2.2,11.4,0.5,0.8,0.5,0
2020-04-06,2020,4,6,Pre-Monsoon,Assam & Meghalaya,26.14,91.73,1,24,Normal,31.3,42.1,1008.1,10.6,8.7,167.0,91.0,32.2,48.5,1008.6,14.1,8.9,0.9,3.5,3.5,0
2020-04-06,2020,4,6,Pre-Monsoon,Odisha Coastal,20.27,85.84,2,48,Normal,36.8,76.4,1012.3,2.3,10.1,163.0,15.0,37.5,74.1,1013.2,2.4,10.2,0.7,0.1,0.7,0
2020-04-06,2020,4,6,Pre-Monsoon,Kerala Coast,9.93,76.26,2,48,Normal,36.6,56.8,1011.9,3.2,4.5,101.0,16.0,37.9,59.9,1012.6,2.4,7.1,1.3,0.8,1.3,0
2020-04-06,2020,4,6,Pre-Monsoon,Rajasthan (West),26.91,70.9,2,48,Normal,35.9,54.8,1013.2,6.0,8.9,114.0,65.0,37.9,55.5,1011.7,1.6,8.1,2.0,4.4,2.0,0
2020-04-06,2020,4,6,Pre-Monsoon,Himachal Pradesh,31.1,77.17,2,48,Normal,34.8,42.7,1008.4,0.0,12.5,310.0,41.0,35.1,41.7,1008.7,2.6,10.3,0.3,2.6,0.3,0
2020-04-06,2020,4,6,Pre-Monsoon,Maharashtra (Mumbai/Konkan),18.98,72.83,3,72,Normal,38.8,39.7,1012.0,9.9,10.3,80.0,18.0,39.2,41.2,1012.1,3.6,8.2,0.4,6.3,0.4,0
2020-04-06,2020,4,6,Pre-Monsoon,Odisha Coastal,20.27,85.84,6,144,Normal,32.9,76.4,1012.4,0.0,9.3,248.0,67.0,37.5,79.3,1013.2,2.4,10.2,4.6,2.4,4.6,1
2020-04-06,2020,4,6,Pre-Monsoon,Maharashtra (Mumbai/Konkan),18.98,72.83,6,144,Normal,36.1,39.7,1012.1,0.0,6.3,273.0,94.0,39.2,38.5,1012.1,3.6,8.2,3.1,3.6,3.1,1
2020-04-06,2020,4,6,Pre-Monsoon,Gujarat Coastal,21.64,69.6,7,168,Normal,36.6,70.1,1014.5,0.0,7.6,206.0,66.0,40.1,71.2,1014.0,5.9,6.7,3.5,5.9,5.9,1
2020-04-06,2020,4,6,Pre-Monsoon,Kerala Coast,9.93,76.26,9,216,Normal,31.3,56.8,1011.6,0.0,5.8,67.0,68.0,37.9,60.3,1012.6,2.4,7.1,6.6,2.4,6.6,1
2020-04-06,2020,4,6,Pre-Monsoon,Rajasthan (West),26.91,70.9,9,216,Normal,37.0,54.8,1012.0,2.1,6.6,206.0,74.0,37.9,56.6,1011.7,1.6,8.1,0.9,0.5,0.9,0
2020-04-06,2020,4,6,Pre-Monsoon,Himachal Pradesh,31.1,77.17,9,216,Normal,34.2,42.7,1007.5,14.4,13.6,54.0,62.0,35.1,40.8,1008.7,2.6,10.3,0.9,11.8,0.9,0
2020-04-06,2020,4,6,Pre-Monsoon,Gujarat Coastal,21.64,69.6,10,240,Normal,37.8,70.1,1011.7,7.4,3.3,129.0,52.0,40.1,72.2,1014.0,5.9,6.7,2.3,1.5,1.5,0
2020-04-06,2020,4,6,Pre-Monsoon,West Bengal (Gangetic),22.57,88.36,10,240,Normal,35.1,56.2,1003.3,0.0,16.5,90.0,14.0,34.7,55.2,1006.9,2.2,11.4,0.4,2.2,0.4,1
2020-04-06,2020,4,6,Pre-Monsoon,Assam & Meghalaya,26.14,91.73,10,240,Normal,31.8,42.1,1010.6,7.2,5.4,323.0,91.0,32.2,40.3,1008.6,14.1,8.9,0.4,6.9,6.9,0
2020-04-13,2020,4,13,Pre-Monsoon,Maharashtra (Mumbai/Konkan),18.98,72.83,1,24,Normal,38.8,56.8,1013.2,0.0,11.0,56.0,30.0,38.9,52.8,1012.7,1.6,10.6,0.1,1.6,0.1,0
2020-04-13,2020,4,13,Pre-Monsoon,Gujarat Coastal,21.64,69.6,3,72,Normal,35.1,63.9,1015.8,5.9,12.1,46.0,63.0,34.7,70.1,1014.8,0.1,10.0,0.4,5.8,0.4,0
2020-04-13,2020,4,13,Pre-Monsoon,Assam & Meghalaya,26.14,91.73,3,72,Normal,36.1,62.9,1009.9,0.2,8.0,120.0,43.0,34.4,56.5,1010.4,0.7,7.8,1.7,0.5,1.7,0
2020-04-13,2020,4,13,Pre-Monsoon,Odisha Coastal,20.27,85.84,4,96,Normal,37.4,61.7,1014.2,0.0,9.1,169.0,11.0,35.4,66.1,1012.4,1.8,9.9,2.0,1.8,2.0,0
2020-04-13,2020,4,13,Pre-Monsoon,West Bengal (Gangetic),22.57,88.36,4,96,Normal,35.6,36.6,1012.8,0.0,11.6,27.0,83.0,35.7,36.2,1010.3,0.2,11.5,0.1,0.2,0.1,0
2020-04-13,2020,4,13,Pre-Monsoon,Gujarat Coastal,21.64,69.6,5,120,Normal,36.5,63.9,1013.8,0.0,2.3,265.0,37.0,34.7,55.8,1014.8,0.1,10.0,1.8,0.1,1.8,1
2020-04-13,2020,4,13,Pre-Monsoon,West Bengal (Gangetic),22.57,88.36,5,120,Normal,35.3,36.6,1012.4,1.8,14.2,292.0,41.0,35.7,40.6,1010.3,0.2,11.5,0.4,1.6,0.4,0
2020-04-13,2020,4,13,Pre-Monsoon,Maharashtra (Mumbai/Konkan),18.98,72.83,6,144,Normal,40.0,56.8,1011.0,12.4,10.2,231.0,28.0,38.9,61.0,1012.7,1.6,10.6,1.1,10.8,1.1,0
2020-04-13,2020,4,13,Pre-Monsoon,Kerala Coast,9.93,76.26,7,168,Normal,38.6,45.4,1011.5,0.0,11.6,156.0,88.0,33.7,40.3,1010.8,0.8,7.7,4.9,0.8,4.9,1
2020-04-13,2020,4,13,Pre-Monsoon,Odisha Coastal,20.27,85.84,8,192,Normal,31.7,61.7,1014.0,0.0,16.0,334.0,29.0,35.4,65.6,1012.4,1.8,9.9,3.7,1.8,3.7,1
2020-04-13,2020,4,13,Pre-Monsoon,Kerala Coast,9.93,76.26,8,192,Normal,34.6,45.4,1010.1,12.6,10.9,134.0,59.0,33.7,61.1,1010.8,0.8,7.7,0.9,11.8,0.9,0
2020-04-13,2020,4,13,Pre-Monsoon,Rajasthan (West),26.91,70.9,8,192,Normal,32.8,31.5,1015.4,8.7,15.9,36.0,93.0,34.4,32.4,1012.9,1.1,11.9,1.6,7.6,1.6,0
2020-04-13,2020,4,13,Pre-Monsoon,Himachal Pradesh,31.1,77.17,8,192,Normal,36.9,53.4,1009.5,0.0,14.3,86.0,26.0,39.2,53.3,1007.3,0.9,12.2,2.3,0.9,2.3,0
2020-04-13,2020,4,13,Pre-Monsoon,Himachal Pradesh,31.1,77.17,9,216,Normal,39.2,53.4,1010.2,1.0,13.7,71.0,53.0,39.2,53.9,1007.3,0.9,12.2,0.0,0.1,0.0,0
2020-04-13,2020,4,13,Pre-Monsoon,Rajasthan (West),26.91,70.9,10,240,Normal,33.0,31.5,1011.1,0.0,13.8,151.0,19.0,34.4,35.0,1012.9,1.1,11.9,1.4,1.1,1.4,0
2020-04-13,2020,4,13,Pre-Monsoon,Assam & Meghalaya,26.14,91.73,10,240,Normal,33.3,62.9,1008.6,3.4,1.0,333.0,86.0,34.4,59.9,1010.4,0.7,7.8,1.1,2.7,1.1,0
2020-04-20,2020,4,20,Pre-Monsoon,Maharashtra (Mumbai/Konkan),18.98,72.83,2,48,Normal,32.4,71.4,1008.0,6.6,10.6,86.0,12.0,31.2,78.6,1008.3,0.4,9.3,1.2,6.2,1.2,0
2020-04-20,2020,4,20,Pre-Monsoon,Himachal Pradesh,31.1,77.17,2,48,Normal,41.2,41.2,1010.3,2.4,15.1,141.0,21.0,40.0,45.8,1011.3,1.3,12.5,1.2,1.1,1.2,0
2020-04-20,2020,4,20,Pre-Monsoon,Assam & Meghalaya,26.14,91.73,2,48,Normal,32.8,57.7,1012.5,4.3,17.1,168.0,23.0,32.7,62.7,1013.0,0.8,15.4,0.1,3.5,0.1,0
2020-04-20,2020,4,20,Pre-Monsoon,Gujarat Coastal,21.64,69.6,3,72,Normal,36.6,41.4,1012.2,0.0,15.3,57.0,53.0,34.6,47.1,1012.5,0.2,13.3,2.0,0.2,2.0,0
2020-04-20,2020,4,20,Pre-Monsoon,West Bengal (Gangetic),22.57,88.36,3,72,Normal,33.7,39.9,1008.4,1.2,9.1,246.0,75.0,33.9,45.1,1009.3,0.1,7.0,0.2,1.1,0.2,0
2020-04-20,2020,4,20,Pre-Monsoon,Kerala Coast,9.93,76.26,5,120,Normal,37.5,62.1,1011.3,4.4,14.1,222.0,80.0,40.7,66.9,1010.2,1.0,10.8,3.2,3.4,3.2,1
2020-04-20,2020,4,20,Pre-Monsoon,Odisha Coastal,20.27,85.84,6,144,Normal,38.2,65.5,1010.2,0.0,15.7,211.0,90.0,39.2,68.6,1010.1,1.3,11.8,1.0,1.3,1.0,0
2020-04-20,2020,4,20,Pre-Monsoon,Rajasthan (West),26.91,70.9,6,144,Normal,35.5,49.0,1010.4,9.4,17.5,75.0,51.0,36.1,46.4,1009.6,2.6,9.4,0.6,6.8,0.6,1
2020-04-20,2020,4,20,Pre-Monsoon,West Bengal (Gangetic),22.57,88.36,6,144,Normal,33.4,39.9,1009.1,0.0,9.4,81.0,74.0,33.9,44.3,1009.3,0.1,7.0,0.5,0.1,0.5,0
2020-04-20,2020,4,20,Pre-Monsoon,Assam & Meghalaya,26.14,91.73,6,144,Normal,28.7,57.7,1013.6,4.9,16.0,220.0,55.0,32.7,49.3,1013.0,0.8,15.4,4.0,4.1,4.0,1
2020-04-20,2020,4,20,Pre-Monsoon,Himachal Pradesh,31.1,77.17,7,168,Normal,41.1,41.2,1010.5,4.3,13.2,177.0,29.0,40.0,39.6,1011.3,1.3,12.5,1.1,3.0,1.1,0
2020-04-20,2020,4,20,Pre-Monsoon,Kerala Coast,9.93,76.26,8,192,Normal,46.9,62.1,1012.0,3.7,10.8,347.0,34.0,40.7,58.9,1010.2,1.0,10.8,6.2,2.7,6.2,1
2020-04-20,2020,4,20,Pre-Monsoon,Gujarat Coastal,21.64,69.6,8,192,Normal,35.8,41.4,1015.7,0.0,12.9,82.0,37.0,34.6,36.6,1012.5,0.2,13.3,1.2,0.2,1.2,1
2020-04-20,2020,4,20,Pre-Monsoon,Rajasthan (West),26.91,70.9,8,192,Normal,38.3,49.0,1010.0,7.2,8.5,22.0,49.0,36.1,46.2,1009.6,2.6,9.4,2.2,4.6,2.2,0
2020-04-20,2020,4,20,Pre-Monsoon,Odisha Coastal,20.27,85.84,9,216,Normal,43.3,65.5,1010.9,1.9,20.9,305.0,55.0,39.2,58.1,1010.1,1.3,11.8,4.1,0.6,4.1,1
2020-04-20,2020,4,20,Pre-Monsoon,Maharashtra (Mumbai/Konkan),18.98,72.83,9,216,Normal,31.7,71.4,1007.2,0.9,7.9,195.0,71.0,31.2,68.4,1008.3,0.4,9.3,0.5,0.5,0.5,0
2020-04-27,2020,4,27,Pre-Monsoon,Rajasthan (West),26.91,70.9,2,48,Normal,34.2,36.6,1008.0,0.0,9.5,217.0,71.0,33.4,40.1,1008.8,3.2,11.6,0.8,3.2,0.8,0
2020-04-27,2020,4,27,Pre-Monsoon,Himachal Pradesh,31.1,77.17,2,48,Normal,37.8,57.7,1011.1,5.5,7.5,71.0,43.0,36.3,63.2,1010.4,2.9,7.2,1.5,2.6,1.5,0
2020-04-27,2020,4,27,Pre-Monsoon,Odisha Coastal,20.27,85.84,3,72,Normal,35.8,46.2,1013.3,3.3,14.3,41.0,50.0,36.2,42.5,1012.6,3.4,12.3,0.4,0.1,0.4,0
2020-04-27,2020,4,27,Pre-Monsoon,Assam & Meghalaya,26.14,91.73,4,96,Normal,35.3,50.2,1009.7,3.6,8.9,270.0,60.0,33.6,54.5,1009.4,0.4,9.8,1.7,3.2,1.7,0
2020-04-27,2020,4,27,Pre-Monsoon,Gujarat Coastal,21.64,69.6,5,120,Normal,32.9,56.8,1015.3,3.5,3.6,334.0,45.0,35.4,54.7,1014.0,0.7,8.6,2.5,2.8,2.5,0
2020-04-27,2020,4,27,Pre-Monsoon,Maharashtra (Mumbai/Konkan),18.98,72.83,6,144,Normal,37.3,54.2,1009.2,2.0,11.7,11.0,28.0,38.1,55.1,1009.6,3.9,10.1,0.8,1.9,0.8,0
2020-04-27,2020,4,27,Pre-Monsoon,Kerala Coast,9.93,76.26,7,168,Normal,34.6,68.4,1007.9,0.0,11.8,52.0,57.0,34.7,72.4,1007.4,1.0,10.5,0.1,1.0,0.1,0
2020-04-27,2020,4,27,Pre-Monsoon,Gujarat Coastal,21.64,69.6,8,192,Normal,35.0,56.8,1012.1,0.0,6.7,32.0,17.0,35.4,58.0,1014.0,0.7,8.6,0.4,0.7,0.4,0
2020-04-27,2020,4,27,Pre-Monsoon,Himachal Pradesh,31.1,77.17,8,192,Normal,36.3,57.7,1012.9,13.0,10.5,91.0,37.0,36.3,60.9,1010.4,2.9,7.2,0.0,10.1,0.0,0
2020-04-27,2020,4,27,Pre-Monsoon,West Bengal (Gangetic),22.57,88.36,8,192,Normal,38.8,41.5,1013.6,0.0,8.6,144.0,70.0,41.1,44.9,1009.0,1.4,6.9,2.3,1.4,2.3,1
2020-04-27,2020,4,27,Pre-Monsoon,Assam & Meghalaya,26.14,91.73,8,192,Normal,35.1,50.2,1009.5,0.0,5.1,235.0,70.0,33.6,48.8,1009.4,0.4,9.8,1.5,0.4,1.5,0
2020-04-27,2020,4,27,Pre-Monsoon,Kerala Coast,9.93,76.26,9,216,Normal,37.1,68.4,1005.8,2.5,13.3,168.0,63.0,34.7,68.0,1007.4,1.0,10.5,2.4,1.5,2.4,0
2020-04-27,2020,4,27,Pre-Monsoon,Odisha Coastal,20.27,85.84,10,240,Normal,34.6,46.2,1011.2,0.0,13.1,167.0,40.0,36.2,48.8,1012.6,3.4,12.3,1.6,3.4,1.6,0
2020-04-27,2020,4,27,Pre-Monsoon,Maharashtra (Mumbai/Konkan),18.98,72.83,10,240,Normal,38.5,54.2,1010.8,0.0,9.5,27.0,25.0,38.1,46.4,1009.6,3.9,10.1,0.4,3.9,0.4,0
2020-04-27,2020,4,27,Pre-Monsoon,Rajasthan (West),26.91,70.9,10,240,Normal,35.7,36.6,1005.2,7.1,7.5,123.0,61.0,33.4,37.9,1008.8,3.2,11.6,2.3,3.9,2.3,1
2020-04-27,2020,4,27,Pre-Monsoon,West Bengal (Gangetic),22.57,88.36,10,240,Normal,38.7,41.5,1009.4,0.0,8.9,312.0,62.0,41.1,38.4,1009.0,1.4,6.9,2.4,1.4,2.4,0
2020-05-04,2020,5,4,Pre-Monsoon,Maharashtra (Mumbai/Konkan),18.98,72.83,1,24,Normal,35.1,47.8,1010.4,1.5,8.0,180.0,84.0,34.4,48.7,1009.7,0.1,8.3,0.7,1.4,0.7,0
2020-05-04,2020,5,4,Pre-Monsoon,West Bengal (Gangetic),22.57,88.36,3,72,Normal,33.3,62.4,1009.2,6.9,9.3,171.0,31.0,33.2,56.0,1008.5,1.5,8.1,0.1,5.4,0.1,0
2020-05-04,2020,5,4,Pre-Monsoon,Odisha Coastal,20.27,85.84,4,96,Cyclone,36.7,75.2,1006.8,0.0,2.8,42.0,70.0,35.5,81.9,1008.2,2.7,9.5,1.2,2.7,1.2,0
2020-05-04,2020,5,4,Pre-Monsoon,Assam & Meghalaya,26.14,91.73,4,96,Normal,35.2,49.1,1012.6,0.0,8.7,28.0,29.0,34.7,50.8,1012.7,0.9,9.1,0.5,0.9,0.5,0
2020-05-04,2020,5,4,Pre-Monsoon,Maharashtra (Mumbai/Konkan),18.98,72.83,5,120,Normal,31.6,47.8,1010.1,0.0,5.8,341.0,54.0,34.4,52.8,1009.7,0.1,8.3,2.8,0.1,2.8,0
2020-05-04,2020,5,4,Pre-Monsoon,Gujarat Coastal,21.64,69.6,5,120,Normal,36.6,26.6,1007.4,5.5,2.3,141.0,20.0,37.8,24.6,1007.6,0.7,3.4,1.2,4.8,1.2,0
2020-05-04,2020,5,4,Pre-Monsoon,Himachal Pradesh,31.1,77.17,5,120,Normal,34.2,56.0,1012.7,0.0,9.5,303.0,39.0,36.7,62.3,1012.5,1.3,8.4,2.5,1.3,2.5,0
2020-05-04,2020,5,4,Pre-Monsoon,Gujarat Coastal,21.64,69.6,6,144,Normal,40.4,26.6,1009.6,1.0,3.9,357.0,50.0,37.8,23.5,1007.6,0.7,3.4,2.6,0.3,2.6,0
2020-05-04,2020,5,4,Pre-Monsoon,West Bengal (Gangetic),22.57,88.36,7,168,Normal,35.5,62.4,1010.0,3.1,9.1,97.0,49.0,33.2,65.2,1008.5,1.5,8.1,2.3,1.6,2.3,0
2020-05-04,2020,5,4,Pre-Monsoon,Odisha Coastal,20.27,85.84,8,192,Cyclone,36.5,75.2,1011.2,0.0,8.7,294.0,67.0,35.5,75.9,1008.2,2.7,9.5,1.0,2.7,1.0,0
2020-05-04,2020,5,4,Pre-Monsoon,Kerala Coast,9.93,76.26,8,192,Normal,36.5,39.7,1006.7,1.8,17.5,194.0,83.0,34.2,39.7,1010.4,0.6,9.1,2.3,1.2,2.3,1
2020-05-04,2020,5,4,Pre-Monsoon,Rajasthan (West),26.91,70.9,8,192,Normal,37.9,31.0,1009.5,0.0,6.2,42.0,86.0,35.0,34.1,1010.0,0.6,8.1,2.9,0.6,2.9,0
2020-05-04,2020,5,4,Pre-Monsoon,Himachal Pradesh,31.1,77.17,8,192,Normal,39.6,56.0,1011.2,0.0,3.3,253.0,25.0,36.7,52.0,1012.5,1.3,8.4,2.9,1.3,2.9,0
2020-05-04,2020,5,4,Pre-Monsoon,Kerala Coast,9.93,76.26,10,240,Normal,33.4,39.7,1010.3,1.8,7.3,266.0,54.0,34.2,41.5,1010.4,0.6,9.1,0.8,1.2,0.8,0
2020-05-04,2020,5,4,Pre-Monsoon,Rajasthan (West),26.91,70.9,10,240,Normal,35.0,31.0,1008.8,6.4,14.8,291.0,72.0,35.0,36.2,1010.0,0.6,8.1,0.0,5.8,0.0,0
2020-05-04,2020,5,4,Pre-Monsoon,Assam & Meghalaya,26.14,91.73,10,240,Normal,37.4,49.1,1009.4,12.7,7.6,194.0,77.0,34.7,48.5,1012.7,0.9,9.1,2.7,11.8,2.7,1
2020-05-11,2020,5,11,Pre-Monsoon,Assam & Meghalaya,26.14,91.73,1,24,Normal,32.7,40.8,1014.4,2.0,11.8,229.0,20.0,34.3,48.1,1013.4,1.5,12.0,1.6,0.5,1.6,0
2020-05-11,2020,5,11,Pre-Monsoon,Kerala Coast,9.93,76.26,3,72,Normal,36.0,60.6,1012.6,1.6,12.3,270.0,74.0,34.8,58.9,1012.9,0.9,11.4,1.2,0.7,1.2,0
2020-05-11,2020,5,11,Pre-Monsoon,West Bengal (Gangetic),22.57,88.36,3,72,Normal,33.6,60.5,1009.9,4.6,5.8,200.0,73.0,34.9,58.1,1010.3,1.9,5.8,1.3,2.7,1.3,0
2020-05-11,2020,5,11,Pre-Monsoon,Kerala Coast,9.93,76.26,4,96,Normal,35.6,60.6,1013.5,6.8,9.8,241.0,75.0,34.8,66.7,1012.9,0.9,11.4,0.8,5.9,0.8,0
2020-05-11,2020,5,11,Pre-Monsoon,Maharashtra (Mumbai/Konkan),18.98,72.83,4,96,Normal,40.0,49.2,1012.5,9.9,17.6,54.0,28.0,40.4,54.3,1011.9,3.4,12.6,0.4,6.5,0.4,0
2020-05-11,2020,5,11,Pre-Monsoon,Odisha Coastal,20.27,85.84,5,120,Normal,40.4,47.6,1010.4,2.1,12.2,187.0,46.0,39.1,48.9,1007.7,0.1,10.9,1.3,2.0,1.3,0
2020-05-11,2020,5,11,Pre-Monsoon,Assam & Meghalaya,26.14,91.73,5,120,Normal,35.1,40.8,1011.3,4.1,14.0,4.0,86.0,34.3,42.8,1013.4,1.5,12.0,0.8,2.6,0.8,0
2020-05-11,2020,5,11,Pre-Monsoon,Odisha Coastal,20.27,85.84,6,144,Normal,41.3,47.6,1006.7,0.0,16.7,281.0,31.0,39.1,46.5,1007.7,0.1,10.9,2.2,0.1,2.2,0
2020-05-11,2020,5,11,Pre-Monsoon,Maharashtra (Mumbai/Konkan),18.98,72.83,6,144,Normal,40.4,49.2,1009.2,3.5,13.3,231.0,28.0,40.4,48.8,1011.9,3.4,12.6,0.0,0.1,0.0,0
2020-05-11,2020,5,11,Pre-Monsoon,West Bengal (Gangetic),22.57,88.36,6,144,Normal,36.0,60.5,1011.0,0.8,8.5,153.0,27.0,34.9,62.8,1010.3,1.9,5.8,1.1,1.1,1.1,0
2020-05-11,2020,5,11,Pre-Monsoon,Rajasthan (West),26.91,70.9,7,168,Normal,33.7,57.3,1010.8,0.0,9.5,357.0,19.0,34.4,62.7,1011.0,1.7,6.2,0.7,1.7,0.7,0
2020-05-11,2020,5,11,Pre-Monsoon,Gujarat Coastal,21.64,69.6,8,192,Heat Wave,42.1,56.1,1016.2,0.0,5.6,312.0,44.0,43.0,61.8,1012.6,0.5,10.1,0.9,0.5,0.9,1
2020-05-11,2020,5,11,Pre-Monsoon,Rajasthan (West),26.91,70.9,8,192,Normal,34.4,57.3,1006.0,8.1,4.3,97.0,39.0,34.4,57.9,1011.0,1.7,6.2,0.0,6.4,0.0,1
2020-05-11,2020,5,11,Pre-Monsoon,Himachal Pradesh,31.1,77.17,8,192,Normal,41.6,47.0,1009.6,4.8,14.1,39.0,50.0,41.3,46.7,1009.6,1.5,14.5,0.3,3.3,0.3,0
2020-05-11,2020,5,11,Pre-Monsoon,Gujarat Coastal,21.64,69.6,9,216,Heat Wave,47.5,56.1,1012.0,0.0,18.5,23.0,32.0,43.0,51.5,1012.6,0.5,10.1,4.5,0.5,4.5,1
2020-05-11,2020,5,11,Pre-Monsoon,Himachal Pradesh,31.1,77.17,10,240,Normal,40.0,47.0,1012.9,1.7,20.3,278.0,29.0,41.3,52.4,1009.6,1.5,14.5,1.3,0.2,1.3,1
2020-05-18,2020,5,18,Pre-Monsoon,Assam & Meghalaya,26.14,91.73,1,24,Normal,39.0,51.4,1008.7,0.9,12.2,238.0,60.0,38.2,53.7,1008.9,0.6,10.8,0.8,0.3,0.8,0
2020-05-18,2020,5,18,Pre-Monsoon,Odisha Coastal,20.27,85.84,2,48,Normal,34.0,43.2,1008.0,0.0,7.3,215.0,40.0,33.0,41.3,1008.7,0.1,7.2,1.0,0.1,1.0,0
2020-05-18,2020,5,18,Pre-Monsoon,Gujarat Coastal,21.64,69.6,3,72,Normal,37.4,55.7,1005.4,0.0,12.6,229.0,64.0,38.5,56.3,1005.7,0.7,12.1,1.1,0.7,1.1,0
2020-05-18,2020,5,18,Pre-Monsoon,Gujarat Coastal,21.64,69.6,4,96,Normal,41.5,55.7,1006.2,4.2,15.5,39.0,78.0,38.5,51.9,1005.7,0.7,12.1,3.0,3.5,3.0,0
2020-05-18,2020,5,18,Pre-Monsoon,Odisha Coastal,20.27,85.84,5,120,Normal,31.5,43.2,1008.1,0.0,6.8,331.0,59.0,33.0,45.4,1008.7,0.1,7.2,1.5,0.1,1.5,0
2020-05-18,2020,5,18,Pre-Monsoon,Maharashtra (Mumbai/Konkan),18.98,72.83,5,120,Normal,37.6,37.4,1007.0,0.0,3.8,130.0,30.0,38.1,37.5,1008.5,2.3,8.5,0.5,2.3,0.5,0
2020-05-18,2020,5,18,Pre-Monsoon,Himachal Pradesh,31.1,77.17,5,120,Normal,35.0,47.4,1009.3,3.3,10.3,181.0,87.0,36.7,53.0,1010.2,0.2,12.8,1.7,3.1,1.7,0
2020-05-18,2020,5,18,Pre-Monsoon,Assam & Meghalaya,26.14,91.73,5,120,Normal,40.8,51.4,1009.2,0.0,11.5,268.0,92.0,38.2,47.7,1008.9,0.6,10.8,2.6,0.6,2.6,0
2020-05-18,2020,5,18,Pre-Monsoon,Rajasthan (West),26.91,70.9,6,144,Normal,32.3,51.8,1007.5,6.3,10.3,130.0,42.0,36.1,52.4,1009.1,2.8,13.1,3.8,3.5,3.8,1
2020-05-18,2020,5,18,Pre-Monsoon,Himachal Pradesh,31.1,77.17,6,144,Normal,36.5,47.4,1010.2,0.1,16.5,246.0,88.0,36.7,40.4,1010.2,0.2,12.8,0.2,0.1,0.2,0
2020-05-18,2020,5,18,Pre-Monsoon,Kerala Coast,9.93,76.26,8,192,Normal,33.6,43.1,1008.9,0.0,7.3,313.0,80.0,33.9,38.4,1009.4,1.5,6.8,0.3,1.5,0.3,0
2020-05-18,2020,5,18,Pre-Monsoon,West Bengal (Gangetic),22.57,88.36,8,192,Normal,36.7,73.4,1013.1,0.0,14.2,17.0,81.0,36.8,80.6,1013.1,1.4,9.4,0.1,1.4,0.1,0
2020-05-18,2020,5,18,Pre-Monsoon,Kerala Coast,9.93,76.26,9,216,Normal,32.6,43.1,1010.7,2.5,10.7,178.0,92.0,33.9,38.9,1009.4,1.5,6.8,1.3,1.0,1.3,0
2020-05-18,2020,5,18,Pre-Monsoon,Maharashtra (Mumbai/Konkan),18.98,72.83,9,216,Normal,35.0,37.4,1009.8,0.9,4.6,154.0,24.0,38.1,34.1,1008.5,2.3,8.5,3.1,1.4,3.1,1
2020-05-18,2020,5,18,Pre-Monsoon,Rajasthan (West),26.91,70.9,9,216,Normal,39.9,51.8,1012.1,0.0,13.4,182.0,35.0,36.1,50.9,1009.1,2.8,13.1,3.8,2.8,3.8,1
2020-05-18,2020,5,18,Pre-Monsoon,West Bengal (Gangetic),22.57,88.36,10,240,Normal,33.1,73.4,1015.0,0.0,6.1,351.0,27.0,36.8,70.7,1013.1,1.4,9.4,3.7,1.4,3.7,1
2020-05-25,2020,5,25,Pre-Monsoon,Odisha Coastal,20.27,85.84,1,24,Normal,38.5,48.5,1011.2,7.5,13.2,292.0,50.0,39.1,47.5,1010.4,4.6,10.8,0.6,2.9,0.6,0
2020-05-25,2020,5,25,Pre-Monsoon,Rajasthan (West),26.91,70.9,2,48,Normal,31.3,55.7,1006.2,3.8,8.8,22.0,20.0,31.2,58.9,1006.6,2.0,9.1,0.1,1.8,0.1,0
2020-05-25,2020,5,25,Pre-Monsoon,Kerala Coast,9.93,76.26,3,72,Normal,36.6,59.8,1009.1,0.0,11.3,300.0,84.0,38.0,60.9,1007.5,0.4,10.5,1.4,0.4,1.4,0
2020-05-25,2020,5,25,Pre-Monsoon,Maharashtra (Mumbai/Konkan),18.98,72.83,3,72,Normal,33.1,47.3,1014.7,1.2,10.4,336.0,75.0,34.5,43.5,1014.7,2.8,10.0,1.4,1.6,1.4,0
2020-05-25,2020,5,25,Pre-Monsoon,Gujarat Coastal,21.64,69.6,3,72,Normal,37.4,58.6,1006.2,5.0,8.3,85.0,59.0,38.4,59.0,1005.9,1.8,10.5,1.0,3.2,1.0,0
2020-05-25,2020,5,25,Pre-Monsoon,Rajasthan (West),26.91,70.9,5,120,Normal,36.3,55.7,1003.2,0.0,7.8,95.0,39.0,31.2,56.5,1006.6,2.0,9.1,5.1,2.0,5.1,1
2020-05-25,2020,5,25,Pre-Monsoon,West Bengal (Gangetic),22.57,88.36,5,120,Normal,33.9,44.9,1008.7,2.3,10.7,44.0,69.0,33.1,43.7,1009.2,1.2,9.1,0.8,1.1,0.8,0
2020-05-25,2020,5,25,Pre-Monsoon,Gujarat Coastal,21.64,69.6,7,168,Normal,39.0,58.6,1007.2,2.6,3.8,101.0,87.0,38.4,58.1,1005.9,1.8,10.5,0.6,0.8,0.6,0
2020-05-25,2020,5,25,Pre-Monsoon,Himachal Pradesh,31.1,77.17,7,168,Normal,38.1,54.8,1014.0,0.0,6.9,82.0,35.0,36.4,57.3,1013.1,0.7,8.7,1.7,0.7,1.7,0
2020-05-25,2020,5,25,Pre-Monsoon,Assam & Meghalaya,26.14,91.73,7,168,Normal,34.1,58.3,1006.4,5.1,14.0,316.0,65.0,39.4,57.4,1006.9,1.9,9.8,5.3,3.2,5.3,1
2020-05-25,2020,5,25,Pre-Monsoon,Kerala Coast,9.93,76.26,8,192,Normal,37.1,59.8,1006.1,0.0,11.6,227.0,18.0,38.0,51.8,1007.5,0.4,10.5,0.9,0.4,0.9,0
2020-05-25,2020,5,25,Pre-Monsoon,Himachal Pradesh,31.1,77.17,8,192,Normal,37.5,54.8,1014.5,0.0,10.2,277.0,61.0,36.4,55.6,1013.1,0.7,8.7,1.1,0.7,1.1,0
2020-05-25,2020,5,25,Pre-Monsoon,Assam & Meghalaya,26.14,91.73,8,192,Normal,41.0,58.3,1009.8,1.7,7.4,40.0,56.0,39.4,64.3,1006.9,1.9,9.8,1.6,0.2,1.6,0
2020-05-25,2020,5,25,Pre-Monsoon,Odisha Coastal,20.27,85.84,10,240,Normal,36.9,48.5,1013.3,8.9,6.8,181.0,50.0,39.1,50.4,1010.4,4.6,10.8,2.2,4.3,2.2,0
2020-05-25,2020,5,25,Pre-Monsoon,Maharashtra (Mumbai/Konkan),18.98,72.83,10,240,Normal,32.8,47.3,1017.9,1.1,11.8,17.0,72.0,34.5,54.8,1014.7,2.8,10.0,1.7,1.7,1.7,1
2020-05-25,2020,5,25,Pre-Monsoon,West Bengal (Gangetic),22.57,88.36,10,240,Normal,36.9,44.9,1009.9,1.3,12.8,43.0,45.0,33.1,42.4,1009.2,1.2,9.1,3.8,0.1,3.8,1
2020-06-01,2020,6,1,Monsoon,Odisha Coastal,20.27,85.84,1,24,Normal,29.9,90.9,1005.2,10.2,12.9,53.0,77.0,27.9,97.4,1005.8,7.8,11.8,2.0,2.4,2.4,0
2020-06-01,2020,6,1,Monsoon,Rajasthan (West),26.91,70.9,1,24,Normal,27.5,77.4,1001.2,3.2,12.1,317.0,68.0,26.5,78.5,1000.7,8.8,11.7,1.0,5.6,5.6,0
2020-06-01,2020,6,1,Monsoon,Assam & Meghalaya,26.14,91.73,1,24,Normal,27.3,76.8,998.0,5.3,16.4,118.0,15.0,27.0,71.5,997.7,7.3,14.4,0.3,2.0,2.0,0
2020-06-01,2020,6,1,Monsoon,West Bengal (Gangetic),22.57,88.36,3,72,Normal,25.4,77.1,1004.1,20.3,11.7,242.0,76.0,25.6,75.9,1005.7,10.7,9.8,0.2,9.6,9.6,0
2020-06-01,2020,6,1,Monsoon,Maharashtra (Mumbai/Konkan),18.98,72.83,4,96,Normal,25.2,90.6,1000.4,8.2,15.6,4.0,86.0,26.8,90.6,1001.8,29.4,15.3,1.6,21.2,21.2,1
2020-06-01,2020,6,1,Monsoon,Gujarat Coastal,21.64,69.6,5,120,Normal,29.4,84.4,999.0,5.7,8.9,201.0,30.0,28.1,87.8,1000.4,5.7,10.5,1.3,0.0,0.0,0
2020-06-01,2020,6,1,Monsoon,West Bengal (Gangetic),22.57,88.36,5,120,Normal,25.6,77.1,1005.9,19.9,8.5,196.0,52.0,25.6,79.8,1005.7,10.7,9.8,0.0,9.2,9.2,0
2020-06-01,2020,6,1,Monsoon,Kerala Coast,9.93,76.26,6,144,Normal,29.5,74.4,1006.1,17.8,10.2,42.0,69.0,29.0,73.8,1006.8,2.8,10.1,0.5,15.0,0.5,0
2020-06-01,2020,6,1,Monsoon,Maharashtra (Mumbai/Konkan),18.98,72.83,6,144,Normal,25.8,90.6,998.7,10.7,14.4,229.0,57.0,26.8,90.7,1001.8,29.4,15.3,1.0,18.7,18.7,1
2020-06-01,2020,6,1,Monsoon,Rajasthan (West),26.91,70.9,6,144,Normal,24.9,77.4,999.9,19.4,13.0,26.0,10.0,26.5,78.5,1000.7,8.8,11.7,1.6,10.6,10.6,0
2020-06-01,2020,6,1,Monsoon,Himachal Pradesh,31.1,77.17,6,144,Normal,27.5,81.1,1012.2,5.3,10.6,254.0,38.0,28.8,75.1,1012.7,8.5,12.7,1.3,3.2,3.2,0
2020-06-01,2020,6,1,Monsoon,Gujarat Coastal,21.64,69.6,9,216,Normal,25.9,84.4,999.3,15.3,11.8,242.0,75.0,28.1,80.7,1000.4,5.7,10.5,2.2,9.6,9.6,0
2020-06-01,2020,6,1,Monsoon,Odisha Coastal,20.27,85.84,10,240,Normal,27.9,90.9,1005.9,0.0,9.2,137.0,67.0,27.9,89.9,1005.8,7.8,11.8,0.0,7.8,7.8,0
2020-06-01,2020,6,1,Monsoon,Kerala Coast,9.93,76.26,10,240,Normal,28.7,74.4,1005.1,11.3,11.9,88.0,68.0,29.0,74.4,1006.8,2.8,10.1,0.3,8.5,0.3,0
2020-06-01,2020,6,1,Monsoon,Himachal Pradesh,31.1,77.17,10,240,Normal,29.0,81.1,1012.8,0.0,20.9,80.0,67.0,28.8,75.5,1012.7,8.5,12.7,0.2,8.5,8.5,1
2020-06-01,2020,6,1,Monsoon,Assam & Meghalaya,26.14,91.73,10,240,Normal,25.0,76.8,993.8,24.0,13.4,206.0,42.0,27.0,82.3,997.7,7.3,14.4,2.0,16.7,16.7,1
2020-06-08,2020,6,8,Monsoon,Kerala Coast,9.93,76.26,1,24,Normal,28.0,89.5,1002.4,42.9,13.3,230.0,25.0,27.4,90.1,1002.7,25.1,14.8,0.6,17.8,17.8,0
2020-06-08,2020,6,8,Monsoon,Rajasthan (West),26.91,70.9,1,24,Normal,28.9,81.6,1001.2,4.8,13.3,204.0,81.0,28.8,83.8,1000.1,4.7,15.5,0.1,0.1,0.1,0
2020-06-08,2020,6,8,Monsoon,West Bengal (Gangetic),22.57,88.36,1,24,Normal,27.1,85.2,1008.8,0.0,13.6,199.0,22.0,27.8,84.5,1009.3,5.7,13.8,0.7,5.7,5.7,0
2020-06-08,2020,6,8,Monsoon,Himachal Pradesh,31.1,77.17,3,72,Normal,30.3,66.7,1006.5,0.8,16.8,137.0,20.0,29.2,57.3,1006.0,7.3,12.9,1.1,6.5,6.5,0
2020-06-08,2020,6,8,Monsoon,Assam & Meghalaya,26.14,91.73,3,72,Normal,28.2,91.5,1003.2,10.2,8.6,163.0,18.0,27.6,90.1,1003.6,12.5,10.1,0.6,2.3,2.3,0
2020-06-08,2020,6,8,Monsoon,Kerala Coast,9.93,76.26,4,96,Normal,30.1,89.5,1000.9,13.8,15.0,210.0,78.0,27.4,86.7,1002.7,25.1,14.8,2.7,11.3,11.3,0
2020-06-08,2020,6,8,Monsoon,West Bengal (Gangetic),22.57,88.36,4,96,Normal,28.2,85.2,1009.2,8.4,17.7,144.0,47.0,27.8,85.4,1009.3,5.7,13.8,0.4,2.7,2.7,0
2020-06-08,2020,6,8,Monsoon,Maharashtra (Mumbai/Konkan),18.98,72.83,5,120,Normal,28.7,87.7,1005.2,11.6,17.2,339.0,45.0,27.7,90.4,1007.2,5.7,18.7,1.0,5.9,5.9,0
2020-06-08,2020,6,8,Monsoon,Gujarat Coastal,21.64,69.6,5,120,Normal,26.1,85.0,1000.1,0.0,12.5,227.0,75.0,27.3,87.9,1001.8,2.1,12.2,1.2,2.1,1.2,0
2020-06-08,2020,6,8,Monsoon,Odisha Coastal,20.27,85.84,6,144,Normal,27.5,91.1,1002.9,7.8,17.1,71.0,42.0,26.3,95.7,1001.6,0.5,13.1,1.2,7.3,1.2,0
2020-06-08,2020,6,8,Monsoon,Himachal Pradesh,31.1,77.17,6,144,Normal,27.0,66.7,1006.6,18.7,14.2,41.0,38.0,29.2,70.4,1006.0,7.3,12.9,2.2,11.4,11.4,0
2020-06-08,2020,6,8,Monsoon,Maharashtra (Mumbai/Konkan),18.98,72.83,7,168,Normal,25.9,87.7,1006.2,2.9,21.3,162.0,82.0,27.7,90.8,1007.2,5.7,18.7,1.8,2.8,2.8,0
2020-06-08,2020,6,8,Monsoon,Odisha Coastal,20.27,85.84,8,192,Normal,27.7,91.1,1005.6,0.0,14.9,188.0,91.0,26.3,99.7,1001.6,0.5,13.1,1.4,0.5,1.4,1
2020-06-08,2020,6,8,Monsoon,Rajasthan (West),26.91,70.9,8,192,Normal,28.2,81.6,1000.8,9.0,11.6,308.0,83.0,28.8,85.3,1000.1,4.7,15.5,0.6,4.3,0.6,0
2020-06-08,2020,6,8,Monsoon,Gujarat Coastal,21.64,69.6,9,216,Normal,18.8,85.0,1001.7,11.6,9.4,234.0,84.0,27.3,81.4,1001.8,2.1,12.2,8.5,9.5,8.5,1
2020-06-08,2020,6,8,Monsoon,Assam & Meghalaya,26.14,91.73,10,240,Normal,31.3,91.5,1007.1,0.0,7.1,172.0,78.0,27.6,91.8,1003.6,12.5,10.1,3.7,12.5,12.5,1
2020-06-15,2020,6,15,Monsoon,Maharashtra (Mumbai/Konkan),18.98,72.83,1,24,Normal,28.8,85.4,1005.6,2.7,19.0,249.0,36.0,29.0,88.0,1004.6,2.3,17.9,0.2,0.4,0.2,0
2020-06-15,2020,6,15,Monsoon,Rajasthan (West),26.91,70.9,1,24,Normal,27.7,74.9,1001.3,3.3,17.7,267.0,80.0,28.8,74.8,1001.8,0.4,16.0,1.1,2.9,1.1,0
2020-06-15,2020,6,15,Monsoon,Assam & Meghalaya,26.14,91.73,1,24,Normal,27.6,76.6,1002.3,12.1,13.4,6.0,63.0,27.2,79.4,1002.9,5.7,13.1,0.4,6.4,6.4,0
2020-06-15,2020,6,15,Monsoon,Gujarat Coastal,21.64,69.6,2,48,Normal,28.5,96.1,1005.0,7.5,10.5,199.0,62.0,27.6,95.9,1005.4,3.8,12.5,0.9,3.7,0.9,0
2020-06-15,2020,6,15,Monsoon,Maharashtra (Mumbai/Konkan),18.98,72.83,4,96,Normal,32.0,85.4,1003.1,10.7,17.3,304.0,24.0,29.0,81.8,1004.6,2.3,17.9,3.0,8.4,3.0,0
2020-06-15,2020,6,15,Monsoon,West Bengal (Gangetic),22.57,88.36,4,96,Normal,28.8,84.6,997.0,2.8,14.7,262.0,88.0,28.6,76.2,998.1,6.2,14.1,0.2,3.4,3.4,0
2020-06-15,2020,6,15,Monsoon,West Bengal (Gangetic),22.57,88.36,5,120,Normal,27.3,84.6,998.1,14.0,15.0,285.0,72.0,28.6,81.9,998.1,6.2,14.1,1.3,7.8,7.8,0
2020-06-15,2020,6,15,Monsoon,Himachal Pradesh,31.1,77.17,6,144,Normal,29.7,89.6,1007.9,4.5,18.7,294.0,12.0,29.9,91.6,1006.1,4.0,12.4,0.2,0.5,0.2,0
2020-06-15,2020,6,15,Monsoon,Rajasthan (West),26.91,70.9,7,168,Normal,30.9,74.9,1001.3,9.2,16.5,329.0,42.0,28.8,82.4,1001.8,0.4,16.0,2.1,8.8,2.1,0
2020-06-15,2020,6,15,Monsoon,Assam & Meghalaya,26.14,91.73,7,168,Normal,28.4,76.6,1001.5,12.3,17.5,225.0,75.0,27.2,71.8,1002.9,5.7,13.1,1.2,6.6,6.6,0
2020-06-15,2020,6,15,Monsoon,Odisha Coastal,20.27,85.84,8,192,Normal,28.6,73.6,1011.0,11.4,14.3,89.0,42.0,28.7,69.9,1010.1,1.4,14.8,0.1,10.0,0.1,0
2020-06-15,2020,6,15,Monsoon,Kerala Coast,9.93,76.26,8,192,Normal,26.9,80.7,999.5,0.0,15.4,67.0,61.0,27.6,79.8,999.8,1.1,14.6,0.7,1.1,0.7,0
2020-06-15,2020,6,15,Monsoon,Gujarat Coastal,21.64,69.6,8,192,Normal,31.7,96.1,1005.0,14.9,9.2,255.0,31.0,27.6,98.1,1005.4,3.8,12.5,4.1,11.1,4.1,1
2020-06-15,2020,6,15,Monsoon,Himachal Pradesh,31.1,77.17,8,192,Normal,30.5,89.6,1007.3,0.0,12.2,9.0,69.0,29.9,89.8,1006.1,4.0,12.4,0.6,4.0,0.6,0
2020-06-15,2020,6,15,Monsoon,Odisha Coastal,20.27,85.84,9,216,Normal,26.6,73.6,1010.1,0.0,22.8,104.0,42.0,28.7,74.4,1010.1,1.4,14.8,2.1,1.4,2.1,1
2020-06-15,2020,6,15,Monsoon,Kerala Coast,9.93,76.26,9,216,Normal,27.6,80.7,1003.3,0.0,16.8,107.0,21.0,27.6,71.5,999.8,1.1,14.6,0.0,1.1,0.0,1
2020-06-22,2020,6,22,Monsoon,Gujarat Coastal,21.64,69.6,2,48,Normal,31.0,79.9,1004.2,0.0,7.9,140.0,70.0,29.3,81.8,1006.0,5.8,9.2,1.7,5.8,5.8,0
2020-06-22,2020,6,22,Monsoon,Assam & Meghalaya,26.14,91.73,2,48,Normal,30.9,86.9,1003.4,3.3,12.7,172.0,91.0,28.6,93.2,1002.8,1.4,12.7,2.3,1.9,2.3,0
2020-06-22,2020,6,22,Monsoon,Himachal Pradesh,31.1,77.17,3,72,Normal,25.2,80.6,1003.8,0.0,15.5,108.0,81.0,27.3,86.7,1004.2,3.5,15.9,2.1,3.5,2.1,0
2020-06-22,2020,6,22,Monsoon,Assam & Meghalaya,26.14,91.73,3,72,Normal,27.4,86.9,1002.9,0.0,11.6,305.0,78.0,28.6,90.8,1002.8,1.4,12.7,1.2,1.4,1.2,0
2020-06-22,2020,6,22,Monsoon,Kerala Coast,9.93,76.26,4,96,Normal,28.0,83.6,1007.1,5.2,6.3,18.0,59.0,27.9,78.7,1007.7,16.7,8.4,0.1,11.5,11.5,0
2020-06-22,2020,6,22,Monsoon,Gujarat Coastal,21.64,69.6,4,96,Normal,30.3,79.9,1004.5,11.3,8.1,31.0,20.0,29.3,72.3,1006.0,5.8,9.2,1.0,5.5,5.5,0
2020-06-22,2020,6,22,Monsoon,Himachal Pradesh,31.1,77.17,4,96,Normal,27.7,80.6,1004.0,6.6,16.5,95.0,38.0,27.3,84.4,1004.2,3.5,15.9,0.4,3.1,0.4,0
2020-06-22,2020,6,22,Monsoon,Odisha Coastal,20.27,85.84,6,144,Normal,29.2,75.9,1009.7,13.5,10.1,22.0,35.0,27.7,73.9,1006.7,7.7,12.2,1.5,5.8,5.8,0
2020-06-22,2020,6,22,Monsoon,Maharashtra (Mumbai/Konkan),18.98,72.83,6,144,Normal,27.9,78.9,1003.3,35.4,16.5,173.0,72.0,27.6,74.9,1003.1,21.8,12.5,0.3,13.6,13.6,0
2020-06-22,2020,6,22,Monsoon,West Bengal (Gangetic),22.57,88.36,6,144,Normal,30.6,78.1,1001.7,21.0,26.1,164.0,80.0,28.6,81.1,1004.5,14.2,21.6,2.0,6.8,6.8,0
2020-06-22,2020,6,22,Monsoon,Maharashtra (Mumbai/Konkan),18.98,72.83,7,168,Normal,28.4,78.9,999.3,42.7,12.6,336.0,91.0,27.6,82.8,1003.1,21.8,12.5,0.8,20.9,20.9,1
2020-06-22,2020,6,22,Monsoon,Odisha Coastal,20.27,85.84,8,192,Normal,27.9,75.9,1007.0,20.2,9.5,1.0,43.0,27.7,67.9,1006.7,7.7,12.2,0.2,12.5,12.5,0
2020-06-22,2020,6,22,Monsoon,Rajasthan (West),26.91,70.9,8,192,Normal,31.4,83.3,999.3,7.7,19.7,45.0,75.0,27.8,81.9,998.4,4.4,17.1,3.6,3.3,3.6,1
2020-06-22,2020,6,22,Monsoon,Kerala Coast,9.93,76.26,9,216,Normal,19.0,83.6,1010.4,0.0,7.5,261.0,94.0,27.9,83.9,1007.7,16.7,8.4,8.9,16.7,16.7,1
2020-06-22,2020,6,22,Monsoon,Rajasthan (West),26.91,70.9,9,216,Normal,29.9,83.3,998.7,1.7,15.7,154.0,56.0,27.8,84.0,998.4,4.4,17.1,2.1,2.7,2.1,0
2020-06-22,2020,6,22,Monsoon,West Bengal (Gangetic),22.57,88.36,9,216,Normal,29.7,78.1,1005.6,23.6,20.3,123.0,60.0,28.6,78.5,1004.5,14.2,21.6,1.1,9.4,9.4,0
2020-06-29,2020,6,29,Monsoon,Gujarat Coastal,21.64,69.6,1,24,Normal,28.0,72.3,1008.3,7.9,13.7,299.0,65.0,26.5,67.1,1009.0,10.7,13.0,1.5,2.8,2.8,0
2020-06-29,2020,6,29,Monsoon,West Bengal (Gangetic),22.57,88.36,1,24,Normal,27.3,78.7,1005.7,5.8,12.3,210.0,58.0,27.8,80.7,1005.6,5.3,11.1,0.5,0.5,0.5,0
2020-06-29,2020,6,29,Monsoon,Kerala Coast,9.93,76.26,2,48,Normal,27.0,82.7,1001.9,3.3,16.6,244.0,64.0,27.1,79.9,1003.0,1.8,16.0,0.1,1.5,0.1,0
2020-06-29,2020,6,29,Monsoon,Maharashtra (Mumbai/Konkan),18.98,72.83,2,48,Normal,27.1,88.1,1005.4,0.0,16.9,293.0,89.0,27.5,84.6,1004.5,0.6,15.6,0.4,0.6,0.4,0
2020-06-29,2020,6,29,Monsoon,Himachal Pradesh,31.1,77.17,2,48,Normal,29.0,68.9,1001.7,2.5,16.8,343.0,65.0,29.1,71.2,1002.7,0.6,16.7,0.1,1.9,0.1,0
2020-06-29,2020,6,29,Monsoon,Odisha Coastal,20.27,85.84,3,72,Normal,29.5,78.4,1005.9,0.0,15.7,30.0,13.0,30.4,81.6,1005.4,2.9,12.7,0.9,2.9,0.9,0
2020-06-29,2020,6,29,Monsoon,Rajasthan (West),26.91,70.9,4,96,Normal,28.2,75.1,1006.3,0.0,12.4,76.0,40.0,29.5,77.0,1004.8,0.8,15.0,1.3,0.8,1.3,0
2020-06-29,2020,6,29,Monsoon,Gujarat Coastal,21.64,69.6,5,120,Normal,24.1,72.3,1010.1,12.8,6.8,284.0,66.0,26.5,68.7,1009.0,10.7,13.0,2.4,2.1,2.1,0
2020-06-29,2020,6,29,Monsoon,Assam & Meghalaya,26.14,91.73,5,120,Normal,28.2,74.4,1004.3,21.1,15.5,170.0,85.0,30.4,76.0,1005.1,21.9,16.5,2.2,0.8,0.8,0
2020-06-29,2020,6,29,Monsoon,Maharashtra (Mumbai/Konkan),18.98,72.83,7,168,Normal,32.0,88.1,1005.0,0.0,11.4,55.0,83.0,27.5,86.3,1004.5,0.6,15.6,4.5,0.6,4.5,1
2020-06-29,2020,6,29,Monsoon,Rajasthan (West),26.91,70.9,7,168,Normal,30.8,75.1,1008.2,0.6,12.3,217.0,72.0,29.5,73.8,1004.8,0.8,15.0,1.3,0.2,1.3,1
2020-06-29,2020,6,29,Monsoon,Assam & Meghalaya,26.14,91.73,7,168,Normal,32.3,74.4,1002.5,28.5,10.8,11.0,93.0,30.4,68.3,1005.1,21.9,16.5,1.9,6.6,6.6,0
2020-06-29,2020,6,29,Monsoon,Kerala Coast,9.93,76.26,8,192,Normal,28.6,82.7,1006.0,11.2,21.4,319.0,34.0,27.1,81.5,1003.0,1.8,16.0,1.5,9.4,1.5,0
2020-06-29,2020,6,29,Monsoon,Odisha Coastal,20.27,85.84,9,216,Normal,31.4,78.4,1002.9,0.0,17.6,249.0,16.0,30.4,89.0,1005.4,2.9,12.7,1.0,2.9,1.0,0
2020-06-29,2020,6,29,Monsoon,West Bengal (Gangetic),22.57,88.36,9,216,Normal,29.6,78.7,1005.4,15.4,3.3,165.0,87.0,27.8,76.0,1005.6,5.3,11.1,1.8,10.1,10.1,1
2020-06-29,2020,6,29,Monsoon,Himachal Pradesh,31.1,77.17,10,240,Normal,31.4,68.9,1006.7,4.2,20.9,198.0,23.0,29.1,67.1,1002.7,0.6,16.7,2.3,3.6,2.3,1
2020-07-06,2020,7,6,Monsoon,West Bengal (Gangetic),22.57,88.36,1,24,Active Monsoon,24.8,89.6,1005.0,37.2,8.0,35.0,53.0,25.6,92.4,1005.3,25.6,9.4,0.8,11.6,11.6,0
2020-07-06,2020,7,6,Monsoon,Assam & Meghalaya,26.14,91.73,1,24,Active Monsoon,30.0,78.6,1004.4,15.0,19.4,292.0,42.0,29.2,85.2,1004.0,13.4,19.0,0.8,1.6,1.6,0
2020-07-06,2020,7,6,Monsoon,Odisha Coastal,20.27,85.84,3,72,Active Monsoon,23.3,79.1,1005.3,17.4,15.5,96.0,39.0,24.6,83.3,1005.9,17.2,14.3,1.3,0.2,0.2,0
2020-07-06,2020,7,6,Monsoon,Gujarat Coastal,21.64,69.6,3,72,Active Monsoon,27.6,86.7,1002.3,11.6,17.2,197.0,54.0,27.6,89.6,1001.8,16.4,15.0,0.0,4.8,4.8,0
2020-07-06,2020,7,6,Monsoon,Rajasthan (West),26.91,70.9,4,96,Active Monsoon,26.4,87.1,993.9,3.5,10.3,14.0,34.0,27.7,90.1,995.7,3.0,11.1,1.3,0.5,1.3,0
2020-07-06,2020,7,6,Monsoon,Himachal Pradesh,31.1,77.17,4,96,Active Monsoon,28.1,88.9,1000.5,14.2,10.0,215.0,66.0,28.1,90.1,1000.4,3.1,11.0,0.0,11.1,0.0,0
2020-07-06,2020,7,6,Monsoon,Odisha Coastal,20.27,85.84,5,120,Active Monsoon,23.8,79.1,1004.3,0.0,15.4,107.0,29.0,24.6,78.4,1005.9,17.2,14.3,0.8,17.2,17.2,0
2020-07-06,2020,7,6,Monsoon,Kerala Coast,9.93,76.26,5,120,Active Monsoon,27.8,79.0,1001.3,0.2,6.2,220.0,11.0,28.9,85.3,1001.5,1.6,9.9,1.1,1.4,1.1,0
2020-07-06,2020,7,6,Monsoon,Maharashtra (Mumbai/Konkan),18.98,72.83,5,120,Active Monsoon,25.0,68.5,1004.6,23.4,14.8,254.0,24.0,25.9,72.2,1006.3,23.2,17.1,0.9,0.2,0.2,0
2020-07-06,2020,7,6,Monsoon,West Bengal (Gangetic),22.57,88.36,6,144,Active Monsoon,24.7,89.6,1004.5,55.8,11.0,170.0,19.0,25.6,87.5,1005.3,25.6,9.4,0.9,30.2,30.2,1
2020-07-06,2020,7,6,Monsoon,Kerala Coast,9.93,76.26,7,168,Active Monsoon,28.3,79.0,1000.9,0.0,14.1,84.0,25.0,28.9,75.9,1001.5,1.6,9.9,0.6,1.6,0.6,0
2020-07-06,2020,7,6,Monsoon,Gujarat Coastal,21.64,69.6,7,168,Active Monsoon,28.5,86.7,1001.2,12.5,14.8,243.0,64.0,27.6,79.1,1001.8,16.4,15.0,0.9,3.9,3.9,0
2020-07-06,2020,7,6,Monsoon,Maharashtra (Mumbai/Konkan),18.98,72.83,8,192,Active Monsoon,30.9,68.5,1006.5,0.0,19.0,80.0,70.0,25.9,65.6,1006.3,23.2,17.1,5.0,23.2,23.2,1
2020-07-06,2020,7,6,Monsoon,Assam & Meghalaya,26.14,91.73,8,192,Active Monsoon,29.0,78.6,1004.4,4.6,17.5,17.0,62.0,29.2,78.6,1004.0,13.4,19.0,0.2,8.8,8.8,0
2020-07-06,2020,7,6,Monsoon,Himachal Pradesh,31.1,77.17,9,216,Active Monsoon,30.3,88.9,1003.1,20.6,5.8,167.0,65.0,28.1,87.3,1000.4,3.1,11.0,2.2,17.5,2.2,0
2020-07-06,2020,7,6,Monsoon,Rajasthan (West),26.91,70.9,10,240,Active Monsoon,33.3,87.1,994.4,4.7,11.3,15.0,36.0,27.7,86.5,995.7,3.0,11.1,5.6,1.7,5.6,1
2020-07-13,2020,7,13,Monsoon,Gujarat Coastal,21.64,69.6,1,24,Active Monsoon,28.8,72.0,1000.2,7.7,16.7,204.0,58.0,28.1,72.0,1000.7,12.6,17.5,0.7,4.9,4.9,0
2020-07-13,2020,7,13,Monsoon,Rajasthan (West),26.91,70.9,2,48,Active Monsoon,26.1,78.2,1005.9,0.9,8.9,114.0,78.0,25.5,76.4,1004.6,0.7,7.7,0.6,0.2,0.6,0
2020-07-13,2020,7,13,Monsoon,Assam & Meghalaya,26.14,91.73,2,48,Active Monsoon,26.6,77.1,1004.0,14.2,15.9,203.0,69.0,27.7,75.4,1004.1,11.7,14.5,1.1,2.5,2.5,0
2020-07-13,2020,7,13,Monsoon,Kerala Coast,9.93,76.26,3,72,Active Monsoon,30.0,78.5,1005.1,4.1,12.9,301.0,24.0,29.3,72.3,1006.0,3.2,14.8,0.7,0.9,0.7,0
2020-07-13,2020,7,13,Monsoon,Odisha Coastal,20.27,85.84,4,96,Active Monsoon,30.5,80.7,1007.2,8.3,18.8,308.0,32.0,30.5,87.2,1007.4,14.3,17.9,0.0,6.0,6.0,0
2020-07-13,2020,7,13,Monsoon,West Bengal (Gangetic),22.57,88.36,5,120,Active Monsoon,28.8,74.0,1005.7,0.9,12.0,316.0,29.0,26.6,75.2,1004.7,1.9,9.6,2.2,1.0,2.2,0
2020-07-13,2020,7,13,Monsoon,Maharashtra (Mumbai/Konkan),18.98,72.83,6,144,Active Monsoon,32.1,76.9,1000.3,64.1,17.2,343.0,93.0,30.7,72.8,1001.8,31.0,17.4,1.4,33.1,33.1,1
2020-07-13,2020,7,13,Monsoon,West Bengal (Gangetic),22.57,88.36,6,144,Active Monsoon,25.3,74.0,1003.7,7.0,8.8,309.0,69.0,26.6,70.6,1004.7,1.9,9.6,1.3,5.1,1.3,0
2020-07-13,2020,7,13,Monsoon,Assam & Meghalaya,26.14,91.73,6,144,Active Monsoon,28.2,77.1,1006.1,11.7,9.6,28.0,27.0,27.7,72.9,1004.1,11.7,14.5,0.5,0.0,0.0,0
2020-07-13,2020,7,13,Monsoon,Odisha Coastal,20.27,85.84,7,168,Active Monsoon,30.5,80.7,1009.7,3.2,27.4,45.0,10.0,30.5,80.4,1007.4,14.3,17.9,0.0,11.1,11.1,1
2020-07-13,2020,7,13,Monsoon,Rajasthan (West),26.91,70.9,7,168,Active Monsoon,24.6,78.2,1006.6,0.0,9.4,122.0,45.0,25.5,78.6,1004.6,0.7,7.7,0.9,0.7,0.9,0
2020-07-13,2020,7,13,Monsoon,Himachal Pradesh,31.1,77.17,7,168,Active Monsoon,31.7,87.4,1006.7,0.0,8.2,15.0,22.0,30.7,84.3,1005.3,0.9,16.0,1.0,0.9,1.0,1
2020-07-13,2020,7,13,Monsoon,Gujarat Coastal,21.64,69.6,8,192,Active Monsoon,24.2,72.0,999.0,5.2,16.9,191.0,31.0,28.1,65.0,1000.7,12.6,17.5,3.9,7.4,7.4,1
2020-07-13,2020,7,13,Monsoon,Kerala Coast,9.93,76.26,9,216,Active Monsoon,32.0,78.5,1006.8,9.5,13.1,98.0,48.0,29.3,79.3,1006.0,3.2,14.8,2.7,6.3,2.7,0
2020-07-13,2020,7,13,Monsoon,Maharashtra (Mumbai/Konkan),18.98,72.83,9,216,Active Monsoon,33.7,76.9,1001.0,47.9,10.6,303.0,87.0,30.7,78.2,1001.8,31.0,17.4,3.0,16.9,16.9,1
2020-07-13,2020,7,13,Monsoon,Himachal Pradesh,31.1,77.17,10,240,Active Monsoon,33.7,87.4,1009.3,0.5,12.4,78.0,51.0,30.7,80.5,1005.3,0.9,16.0,3.0,0.4,3.0,1
2020-07-20,2020,7,20,Monsoon,Rajasthan (West),26.91,70.9,2,48,Active Monsoon,26.7,92.1,1004.0,10.1,16.1,166.0,66.0,26.0,91.6,1003.8,9.3,17.7,0.7,0.8,0.8,0
2020-07-20,2020,7,20,Monsoon,Himachal Pradesh,31.1,77.17,2,48,Active Monsoon,30.0,90.0,1003.3,2.0,18.9,280.0,53.0,30.4,93.1,1002.8,4.0,18.7,0.4,2.0,0.4,0
2020-07-20,2020,7,20,Monsoon,Odisha Coastal,20.27,85.84,4,96,Active Monsoon,27.2,86.4,1000.1,0.0,19.4,116.0,17.0,25.3,89.3,1001.1,3.5,24.0,1.9,3.5,1.9,0
2020-07-20,2020,7,20,Monsoon,Gujarat Coastal,21.64,69.6,4,96,Active Monsoon,27.0,83.5,1004.4,1.2,12.0,231.0,72.0,25.7,79.6,1005.2,10.7,11.1,1.3,9.5,9.5,0
2020-07-20,2020,7,20,Monsoon,Rajasthan (West),26.91,70.9,4,96,Active Monsoon,25.9,92.1,1003.9,4.5,18.2,97.0,72.0,26.0,93.2,1003.8,9.3,17.7,0.1,4.8,4.8,0
2020-07-20,2020,7,20,Monsoon,West Bengal (Gangetic),22.57,88.36,4,96,Active Monsoon,26.5,94.6,1004.7,15.2,12.9,163.0,16.0,28.4,96.8,1007.6,18.4,15.3,1.9,3.2,3.2,0
2020-07-20,2020,7,20,Monsoon,Maharashtra (Mumbai/Konkan),18.98,72.83,5,120,Active Monsoon,28.4,90.8,1004.2,0.0,15.1,21.0,63.0,27.8,93.6,1003.7,2.8,14.0,0.6,2.8,0.6,0
2020-07-20,2020,7,20,Monsoon,Himachal Pradesh,31.1,77.17,5,120,Active Monsoon,31.4,90.0,1004.1,10.1,19.6,234.0,94.0,30.4,85.4,1002.8,4.0,18.7,1.0,6.1,1.0,0
2020-07-20,2020,7,20,Monsoon,Odisha Coastal,20.27,85.84,7,168,Active Monsoon,27.8,86.4,1002.0,2.2,23.3,17.0,66.0,25.3,82.5,1001.1,3.5,24.0,2.5,1.3,2.5,0
2020-07-20,2020,7,20,Monsoon,West Bengal (Gangetic),22.57,88.36,7,168,Active Monsoon,30.7,94.6,1006.3,28.8,20.3,59.0,85.0,28.4,101.9,1007.6,18.4,15.3,2.3,10.4,10.4,0
2020-07-20,2020,7,20,Monsoon,Assam & Meghalaya,26.14,91.73,7,168,Active Monsoon,21.9,95.7,1010.4,3.6,15.8,329.0,61.0,25.7,98.4,1008.1,3.1,16.5,3.8,0.5,3.8,1
2020-07-20,2020,7,20,Monsoon,Gujarat Coastal,21.64,69.6,8,192,Active Monsoon,24.5,83.5,1005.2,0.0,10.7,313.0,66.0,25.7,83.8,1005.2,10.7,11.1,1.2,10.7,10.7,0
2020-07-20,2020,7,20,Monsoon,Assam & Meghalaya,26.14,91.73,8,192,Active Monsoon,27.8,95.7,1010.0,2.4,13.6,303.0,52.0,25.7,97.6,1008.1,3.1,16.5,2.1,0.7,2.1,0
2020-07-20,2020,7,20,Monsoon,Kerala Coast,9.93,76.26,9,216,Active Monsoon,31.7,80.1,1006.7,0.0,17.7,143.0,57.0,29.7,77.8,1004.4,10.3,11.8,2.0,10.3,10.3,0
2020-07-20,2020,7,20,Monsoon,Kerala Coast,9.93,76.26,10,240,Active Monsoon,28.7,80.1,1006.4,29.1,13.4,260.0,56.0,29.7,77.9,1004.4,10.3,11.8,1.0,18.8,18.8,0
2020-07-20,2020,7,20,Monsoon,Maharashtra (Mumbai/Konkan),18.98,72.83,10,240,Active Monsoon,28.4,90.8,1003.9,0.0,21.2,170.0,78.0,27.8,86.7,1003.7,2.8,14.0,0.6,2.8,0.6,1
2020-07-27,2020,7,27,Monsoon,Maharashtra (Mumbai/Konkan),18.98,72.83,2,48,Active Monsoon,27.7,81.1,1000.9,0.0,11.2,223.0,64.0,26.4,80.6,1001.3,0.2,9.0,1.3,0.2,1.3,0
2020-07-27,2020,7,27,Monsoon,Himachal Pradesh,31.1,77.17,2,48,Active Monsoon,26.3,81.7,1002.1,7.4,11.6,233.0,14.0,26.9,84.8,1000.6,6.6,10.0,0.6,0.8,0.8,0
2020-07-27,2020,7,27,Monsoon,Assam & Meghalaya,26.14,91.73,2,48,Active Monsoon,29.7,74.0,1006.4,7.8,15.7,101.0,27.0,29.1,78.6,1005.6,3.0,13.9,0.6,4.8,0.6,0
2020-07-27,2020,7,27,Monsoon,Kerala Coast,9.93,76.26,4,96,Active Monsoon,26.6,73.0,1001.5,1.1,10.9,230.0,47.0,27.0,69.1,999.9,2.9,12.1,0.4,1.8,0.4,0
2020-07-27,2020,7,27,Monsoon,Odisha Coastal,20.27,85.84,5,120,Active Monsoon,25.9,79.7,1001.4,5.3,9.5,214.0,10.0,26.8,81.2,1002.6,0.9,11.6,0.9,4.4,0.9,0
2020-07-27,2020,7,27,Monsoon,Gujarat Coastal,21.64,69.6,5,120,Active Monsoon,26.3,87.4,1008.9,3.9,13.3,94.0,20.0,28.1,82.8,1008.4,1.3,13.5,1.8,2.6,1.8,0
2020-07-27,2020,7,27,Monsoon,Himachal Pradesh,31.1,77.17,5,120,Active Monsoon,26.1,81.7,1000.3,5.3,13.0,160.0,14.0,26.9,80.7,1000.6,6.6,10.0,0.8,1.3,1.3,0
2020-07-27,2020,7,27,Monsoon,West Bengal (Gangetic),22.57,88.36,5,120,Active Monsoon,28.0,91.7,1003.1,12.5,18.1,204.0,85.0,26.9,83.8,1003.4,22.2,15.3,1.1,9.7,9.7,0
2020-07-27,2020,7,27,Monsoon,Assam & Meghalaya,26.14,91.73,7,168,Active Monsoon,28.1,74.0,1007.2,0.0,13.6,72.0,90.0,29.1,76.4,1005.6,3.0,13.9,1.0,3.0,1.0,0
2020-07-27,2020,7,27,Monsoon,Kerala Coast,9.93,76.26,8,192,Active Monsoon,25.9,73.0,1001.2,9.8,9.8,229.0,43.0,27.0,79.7,999.9,2.9,12.1,1.1,6.9,1.1,0
2020-07-27,2020,7,27,Monsoon,Gujarat Coastal,21.64,69.6,8,192,Active Monsoon,33.1,87.4,1008.6,8.4,12.7,283.0,71.0,28.1,97.0,1008.4,1.3,13.5,5.0,7.1,5.0,1
2020-07-27,2020,7,27,Monsoon,Rajasthan (West),26.91,70.9,8,192,Active Monsoon,26.2,71.4,1006.8,27.4,7.9,74.0,49.0,28.3,74.4,1007.2,8.9,12.1,2.1,18.5,18.5,0
2020-07-27,2020,7,27,Monsoon,West Bengal (Gangetic),22.57,88.36,8,192,Active Monsoon,27.4,91.7,1005.4,0.0,16.7,116.0,78.0,26.9,92.0,1003.4,22.2,15.3,0.5,22.2,22.2,1
2020-07-27,2020,7,27,Monsoon,Maharashtra (Mumbai/Konkan),18.98,72.83,9,216,Active Monsoon,25.8,81.1,1000.4,0.0,11.5,68.0,18.0,26.4,78.5,1001.3,0.2,9.0,0.6,0.2,0.6,0
2020-07-27,2020,7,27,Monsoon,Rajasthan (West),26.91,70.9,9,216,Active Monsoon,27.2,71.4,1007.2,3.1,10.2,205.0,81.0,28.3,62.5,1007.2,8.9,12.1,1.1,5.8,5.8,0
2020-07-27,2020,7,27,Monsoon,Odisha Coastal,20.27,85.84,10,240,Active Monsoon,20.8,79.7,1000.4,8.4,4.4,293.0,18.0,26.8,76.4,1002.6,0.9,11.6,6.0,7.5,6.0,1
2020-08-03,2020,8,3,Monsoon,Kerala Coast,9.93,76.26,1,24,Active Monsoon,29.4,73.2,994.4,24.1,13.7,118.0,62.0,29.7,74.9,994.6,55.6,15.7,0.3,31.5,31.5,1
2020-08-03,2020,8,3,Monsoon,West Bengal (Gangetic),22.57,88.36,1,24,Active Monsoon,25.8,91.9,1004.8,12.8,12.4,188.0,80.0,26.0,89.1,1003.5,17.7,12.4,0.2,4.9,4.9,0
2020-08-03,2020,8,3,Monsoon,Rajasthan (West),26.91,70.9,3,72,Active Monsoon,26.7,85.1,1001.5,0.0,9.5,137.0,32.0,26.9,84.5,1000.7,2.3,12.5,0.2,2.3,0.2,0
2020-08-03,2020,8,3,Monsoon,Assam & Meghalaya,26.14,91.73,3,72,Active Monsoon,25.3,94.4,1002.9,2.2,8.5,315.0,48.0,26.7,107.1,1003.0,3.2,10.4,1.4,1.0,1.4,0
2020-08-03,2020,8,3,Monsoon,Himachal Pradesh,31.1,77.17,4,96,Active Monsoon,31.9,82.3,1004.6,4.3,9.3,58.0,13.0,28.9,84.2,1004.7,13.1,10.5,3.0,8.8,8.8,0
2020-08-03,2020,8,3,Monsoon,Odisha Coastal,20.27,85.84,5,120,Active Monsoon,29.9,86.4,999.5,17.2,12.3,329.0,82.0,29.7,78.2,999.5,17.8,13.6,0.2,0.6,0.6,0
2020-08-03,2020,8,3,Monsoon,Assam & Meghalaya,26.14,91.73,5,120,Active Monsoon,30.3,94.4,1003.3,7.7,6.5,106.0,81.0,26.7,94.4,1003.0,3.2,10.4,3.6,4.5,3.6,1
2020-08-03,2020,8,3,Monsoon,Kerala Coast,9.93,76.26,6,144,Active Monsoon,28.5,73.2,996.2,93.3,13.4,206.0,61.0,29.7,77.5,994.6,55.6,15.7,1.2,37.7,37.7,1
2020-08-03,2020,8,3,Monsoon,Gujarat Coastal,21.64,69.6,7,168,Active Monsoon,29.7,67.2,1006.4,0.0,10.5,210.0,41.0,27.4,68.7,1005.7,1.0,11.0,2.3,1.0,2.3,0
2020-08-03,2020,8,3,Monsoon,West Bengal (Gangetic),22.57,88.36,7,168,Active Monsoon,30.8,91.9,1002.0,0.0,16.6,55.0,87.0,26.0,96.6,1003.5,17.7,12.4,4.8,17.7,17.7,1
2020-08-03,2020,8,3,Monsoon,Maharashtra (Mumbai/Konkan),18.98,72.83,8,192,Active Monsoon,31.4,78.5,1005.7,19.0,10.1,72.0,43.0,29.6,79.9,1004.2,6.9,14.4,1.8,12.1,12.1,0
2020-08-03,2020,8,3,Monsoon,Gujarat Coastal,21.64,69.6,8,192,Active Monsoon,29.9,67.2,1005.6,3.5,14.1,221.0,57.0,27.4,64.1,1005.7,1.0,11.0,2.5,2.5,2.5,0
2020-08-03,2020,8,3,Monsoon,Himachal Pradesh,31.1,77.17,8,192,Active Monsoon,30.2,82.3,1002.0,0.0,6.2,18.0,29.0,28.9,86.5,1004.7,13.1,10.5,1.3,13.1,13.1,0
2020-08-03,2020,8,3,Monsoon,Odisha Coastal,20.27,85.84,10,240,Active Monsoon,30.1,86.4,996.5,44.5,15.6,100.0,54.0,29.7,84.0,999.5,17.8,13.6,0.4,26.7,26.7,1
2020-08-03,2020,8,3,Monsoon,Maharashtra (Mumbai/Konkan),18.98,72.83,10,240,Active Monsoon,32.0,78.5,1003.0,0.0,11.0,169.0,63.0,29.6,81.6,1004.2,6.9,14.4,2.4,6.9,6.9,0
2020-08-03,2020,8,3,Monsoon,Rajasthan (West),26.91,70.9,10,240,Active Monsoon,23.9,85.1,998.5,2.9,8.8,131.0,91.0,26.9,83.4,1000.7,2.3,12.5,3.0,0.6,3.0,0
2020-08-10,2020,8,10,Monsoon,West Bengal (Gangetic),22.57,88.36,2,48,Active Monsoon,29.2,89.4,1004.0,0.0,14.4,33.0,35.0,28.5,95.4,1003.0,1.4,14.5,0.7,1.4,0.7,0
2020-08-10,2020,8,10,Monsoon,Kerala Coast,9.93,76.26,3,72,Active Monsoon,29.0,86.2,999.3,2.5,14.2,190.0,72.0,27.2,91.1,999.2,7.0,16.7,1.8,4.5,4.5,0
2020-08-10,2020,8,10,Monsoon,Himachal Pradesh,31.1,77.17,3,72,Active Monsoon,31.4,85.1,1005.7,0.0,16.3,180.0,10.0,30.8,89.7,1007.3,7.2,15.2,0.6,7.2,7.2,0
2020-08-10,2020,8,10,Monsoon,Odisha Coastal,20.27,85.84,4,96,Active Monsoon,26.3,85.5,1004.2,1.1,10.1,300.0,85.0,27.5,77.8,1005.2,8.0,11.0,1.2,6.9,6.9,0
2020-08-10,2020,8,10,Monsoon,Maharashtra (Mumbai/Konkan),18.98,72.83,4,96,Active Monsoon,29.0,79.1,1007.2,9.3,22.2,6.0,57.0,26.8,81.1,1007.3,7.2,22.4,2.2,2.1,2.1,0
2020-08-10,2020,8,10,Monsoon,Assam & Meghalaya,26.14,91.73,4,96,Active Monsoon,28.9,84.1,998.9,16.3,10.7,275.0,10.0,27.9,92.4,1001.1,8.8,10.0,1.0,7.5,7.5,0
2020-08-10,2020,8,10,Monsoon,Maharashtra (Mumbai/Konkan),18.98,72.83,5,120,Active Monsoon,28.5,79.1,1009.1,2.3,21.4,87.0,42.0,26.8,78.3,1007.3,7.2,22.4,1.7,4.9,4.9,0
2020-08-10,2020,8,10,Monsoon,Himachal Pradesh,31.1,77.17,5,120,Active Monsoon,31.7,85.1,1008.4,12.6,14.6,174.0,24.0,30.8,86.5,1007.3,7.2,15.2,0.9,5.4,5.4,0
2020-08-10,2020,8,10,Monsoon,Kerala Coast,9.93,76.26,6,144,Active Monsoon,26.5,86.2,995.9,0.0,15.6,56.0,69.0,27.2,87.8,999.2,7.0,16.7,0.7,7.0,7.0,1
2020-08-10,2020,8,10,Monsoon,Assam & Meghalaya,26.14,91.73,6,144,Active Monsoon,27.5,84.1,1004.0,0.0,7.2,153.0,63.0,27.9,84.5,1001.1,8.8,10.0,0.4,8.8,8.8,0
2020-08-10,2020,8,10,Monsoon,Odisha Coastal,20.27,85.84,7,168,Active Monsoon,27.9,85.5,1004.8,6.7,10.7,265.0,43.0,27.5,93.0,1005.2,8.0,11.0,0.4,1.3,1.3,0
2020-08-10,2020,8,10,Monsoon,Gujarat Coastal,21.64,69.6,7,168,Active Monsoon,23.7,88.3,1007.3,0.0,1.9,281.0,23.0,25.9,90.9,1004.7,7.4,12.6,2.2,7.4,7.4,1
2020-08-10,2020,8,10,Monsoon,West Bengal (Gangetic),22.57,88.36,7,168,Active Monsoon,30.0,89.4,1005.1,0.0,16.5,306.0,82.0,28.5,91.5,1003.0,1.4,14.5,1.5,1.4,1.5,0
2020-08-10,2020,8,10,Monsoon,Rajasthan (West),26.91,70.9,8,192,Active Monsoon,30.4,81.9,994.3,6.1,19.1,224.0,11.0,27.6,78.1,997.9,8.9,15.4,2.8,2.8,2.8,1
2020-08-10,2020,8,10,Monsoon,Gujarat Coastal,21.64,69.6,9,216,Active Monsoon,22.9,88.3,1006.8,16.0,13.6,255.0,73.0,25.9,88.2,1004.7,7.4,12.6,3.0,8.6,8.6,0
2020-08-10,2020,8,10,Monsoon,Rajasthan (West),26.91,70.9,10,240,Active Monsoon,25.6,81.9,999.1,1.5,16.3,179.0,39.0,27.6,84.2,997.9,8.9,15.4,2.0,7.4,7.4,0
2020-08-17,2020,8,17,Monsoon,Maharashtra (Mumbai/Konkan),18.98,72.83,1,24,Active Monsoon,31.0,77.4,1007.6,9.2,14.6,186.0,64.0,31.1,75.2,1006.6,4.8,15.0,0.1,4.4,0.1,0
2020-08-17,2020,8,17,Monsoon,Assam & Meghalaya,26.14,91.73,1,24,Active Monsoon,29.3,78.6,998.5,48.1,13.1,348.0,89.0,29.9,78.3,998.8,43.8,11.7,0.6,4.3,4.3,0
2020-08-17,2020,8,17,Monsoon,Kerala Coast,9.93,76.26,2,48,Active Monsoon,31.3,73.1,999.5,5.5,20.4,350.0,59.0,29.4,73.1,999.6,7.1,16.3,1.9,1.6,1.6,0
2020-08-17,2020,8,17,Monsoon,West Bengal (Gangetic),22.57,88.36,2,48,Active Monsoon,27.4,80.7,997.9,3.6,16.4,142.0,76.0,26.8,81.8,998.1,2.7,16.8,0.6,0.9,0.6,0
2020-08-17,2020,8,17,Monsoon,Odisha Coastal,20.27,85.84,3,72,Active Monsoon,30.0,85.1,1004.5,2.3,10.2,319.0,61.0,28.0,86.7,1005.5,17.0,11.2,2.0,14.7,14.7,0
2020-08-17,2020,8,17,Monsoon,Gujarat Coastal,21.64,69.6,4,96,Active Monsoon,29.1,79.5,1007.5,13.0,16.3,169.0,85.0,28.1,85.1,1006.5,15.1,16.4,1.0,2.1,2.1,0
2020-08-17,2020,8,17,Monsoon,Rajasthan (West),26.91,70.9,5,120,Active Monsoon,28.3,82.1,1008.7,0.0,15.3,257.0,47.0,28.4,86.2,1007.4,0.8,14.0,0.1,0.8,0.1,0
2020-08-17,2020,8,17,Monsoon,Maharashtra (Mumbai/Konkan),18.98,72.83,6,144,Active Monsoon,31.0,77.4,1006.8,1.4,11.0,45.0,77.0,31.1,76.3,1006.6,4.8,15.0,0.1,3.4,0.1,0
2020-08-17,2020,8,17,Monsoon,Gujarat Coastal,21.64,69.6,6,144,Active Monsoon,29.2,79.5,1007.4,27.2,16.0,264.0,16.0,28.1,85.5,1006.5,15.1,16.4,1.1,12.1,12.1,0
2020-08-17,2020,8,17,Monsoon,Himachal Pradesh,31.1,77.17,6,144,Active Monsoon,28.4,71.6,1007.5,8.1,14.3,5.0,39.0,28.2,78.0,1008.2,10.7,11.4,0.2,2.6,2.6,0
2020-08-17,2020,8,17,Monsoon,Himachal Pradesh,31.1,77.17,7,168,Active Monsoon,32.1,71.6,1006.8,4.4,12.4,238.0,81.0,28.2,75.3,1008.2,10.7,11.4,3.9,6.3,6.3,1
2020-08-17,2020,8,17,Monsoon,West Bengal (Gangetic),22.57,88.36,8,192,Active Monsoon,28.3,80.7,997.5,8.9,16.3,313.0,56.0,26.8,82.1,998.1,2.7,16.8,1.5,6.2,1.5,0
2020-08-17,2020,8,17,Monsoon,Assam & Meghalaya,26.14,91.73,8,192,Active Monsoon,31.7,78.6,1000.9,63.1,9.9,166.0,89.0,29.9,83.0,998.8,43.8,11.7,1.8,19.3,19.3,0
2020-08-17,2020,8,17,Monsoon,Odisha Coastal,20.27,85.84,10,240,Active Monsoon,27.0,85.1,1008.7,51.4,12.3,317.0,93.0,28.0,83.6,1005.5,17.0,11.2,1.0,34.4,34.4,1
2020-08-17,2020,8,17,Monsoon,Kerala Coast,9.93,76.26,10,240,Active Monsoon,27.7,73.1,999.1,11.9,13.6,201.0,23.0,29.4,73.0,999.6,7.1,16.3,1.7,4.8,4.8,0
2020-08-17,2020,8,17,Monsoon,Rajasthan (West),26.91,70.9,10,240,Active Monsoon,30.5,82.1,1008.2,0.0,15.1,187.0,32.0,28.4,81.1,1007.4,0.8,14.0,2.1,0.8,2.1,0
2020-08-24,2020,8,24,Monsoon,Odisha Coastal,20.27,85.84,1,24,Active Monsoon,28.4,73.3,1001.7,6.7,18.1,258.0,28.0,28.2,73.3,1001.9,6.0,16.4,0.2,0.7,0.7,0
2020-08-24,2020,8,24,Monsoon,Himachal Pradesh,31.1,77.17,1,24,Active Monsoon,29.2,76.3,999.1,0.0,7.4,326.0,81.0,28.6,68.9,999.8,2.8,9.0,0.6,2.8,0.6,0
2020-08-24,2020,8,24,Monsoon,Maharashtra (Mumbai/Konkan),18.98,72.83,2,48,Active Monsoon,28.2,85.7,1002.2,8.5,13.7,145.0,84.0,27.8,82.8,1001.7,8.1,11.8,0.4,0.4,0.4,0
2020-08-24,2020,8,24,Monsoon,Rajasthan (West),26.91,70.9,2,48,Active Monsoon,29.2,78.8,1002.7,2.0,9.4,177.0,69.0,28.8,76.1,1003.2,1.1,11.8,0.4,0.9,0.4,0
2020-08-24,2020,8,24,Monsoon,Maharashtra (Mumbai/Konkan),18.98,72.83,4,96,Active Monsoon,29.8,85.7,1003.3,15.8,10.2,234.0,54.0,27.8,87.7,1001.7,8.1,11.8,2.0,7.7,7.7,0
2020-08-24,2020,8,24,Monsoon,Gujarat Coastal,21.64,69.6,4,96,Active Monsoon,28.0,85.7,1003.3,2.5,6.7,162.0,26.0,27.9,89.2,1004.0,6.0,10.3,0.1,3.5,3.5,0
2020-08-24,2020,8,24,Monsoon,Kerala Coast,9.93,76.26,5,120,Active Monsoon,25.5,76.7,1002.6,16.4,12.1,107.0,77.0,26.4,85.9,1000.2,20.3,15.3,0.9,3.9,3.9,0
2020-08-24,2020,8,24,Monsoon,West Bengal (Gangetic),22.57,88.36,5,120,Active Monsoon,27.6,75.1,1006.3,1.1,12.9,253.0,63.0,27.0,75.8,1004.9,3.3,10.7,0.6,2.2,0.6,0
2020-08-24,2020,8,24,Monsoon,Odisha Coastal,20.27,85.84,6,144,Active Monsoon,29.4,73.3,1003.0,10.5,13.0,275.0,63.0,28.2,67.3,1001.9,6.0,16.4,1.2,4.5,4.5,0
2020-08-24,2020,8,24,Monsoon,Gujarat Coastal,21.64,69.6,6,144,Active Monsoon,30.9,85.7,1004.7,12.2,8.1,300.0,39.0,27.9,85.4,1004.0,6.0,10.3,3.0,6.2,6.2,0
2020-08-24,2020,8,24,Monsoon,Himachal Pradesh,31.1,77.17,7,168,Active Monsoon,30.5,76.3,1001.2,11.2,3.8,247.0,22.0,28.6,78.7,999.8,2.8,9.0,1.9,8.4,1.9,0
2020-08-24,2020,8,24,Monsoon,Assam & Meghalaya,26.14,91.73,7,168,Active Monsoon,26.3,85.8,999.0,0.0,16.6,289.0,93.0,27.0,82.6,1002.5,26.9,14.9,0.7,26.9,26.9,1
2020-08-24,2020,8,24,Monsoon,Rajasthan (West),26.91,70.9,8,192,Active Monsoon,32.5,78.8,1002.1,3.9,12.4,219.0,17.0,28.8,75.1,1003.2,1.1,11.8,3.7,2.8,3.7,1
2020-08-24,2020,8,24,Monsoon,West Bengal (Gangetic),22.57,88.36,8,192,Active Monsoon,23.3,75.1,1007.1,16.2,13.2,276.0,24.0,27.0,78.1,1004.9,3.3,10.7,3.7,12.9,3.7,1
2020-08-24,2020,8,24,Monsoon,Kerala Coast,9.93,76.26,9,216,Active Monsoon,27.1,76.7,997.0,0.0,17.7,199.0,74.0,26.4,77.5,1000.2,20.3,15.3,0.7,20.3,20.3,1
2020-08-24,2020,8,24,Monsoon,Assam & Meghalaya,26.14,91.73,9,216,Active Monsoon,28.7,85.8,1000.6,1.8,15.8,193.0,42.0,27.0,84.9,1002.5,26.9,14.9,1.7,25.1,25.1,1
2020-08-31,2020,8,31,Monsoon,Maharashtra (Mumbai/Konkan),18.98,72.83,1,24,Active Monsoon,29.5,83.9,1009.2,1.9,19.5,332.0,53.0,28.7,83.0,1009.9,6.9,15.4,0.8,5.0,5.0,0
2020-08-31,2020,8,31,Monsoon,West Bengal (Gangetic),22.57,88.36,1,24,Active Monsoon,27.7,70.2,998.9,8.8,11.5,313.0,19.0,26.6,70.8,999.0,19.0,12.2,1.1,10.2,10.2,0
2020-08-31,2020,8,31,Monsoon,Assam & Meghalaya,26.14,91.73,1,24,Active Monsoon,31.1,85.8,1005.0,2.9,13.7,75.0,83.0,30.4,89.4,1004.2,4.5,13.6,0.7,1.6,0.7,0
2020-08-31,2020,8,31,Monsoon,Odisha Coastal,20.27,85.84,2,48,Active Monsoon,30.3,79.9,1003.1,2.4,13.5,329.0,69.0,30.7,69.9,1002.5,7.3,17.7,0.4,4.9,4.9,0
2020-08-31,2020,8,31,Monsoon,Himachal Pradesh,31.1,77.17,2,48,Active Monsoon,29.5,78.4,1000.4,4.8,16.7,186.0,78.0,28.7,75.8,1001.2,4.2,15.9,0.8,0.6,0.8,0
2020-08-31,2020,8,31,Monsoon,Kerala Coast,9.93,76.26,3,72,Active Monsoon,30.2,88.9,1005.4,8.4,13.0,96.0,21.0,30.0,97.4,1004.2,14.6,14.2,0.2,6.2,6.2,0
2020-08-31,2020,8,31,Monsoon,Gujarat Coastal,21.64,69.6,3,72,Active Monsoon,29.1,75.1,1000.9,8.4,13.8,347.0,68.0,26.9,67.8,1001.2,6.9,15.0,2.2,1.5,1.5,0
2020-08-31,2020,8,31,Monsoon,West Bengal (Gangetic),22.57,88.36,3,72,Active Monsoon,27.7,70.2,997.5,42.3,11.3,359.0,79.0,26.6,72.5,999.0,19.0,12.2,1.1,23.3,23.3,1
2020-08-31,2020,8,31,Monsoon,Odisha Coastal,20.27,85.84,4,96,Active Monsoon,30.7,79.9,1003.1,0.0,13.1,80.0,15.0,30.7,79.1,1002.5,7.3,17.7,0.0,7.3,7.3,0
2020-08-31,2020,8,31,Monsoon,Kerala Coast,9.93,76.26,6,144,Active Monsoon,33.6,88.9,1004.6,19.7,17.6,271.0,39.0,30.0,88.1,1004.2,14.6,14.2,3.6,5.1,5.1,1
2020-08-31,2020,8,31,Monsoon,Rajasthan (West),26.91,70.9,6,144,Active Monsoon,30.9,80.4,999.1,7.2,18.0,84.0,52.0,30.6,74.3,1000.8,1.3,17.2,0.3,5.9,0.3,0
2020-08-31,2020,8,31,Monsoon,Maharashtra (Mumbai/Konkan),18.98,72.83,7,168,Active Monsoon,28.0,83.9,1011.1,21.1,15.5,293.0,29.0,28.7,85.5,1009.9,6.9,15.4,0.7,14.2,14.2,0
2020-08-31,2020,8,31,Monsoon,Himachal Pradesh,31.1,77.17,8,192,Active Monsoon,29.6,78.4,1003.5,0.0,14.5,349.0,10.0,28.7,79.0,1001.2,4.2,15.9,0.9,4.2,0.9,0
2020-08-31,2020,8,31,Monsoon,Gujarat Coastal,21.64,69.6,9,216,Active Monsoon,29.0,75.1,1003.2,23.7,15.4,219.0,20.0,26.9,73.8,1001.2,6.9,15.0,2.1,16.8,16.8,0
2020-08-31,2020,8,31,Monsoon,Assam & Meghalaya,26.14,91.73,9,216,Active Monsoon,33.5,85.8,1004.0,20.6,13.8,11.0,68.0,30.4,85.2,1004.2,4.5,13.6,3.1,16.1,3.1,1
2020-08-31,2020,8,31,Monsoon,Rajasthan (West),26.91,70.9,10,240,Active Monsoon,32.9,80.4,1001.1,0.0,10.6,196.0,18.0,30.6,80.0,1000.8,1.3,17.2,2.3,1.3,2.3,0
2020-09-07,2020,9,7,Monsoon,Odisha Coastal,20.27,85.84,1,24,Normal,29.0,91.3,1007.4,19.3,14.2,22.0,78.0,28.0,91.4,1007.8,21.5,14.4,1.0,2.2,2.2,0
2020-09-07,2020,9,7,Monsoon,Rajasthan (West),26.91,70.9,1,24,Normal,32.2,84.4,1003.8,17.7,21.1,222.0,63.0,31.2,78.0,1003.5,12.3,18.8,1.0,5.4,5.4,0
2020-09-07,2020,9,7,Monsoon,Gujarat Coastal,21.64,69.6,2,48,Normal,29.3,83.9,999.5,3.6,15.1,108.0,25.0,30.4,85.3,999.8,5.1,17.4,1.1,1.5,1.5,0
2020-09-07,2020,9,7,Monsoon,Maharashtra (Mumbai/Konkan),18.98,72.83,3,72,Normal,27.9,76.7,1006.5,27.0,10.7,345.0,89.0,28.3,81.1,1005.6,16.0,11.3,0.4,11.0,11.0,0
2020-09-07,2020,9,7,Monsoon,Gujarat Coastal,21.64,69.6,3,72,Normal,32.7,83.9,1000.6,8.0,15.4,130.0,86.0,30.4,83.5,999.8,5.1,17.4,2.3,2.9,2.9,0
2020-09-07,2020,9,7,Monsoon,Himachal Pradesh,31.1,77.17,4,96,Normal,27.4,75.5,1006.7,2.0,16.4,230.0,79.0,28.6,79.1,1007.1,7.5,15.8,1.2,5.5,5.5,0
2020-09-07,2020,9,7,Monsoon,Assam & Meghalaya,26.14,91.73,4,96,Normal,28.7,81.9,1001.4,21.0,9.2,133.0,68.0,28.9,80.3,1001.4,11.9,11.3,0.2,9.1,9.1,0
2020-09-07,2020,9,7,Monsoon,Odisha Coastal,20.27,85.84,5,120,Normal,25.0,91.3,1007.3,19.4,14.3,176.0,28.0,28.0,92.6,1007.8,21.5,14.4,3.0,2.1,2.1,0
2020-09-07,2020,9,7,Monsoon,West Bengal (Gangetic),22.57,88.36,5,120,Normal,29.8,77.5,1000.7,12.7,4.7,171.0,37.0,29.2,76.0,1002.5,20.8,7.1,0.6,8.1,8.1,0
2020-09-07,2020,9,7,Monsoon,Kerala Coast,9.93,76.26,6,144,Normal,32.1,84.0,1002.1,28.4,16.6,9.0,82.0,29.1,76.1,1003.3,29.1,14.7,3.0,0.7,0.7,0
2020-09-07,2020,9,7,Monsoon,Himachal Pradesh,31.1,77.17,6,144,Normal,28.1,75.5,1007.4,18.0,11.6,265.0,57.0,28.6,74.5,1007.1,7.5,15.8,0.5,10.5,10.5,0
2020-09-07,2020,9,7,Monsoon,Kerala Coast,9.93,76.26,7,168,Normal,27.6,84.0,1004.1,50.0,11.2,122.0,29.0,29.1,86.7,1003.3,29.1,14.7,1.5,20.9,20.9,1
2020-09-07,2020,9,7,Monsoon,Maharashtra (Mumbai/Konkan),18.98,72.83,8,192,Normal,26.4,76.7,1007.8,16.4,13.4,86.0,26.0,28.3,83.3,1005.6,16.0,11.3,1.9,0.4,0.4,0
2020-09-07,2020,9,7,Monsoon,West Bengal (Gangetic),22.57,88.36,8,192,Normal,29.5,77.5,999.6,0.0,6.4,281.0,93.0,29.2,81.5,1002.5,20.8,7.1,0.3,20.8,20.8,1
2020-09-07,2020,9,7,Monsoon,Assam & Meghalaya,26.14,91.73,8,192,Normal,31.3,81.9,999.8,19.9,13.3,185.0,57.0,28.9,81.0,1001.4,11.9,11.3,2.4,8.0,8.0,0
2020-09-07,2020,9,7,Monsoon,Rajasthan (West),26.91,70.9,10,240,Normal,30.3,84.4,1001.6,14.3,19.9,78.0,31.0,31.2,76.5,1003.5,12.3,18.8,0.9,2.0,2.0,0
2020-09-14,2020,9,14,Monsoon,Odisha Coastal,20.27,85.84,2,48,Normal,26.5,78.8,1008.2,7.8,14.1,221.0,24.0,27.5,81.3,1007.6,2.5,14.2,1.0,5.3,1.0,0
2020-09-14,2020,9,14,Monsoon,Kerala Coast,9.93,76.26,3,72,Normal,30.0,82.6,1006.0,6.6,16.1,277.0,89.0,28.4,85.6,1006.9,6.6,15.9,1.6,0.0,0.0,0
2020-09-14,2020,9,14,Monsoon,West Bengal (Gangetic),22.57,88.36,3,72,Normal,24.8,88.4,1002.3,10.9,8.4,142.0,93.0,27.6,92.8,1001.9,10.6,10.9,2.8,0.3,0.3,0
2020-09-14,2020,9,14,Monsoon,Gujarat Coastal,21.64,69.6,4,96,Monsoon Depression,28.6,79.0,995.0,0.0,16.1,65.0,56.0,26.2,78.7,995.7,18.8,17.2,2.4,18.8,18.8,0
2020-09-14,2020,9,14,Monsoon,Himachal Pradesh,31.1,77.17,5,120,Normal,24.6,75.0,999.2,2.4,15.6,35.0,74.0,27.8,79.1,1001.6,12.7,11.8,3.2,10.3,10.3,1
2020-09-14,2020,9,14,Monsoon,Maharashtra (Mumbai/Konkan),18.98,72.83,6,144,Normal,24.2,90.3,999.3,6.6,17.2,218.0,88.0,28.4,94.7,1000.1,1.2,13.4,4.2,5.4,4.2,1
2020-09-14,2020,9,14,Monsoon,Rajasthan (West),26.91,70.9,6,144,Normal,22.5,80.9,1008.9,0.1,17.6,99.0,92.0,25.0,79.8,1008.9,2.8,16.9,2.5,2.7,2.5,0
2020-09-14,2020,9,14,Monsoon,West Bengal (Gangetic),22.57,88.36,6,144,Normal,30.3,88.4,1002.1,14.0,6.2,250.0,67.0,27.6,77.9,1001.9,10.6,10.9,2.7,3.4,3.4,0
2020-09-14,2020,9,14,Monsoon,Kerala Coast,9.93,76.26,7,168,Normal,25.5,82.6,1003.4,15.1,14.8,40.0,30.0,28.4,86.0,1006.9,6.6,15.9,2.9,8.5,8.5,1
2020-09-14,2020,9,14,Monsoon,Gujarat Coastal,21.64,69.6,7,168,Monsoon Depression,23.8,79.0,998.6,0.0,18.2,132.0,53.0,26.2,79.2,995.7,18.8,17.2,2.4,18.8,18.8,0
2020-09-14,2020,9,14,Monsoon,Assam & Meghalaya,26.14,91.73,8,192,Normal,27.4,80.7,1002.4,0.0,14.0,300.0,66.0,27.8,83.2,998.9,0.6,13.1,0.4,0.6,0.4,1
2020-09-14,2020,9,14,Monsoon,Odisha Coastal,20.27,85.84,9,216,Normal,29.3,78.8,1008.5,0.0,16.1,93.0,20.0,27.5,77.7,1007.6,2.5,14.2,1.8,2.5,1.8,0
2020-09-14,2020,9,14,Monsoon,Himachal Pradesh,31.1,77.17,9,216,Normal,28.1,75.0,997.1,2.6,13.3,338.0,32.0,27.8,72.8,1001.6,12.7,11.8,0.3,10.1,10.1,1
2020-09-14,2020,9,14,Monsoon,Assam & Meghalaya,26.14,91.73,9,216,Normal,30.0,80.7,1002.4,0.0,13.2,282.0,65.0,27.8,80.2,998.9,0.6,13.1,2.2,0.6,2.2,1
2020-09-14,2020,9,14,Monsoon,Maharashtra (Mumbai/Konkan),18.98,72.83,10,240,Normal,29.4,90.3,998.6,0.0,11.2,311.0,12.0,28.4,88.4,1000.1,1.2,13.4,1.0,1.2,1.0,0
2020-09-14,2020,9,14,Monsoon,Rajasthan (West),26.91,70.9,10,240,Normal,23.2,80.9,1008.9,15.8,11.8,355.0,62.0,25.0,83.3,1008.9,2.8,16.9,1.8,13.0,1.8,0
2020-09-21,2020,9,21,Monsoon,Gujarat Coastal,21.64,69.6,1,24,Normal,28.6,82.1,1004.1,1.7,14.7,257.0,37.0,28.9,80.5,1004.5,1.8,14.0,0.3,0.1,0.3,0
2020-09-21,2020,9,21,Monsoon,Kerala Coast,9.93,76.26,2,48,Normal,26.0,80.0,1003.5,4.5,12.8,218.0,63.0,25.8,72.0,1003.9,2.8,12.6,0.2,1.7,0.2,0
2020-09-21,2020,9,21,Monsoon,Assam & Meghalaya,26.14,91.73,2,48,Normal,31.3,81.0,1006.3,1.3,7.8,67.0,47.0,30.6,78.6,1006.8,2.3,10.2,0.7,1.0,0.7,0
2020-09-21,2020,9,21,Monsoon,Maharashtra (Mumbai/Konkan),18.98,72.83,3,72,Normal,25.6,85.9,1002.2,3.8,17.0,3.0,31.0,26.6,83.5,1003.1,4.7,16.0,1.0,0.9,1.0,0
2020-09-21,2020,9,21,Monsoon,Gujarat Coastal,21.64,69.6,3,72,Normal,29.0,82.1,1003.6,4.6,14.9,323.0,62.0,28.9,79.8,1004.5,1.8,14.0,0.1,2.8,0.1,0
2020-09-21,2020,9,21,Monsoon,Himachal Pradesh,31.1,77.17,3,72,Normal,26.8,84.9,1002.8,4.5,13.5,251.0,43.0,28.5,78.6,1001.7,5.9,15.1,1.7,1.4,1.4,0
2020-09-21,2020,9,21,Monsoon,West Bengal (Gangetic),22.57,88.36,3,72,Normal,28.2,91.7,1007.3,26.2,16.0,89.0,46.0,26.9,93.0,1006.4,29.9,12.9,1.3,3.7,3.7,0
2020-09-21,2020,9,21,Monsoon,Kerala Coast,9.93,76.26,4,96,Normal,23.5,80.0,1005.5,8.2,12.9,177.0,76.0,25.8,79.3,1003.9,2.8,12.6,2.3,5.4,2.3,0
2020-09-21,2020,9,21,Monsoon,West Bengal (Gangetic),22.57,88.36,4,96,Normal,28.5,91.7,1005.0,57.2,14.2,155.0,28.0,26.9,94.4,1006.4,29.9,12.9,1.6,27.3,27.3,1
2020-09-21,2020,9,21,Monsoon,Odisha Coastal,20.27,85.84,6,144,Normal,27.6,85.4,1004.5,21.2,14.0,282.0,19.0,29.7,87.4,1004.8,15.1,15.3,2.1,6.1,6.1,0
2020-09-21,2020,9,21,Monsoon,Assam & Meghalaya,26.14,91.73,6,144,Normal,32.0,81.0,1006.9,2.4,15.3,132.0,78.0,30.6,80.3,1006.8,2.3,10.2,1.4,0.1,1.4,0
2020-09-21,2020,9,21,Monsoon,Odisha Coastal,20.27,85.84,7,168,Normal,31.5,85.4,1005.1,29.9,16.4,41.0,13.0,29.7,83.0,1004.8,15.1,15.3,1.8,14.8,14.8,0
2020-09-21,2020,9,21,Monsoon,Rajasthan (West),26.91,70.9,7,168,Normal,28.5,76.3,1006.2,0.4,11.3,325.0,43.0,27.9,71.3,1006.3,0.3,13.0,0.6,0.1,0.6,0
2020-09-21,2020,9,21,Monsoon,Maharashtra (Mumbai/Konkan),18.98,72.83,10,240,Normal,27.7,85.9,1000.6,5.0,16.2,222.0,62.0,26.6,84.6,1003.1,4.7,16.0,1.1,0.3,1.1,0
2020-09-21,2020,9,21,Monsoon,Rajasthan (West),26.91,70.9,10,240,Normal,24.5,76.3,1008.0,0.0,7.6,118.0,44.0,27.9,68.9,1006.3,0.3,13.0,3.4,0.3,3.4,1
2020-09-21,2020,9,21,Monsoon,Himachal Pradesh,31.1,77.17,10,240,Normal,23.0,84.9,999.8,18.9,14.7,249.0,91.0,28.5,84.6,1001.7,5.9,15.1,5.5,13.0,13.0,1
2020-09-28,2020,9,28,Monsoon,Assam & Meghalaya,26.14,91.73,1,24,Normal,30.5,69.8,1004.8,25.2,13.6,311.0,15.0,29.8,71.5,1004.4,29.3,14.2,0.7,4.1,4.1,0
2020-09-28,2020,9,28,Monsoon,Kerala Coast,9.93,76.26,2,48,Normal,30.7,89.7,1008.7,6.6,13.6,258.0,22.0,30.0,82.4,1008.3,7.9,13.9,0.7,1.3,1.3,0
2020-09-28,2020,9,28,Monsoon,Odisha Coastal,20.27,85.84,3,72,Normal,27.3,86.2,1001.2,11.6,6.6,113.0,17.0,28.3,88.8,1000.9,8.2,9.7,1.0,3.4,3.4,0
2020-09-28,2020,9,28,Monsoon,Gujarat Coastal,21.64,69.6,3,72,Normal,28.0,74.7,1006.9,28.0,13.6,18.0,11.0,28.4,72.9,1005.9,33.0,13.7,0.4,5.0,5.0,0
2020-09-28,2020,9,28,Monsoon,Rajasthan (West),26.91,70.9,3,72,Normal,27.3,75.8,1003.1,0.0,14.8,246.0,33.0,27.5,78.0,1003.6,0.7,12.4,0.2,0.7,0.2,0
2020-09-28,2020,9,28,Monsoon,Maharashtra (Mumbai/Konkan),18.98,72.83,4,96,Normal,22.5,76.3,999.3,3.6,23.8,339.0,59.0,26.2,73.2,1000.6,7.9,22.7,3.7,4.3,4.3,1
2020-09-28,2020,9,28,Monsoon,Himachal Pradesh,31.1,77.17,5,120,Normal,30.8,94.4,1002.1,1.7,14.7,35.0,66.0,30.2,90.6,1000.9,2.3,14.4,0.6,0.6,0.6,0
2020-09-28,2020,9,28,Monsoon,West Bengal (Gangetic),22.57,88.36,5,120,Normal,30.7,89.3,1002.4,13.8,15.1,202.0,51.0,27.7,82.9,1003.5,5.2,19.9,3.0,8.6,8.6,0
2020-09-28,2020,9,28,Monsoon,Rajasthan (West),26.91,70.9,6,144,Normal,27.6,75.8,1003.1,6.1,14.8,325.0,16.0,27.5,73.2,1003.6,0.7,12.4,0.1,5.4,0.1,0
2020-09-28,2020,9,28,Monsoon,West Bengal (Gangetic),22.57,88.36,7,168,Normal,30.3,89.3,1004.0,0.0,24.1,71.0,77.0,27.7,85.3,1003.5,5.2,19.9,2.6,5.2,5.2,0
2020-09-28,2020,9,28,Monsoon,Gujarat Coastal,21.64,69.6,8,192,Normal,30.3,74.7,1003.3,0.0,19.1,301.0,57.0,28.4,76.8,1005.9,33.0,13.7,1.9,33.0,33.0,1
2020-09-28,2020,9,28,Monsoon,Himachal Pradesh,31.1,77.17,8,192,Normal,36.9,94.4,999.6,3.2,10.3,243.0,69.0,30.2,96.6,1000.9,2.3,14.4,6.7,0.9,6.7,1
2020-09-28,2020,9,28,Monsoon,Maharashtra (Mumbai/Konkan),18.98,72.83,9,216,Normal,26.5,76.3,996.3,0.0,18.2,253.0,44.0,26.2,72.5,1000.6,7.9,22.7,0.3,7.9,7.9,1
2020-09-28,2020,9,28,Monsoon,Odisha Coastal,20.27,85.84,10,240,Normal,30.1,86.2,1000.5,2.2,8.9,278.0,74.0,28.3,84.2,1000.9,8.2,9.7,1.8,6.0,6.0,0
2020-09-28,2020,9,28,Monsoon,Kerala Coast,9.93,76.26,10,240,Normal,30.2,89.7,1007.5,0.0,11.3,105.0,93.0,30.0,87.6,1008.3,7.9,13.9,0.2,7.9,7.9,0
2020-09-28,2020,9,28,Monsoon,Assam & Meghalaya,26.14,91.73,10,240,Normal,29.6,69.8,1008.2,0.0,11.6,350.0,67.0,29.8,73.5,1004.4,29.3,14.2,0.2,29.3,29.3,1
2020-10-05,2020,10,5,Post-Monsoon,Himachal Pradesh,31.1,77.17,1,24,Normal,23.3,64.6,1010.5,0.0,7.8,87.0,51.0,23.8,69.0,1009.9,1.8,8.2,0.5,1.8,0.5,0
2020-10-05,2020,10,5,Post-Monsoon,Kerala Coast,9.93,76.26,2,48,Normal,23.8,75.4,1013.9,0.0,7.8,80.0,82.0,25.1,74.1,1013.0,2.9,10.3,1.3,2.9,1.3,0
2020-10-05,2020,10,5,Post-Monsoon,Maharashtra (Mumbai/Konkan),18.98,72.83,2,48,Normal,24.4,80.1,1011.3,0.0,10.4,185.0,84.0,25.0,79.8,1012.7,2.1,8.7,0.6,2.1,0.6,0
2020-10-05,2020,10,5,Post-Monsoon,Gujarat Coastal,21.64,69.6,2,48,Normal,25.9,63.3,1009.4,1.9,9.0,236.0,16.0,26.5,59.1,1010.1,2.7,9.9,0.6,0.8,0.6,0
2020-10-05,2020,10,5,Post-Monsoon,West Bengal (Gangetic),22.57,88.36,2,48,Normal,26.3,72.6,1014.6,0.0,10.4,46.0,77.0,27.8,71.1,1014.0,0.2,12.9,1.5,0.2,1.5,0
2020-10-05,2020,10,5,Post-Monsoon,Assam & Meghalaya,26.14,91.73,2,48,Normal,26.0,64.9,1011.7,2.2,12.4,328.0,68.0,26.7,62.8,1010.7,1.0,14.5,0.7,1.2,0.7,0
2020-10-05,2020,10,5,Post-Monsoon,Himachal Pradesh,31.1,77.17,3,72,Normal,23.6,64.6,1009.0,1.0,6.6,119.0,39.0,23.8,58.3,1009.9,1.8,8.2,0.2,0.8,0.2,0
2020-10-05,2020,10,5,Post-Monsoon,Maharashtra (Mumbai/Konkan),18.98,72.83,4,96,Normal,22.8,80.1,1011.6,0.0,8.7,261.0,75.0,25.0,71.8,1012.7,2.1,8.7,2.2,2.1,2.2,0
2020-10-05,2020,10,5,Post-Monsoon,Gujarat Coastal,21.64,69.6,4,96,Normal,27.5,63.3,1010.7,14.2,9.7,248.0,28.0,26.5,70.4,1010.1,2.7,9.9,1.0,11.5,1.0,0
2020-10-05,2020,10,5,Post-Monsoon,Odisha Coastal,20.27,85.84,5,120,Normal,32.0,81.7,1012.6,20.1,19.1,274.0,53.0,31.6,82.0,1013.2,5.6,15.7,0.4,14.5,14.5,0
2020-10-05,2020,10,5,Post-Monsoon,Rajasthan (West),26.91,70.9,5,120,Normal,22.9,61.5,1012.1,0.9,16.9,11.0,25.0,25.7,60.9,1013.0,0.9,13.9,2.8,0.0,2.8,0
2020-10-05,2020,10,5,Post-Monsoon,Kerala Coast,9.93,76.26,6,144,Normal,27.5,75.4,1013.3,5.8,10.9,244.0,82.0,25.1,77.3,1013.0,2.9,10.3,2.4,2.9,2.4,0
2020-10-05,2020,10,5,Post-Monsoon,West Bengal (Gangetic),22.57,88.36,7,168,Normal,23.2,72.6,1014.2,0.0,11.2,61.0,93.0,27.8,65.4,1014.0,0.2,12.9,4.6,0.2,4.6,1
2020-10-05,2020,10,5,Post-Monsoon,Assam & Meghalaya,26.14,91.73,8,192,Normal,27.7,64.9,1010.0,3.5,19.8,146.0,84.0,26.7,71.3,1010.7,1.0,14.5,1.0,2.5,1.0,0
2020-10-05,2020,10,5,Post-Monsoon,Odisha Coastal,20.27,85.84,9,216,Normal,36.8,81.7,1016.7,7.0,11.6,239.0,37.0,31.6,85.8,1013.2,5.6,15.7,5.2,1.4,1.4,1
2020-10-05,2020,10,5,Post-Monsoon,Rajasthan (West),26.91,70.9,9,216,Normal,24.6,61.5,1016.1,0.0,14.1,257.0,30.0,25.7,65.9,1013.0,0.9,13.9,1.1,0.9,1.1,1
2020-10-12,2020,10,12,Post-Monsoon,Odisha Coastal,20.27,85.84,1,24,Normal,25.1,64.5,1016.7,0.0,7.8,255.0,14.0,26.4,62.1,1015.5,4.0,8.4,1.3,4.0,1.3,0
2020-10-12,2020,10,12,Post-Monsoon,Kerala Coast,9.93,76.26,1,24,Normal,28.4,78.9,1016.2,24.5,12.5,351.0,67.0,28.3,73.8,1016.6,24.1,13.0,0.1,0.4,0.4,0
2020-10-12,2020,10,12,Post-Monsoon,Assam & Meghalaya,26.14,91.73,1,24,Normal,25.6,73.4,1013.8,1.3,8.8,162.0,74.0,27.0,86.2,1012.7,1.0,8.2,1.4,0.3,1.4,0
2020-10-12,2020,10,12,Post-Monsoon,Gujarat Coastal,21.64,69.6,2,48,Normal,29.4,70.4,1012.3,1.3,12.7,302.0,89.0,29.2,70.5,1011.6,0.6,12.5,0.2,0.7,0.2,0
2020-10-12,2020,10,12,Post-Monsoon,Rajasthan (West),26.91,70.9,2,48,Normal,23.9,52.0,1015.8,5.4,15.0,39.0,90.0,23.3,51.0,1015.9,0.7,15.5,0.6,4.7,0.6,0
2020-10-12,2020,10,12,Post-Monsoon,Gujarat Coastal,21.64,69.6,4,96,Normal,28.0,70.4,1010.7,0.2,10.8,5.0,82.0,29.2,66.4,1011.6,0.6,12.5,1.2,0.4,1.2,0
2020-10-12,2020,10,12,Post-Monsoon,Kerala Coast,9.93,76.26,5,120,Normal,27.4,78.9,1015.2,79.7,16.2,224.0,89.0,28.3,75.9,1016.6,24.1,13.0,0.9,55.6,55.6,1
2020-10-12,2020,10,12,Post-Monsoon,West Bengal (Gangetic),22.57,88.36,5,120,Normal,24.8,74.9,1016.0,0.0,9.2,262.0,53.0,25.0,72.2,1017.0,0.8,11.4,0.2,0.8,0.2,0
2020-10-12,2020,10,12,Post-Monsoon,Odisha Coastal,20.27,85.84,7,168,Normal,25.8,64.5,1017.8,18.5,8.7,271.0,64.0,26.4,65.3,1015.5,4.0,8.4,0.6,14.5,0.6,0
2020-10-12,2020,10,12,Post-Monsoon,Maharashtra (Mumbai/Konkan),18.98,72.83,7,168,Normal,26.2,66.4,1010.9,5.4,11.6,206.0,24.0,27.1,65.3,1012.3,4.9,9.6,0.9,0.5,0.9,0
2020-10-12,2020,10,12,Post-Monsoon,Himachal Pradesh,31.1,77.17,7,168,Normal,28.3,71.7,1013.0,5.0,11.0,273.0,36.0,26.1,73.9,1014.2,2.3,16.5,2.2,2.7,2.2,0
2020-10-12,2020,10,12,Post-Monsoon,Assam & Meghalaya,26.14,91.73,7,168,Normal,29.2,73.4,1013.7,0.0,6.6,10.0,56.0,27.0,70.0,1012.7,1.0,8.2,2.2,1.0,2.2,0
2020-10-12,2020,10,12,Post-Monsoon,Rajasthan (West),26.91,70.9,8,192,Normal,24.5,52.0,1016.5,5.4,16.0,345.0,73.0,23.3,49.9,1015.9,0.7,15.5,1.2,4.7,1.2,0
2020-10-12,2020,10,12,Post-Monsoon,Himachal Pradesh,31.1,77.17,8,192,Normal,26.6,71.7,1014.5,0.0,21.6,118.0,47.0,26.1,75.1,1014.2,2.3,16.5,0.5,2.3,0.5,0
2020-10-12,2020,10,12,Post-Monsoon,Maharashtra (Mumbai/Konkan),18.98,72.83,9,216,Normal,29.1,66.4,1011.7,14.6,6.8,349.0,54.0,27.1,64.4,1012.3,4.9,9.6,2.0,9.7,2.0,0
2020-10-12,2020,10,12,Post-Monsoon,West Bengal (Gangetic),22.57,88.36,10,240,Normal,24.6,74.9,1017.9,0.0,6.2,205.0,60.0,25.0,74.1,1017.0,0.8,11.4,0.4,0.8,0.4,0
2020-10-19,2020,10,19,Post-Monsoon,Kerala Coast,9.93,76.26,1,24,Normal,25.7,63.7,1014.1,14.3,11.4,106.0,12.0,25.2,66.4,1014.6,11.9,9.2,0.5,2.4,2.4,0
2020-10-19,2020,10,19,Post-Monsoon,Maharashtra (Mumbai/Konkan),18.98,72.83,1,24,Normal,23.6,67.2,1012.8,9.4,11.2,225.0,58.0,24.0,63.7,1013.1,8.2,12.4,0.4,1.2,1.2,0
2020-10-19,2020,10,19,Post-Monsoon,Rajasthan (West),26.91,70.9,1,24,Normal,26.7,61.2,1012.1,11.6,10.5,95.0,68.0,26.1,61.9,1011.8,4.6,11.1,0.6,7.0,0.6,0
2020-10-19,2020,10,19,Post-Monsoon,Maharashtra (Mumbai/Konkan),18.98,72.83,2,48,Normal,24.2,67.2,1012.5,4.9,11.7,321.0,54.0,24.0,76.6,1013.1,8.2,12.4,0.2,3.3,3.3,0
2020-10-19,2020,10,19,Post-Monsoon,Himachal Pradesh,31.1,77.17,2,48,Normal,26.9,58.8,1010.3,0.0,13.9,285.0,85.0,26.8,51.8,1010.8,2.2,12.2,0.1,2.2,0.1,0
2020-10-19,2020,10,19,Post-Monsoon,Odisha Coastal,20.27,85.84,5,120,Cyclone,26.8,64.3,992.1,109.8,15.3,98.0,18.0,27.5,65.3,992.7,88.2,25.1,0.7,21.6,21.6,1
2020-10-19,2020,10,19,Post-Monsoon,Himachal Pradesh,31.1,77.17,5,120,Normal,24.9,58.8,1011.3,8.6,9.9,209.0,19.0,26.8,61.4,1010.8,2.2,12.2,1.9,6.4,1.9,0
2020-10-19,2020,10,19,Post-Monsoon,West Bengal (Gangetic),22.57,88.36,6,144,Normal,22.4,71.2,1017.0,0.0,14.8,134.0,54.0,22.3,68.1,1016.2,0.4,12.8,0.1,0.4,0.1,0
2020-10-19,2020,10,19,Post-Monsoon,Kerala Coast,9.93,76.26,7,168,Normal,30.6,63.7,1014.0,9.7,10.1,142.0,38.0,25.2,64.5,1014.6,11.9,9.2,5.4,2.2,2.2,1
2020-10-19,2020,10,19,Post-Monsoon,West Bengal (Gangetic),22.57,88.36,7,168,Normal,24.8,71.2,1015.9,0.0,9.1,42.0,13.0,22.3,78.3,1016.2,0.4,12.8,2.5,0.4,2.5,0
2020-10-19,2020,10,19,Post-Monsoon,Assam & Meghalaya,26.14,91.73,7,168,Normal,28.5,61.3,1007.0,17.1,4.3,105.0,58.0,26.6,57.0,1011.4,4.8,4.6,1.9,12.3,1.9,1
2020-10-19,2020,10,19,Post-Monsoon,Odisha Coastal,20.27,85.84,8,192,Cyclone,27.5,64.3,991.0,0.0,20.8,343.0,31.0,27.5,65.4,992.7,88.2,25.1,0.0,88.2,88.2,1
2020-10-19,2020,10,19,Post-Monsoon,Gujarat Coastal,21.64,69.6,9,216,Cyclone,21.4,69.5,989.7,58.6,52.4,157.0,52.0,20.9,70.5,990.4,39.3,37.9,0.5,19.3,19.3,1
2020-10-19,2020,10,19,Post-Monsoon,Rajasthan (West),26.91,70.9,9,216,Normal,25.9,61.2,1008.5,0.0,14.7,344.0,93.0,26.1,60.8,1011.8,4.6,11.1,0.2,4.6,0.2,1
2020-10-19,2020,10,19,Post-Monsoon,Gujarat Coastal,21.64,69.6,10,240,Cyclone,21.4,69.5,990.3,24.4,29.0,2.0,79.0,20.9,65.3,990.4,39.3,37.9,0.5,14.9,14.9,1
2020-10-19,2020,10,19,Post-Monsoon,Assam & Meghalaya,26.14,91.73,10,240,Normal,25.7,61.3,1011.3,11.9,2.2,265.0,72.0,26.6,63.7,1011.4,4.8,4.6,0.9,7.1,0.9,0
2020-10-26,2020,10,26,Post-Monsoon,Himachal Pradesh,31.1,77.17,1,24,Normal,23.0,79.5,1011.9,4.5,6.4,72.0,35.0,24.0,81.9,1011.5,4.3,7.5,1.0,0.2,1.0,0
2020-10-26,2020,10,26,Post-Monsoon,West Bengal (Gangetic),22.57,88.36,1,24,Normal,24.6,64.1,1010.2,5.9,13.0,101.0,20.0,25.2,62.9,1010.9,6.6,13.0,0.6,0.7,0.7,0
2020-10-26,2020,10,26,Post-Monsoon,Assam & Meghalaya,26.14,91.73,1,24,Normal,23.6,86.6,1012.4,0.0,10.8,296.0,72.0,23.5,87.4,1012.1,0.1,9.5,0.1,0.1,0.1,0
2020-10-26,2020,10,26,Post-Monsoon,Kerala Coast,9.93,76.26,2,48,Normal,21.8,60.4,1012.0,0.4,11.6,339.0,62.0,23.0,59.8,1012.0,3.7,12.9,1.2,3.3,1.2,0
2020-10-26,2020,10,26,Post-Monsoon,Maharashtra (Mumbai/Konkan),18.98,72.83,3,72,Normal,25.1,85.0,1014.5,0.0,11.5,329.0,56.0,24.5,81.2,1013.4,0.5,12.0,0.6,0.5,0.6,0
2020-10-26,2020,10,26,Post-Monsoon,Himachal Pradesh,31.1,77.17,4,96,Normal,25.5,79.5,1012.1,5.2,1.0,129.0,50.0,24.0,73.2,1011.5,4.3,7.5,1.5,0.9,1.5,0
2020-10-26,2020,10,26,Post-Monsoon,West Bengal (Gangetic),22.57,88.36,4,96,Normal,25.1,64.1,1010.7,4.9,15.4,265.0,76.0,25.2,71.7,1010.9,6.6,13.0,0.1,1.7,1.7,0
2020-10-26,2020,10,26,Post-Monsoon,Kerala Coast,9.93,76.26,5,120,Normal,20.2,60.4,1011.1,0.0,9.5,196.0,42.0,23.0,49.9,1012.0,3.7,12.9,2.8,3.7,2.8,0
2020-10-26,2020,10,26,Post-Monsoon,Odisha Coastal,20.27,85.84,7,168,Normal,20.2,62.9,1011.9,0.0,20.3,222.0,52.0,24.3,61.6,1009.2,0.5,15.5,4.1,0.5,4.1,1
2020-10-26,2020,10,26,Post-Monsoon,Gujarat Coastal,21.64,69.6,7,168,Normal,24.3,67.4,1009.1,5.4,7.8,356.0,49.0,28.3,62.9,1010.2,8.9,8.5,4.0,3.5,3.5,1
2020-10-26,2020,10,26,Post-Monsoon,Rajasthan (West),26.91,70.9,7,168,Normal,25.6,61.4,1015.8,2.7,11.9,133.0,75.0,28.0,66.7,1015.2,0.0,10.2,2.4,2.7,2.4,0
2020-10-26,2020,10,26,Post-Monsoon,Maharashtra (Mumbai/Konkan),18.98,72.83,8,192,Normal,24.4,85.0,1014.5,0.0,11.6,109.0,62.0,24.5,75.4,1013.4,0.5,12.0,0.1,0.5,0.1,0
2020-10-26,2020,10,26,Post-Monsoon,Odisha Coastal,20.27,85.84,9,216,Normal,23.0,62.9,1012.7,5.8,18.6,341.0,48.0,24.3,66.4,1009.2,0.5,15.5,1.3,5.3,1.3,1
2020-10-26,2020,10,26,Post-Monsoon,Rajasthan (West),26.91,70.9,9,216,Normal,25.4,61.4,1017.8,5.5,10.4,90.0,60.0,28.0,65.3,1015.2,0.0,10.2,2.6,5.5,2.6,0
2020-10-26,2020,10,26,Post-Monsoon,Assam & Meghalaya,26.14,91.73,9,216,Normal,21.3,86.6,1010.6,0.0,5.9,246.0,76.0,23.5,91.4,1012.1,0.1,9.5,2.2,0.1,2.2,0
2020-10-26,2020,10,26,Post-Monsoon,Gujarat Coastal,21.64,69.6,10,240,Normal,31.8,67.4,1006.8,36.8,2.2,108.0,23.0,28.3,59.0,1010.2,8.9,8.5,3.5,27.9,27.9,1
2020-11-02,2020,11,2,Post-Monsoon,Gujarat Coastal,21.64,69.6,1,24,Normal,24.7,76.7,1015.5,4.1,14.2,309.0,50.0,25.8,79.2,1015.7,3.2,15.8,1.1,0.9,1.1,0
2020-11-02,2020,11,2,Post-Monsoon,West Bengal (Gangetic),22.57,88.36,1,24,Normal,25.9,68.7,1014.0,2.7,4.2,104.0,45.0,25.8,65.0,1014.0,2.3,5.5,0.1,0.4,0.1,0
2020-11-02,2020,11,2,Post-Monsoon,Himachal Pradesh,31.1,77.17,2,48,Normal,20.7,68.3,1015.4,8.6,14.2,194.0,25.0,19.7,66.6,1014.9,1.6,12.2,1.0,7.0,1.0,0
2020-11-02,2020,11,2,Post-Monsoon,Odisha Coastal,20.27,85.84,3,72,Normal,28.5,69.4,1013.4,3.2,9.2,35.0,17.0,28.6,63.2,1013.3,3.3,11.5,0.1,0.1,0.1,0
2020-11-02,2020,11,2,Post-Monsoon,Assam & Meghalaya,26.14,91.73,3,72,Normal,23.4,68.1,1014.0,3.6,10.8,179.0,46.0,24.7,72.1,1013.3,0.6,12.5,1.3,3.0,1.3,0
2020-11-02,2020,11,2,Post-Monsoon,Kerala Coast,9.93,76.26,4,96,Normal,31.5,68.0,1011.7,10.5,9.6,311.0,48.0,29.4,66.7,1012.2,5.8,12.5,2.1,4.7,4.7,0
2020-11-02,2020,11,2,Post-Monsoon,West Bengal (Gangetic),22.57,88.36,4,96,Normal,26.4,68.7,1013.5,11.7,4.6,143.0,37.0,25.8,63.6,1014.0,2.3,5.5,0.6,9.4,0.6,0
2020-11-02,2020,11,2,Post-Monsoon,Kerala Coast,9.93,76.26,5,120,Normal,28.5,68.0,1013.1,4.4,14.9,161.0,85.0,29.4,64.6,1012.2,5.8,12.5,0.9,1.4,1.4,0
2020-11-02,2020,11,2,Post-Monsoon,Maharashtra (Mumbai/Konkan),18.98,72.83,6,144,Normal,25.2,63.3,1019.6,4.8,10.0,33.0,48.0,24.9,65.4,1015.9,3.4,11.4,0.3,1.4,0.3,1
2020-11-02,2020,11,2,Post-Monsoon,Rajasthan (West),26.91,70.9,6,144,Normal,28.6,76.5,1010.6,0.0,11.1,142.0,26.0,27.5,74.2,1010.9,0.4,11.6,1.1,0.4,1.1,0
2020-11-02,2020,11,2,Post-Monsoon,Himachal Pradesh,31.1,77.17,6,144,Normal,15.1,68.3,1014.6,0.0,8.5,327.0,42.0,19.7,73.6,1014.9,1.6,12.2,4.6,1.6,4.6,1
2020-11-02,2020,11,2,Post-Monsoon,Odisha Coastal,20.27,85.84,7,168,Normal,24.4,69.4,1014.3,3.2,12.5,289.0,39.0,28.6,71.9,1013.3,3.3,11.5,4.2,0.1,4.2,1
2020-11-02,2020,11,2,Post-Monsoon,Rajasthan (West),26.91,70.9,7,168,Normal,27.7,76.5,1011.4,0.0,18.3,147.0,40.0,27.5,76.3,1010.9,0.4,11.6,0.2,0.4,0.2,0
2020-11-02,2020,11,2,Post-Monsoon,Assam & Meghalaya,26.14,91.73,8,192,Normal,27.2,68.1,1012.2,1.3,15.6,1.0,58.0,24.7,75.0,1013.3,0.6,12.5,2.5,0.7,2.5,0
2020-11-02,2020,11,2,Post-Monsoon,Maharashtra (Mumbai/Konkan),18.98,72.83,9,216,Normal,22.1,63.3,1012.1,9.3,11.8,204.0,69.0,24.9,66.7,1015.9,3.4,11.4,2.8,5.9,2.8,1
2020-11-02,2020,11,2,Post-Monsoon,Gujarat Coastal,21.64,69.6,10,240,Normal,25.8,76.7,1014.0,0.8,18.1,157.0,87.0,25.8,76.8,1015.7,3.2,15.8,0.0,2.4,0.0,0
2020-11-09,2020,11,9,Post-Monsoon,Odisha Coastal,20.27,85.84,1,24,Normal,27.3,69.1,1011.1,3.3,4.1,9.0,24.0,26.4,69.6,1012.0,1.2,5.8,0.9,2.1,0.9,0
2020-11-09,2020,11,9,Post-Monsoon,Kerala Coast,9.93,76.26,1,24,Normal,25.4,62.2,1013.1,0.5,10.1,293.0,34.0,26.2,56.1,1013.5,1.0,8.7,0.8,0.5,0.8,0
2020-11-09,2020,11,9,Post-Monsoon,Himachal Pradesh,31.1,77.17,1,24,Normal,27.6,70.8,1011.2,4.5,11.4,81.0,36.0,27.1,60.6,1010.7,0.8,11.1,0.5,3.7,0.5,0
2020-11-09,2020,11,9,Post-Monsoon,Assam & Meghalaya,26.14,91.73,4,96,Normal,28.1,82.8,1008.9,5.8,17.7,217.0,68.0,24.6,89.4,1009.6,0.3,15.8,3.5,5.5,3.5,1
2020-11-09,2020,11,9,Post-Monsoon,Gujarat Coastal,21.64,69.6,5,120,Normal,26.0,63.9,1010.3,0.0,9.0,265.0,28.0,28.5,58.2,1010.5,0.6,10.3,2.5,0.6,2.5,0
2020-11-09,2020,11,9,Post-Monsoon,Assam & Meghalaya,26.14,91.73,5,120,Normal,26.3,82.8,1009.9,7.8,16.4,231.0,52.0,24.6,86.6,1009.6,0.3,15.8,1.7,7.5,1.7,0
2020-11-09,2020,11,9,Post-Monsoon,Rajasthan (West),26.91,70.9,6,144,Normal,27.2,66.8,1015.8,0.0,15.3,10.0,23.0,27.8,62.9,1015.0,0.3,14.9,0.6,0.3,0.6,0
2020-11-09,2020,11,9,Post-Monsoon,Odisha Coastal,20.27,85.84,7,168,Normal,22.2,69.1,1011.6,6.6,8.2,342.0,54.0,26.4,70.6,1012.0,1.2,5.8,4.2,5.4,4.2,1
2020-11-09,2020,11,9,Post-Monsoon,Maharashtra (Mumbai/Konkan),18.98,72.83,7,168,Normal,28.5,69.6,1015.2,12.0,7.5,184.0,23.0,27.1,68.5,1014.2,24.3,7.5,1.4,12.3,12.3,0
2020-11-09,2020,11,9,Post-Monsoon,Gujarat Coastal,21.64,69.6,7,168,Normal,27.3,63.9,1009.6,3.9,9.4,302.0,54.0,28.5,59.5,1010.5,0.6,10.3,1.2,3.3,1.2,0
2020-11-09,2020,11,9,Post-Monsoon,West Bengal (Gangetic),22.57,88.36,7,168,Cyclone,26.0,66.2,986.4,216.0,23.6,342.0,91.0,28.0,66.1,986.5,87.8,28.3,2.0,128.2,128.2,1
2020-11-09,2020,11,9,Post-Monsoon,Rajasthan (West),26.91,70.9,8,192,Normal,29.0,66.8,1013.5,1.4,18.2,24.0,26.0,27.8,64.2,1015.0,0.3,14.9,1.2,1.1,1.2,0
2020-11-09,2020,11,9,Post-Monsoon,Himachal Pradesh,31.1,77.17,9,216,Normal,26.4,70.8,1012.3,7.5,7.4,125.0,23.0,27.1,74.9,1010.7,0.8,11.1,0.7,6.7,0.7,0
2020-11-09,2020,11,9,Post-Monsoon,West Bengal (Gangetic),22.57,88.36,9,216,Cyclone,25.9,66.2,980.2,117.0,22.0,120.0,20.0,28.0,67.5,986.5,87.8,28.3,2.1,29.2,29.2,1
2020-11-09,2020,11,9,Post-Monsoon,Kerala Coast,9.93,76.26,10,240,Normal,28.9,62.2,1009.5,8.4,5.9,142.0,26.0,26.2,68.5,1013.5,1.0,8.7,2.7,7.4,2.7,1
2020-11-09,2020,11,9,Post-Monsoon,Maharashtra (Mumbai/Konkan),18.98,72.83,10,240,Normal,30.3,69.6,1013.3,54.0,7.0,85.0,65.0,27.1,65.3,1014.2,24.3,7.5,3.2,29.7,29.7,1
2020-11-16,2020,11,16,Post-Monsoon,Kerala Coast,9.93,76.26,2,48,Normal,25.3,59.7,1015.6,12.9,11.7,287.0,62.0,25.2,57.5,1015.1,11.8,7.6,0.1,1.1,1.1,0
2020-11-16,2020,11,16,Post-Monsoon,Gujarat Coastal,21.64,69.6,2,48,Normal,25.0,67.7,1012.4,0.8,10.7,319.0,11.0,25.4,67.0,1011.9,0.9,8.8,0.4,0.1,0.4,0
2020-11-16,2020,11,16,Post-Monsoon,West Bengal (Gangetic),22.57,88.36,2,48,Normal,26.3,76.8,1014.0,0.4,14.0,103.0,40.0,26.2,77.0,1013.6,6.1,16.6,0.1,5.7,5.7,0
2020-11-16,2020,11,16,Post-Monsoon,Assam & Meghalaya,26.14,91.73,3,72,Normal,24.4,58.0,1014.3,11.9,6.4,200.0,43.0,24.3,57.2,1014.7,4.6,7.0,0.1,7.3,0.1,0
2020-11-16,2020,11,16,Post-Monsoon,Kerala Coast,9.93,76.26,4,96,Normal,27.9,59.7,1014.7,17.9,9.8,261.0,71.0,25.2,57.8,1015.1,11.8,7.6,2.7,6.1,6.1,0
2020-11-16,2020,11,16,Post-Monsoon,Himachal Pradesh,31.1,77.17,4,96,Normal,28.4,72.4,1012.6,0.0,6.7,318.0,45.0,27.5,63.7,1012.7,0.0,10.7,0.9,0.0,0.9,0
2020-11-16,2020,11,16,Post-Monsoon,Odisha Coastal,20.27,85.84,5,120,Normal,21.7,66.8,1014.4,0.0,5.7,9.0,49.0,24.0,67.3,1015.3,2.6,5.1,2.3,2.6,2.3,0
2020-11-16,2020,11,16,Post-Monsoon,Maharashtra (Mumbai/Konkan),18.98,72.83,5,120,Normal,25.7,82.4,1015.5,0.0,11.8,275.0,11.0,26.5,86.2,1015.0,3.5,11.4,0.8,3.5,0.8,0
2020-11-16,2020,11,16,Post-Monsoon,Rajasthan (West),26.91,70.9,5,120,Normal,26.0,85.5,1013.0,9.3,9.4,169.0,64.0,27.7,87.2,1013.3,1.1,9.3,1.7,8.2,1.7,0
2020-11-16,2020,11,16,Post-Monsoon,West Bengal (Gangetic),22.57,88.36,5,120,Normal,29.2,76.8,1012.8,8.8,21.0,252.0,53.0,26.2,73.6,1013.6,6.1,16.6,3.0,2.7,2.7,0
2020-11-16,2020,11,16,Post-Monsoon,Gujarat Coastal,21.64,69.6,6,144,Normal,22.0,67.7,1009.7,0.0,6.8,98.0,13.0,25.4,66.1,1011.9,0.9,8.8,3.4,0.9,3.4,1
2020-11-16,2020,11,16,Post-Monsoon,Assam & Meghalaya,26.14,91.73,6,144,Normal,20.5,58.0,1013.6,0.0,9.4,70.0,37.0,24.3,55.5,1014.7,4.6,7.0,3.8,4.6,3.8,1
2020-11-16,2020,11,16,Post-Monsoon,Maharashtra (Mumbai/Konkan),18.98,72.83,7,168,Normal,28.6,82.4,1018.4,8.9,16.9,214.0,35.0,26.5,82.7,1015.0,3.5,11.4,2.1,5.4,2.1,1
2020-11-16,2020,11,16,Post-Monsoon,Rajasthan (West),26.91,70.9,9,216,Normal,31.2,85.5,1015.6,3.4,5.4,221.0,12.0,27.7,82.8,1013.3,1.1,9.3,3.5,2.3,3.5,1
2020-11-16,2020,11,16,Post-Monsoon,Himachal Pradesh,31.1,77.17,9,216,Normal,23.6,72.4,1015.1,13.3,4.5,26.0,63.0,27.5,73.6,1012.7,0.0,10.7,3.9,13.3,3.9,1
2020-11-16,2020,11,16,Post-Monsoon,Odisha Coastal,20.27,85.84,10,240,Normal,28.0,66.8,1017.5,24.9,3.1,17.0,93.0,24.0,64.8,1015.3,2.6,5.1,4.0,22.3,4.0,1
2020-11-23,2020,11,23,Post-Monsoon,Odisha Coastal,20.27,85.84,1,24,Normal,23.3,55.7,1012.3,11.0,12.3,236.0,32.0,23.5,53.1,1012.1,8.7,13.8,0.2,2.3,2.3,0
2020-11-23,2020,11,23,Post-Monsoon,Maharashtra (Mumbai/Konkan),18.98,72.83,1,24,Normal,24.9,78.7,1010.0,9.2,9.9,192.0,12.0,25.7,80.6,1009.7,8.3,10.6,0.8,0.9,0.9,0
2020-11-23,2020,11,23,Post-Monsoon,West Bengal (Gangetic),22.57,88.36,1,24,Normal,23.0,63.6,1015.1,0.0,11.0,24.0,57.0,23.8,51.5,1015.6,0.0,11.0,0.8,0.0,0.8,0
2020-11-23,2020,11,23,Post-Monsoon,Rajasthan (West),26.91,70.9,2,48,Normal,21.0,81.1,1014.1,0.0,12.7,283.0,76.0,22.1,81.6,1013.9,0.4,10.8,1.1,0.4,1.1,0
2020-11-23,2020,11,23,Post-Monsoon,Kerala Coast,9.93,76.26,4,96,Normal,25.9,76.3,1013.0,11.4,12.7,286.0,40.0,26.2,80.3,1011.6,6.8,11.4,0.3,4.6,4.6,0
2020-11-23,2020,11,23,Post-Monsoon,Himachal Pradesh,31.1,77.17,4,96,Normal,26.6,68.8,1013.9,0.0,6.0,120.0,81.0,24.1,74.0,1014.0,2.0,7.0,2.5,2.0,2.5,0
2020-11-23,2020,11,23,Post-Monsoon,Maharashtra (Mumbai/Konkan),18.98,72.83,5,120,Normal,27.2,78.7,1008.5,8.2,9.5,349.0,19.0,25.7,78.8,1009.7,8.3,10.6,1.5,0.1,0.1,0
2020-11-23,2020,11,23,Post-Monsoon,Himachal Pradesh,31.1,77.17,6,144,Normal,22.1,68.8,1011.4,0.0,10.1,307.0,45.0,24.1,67.0,1014.0,2.0,7.0,2.0,2.0,2.0,0
2020-11-23,2020,11,23,Post-Monsoon,West Bengal (Gangetic),22.57,88.36,6,144,Normal,23.4,63.6,1014.1,0.0,11.8,188.0,75.0,23.8,62.1,1015.6,0.0,11.0,0.4,0.0,0.4,0
2020-11-23,2020,11,23,Post-Monsoon,Odisha Coastal,20.27,85.84,7,168,Normal,22.6,55.7,1010.7,1.3,9.1,316.0,34.0,23.5,58.3,1012.1,8.7,13.8,0.9,7.4,7.4,0
2020-11-23,2020,11,23,Post-Monsoon,Gujarat Coastal,21.64,69.6,8,192,Normal,27.8,76.9,1018.2,17.7,12.0,136.0,32.0,25.1,76.4,1014.2,27.5,11.2,2.7,9.8,9.8,1
2020-11-23,2020,11,23,Post-Monsoon,Rajasthan (West),26.91,70.9,8,192,Normal,22.4,81.1,1014.1,0.0,14.1,247.0,85.0,22.1,83.0,1013.9,0.4,10.8,0.3,0.4,0.3,0
2020-11-23,2020,11,23,Post-Monsoon,Assam & Meghalaya,26.14,91.73,8,192,Normal,24.5,65.8,1012.6,0.2,7.9,272.0,45.0,24.2,63.7,1010.7,0.3,8.5,0.3,0.1,0.3,0
2020-11-23,2020,11,23,Post-Monsoon,Assam & Meghalaya,26.14,91.73,9,216,Normal,25.9,65.8,1005.6,2.8,8.5,202.0,18.0,24.2,61.3,1010.7,0.3,8.5,1.7,2.5,1.7,1
2020-11-23,2020,11,23,Post-Monsoon,Kerala Coast,9.93,76.26,10,240,Normal,27.3,76.3,1010.4,0.0,13.1,129.0,13.0,26.2,78.4,1011.6,6.8,11.4,1.1,6.8,6.8,0
2020-11-23,2020,11,23,Post-Monsoon,Gujarat Coastal,21.64,69.6,10,240,Normal,25.3,76.9,1015.9,46.7,11.5,173.0,67.0,25.1,76.8,1014.2,27.5,11.2,0.2,19.2,19.2,0
2020-11-30,2020,11,30,Post-Monsoon,West Bengal (Gangetic),22.57,88.36,1,24,Normal,25.8,77.5,1014.1,9.8,14.2,295.0,55.0,26.4,76.7,1014.5,8.3,14.4,0.6,1.5,1.5,0
2020-11-30,2020,11,30,Post-Monsoon,Odisha Coastal,20.27,85.84,2,48,Normal,24.5,80.3,1016.3,0.0,9.0,65.0,25.0,25.8,78.8,1015.8,0.4,10.7,1.3,0.4,1.3,0
2020-11-30,2020,11,30,Post-Monsoon,West Bengal (Gangetic),22.57,88.36,3,72,Normal,27.6,77.5,1014.7,16.3,14.5,88.0,25.0,26.4,79.8,1014.5,8.3,14.4,1.2,8.0,8.0,0
2020-11-30,2020,11,30,Post-Monsoon,Odisha Coastal,20.27,85.84,4,96,Normal,28.1,80.3,1018.8,6.9,7.7,46.0,52.0,25.8,79.1,1015.8,0.4,10.7,2.3,6.5,2.3,0
2020-11-30,2020,11,30,Post-Monsoon,Gujarat Coastal,21.64,69.6,4,96,Normal,27.7,55.1,1015.5,8.3,8.3,273.0,12.0,27.0,47.7,1013.9,6.8,14.0,0.7,1.5,1.5,0
2020-11-30,2020,11,30,Post-Monsoon,Rajasthan (West),26.91,70.9,4,96,Normal,26.2,64.9,1013.2,4.9,8.5,114.0,71.0,27.4,67.3,1013.5,6.0,9.2,1.2,1.1,1.1,0
2020-11-30,2020,11,30,Post-Monsoon,Rajasthan (West),26.91,70.9,5,120,Normal,25.0,64.9,1012.6,17.4,3.5,279.0,10.0,27.4,59.7,1013.5,6.0,9.2,2.4,11.4,11.4,0
2020-11-30,2020,11,30,Post-Monsoon,Maharashtra (Mumbai/Konkan),18.98,72.83,8,192,Normal,27.7,76.6,1014.0,46.7,12.2,277.0,65.0,26.4,80.5,1013.6,18.2,10.4,1.3,28.5,28.5,1
2020-11-30,2020,11,30,Post-Monsoon,Gujarat Coastal,21.64,69.6,8,192,Normal,29.8,55.1,1012.8,18.7,14.7,326.0,19.0,27.0,52.8,1013.9,6.8,14.0,2.8,11.9,11.9,0
2020-11-30,2020,11,30,Post-Monsoon,Himachal Pradesh,31.1,77.17,8,192,Normal,26.2,77.2,1011.0,0.0,5.5,259.0,41.0,26.4,71.6,1011.6,0.8,9.0,0.2,0.8,0.2,0
2020-11-30,2020,11,30,Post-Monsoon,Assam & Meghalaya,26.14,91.73,8,192,Normal,28.0,65.6,1009.9,0.0,6.3,24.0,44.0,26.9,64.7,1011.2,0.4,9.0,1.1,0.4,1.1,0
2020-11-30,2020,11,30,Post-Monsoon,Kerala Coast,9.93,76.26,9,216,Normal,21.5,62.7,1015.5,0.1,10.2,163.0,21.0,25.5,63.5,1015.9,2.3,7.4,4.0,2.2,4.0,1
2020-11-30,2020,11,30,Post-Monsoon,Maharashtra (Mumbai/Konkan),18.98,72.83,9,216,Normal,26.9,76.6,1010.7,16.3,12.5,122.0,51.0,26.4,79.0,1013.6,18.2,10.4,0.5,1.9,1.9,0
2020-11-30,2020,11,30,Post-Monsoon,Himachal Pradesh,31.1,77.17,9,216,Normal,26.5,77.2,1010.4,15.1,13.2,265.0,61.0,26.4,78.8,1011.6,0.8,9.0,0.1,14.3,0.1,0
2020-11-30,2020,11,30,Post-Monsoon,Kerala Coast,9.93,76.26,10,240,Normal,29.0,62.7,1016.5,3.7,2.2,15.0,31.0,25.5,60.4,1015.9,2.3,7.4,3.5,1.4,3.5,1
2020-11-30,2020,11,30,Post-Monsoon,Assam & Meghalaya,26.14,91.73,10,240,Normal,25.5,65.6,1013.4,0.0,12.9,277.0,23.0,26.9,66.1,1011.2,0.4,9.0,1.4,0.4,1.4,0
2020-12-07,2020,12,7,Post-Monsoon,Odisha Coastal,20.27,85.84,2,48,Normal,26.4,74.3,1017.5,10.9,11.8,46.0,94.0,27.7,74.2,1016.5,16.6,8.3,1.3,5.7,5.7,0
2020-12-07,2020,12,7,Post-Monsoon,Maharashtra (Mumbai/Konkan),18.98,72.83,3,72,Normal,24.4,81.7,1016.7,7.3,13.1,141.0,85.0,25.8,76.7,1014.8,2.8,10.9,1.4,4.5,1.4,0
2020-12-07,2020,12,7,Post-Monsoon,Odisha Coastal,20.27,85.84,4,96,Normal,27.1,74.3,1016.5,25.3,11.6,267.0,54.0,27.7,74.4,1016.5,16.6,8.3,0.6,8.7,8.7,0
2020-12-07,2020,12,7,Post-Monsoon,Gujarat Coastal,21.64,69.6,4,96,Normal,23.0,60.1,1015.2,7.9,10.5,264.0,85.0,22.1,61.5,1016.5,0.6,10.7,0.9,7.3,0.9,0
2020-12-07,2020,12,7,Post-Monsoon,Rajasthan (West),26.91,70.9,4,96,Normal,31.6,68.6,1010.0,3.2,10.3,178.0,90.0,30.1,69.3,1011.2,3.8,11.7,1.5,0.6,1.5,0
2020-12-07,2020,12,7,Post-Monsoon,Gujarat Coastal,21.64,69.6,5,120,Normal,22.8,60.1,1015.9,0.0,8.3,107.0,53.0,22.1,65.4,1016.5,0.6,10.7,0.7,0.6,0.7,0
2020-12-07,2020,12,7,Post-Monsoon,Rajasthan (West),26.91,70.9,5,120,Normal,28.8,68.6,1009.7,10.6,14.5,263.0,92.0,30.1,72.4,1011.2,3.8,11.7,1.3,6.8,1.3,0
2020-12-07,2020,12,7,Post-Monsoon,West Bengal (Gangetic),22.57,88.36,6,144,Cyclone,30.2,66.5,985.6,81.0,35.0,30.0,11.0,27.8,59.0,989.3,112.3,36.8,2.4,31.3,31.3,1
2020-12-07,2020,12,7,Post-Monsoon,Himachal Pradesh,31.1,77.17,7,168,Normal,25.0,64.4,1013.8,5.7,8.3,8.0,75.0,25.2,68.8,1014.2,0.3,9.4,0.2,5.4,0.2,0
2020-12-07,2020,12,7,Post-Monsoon,Assam & Meghalaya,26.14,91.73,7,168,Normal,28.7,68.9,1011.9,0.0,3.3,186.0,50.0,26.1,66.9,1012.9,0.2,4.6,2.6,0.2,2.6,0
2020-12-07,2020,12,7,Post-Monsoon,Kerala Coast,9.93,76.26,8,192,Normal,24.0,75.4,1013.6,0.0,10.2,163.0,83.0,23.6,79.2,1013.1,3.2,13.9,0.4,3.2,0.4,0
2020-12-07,2020,12,7,Post-Monsoon,Maharashtra (Mumbai/Konkan),18.98,72.83,8,192,Normal,25.3,81.7,1013.3,6.2,8.3,311.0,16.0,25.8,78.9,1014.8,2.8,10.9,0.5,3.4,0.5,0
2020-12-07,2020,12,7,Post-Monsoon,Himachal Pradesh,31.1,77.17,8,192,Normal,28.3,64.4,1013.0,0.0,10.2,121.0,67.0,25.2,64.1,1014.2,0.3,9.4,3.1,0.3,3.1,1
2020-12-07,2020,12,7,Post-Monsoon,Kerala Coast,9.93,76.26,10,240,Normal,22.4,75.4,1018.5,15.3,12.2,234.0,11.0,23.6,74.8,1013.1,3.2,13.9,1.2,12.1,1.2,1
2020-12-07,2020,12,7,Post-Monsoon,West Bengal (Gangetic),22.57,88.36,10,240,Cyclone,31.9,66.5,987.5,873.0,31.5,66.0,91.0,27.8,61.1,989.3,112.3,36.8,4.1,760.7,760.7,1
2020-12-07,2020,12,7,Post-Monsoon,Assam & Meghalaya,26.14,91.73,10,240,Normal,29.0,68.9,1010.3,0.0,3.5,143.0,23.0,26.1,61.7,1012.9,0.2,4.6,2.9,0.2,2.9,0
2020-12-14,2020,12,14,Post-Monsoon,Maharashtra (Mumbai/Konkan),18.98,72.83,1,24,Normal,29.4,65.8,1012.2,3.6,17.6,244.0,46.0,30.3,66.4,1012.1,2.5,16.3,0.9,1.1,0.9,0
2020-12-14,2020,12,14,Post-Monsoon,Rajasthan (West),26.91,70.9,1,24,Normal,24.9,75.0,1010.7,0.1,10.3,34.0,88.0,25.3,82.7,1010.8,0.4,9.0,0.4,0.3,0.4,0
2020-12-14,2020,12,14,Post-Monsoon,West Bengal (Gangetic),22.57,88.36,1,24,Cyclone,26.9,77.4,987.7,165.5,26.9,46.0,94.0,25.6,80.1,988.7,103.1,26.1,1.3,62.4,62.4,1
2020-12-14,2020,12,14,Post-Monsoon,Assam & Meghalaya,26.14,91.73,1,24,Normal,23.1,69.6,1012.6,2.3,9.4,339.0,53.0,23.7,65.4,1012.8,1.7,9.8,0.6,0.6,0.6,0
2020-12-14,2020,12,14,Post-Monsoon,Rajasthan (West),26.91,70.9,2,48,Normal,23.7,75.0,1010.1,0.0,7.3,265.0,79.0,25.3,80.6,1010.8,0.4,9.0,1.6,0.4,1.6,0
2020-12-14,2020,12,14,Post-Monsoon,Kerala Coast,9.93,76.26,3,72,Normal,28.8,71.1,1005.8,11.9,8.4,204.0,83.0,30.4,72.0,1006.9,11.3,10.2,1.6,0.6,0.6,0
2020-12-14,2020,12,14,Post-Monsoon,Gujarat Coastal,21.64,69.6,5,120,Normal,27.0,76.8,1015.2,0.0,11.3,160.0,18.0,25.8,71.9,1014.9,1.8,8.5,1.2,1.8,1.2,0
2020-12-14,2020,12,14,Post-Monsoon,Himachal Pradesh,31.1,77.17,5,120,Normal,26.2,71.3,1008.8,1.4,18.2,202.0,93.0,26.5,72.1,1009.3,1.0,15.1,0.3,0.4,0.3,0
2020-12-14,2020,12,14,Post-Monsoon,West Bengal (Gangetic),22.57,88.36,7,168,Cyclone,23.5,77.4,989.6,0.0,32.5,287.0,74.0,25.6,80.0,988.7,103.1,26.1,2.1,103.1,103.1,1
2020-12-14,2020,12,14,Post-Monsoon,Gujarat Coastal,21.64,69.6,8,192,Normal,26.2,76.8,1012.5,0.0,2.2,136.0,88.0,25.8,71.2,1014.9,1.8,8.5,0.4,1.8,0.4,0
2020-12-14,2020,12,14,Post-Monsoon,Odisha Coastal,20.27,85.84,9,216,Normal,21.8,67.4,1013.1,0.0,8.2,11.0,74.0,26.9,71.3,1013.6,6.0,10.9,5.1,6.0,6.0,1
2020-12-14,2020,12,14,Post-Monsoon,Kerala Coast,9.93,76.26,9,216,Normal,34.6,71.1,1009.3,10.5,21.3,294.0,78.0,30.4,70.4,1006.9,11.3,10.2,4.2,0.8,0.8,1
2020-12-14,2020,12,14,Post-Monsoon,Himachal Pradesh,31.1,77.17,9,216,Normal,26.5,71.3,1012.0,8.3,15.0,23.0,57.0,26.5,78.0,1009.3,1.0,15.1,0.0,7.3,0.0,0
2020-12-14,2020,12,14,Post-Monsoon,Assam & Meghalaya,26.14,91.73,9,216,Normal,22.3,69.6,1017.6,0.0,10.4,275.0,72.0,23.7,72.3,1012.8,1.7,9.8,1.4,1.7,1.4,1
2020-12-14,2020,12,14,Post-Monsoon,Odisha Coastal,20.27,85.84,10,240,Normal,23.3,67.4,1015.6,0.0,13.5,181.0,83.0,26.9,71.5,1013.6,6.0,10.9,3.6,6.0,6.0,1
2020-12-14,2020,12,14,Post-Monsoon,Maharashtra (Mumbai/Konkan),18.98,72.83,10,240,Normal,22.9,65.8,1013.7,0.0,19.1,232.0,21.0,30.3,62.0,1012.1,2.5,16.3,7.4,2.5,7.4,1
2020-12-21,2020,12,21,Post-Monsoon,Assam & Meghalaya,26.14,91.73,1,24,Normal,26.7,73.3,1016.9,0.4,8.7,352.0,57.0,27.7,79.4,1017.9,0.9,9.8,1.0,0.5,1.0,0
2020-12-21,2020,12,21,Post-Monsoon,Himachal Pradesh,31.1,77.17,2,48,Normal,30.1,61.8,1010.8,2.5,5.3,318.0,48.0,30.4,56.4,1011.2,1.0,5.3,0.3,1.5,0.3,0
2020-12-21,2020,12,21,Post-Monsoon,Gujarat Coastal,21.64,69.6,4,96,Normal,25.0,72.3,1011.5,2.4,10.1,161.0,86.0,23.2,78.5,1010.8,5.3,11.5,1.8,2.9,2.9,0
2020-12-21,2020,12,21,Post-Monsoon,Rajasthan (West),26.91,70.9,5,120,Normal,22.4,62.4,1018.2,0.0,3.5,233.0,67.0,24.7,66.3,1017.3,0.6,5.7,2.3,0.6,2.3,0
2020-12-21,2020,12,21,Post-Monsoon,Kerala Coast,9.93,76.26,6,144,Normal,24.5,73.6,1014.4,3.3,11.3,19.0,82.0,27.0,73.5,1012.5,1.2,10.8,2.5,2.1,2.5,0
2020-12-21,2020,12,21,Post-Monsoon,Maharashtra (Mumbai/Konkan),18.98,72.83,6,144,Normal,27.2,74.8,1018.1,18.0,8.5,274.0,72.0,25.3,71.9,1016.5,3.6,9.2,1.9,14.4,1.9,0
2020-12-21,2020,12,21,Post-Monsoon,Gujarat Coastal,21.64,69.6,6,144,Normal,23.6,72.3,1011.1,5.8,11.2,136.0,46.0,23.2,74.4,1010.8,5.3,11.5,0.4,0.5,0.5,0
2020-12-21,2020,12,21,Post-Monsoon,Rajasthan (West),26.91,70.9,6,144,Normal,23.1,62.4,1018.3,0.0,9.2,226.0,70.0,24.7,62.0,1017.3,0.6,5.7,1.6,0.6,1.6,0
2020-12-21,2020,12,21,Post-Monsoon,West Bengal (Gangetic),22.57,88.36,7,168,Normal,29.4,71.3,1018.2,12.5,15.3,202.0,24.0,27.0,58.3,1015.3,7.9,7.5,2.4,4.6,4.6,1
2020-12-21,2020,12,21,Post-Monsoon,Assam & Meghalaya,26.14,91.73,7,168,Normal,28.6,73.3,1020.1,0.0,9.0,355.0,41.0,27.7,72.3,1017.9,0.9,9.8,0.9,0.9,0.9,0
2020-12-21,2020,12,21,Post-Monsoon,Odisha Coastal,20.27,85.84,8,192,Normal,24.9,82.1,1014.5,0.0,13.5,278.0,19.0,23.7,77.6,1016.6,15.4,12.3,1.2,15.4,15.4,0
2020-12-21,2020,12,21,Post-Monsoon,Kerala Coast,9.93,76.26,8,192,Normal,28.9,73.6,1012.6,0.9,5.7,313.0,41.0,27.0,71.9,1012.5,1.2,10.8,1.9,0.3,1.9,0
2020-12-21,2020,12,21,Post-Monsoon,West Bengal (Gangetic),22.57,88.36,8,192,Normal,30.1,71.3,1015.0,18.6,12.2,264.0,78.0,27.0,73.3,1015.3,7.9,7.5,3.1,10.7,10.7,1
2020-12-21,2020,12,21,Post-Monsoon,Himachal Pradesh,31.1,77.17,9,216,Normal,33.0,61.8,1011.5,0.0,6.9,78.0,94.0,30.4,56.6,1011.2,1.0,5.3,2.6,1.0,2.6,0
2020-12-21,2020,12,21,Post-Monsoon,Odisha Coastal,20.27,85.84,10,240,Normal,24.7,82.1,1015.9,37.2,12.6,311.0,32.0,23.7,84.2,1016.6,15.4,12.3,1.0,21.8,21.8,1
2020-12-21,2020,12,21,Post-Monsoon,Maharashtra (Mumbai/Konkan),18.98,72.83,10,240,Normal,22.9,74.8,1017.6,4.5,11.1,316.0,49.0,25.3,76.3,1016.5,3.6,9.2,2.4,0.9,2.4,0
2020-12-28,2020,12,28,Post-Monsoon,Kerala Coast,9.93,76.26,1,24,Normal,23.0,64.9,1015.0,0.0,5.9,41.0,83.0,22.9,63.1,1014.3,0.3,7.0,0.1,0.3,0.1,0
2020-12-28,2020,12,28,Post-Monsoon,Maharashtra (Mumbai/Konkan),18.98,72.83,2,48,Normal,23.5,75.7,1013.0,0.0,10.9,99.0,62.0,25.4,68.7,1013.0,4.5,10.2,1.9,4.5,1.9,0
2020-12-28,2020,12,28,Post-Monsoon,Rajasthan (West),26.91,70.9,2,48,Normal,28.2,73.3,1012.4,0.0,9.0,192.0,44.0,25.2,73.8,1013.4,1.2,10.4,3.0,1.2,3.0,0
2020-12-28,2020,12,28,Post-Monsoon,Odisha Coastal,20.27,85.84,3,72,Cyclone,28.6,64.4,979.8,392.2,33.1,106.0,62.0,27.3,56.9,983.3,109.6,34.2,1.3,282.6,282.6,1
2020-12-28,2020,12,28,Post-Monsoon,Himachal Pradesh,31.1,77.17,3,72,Normal,25.9,64.3,1010.4,0.0,14.8,307.0,48.0,24.5,63.7,1010.4,0.3,15.6,1.4,0.3,1.4,0
2020-12-28,2020,12,28,Post-Monsoon,Odisha Coastal,20.27,85.84,5,120,Cyclone,28.7,64.4,982.7,0.0,38.7,139.0,63.0,27.3,61.0,983.3,109.6,34.2,1.4,109.6,109.6,1
2020-12-28,2020,12,28,Post-Monsoon,Maharashtra (Mumbai/Konkan),18.98,72.83,5,120,Normal,25.3,75.7,1012.2,5.8,8.3,109.0,52.0,25.4,70.9,1013.0,4.5,10.2,0.1,1.3,0.1,0
2020-12-28,2020,12,28,Post-Monsoon,Assam & Meghalaya,26.14,91.73,5,120,Normal,26.4,93.6,1016.6,4.9,14.6,178.0,94.0,24.8,98.7,1016.9,0.2,11.9,1.6,4.7,1.6,0
2020-12-28,2020,12,28,Post-Monsoon,West Bengal (Gangetic),22.57,88.36,6,144,Normal,28.4,80.5,1015.3,5.7,6.7,161.0,60.0,27.2,77.1,1015.9,4.0,5.6,1.2,1.7,1.2,0
2020-12-28,2020,12,28,Post-Monsoon,Gujarat Coastal,21.64,69.6,7,168,Normal,29.4,66.9,1016.4,2.7,9.0,154.0,29.0,28.3,62.8,1015.2,1.9,10.9,1.1,0.8,1.1,0
2020-12-28,2020,12,28,Post-Monsoon,Rajasthan (West),26.91,70.9,7,168,Normal,28.9,73.3,1012.8,0.0,7.4,49.0,18.0,25.2,75.9,1013.4,1.2,10.4,3.7,1.2,3.7,1
2020-12-28,2020,12,28,Post-Monsoon,Assam & Meghalaya,26.14,91.73,8,192,Normal,28.1,93.6,1012.3,5.3,14.6,30.0,94.0,24.8,98.3,1016.9,0.2,11.9,3.3,5.1,3.3,1
2020-12-28,2020,12,28,Post-Monsoon,Gujarat Coastal,21.64,69.6,9,216,Normal,28.8,66.9,1011.2,0.0,11.6,185.0,17.0,28.3,69.0,1015.2,1.9,10.9,0.5,1.9,0.5,1
2020-12-28,2020,12,28,Post-Monsoon,Himachal Pradesh,31.1,77.17,9,216,Normal,23.1,64.3,1010.3,0.0,17.6,324.0,79.0,24.5,68.4,1010.4,0.3,15.6,1.4,0.3,1.4,0
2020-12-28,2020,12,28,Post-Monsoon,West Bengal (Gangetic),22.57,88.36,9,216,Normal,22.3,80.5,1011.9,0.0,4.4,159.0,62.0,27.2,82.4,1015.9,4.0,5.6,4.9,4.0,4.9,1
2020-12-28,2020,12,28,Post-Monsoon,Kerala Coast,9.93,76.26,10,240,Normal,19.0,64.9,1013.7,0.0,3.1,352.0,60.0,22.9,67.8,1014.3,0.3,7.0,3.9,0.3,3.9,1
2021-01-04,2021,1,4,Winter,Odisha Coastal,20.27,85.84,1,24,Normal,15.6,44.2,1016.7,0.0,13.4,246.0,89.0,15.0,42.1,1017.5,0.1,10.9,0.6,0.1,0.6,0
2021-01-04,2021,1,4,Winter,Gujarat Coastal,21.64,69.6,1,24,Normal,28.2,41.3,1013.5,1.0,7.6,180.0,77.0,26.8,40.7,1014.5,1.2,6.9,1.4,0.2,1.4,0
2021-01-04,2021,1,4,Winter,West Bengal (Gangetic),22.57,88.36,1,24,Normal,17.8,74.2,1015.9,0.0,9.6,315.0,61.0,18.6,71.7,1015.4,0.2,8.6,0.8,0.2,0.8,0
2021-01-04,2021,1,4,Winter,Rajasthan (West),26.91,70.9,3,72,Normal,22.2,62.9,1015.9,1.2,8.5,242.0,72.0,21.6,57.1,1016.5,0.2,9.2,0.6,1.0,0.6,0
2021-01-04,2021,1,4,Winter,Himachal Pradesh,31.1,77.17,3,72,Western Disturbance,16.5,61.2,1015.9,0.0,7.5,278.0,81.0,16.9,58.8,1015.1,11.3,8.2,0.4,11.3,11.3,0
2021-01-04,2021,1,4,Winter,Gujarat Coastal,21.64,69.6,4,96,Normal,28.7,41.3,1013.1,0.0,6.8,251.0,38.0,26.8,39.2,1014.5,1.2,6.9,1.9,1.2,1.9,0
2021-01-04,2021,1,4,Winter,Assam & Meghalaya,26.14,91.73,4,96,Normal,23.5,65.4,1013.9,4.3,8.1,183.0,38.0,22.7,65.9,1015.3,1.0,6.7,0.8,3.3,0.8,0
2021-01-04,2021,1,4,Winter,Maharashtra (Mumbai/Konkan),18.98,72.83,5,120,Normal,18.6,66.5,1015.4,0.0,7.1,320.0,71.0,20.8,68.5,1016.2,0.1,7.1,2.2,0.1,2.2,0
2021-01-04,2021,1,4,Winter,Rajasthan (West),26.91,70.9,6,144,Normal,24.8,62.9,1019.7,0.0,14.2,151.0,37.0,21.6,62.5,1016.5,0.2,9.2,3.2,0.2,3.2,1
2021-01-04,2021,1,4,Winter,Himachal Pradesh,31.1,77.17,6,144,Western Disturbance,15.0,61.2,1014.1,0.0,9.7,36.0,66.0,16.9,58.1,1015.1,11.3,8.2,1.9,11.3,11.3,0
2021-01-04,2021,1,4,Winter,Kerala Coast,9.93,76.26,7,168,Normal,17.0,58.8,1015.9,8.1,5.9,294.0,43.0,21.0,54.4,1018.1,1.0,6.5,4.0,7.1,4.0,1
2021-01-04,2021,1,4,Winter,West Bengal (Gangetic),22.57,88.36,8,192,Normal,23.0,74.2,1016.2,7.2,13.7,239.0,13.0,18.6,72.1,1015.4,0.2,8.6,4.4,7.0,4.4,1
2021-01-04,2021,1,4,Winter,Odisha Coastal,20.27,85.84,9,216,Normal,11.9,44.2,1016.8,7.9,13.5,50.0,51.0,15.0,47.5,1017.5,0.1,10.9,3.1,7.8,3.1,1
2021-01-04,2021,1,4,Winter,Kerala Coast,9.93,76.26,9,216,Normal,17.6,58.8,1015.0,0.0,14.1,27.0,75.0,21.0,49.2,1018.1,1.0,6.5,3.4,1.0,3.4,1
2021-01-04,2021,1,4,Winter,Assam & Meghalaya,26.14,91.73,9,216,Normal,25.1,65.4,1016.1,3.0,1.8,310.0,20.0,22.7,61.7,1015.3,1.0,6.7,2.4,2.0,2.4,0
2021-01-04,2021,1,4,Winter,Maharashtra (Mumbai/Konkan),18.98,72.83,10,240,Normal,19.0,66.5,1015.4,0.0,15.1,293.0,76.0,20.8,69.2,1016.2,0.1,7.1,1.8,0.1,1.8,1
2021-01-11,2021,1,11,Winter,Assam & Meghalaya,26.14,91.73,1,24,Normal,19.1,51.2,1016.5,2.7,6.1,95.0,72.0,19.5,51.2,1016.0,2.6,5.9,0.4,0.1,0.4,0
2021-01-11,2021,1,11,Winter,Odisha Coastal,20.27,85.84,2,48,Normal,26.2,82.1,1016.0,0.0,10.3,123.0,80.0,25.8,75.7,1016.9,1.8,9.3,0.4,1.8,0.4,0
2021-01-11,2021,1,11,Winter,Kerala Coast,9.93,76.26,2,48,Normal,18.5,64.1,1019.1,0.0,10.1,294.0,15.0,18.0,58.8,1019.2,0.2,6.8,0.5,0.2,0.5,0
2021-01-11,2021,1,11,Winter,Gujarat Coastal,21.64,69.6,3,72,Normal,17.7,63.1,1017.4,2.1,7.6,137.0,76.0,18.7,65.6,1018.2,0.2,9.1,1.0,1.9,1.0,0
2021-01-11,2021,1,11,Winter,Rajasthan (West),26.91,70.9,3,72,Normal,13.3,70.3,1015.0,4.7,5.8,39.0,60.0,15.1,72.7,1014.7,0.8,7.7,1.8,3.9,1.8,0
2021-01-11,2021,1,11,Winter,Kerala Coast,9.93,76.26,4,96,Normal,19.4,64.1,1018.7,0.0,9.9,341.0,26.0,18.0,70.7,1019.2,0.2,6.8,1.4,0.2,1.4,0
2021-01-11,2021,1,11,Winter,Rajasthan (West),26.91,70.9,5,120,Normal,15.3,70.3,1014.1,0.0,8.3,313.0,17.0,15.1,73.9,1014.7,0.8,7.7,0.2,0.8,0.2,0
2021-01-11,2021,1,11,Winter,West Bengal (Gangetic),22.57,88.36,5,120,Normal,21.1,64.9,1014.4,0.9,10.2,154.0,16.0,21.1,61.0,1015.3,0.1,8.6,0.0,0.8,0.0,0
2021-01-11,2021,1,11,Winter,Maharashtra (Mumbai/Konkan),18.98,72.83,6,144,Normal,18.4,57.4,1016.8,1.6,12.1,225.0,54.0,17.3,56.7,1014.9,5.0,10.2,1.1,3.4,1.1,0
2021-01-11,2021,1,11,Winter,Odisha Coastal,20.27,85.84,7,168,Normal,23.0,82.1,1017.5,6.3,12.4,212.0,84.0,25.8,86.9,1016.9,1.8,9.3,2.8,4.5,2.8,0
2021-01-11,2021,1,11,Winter,Maharashtra (Mumbai/Konkan),18.98,72.83,8,192,Normal,18.2,57.4,1014.1,19.9,7.0,357.0,24.0,17.3,63.6,1014.9,5.0,10.2,0.9,14.9,0.9,0
2021-01-11,2021,1,11,Winter,Gujarat Coastal,21.64,69.6,8,192,Normal,21.3,63.1,1015.2,0.0,17.9,3.0,10.0,18.7,59.3,1018.2,0.2,9.1,2.6,0.2,2.6,1
2021-01-11,2021,1,11,Winter,Himachal Pradesh,31.1,77.17,8,192,Western Disturbance,18.6,52.2,1015.8,44.6,13.9,79.0,39.0,20.2,57.0,1015.4,18.0,9.6,1.6,26.6,26.6,1
2021-01-11,2021,1,11,Winter,Himachal Pradesh,31.1,77.17,9,216,Western Disturbance,19.9,52.2,1014.7,0.0,15.6,244.0,59.0,20.2,49.4,1015.4,18.0,9.6,0.3,18.0,18.0,0
2021-01-11,2021,1,11,Winter,West Bengal (Gangetic),22.57,88.36,9,216,Normal,22.4,64.9,1017.1,0.0,6.7,241.0,22.0,21.1,63.4,1015.3,0.1,8.6,1.3,0.1,1.3,0
2021-01-11,2021,1,11,Winter,Assam & Meghalaya,26.14,91.73,9,216,Normal,19.8,51.2,1018.5,1.9,9.0,158.0,33.0,19.5,46.0,1016.0,2.6,5.9,0.3,0.7,0.3,0
2021-01-18,2021,1,18,Winter,Gujarat Coastal,21.64,69.6,1,24,Normal,17.8,49.5,1016.4,0.2,7.7,263.0,20.0,16.6,47.1,1016.9,1.4,8.0,1.2,1.2,1.2,0
2021-01-18,2021,1,18,Winter,Rajasthan (West),26.91,70.9,1,24,Normal,23.5,47.6,1014.0,4.5,10.0,151.0,68.0,22.2,43.7,1014.3,2.0,9.9,1.3,2.5,1.3,0
2021-01-18,2021,1,18,Winter,Assam & Meghalaya,26.14,91.73,1,24,Normal,15.5,60.6,1016.5,0.0,8.8,258.0,59.0,16.2,54.2,1017.2,0.3,7.9,0.7,0.3,0.7,0
2021-01-18,2021,1,18,Winter,Kerala Coast,9.93,76.26,2,48,Normal,24.4,49.3,1021.0,0.0,9.6,247.0,57.0,24.4,48.5,1019.8,0.8,8.3,0.0,0.8,0.0,0
2021-01-18,2021,1,18,Winter,Assam & Meghalaya,26.14,91.73,2,48,Normal,16.8,60.6,1017.0,1.9,10.3,314.0,84.0,16.2,59.7,1017.2,0.3,7.9,0.6,1.6,0.6,0
2021-01-18,2021,1,18,Winter,Kerala Coast,9.93,76.26,3,72,Normal,22.9,49.3,1020.2,2.6,10.4,269.0,59.0,24.4,52.9,1019.8,0.8,8.3,1.5,1.8,1.5,0
2021-01-18,2021,1,18,Winter,Maharashtra (Mumbai/Konkan),18.98,72.83,3,72,Normal,21.1,59.3,1016.3,4.1,7.7,106.0,25.0,21.8,62.3,1016.4,2.5,6.4,0.7,1.6,0.7,0
2021-01-18,2021,1,18,Winter,Himachal Pradesh,31.1,77.17,4,96,Normal,25.0,50.7,1019.1,6.8,8.3,200.0,78.0,23.3,52.7,1019.0,0.2,8.5,1.7,6.6,1.7,0
2021-01-18,2021,1,18,Winter,Odisha Coastal,20.27,85.84,5,120,Normal,17.4,58.5,1016.6,3.1,7.4,232.0,78.0,19.0,57.0,1015.9,0.0,8.8,1.6,3.1,1.6,0
2021-01-18,2021,1,18,Winter,Himachal Pradesh,31.1,77.17,5,120,Normal,27.9,50.7,1018.2,0.0,8.4,240.0,45.0,23.3,52.6,1019.0,0.2,8.5,4.6,0.2,4.6,1
2021-01-18,2021,1,18,Winter,Odisha Coastal,20.27,85.84,7,168,Normal,19.7,58.5,1013.8,0.0,7.7,7.0,52.0,19.0,48.6,1015.9,0.0,8.8,0.7,0.0,0.7,0
2021-01-18,2021,1,18,Winter,West Bengal (Gangetic),22.57,88.36,8,192,Normal,21.0,55.6,1016.3,0.0,7.3,313.0,94.0,17.4,60.8,1017.3,0.5,6.6,3.6,0.5,3.6,1
2021-01-18,2021,1,18,Winter,Rajasthan (West),26.91,70.9,9,216,Normal,22.1,47.6,1015.4,8.1,4.1,194.0,72.0,22.2,45.4,1014.3,2.0,9.9,0.1,6.1,0.1,0
2021-01-18,2021,1,18,Winter,West Bengal (Gangetic),22.57,88.36,9,216,Normal,18.4,55.6,1017.0,4.1,9.7,125.0,54.0,17.4,56.8,1017.3,0.5,6.6,1.0,3.6,1.0,0
2021-01-18,2021,1,18,Winter,Maharashtra (Mumbai/Konkan),18.98,72.83,10,240,Normal,18.6,59.3,1017.2,18.4,1.0,354.0,24.0,21.8,54.1,1016.4,2.5,6.4,3.2,15.9,3.2,1
2021-01-18,2021,1,18,Winter,Gujarat Coastal,21.64,69.6,10,240,Normal,18.8,49.5,1016.6,3.5,4.7,263.0,72.0,16.6,50.8,1016.9,1.4,8.0,2.2,2.1,2.2,0
2021-01-25,2021,1,25,Winter,Kerala Coast,9.93,76.26,1,24,Normal,20.0,56.4,1016.2,0.0,7.4,295.0,23.0,19.1,57.1,1017.1,1.1,8.2,0.9,1.1,0.9,0
2021-01-25,2021,1,25,Winter,Maharashtra (Mumbai/Konkan),18.98,72.83,2,48,Normal,23.9,40.8,1018.4,0.0,8.1,298.0,64.0,23.0,41.5,1019.6,0.6,7.8,0.9,0.6,0.9,0
2021-01-25,2021,1,25,Winter,West Bengal (Gangetic),22.57,88.36,2,48,Normal,18.6,51.2,1015.7,0.2,7.8,78.0,75.0,18.8,48.1,1015.1,0.6,7.8,0.2,0.4,0.2,0
2021-01-25,2021,1,25,Winter,Assam & Meghalaya,26.14,91.73,2,48,Normal,24.6,63.3,1016.0,1.8,12.5,79.0,56.0,24.5,58.2,1015.3,0.1,7.2,0.1,1.7,0.1,0
2021-01-25,2021,1,25,Winter,Gujarat Coastal,21.64,69.6,4,96,Normal,16.0,55.8,1016.6,0.5,10.9,173.0,84.0,16.2,54.5,1016.4,0.4,10.7,0.2,0.1,0.2,0
2021-01-25,2021,1,25,Winter,Rajasthan (West),26.91,70.9,4,96,Normal,14.0,61.9,1014.9,0.0,9.2,196.0,71.0,14.5,63.3,1015.8,0.3,7.1,0.5,0.3,0.5,0
2021-01-25,2021,1,25,Winter,Kerala Coast,9.93,76.26,5,120,Normal,18.9,56.4,1018.3,0.0,10.0,317.0,40.0,19.1,62.4,1017.1,1.1,8.2,0.2,1.1,0.2,0
2021-01-25,2021,1,25,Winter,Himachal Pradesh,31.1,77.17,5,120,Western Disturbance,24.2,58.9,1013.4,16.5,1.7,25.0,82.0,26.7,61.6,1013.4,19.5,2.7,2.5,3.0,3.0,0
2021-01-25,2021,1,25,Winter,West Bengal (Gangetic),22.57,88.36,5,120,Normal,18.9,51.2,1016.3,5.2,10.0,237.0,85.0,18.8,47.4,1015.1,0.6,7.8,0.1,4.6,0.1,0
2021-01-25,2021,1,25,Winter,Maharashtra (Mumbai/Konkan),18.98,72.83,6,144,Normal,22.3,40.8,1019.6,7.5,9.4,62.0,32.0,23.0,41.7,1019.6,0.6,7.8,0.7,6.9,0.7,0
2021-01-25,2021,1,25,Winter,Gujarat Coastal,21.64,69.6,6,144,Normal,19.7,55.8,1015.7,0.0,12.9,331.0,71.0,16.2,55.9,1016.4,0.4,10.7,3.5,0.4,3.5,1
2021-01-25,2021,1,25,Winter,Rajasthan (West),26.91,70.9,6,144,Normal,13.9,61.9,1014.4,0.0,10.3,286.0,40.0,14.5,59.0,1015.8,0.3,7.1,0.6,0.3,0.6,0
2021-01-25,2021,1,25,Winter,Odisha Coastal,20.27,85.84,7,168,Normal,25.3,60.3,1012.6,1.7,6.6,50.0,26.0,22.6,58.7,1013.9,1.7,8.2,2.7,0.0,2.7,0
2021-01-25,2021,1,25,Winter,Odisha Coastal,20.27,85.84,8,192,Normal,24.4,60.3,1013.5,4.3,8.3,327.0,47.0,22.6,63.7,1013.9,1.7,8.2,1.8,2.6,1.8,0
2021-01-25,2021,1,25,Winter,Himachal Pradesh,31.1,77.17,9,216,Western Disturbance,29.0,58.9,1011.5,0.0,1.0,340.0,67.0,26.7,66.9,1013.4,19.5,2.7,2.3,19.5,19.5,0
2021-01-25,2021,1,25,Winter,Assam & Meghalaya,26.14,91.73,10,240,Normal,31.0,63.3,1015.8,0.0,3.8,14.0,67.0,24.5,66.0,1015.3,0.1,7.2,6.5,0.1,6.5,1
2021-02-01,2021,2,1,Winter,West Bengal (Gangetic),22.57,88.36,1,24,Normal,24.4,63.1,1017.0,0.3,6.6,56.0,46.0,24.3,67.5,1016.7,0.6,6.7,0.1,0.3,0.1,0
2021-02-01,2021,2,1,Winter,Kerala Coast,9.93,76.26,3,72,Normal,18.7,80.0,1015.5,3.7,3.3,105.0,65.0,20.3,82.5,1016.1,1.3,5.7,1.6,2.4,1.6,0
2021-02-01,2021,2,1,Winter,Maharashtra (Mumbai/Konkan),18.98,72.83,3,72,Normal,25.6,67.0,1014.8,0.0,8.6,98.0,13.0,26.3,64.8,1015.7,2.0,8.3,0.7,2.0,0.7,0
2021-02-01,2021,2,1,Winter,Rajasthan (West),26.91,70.9,3,72,Normal,16.4,37.1,1019.8,1.9,9.1,264.0,15.0,14.1,37.2,1019.5,0.3,8.4,2.3,1.6,2.3,0
2021-02-01,2021,2,1,Winter,Himachal Pradesh,31.1,77.17,3,72,Normal,16.3,58.2,1012.4,2.0,9.7,298.0,19.0,18.8,58.7,1013.3,0.0,8.3,2.5,2.0,2.5,0
2021-02-01,2021,2,1,Winter,Odisha Coastal,20.27,85.84,5,120,Normal,18.2,63.2,1013.5,12.0,10.7,128.0,69.0,18.1,65.2,1015.3,4.9,8.3,0.1,7.1,0.1,0
2021-02-01,2021,2,1,Winter,Gujarat Coastal,21.64,69.6,5,120,Normal,12.2,62.6,1016.9,0.0,8.8,169.0,12.0,14.7,68.2,1016.2,1.9,6.5,2.5,1.9,2.5,0
2021-02-01,2021,2,1,Winter,Rajasthan (West),26.91,70.9,6,144,Normal,16.5,37.1,1019.5,7.2,4.6,99.0,14.0,14.1,40.8,1019.5,0.3,8.4,2.4,6.9,2.4,0
2021-02-01,2021,2,1,Winter,West Bengal (Gangetic),22.57,88.36,6,144,Normal,20.3,63.1,1017.2,1.1,4.3,161.0,39.0,24.3,58.5,1016.7,0.6,6.7,4.0,0.5,4.0,1
2021-02-01,2021,2,1,Winter,Kerala Coast,9.93,76.26,7,168,Normal,20.8,80.0,1014.6,0.0,1.0,22.0,66.0,20.3,77.6,1016.1,1.3,5.7,0.5,1.3,0.5,0
2021-02-01,2021,2,1,Winter,Maharashtra (Mumbai/Konkan),18.98,72.83,7,168,Normal,24.3,67.0,1016.2,2.2,4.9,129.0,82.0,26.3,66.8,1015.7,2.0,8.3,2.0,0.2,2.0,0
2021-02-01,2021,2,1,Winter,Himachal Pradesh,31.1,77.17,7,168,Normal,21.7,58.2,1015.0,0.0,6.4,86.0,42.0,18.8,61.3,1013.3,0.0,8.3,2.9,0.0,2.9,0
2021-02-01,2021,2,1,Winter,Assam & Meghalaya,26.14,91.73,8,192,Normal,16.0,70.9,1020.6,0.0,5.6,248.0,44.0,20.7,61.7,1014.9,0.3,8.2,4.7,0.3,4.7,1
2021-02-01,2021,2,1,Winter,Odisha Coastal,20.27,85.84,9,216,Normal,16.7,63.2,1014.6,0.0,6.2,279.0,33.0,18.1,61.9,1015.3,4.9,8.3,1.4,4.9,1.4,0
2021-02-01,2021,2,1,Winter,Assam & Meghalaya,26.14,91.73,9,216,Normal,25.6,70.9,1014.4,0.0,8.5,21.0,84.0,20.7,66.0,1014.9,0.3,8.2,4.9,0.3,4.9,1
2021-02-01,2021,2,1,Winter,Gujarat Coastal,21.64,69.6,10,240,Normal,12.9,62.6,1018.7,7.1,3.3,189.0,32.0,14.7,60.1,1016.2,1.9,6.5,1.8,5.2,1.8,0
2021-02-08,2021,2,8,Winter,Kerala Coast,9.93,76.26,1,24,Normal,21.2,60.2,1016.2,5.8,8.0,78.0,47.0,21.6,60.8,1016.1,2.0,7.2,0.4,3.8,0.4,0
2021-02-08,2021,2,8,Winter,Maharashtra (Mumbai/Konkan),18.98,72.83,1,24,Normal,17.3,68.4,1017.8,0.9,5.4,353.0,27.0,19.0,65.3,1018.8,0.3,7.7,1.7,0.6,1.7,0
2021-02-08,2021,2,8,Winter,Gujarat Coastal,21.64,69.6,1,24,Normal,21.1,51.7,1017.1,0.5,4.1,102.0,36.0,20.7,51.3,1017.8,0.0,7.1,0.4,0.5,0.4,0
2021-02-08,2021,2,8,Winter,Odisha Coastal,20.27,85.84,2,48,Normal,23.5,71.8,1014.4,0.0,12.1,274.0,16.0,25.0,77.8,1013.8,1.0,10.6,1.5,1.0,1.5,0
2021-02-08,2021,2,8,Winter,Assam & Meghalaya,26.14,91.73,2,48,Normal,23.6,67.4,1018.0,0.0,2.0,284.0,81.0,22.1,63.0,1018.4,0.1,5.1,1.5,0.1,1.5,0
2021-02-08,2021,2,8,Winter,Himachal Pradesh,31.1,77.17,3,72,Normal,22.0,47.6,1012.6,1.0,6.8,334.0,14.0,20.0,42.2,1013.5,0.2,7.4,2.0,0.8,2.0,0
2021-02-08,2021,2,8,Winter,West Bengal (Gangetic),22.57,88.36,3,72,Normal,24.8,65.4,1017.0,5.7,2.9,36.0,12.0,24.5,67.6,1017.2,1.4,6.7,0.3,4.3,0.3,0
2021-02-08,2021,2,8,Winter,West Bengal (Gangetic),22.57,88.36,4,96,Normal,23.8,65.4,1016.2,4.5,10.0,114.0,75.0,24.5,68.2,1017.2,1.4,6.7,0.7,3.1,0.7,0
2021-02-08,2021,2,8,Winter,Odisha Coastal,20.27,85.84,6,144,Normal,21.8,71.8,1014.8,0.9,13.3,183.0,80.0,25.0,66.4,1013.8,1.0,10.6,3.2,0.1,3.2,1
2021-02-08,2021,2,8,Winter,Maharashtra (Mumbai/Konkan),18.98,72.83,6,144,Normal,19.7,68.4,1019.6,0.0,9.6,345.0,55.0,19.0,67.1,1018.8,0.3,7.7,0.7,0.3,0.7,0
2021-02-08,2021,2,8,Winter,Assam & Meghalaya,26.14,91.73,6,144,Normal,23.2,67.4,1019.8,0.0,3.7,46.0,44.0,22.1,68.3,1018.4,0.1,5.1,1.1,0.1,1.1,0
2021-02-08,2021,2,8,Winter,Rajasthan (West),26.91,70.9,7,168,Normal,13.9,51.9,1011.2,0.0,11.6,322.0,38.0,16.2,48.7,1012.3,0.5,8.5,2.3,0.5,2.3,0
2021-02-08,2021,2,8,Winter,Himachal Pradesh,31.1,77.17,7,168,Normal,22.2,47.6,1015.3,0.0,7.1,220.0,35.0,20.0,45.5,1013.5,0.2,7.4,2.2,0.2,2.2,0
2021-02-08,2021,2,8,Winter,Rajasthan (West),26.91,70.9,9,216,Normal,19.5,51.9,1013.6,0.0,2.4,67.0,35.0,16.2,48.5,1012.3,0.5,8.5,3.3,0.5,3.3,1
2021-02-08,2021,2,8,Winter,Kerala Coast,9.93,76.26,10,240,Normal,16.4,60.2,1016.4,6.2,11.3,158.0,59.0,21.6,63.0,1016.1,2.0,7.2,5.2,4.2,5.2,1
2021-02-08,2021,2,8,Winter,Gujarat Coastal,21.64,69.6,10,240,Normal,21.0,51.7,1015.8,0.0,11.6,113.0,15.0,20.7,53.4,1017.8,0.0,7.1,0.3,0.0,0.3,0
2021-02-15,2021,2,15,Winter,Kerala Coast,9.93,76.26,1,24,Normal,21.5,48.5,1013.9,1.9,2.9,212.0,48.0,21.3,48.8,1014.8,4.1,3.3,0.2,2.2,0.2,0
2021-02-15,2021,2,15,Winter,Gujarat Coastal,21.64,69.6,1,24,Normal,18.9,62.3,1014.1,0.1,4.3,11.0,71.0,18.9,55.8,1013.0,0.3,4.2,0.0,0.2,0.0,0
2021-02-15,2021,2,15,Winter,Himachal Pradesh,31.1,77.17,1,24,Normal,18.9,62.4,1014.9,0.6,6.2,156.0,85.0,19.1,65.5,1015.4,1.4,7.2,0.2,0.8,0.2,0
2021-02-15,2021,2,15,Winter,Assam & Meghalaya,26.14,91.73,1,24,Normal,15.5,69.9,1014.0,14.5,6.7,121.0,40.0,15.0,73.0,1013.4,4.2,7.0,0.5,10.3,0.5,0
2021-02-15,2021,2,15,Winter,Odisha Coastal,20.27,85.84,2,48,Normal,21.8,60.8,1015.3,0.0,8.3,240.0,32.0,21.0,60.7,1015.9,0.2,7.5,0.8,0.2,0.8,0
2021-02-15,2021,2,15,Winter,Rajasthan (West),26.91,70.9,2,48,Normal,16.6,51.0,1016.0,0.0,11.2,245.0,19.0,17.7,57.0,1015.6,0.5,10.0,1.1,0.5,1.1,0
2021-02-15,2021,2,15,Winter,Odisha Coastal,20.27,85.84,3,72,Normal,19.8,60.8,1017.0,0.0,10.0,128.0,80.0,21.0,65.0,1015.9,0.2,7.5,1.2,0.2,1.2,0
2021-02-15,2021,2,15,Winter,Rajasthan (West),26.91,70.9,3,72,Normal,19.0,51.0,1017.1,0.0,10.7,283.0,93.0,17.7,50.8,1015.6,0.5,10.0,1.3,0.5,1.3,0
2021-02-15,2021,2,15,Winter,Gujarat Coastal,21.64,69.6,4,96,Normal,17.6,62.3,1014.7,0.0,2.5,324.0,89.0,18.9,62.0,1013.0,0.3,4.2,1.3,0.3,1.3,0
2021-02-15,2021,2,15,Winter,West Bengal (Gangetic),22.57,88.36,4,96,Normal,24.5,50.3,1013.4,0.0,1.1,353.0,94.0,22.0,48.5,1013.9,1.9,5.1,2.5,1.9,2.5,0
2021-02-15,2021,2,15,Winter,Kerala Coast,9.93,76.26,5,120,Normal,21.3,48.5,1014.0,0.0,1.0,114.0,61.0,21.3,46.1,1014.8,4.1,3.3,0.0,4.1,0.0,0
2021-02-15,2021,2,15,Winter,Maharashtra (Mumbai/Konkan),18.98,72.83,6,144,Normal,23.7,63.5,1012.3,0.0,4.7,42.0,91.0,22.0,61.7,1014.2,0.5,6.0,1.7,0.5,1.7,0
2021-02-15,2021,2,15,Winter,West Bengal (Gangetic),22.57,88.36,6,144,Normal,23.7,50.3,1016.9,3.7,4.1,222.0,61.0,22.0,47.3,1013.9,1.9,5.1,1.7,1.8,1.7,0
2021-02-15,2021,2,15,Winter,Assam & Meghalaya,26.14,91.73,8,192,Normal,16.2,69.9,1017.0,4.1,1.9,189.0,30.0,15.0,65.3,1013.4,4.2,7.0,1.2,0.1,1.2,1
2021-02-15,2021,2,15,Winter,Himachal Pradesh,31.1,77.17,9,216,Normal,26.2,62.4,1012.5,2.9,1.0,337.0,72.0,19.1,64.0,1015.4,1.4,7.2,7.1,1.5,7.1,1
2021-02-15,2021,2,15,Winter,Maharashtra (Mumbai/Konkan),18.98,72.83,10,240,Normal,17.1,63.5,1015.2,9.8,1.6,236.0,82.0,22.0,68.4,1014.2,0.5,6.0,4.9,9.3,4.9,1
2021-02-22,2021,2,22,Winter,Gujarat Coastal,21.64,69.6,1,24,Normal,18.8,51.6,1016.3,0.0,8.4,179.0,15.0,19.6,58.5,1015.9,1.1,7.2,0.8,1.1,0.8,0
2021-02-22,2021,2,22,Winter,Odisha Coastal,20.27,85.84,2,48,Normal,10.4,51.7,1014.4,0.8,8.4,58.0,76.0,12.3,57.7,1013.1,0.0,8.2,1.9,0.8,1.9,0
2021-02-22,2021,2,22,Winter,Rajasthan (West),26.91,70.9,2,48,Normal,16.1,69.2,1016.2,1.8,9.1,135.0,87.0,18.1,72.3,1014.0,0.8,9.6,2.0,1.0,2.0,0
2021-02-22,2021,2,22,Winter,Himachal Pradesh,31.1,77.17,2,48,Normal,16.8,63.0,1017.6,0.0,5.0,199.0,13.0,16.5,59.9,1018.9,0.3,6.3,0.3,0.3,0.3,0
2021-02-22,2021,2,22,Winter,Maharashtra (Mumbai/Konkan),18.98,72.83,3,72,Normal,12.4,59.7,1017.1,2.9,8.3,97.0,85.0,14.0,59.9,1017.3,2.0,7.6,1.6,0.9,1.6,0
2021-02-22,2021,2,22,Winter,Assam & Meghalaya,26.14,91.73,3,72,Normal,21.7,60.7,1017.1,4.6,5.9,267.0,66.0,20.1,57.2,1016.6,0.4,5.9,1.6,4.2,1.6,0
2021-02-22,2021,2,22,Winter,Odisha Coastal,20.27,85.84,5,120,Normal,15.0,51.7,1013.0,2.8,11.2,85.0,53.0,12.3,56.8,1013.1,0.0,8.2,2.7,2.8,2.7,0
2021-02-22,2021,2,22,Winter,Kerala Coast,9.93,76.26,6,144,Normal,23.3,61.5,1013.2,1.4,3.0,336.0,44.0,21.7,60.6,1012.7,0.4,7.8,1.6,1.0,1.6,0
2021-02-22,2021,2,22,Winter,Rajasthan (West),26.91,70.9,6,144,Normal,15.8,69.2,1015.2,13.4,14.1,137.0,91.0,18.1,64.2,1014.0,0.8,9.6,2.3,12.6,2.3,0
2021-02-22,2021,2,22,Winter,West Bengal (Gangetic),22.57,88.36,7,168,Normal,21.2,69.8,1012.5,1.4,6.6,273.0,74.0,22.0,69.3,1014.4,1.1,6.8,0.8,0.3,0.8,0
2021-02-22,2021,2,22,Winter,Assam & Meghalaya,26.14,91.73,7,168,Normal,19.6,60.7,1016.2,0.0,8.6,132.0,17.0,20.1,52.4,1016.6,0.4,5.9,0.5,0.4,0.5,0
2021-02-22,2021,2,22,Winter,Gujarat Coastal,21.64,69.6,8,192,Normal,17.7,51.6,1017.6,2.6,6.3,167.0,13.0,19.6,57.3,1015.9,1.1,7.2,1.9,1.5,1.9,0
2021-02-22,2021,2,22,Winter,Kerala Coast,9.93,76.26,9,216,Normal,16.7,61.5,1010.5,0.0,1.1,208.0,17.0,21.7,61.3,1012.7,0.4,7.8,5.0,0.4,5.0,1
2021-02-22,2021,2,22,Winter,Maharashtra (Mumbai/Konkan),18.98,72.83,9,216,Normal,12.6,59.7,1018.9,0.0,12.4,139.0,82.0,14.0,62.3,1017.3,2.0,7.6,1.4,2.0,1.4,0
2021-02-22,2021,2,22,Winter,Himachal Pradesh,31.1,77.17,10,240,Normal,15.9,63.0,1020.9,0.0,14.2,176.0,14.0,16.5,59.0,1018.9,0.3,6.3,0.6,0.3,0.6,1
2021-02-22,2021,2,22,Winter,West Bengal (Gangetic),22.57,88.36,10,240,Normal,21.9,69.8,1013.4,0.7,5.8,311.0,75.0,22.0,74.2,1014.4,1.1,6.8,0.1,0.4,0.1,0
2021-03-01,2021,3,1,Pre-Monsoon,Maharashtra (Mumbai/Konkan),18.98,72.83,1,24,Heat Wave,43.1,49.2,1009.5,6.3,9.0,154.0,58.0,42.2,46.6,1009.9,1.6,9.6,0.9,4.7,0.9,0
2021-03-01,2021,3,1,Pre-Monsoon,Rajasthan (West),26.91,70.9,1,24,Normal,35.4,42.8,1012.6,0.0,14.4,191.0,52.0,35.3,35.5,1012.6,0.2,12.1,0.1,0.2,0.1,0
2021-03-01,2021,3,1,Pre-Monsoon,West Bengal (Gangetic),22.57,88.36,1,24,Normal,34.4,48.6,1010.4,0.3,9.9,0.0,93.0,34.5,54.9,1010.0,1.5,9.1,0.1,1.2,0.1,0
2021-03-01,2021,3,1,Pre-Monsoon,Odisha Coastal,20.27,85.84,3,72,Normal,33.6,57.2,1012.1,3.9,13.6,142.0,24.0,32.1,54.1,1011.6,0.5,12.7,1.5,3.4,1.5,0
2021-03-01,2021,3,1,Pre-Monsoon,Gujarat Coastal,21.64,69.6,3,72,Normal,32.4,44.8,1008.8,0.0,7.2,187.0,14.0,33.4,43.9,1008.3,0.4,8.8,1.0,0.4,1.0,0
2021-03-01,2021,3,1,Pre-Monsoon,Odisha Coastal,20.27,85.84,4,96,Normal,33.8,57.2,1011.1,2.3,12.5,348.0,42.0,32.1,56.4,1011.6,0.5,12.7,1.7,1.8,1.7,0
2021-03-01,2021,3,1,Pre-Monsoon,Kerala Coast,9.93,76.26,7,168,Normal,36.8,74.3,1007.6,3.2,11.8,323.0,56.0,37.2,78.2,1010.6,0.4,12.4,0.4,2.8,0.4,0
2021-03-01,2021,3,1,Pre-Monsoon,Gujarat Coastal,21.64,69.6,7,168,Normal,31.0,44.8,1007.0,0.0,8.4,256.0,20.0,33.4,41.5,1008.3,0.4,8.8,2.4,0.4,2.4,0
2021-03-01,2021,3,1,Pre-Monsoon,Himachal Pradesh,31.1,77.17,7,168,Normal,27.8,58.8,1011.2,0.9,10.3,204.0,75.0,31.4,52.6,1010.8,0.5,7.9,3.6,0.4,3.6,1
2021-03-01,2021,3,1,Pre-Monsoon,Assam & Meghalaya,26.14,91.73,7,168,Normal,31.7,51.1,1009.3,0.0,6.5,221.0,52.0,31.1,51.9,1007.8,1.8,7.8,0.6,1.8,0.6,0
2021-03-01,2021,3,1,Pre-Monsoon,Kerala Coast,9.93,76.26,8,192,Normal,37.8,74.3,1008.1,0.0,12.2,211.0,58.0,37.2,76.2,1010.6,0.4,12.4,0.6,0.4,0.6,0
2021-03-01,2021,3,1,Pre-Monsoon,Rajasthan (West),26.91,70.9,8,192,Normal,32.1,42.8,1011.5,4.8,14.3,137.0,27.0,35.3,43.2,1012.6,0.2,12.1,3.2,4.6,3.2,1
2021-03-01,2021,3,1,Pre-Monsoon,West Bengal (Gangetic),22.57,88.36,8,192,Normal,32.2,48.6,1008.3,6.9,9.6,53.0,58.0,34.5,44.9,1010.0,1.5,9.1,2.3,5.4,2.3,0
2021-03-01,2021,3,1,Pre-Monsoon,Maharashtra (Mumbai/Konkan),18.98,72.83,9,216,Heat Wave,39.6,49.2,1011.1,0.0,6.8,300.0,62.0,42.2,55.8,1009.9,1.6,9.6,2.6,1.6,2.6,0
2021-03-01,2021,3,1,Pre-Monsoon,Assam & Meghalaya,26.14,91.73,9,216,Normal,30.6,51.1,1008.6,18.1,6.7,245.0,27.0,31.1,51.4,1007.8,1.8,7.8,0.5,16.3,0.5,0
2021-03-01,2021,3,1,Pre-Monsoon,Himachal Pradesh,31.1,77.17,10,240,Normal,33.5,58.8,1008.1,1.1,10.1,228.0,37.0,31.4,61.2,1010.8,0.5,7.9,2.1,0.6,2.1,0
2021-03-08,2021,3,8,Pre-Monsoon,Kerala Coast,9.93,76.26,1,24,Normal,41.4,49.2,1012.4,5.0,10.8,145.0,13.0,41.3,45.6,1011.6,4.2,12.0,0.1,0.8,0.1,0
2021-03-08,2021,3,8,Pre-Monsoon,Himachal Pradesh,31.1,77.17,1,24,Normal,31.6,69.4,1008.9,3.4,6.9,219.0,41.0,32.1,72.2,1009.3,2.3,4.1,0.5,1.1,0.5,0
2021-03-08,2021,3,8,Pre-Monsoon,Gujarat Coastal,21.64,69.6,2,48,Normal,41.5,49.9,1012.0,6.8,12.3,323.0,30.0,39.6,57.1,1012.5,8.9,12.6,1.9,2.1,2.1,0
2021-03-08,2021,3,8,Pre-Monsoon,Kerala Coast,9.93,76.26,3,72,Normal,41.2,49.2,1010.9,5.5,8.7,210.0,75.0,41.3,54.9,1011.6,4.2,12.0,0.1,1.3,0.1,0
2021-03-08,2021,3,8,Pre-Monsoon,Rajasthan (West),26.91,70.9,3,72,Normal,29.9,46.2,1014.5,0.0,10.9,150.0,44.0,33.6,49.8,1013.8,0.2,12.0,3.7,0.2,3.7,1
2021-03-08,2021,3,8,Pre-Monsoon,West Bengal (Gangetic),22.57,88.36,3,72,Normal,36.3,52.8,1010.1,4.2,5.3,291.0,31.0,36.1,55.0,1009.8,4.2,5.5,0.2,0.0,0.2,0
2021-03-08,2021,3,8,Pre-Monsoon,Maharashtra (Mumbai/Konkan),18.98,72.83,4,96,Normal,33.7,61.8,1015.6,3.7,5.2,256.0,49.0,36.1,57.7,1015.3,2.2,6.6,2.4,1.5,2.4,0
2021-03-08,2021,3,8,Pre-Monsoon,Rajasthan (West),26.91,70.9,4,96,Normal,33.5,46.2,1014.5,3.3,9.6,178.0,23.0,33.6,48.6,1013.8,0.2,12.0,0.1,3.1,0.1,0
2021-03-08,2021,3,8,Pre-Monsoon,Assam & Meghalaya,26.14,91.73,5,120,Normal,31.0,65.9,1011.6,3.6,12.9,237.0,20.0,33.6,71.4,1010.0,4.0,12.1,2.6,0.4,2.6,0
2021-03-08,2021,3,8,Pre-Monsoon,Maharashtra (Mumbai/Konkan),18.98,72.83,6,144,Normal,36.7,61.8,1015.6,0.0,7.1,114.0,23.0,36.1,63.2,1015.3,2.2,6.6,0.6,2.2,0.6,0
2021-03-08,2021,3,8,Pre-Monsoon,Himachal Pradesh,31.1,77.17,7,168,Normal,30.8,69.4,1010.1,17.7,4.4,68.0,67.0,32.1,73.8,1009.3,2.3,4.1,1.3,15.4,1.3,0
2021-03-08,2021,3,8,Pre-Monsoon,West Bengal (Gangetic),22.57,88.36,7,168,Normal,38.3,52.8,1007.4,0.9,3.7,169.0,47.0,36.1,57.3,1009.8,4.2,5.5,2.2,3.3,2.2,0
2021-03-08,2021,3,8,Pre-Monsoon,Assam & Meghalaya,26.14,91.73,7,168,Normal,31.2,65.9,1008.8,12.7,8.5,314.0,85.0,33.6,62.9,1010.0,4.0,12.1,2.4,8.7,2.4,0
2021-03-08,2021,3,8,Pre-Monsoon,Odisha Coastal,20.27,85.84,9,216,Normal,35.6,50.4,1010.7,0.0,13.0,198.0,13.0,36.0,50.2,1010.6,0.1,11.6,0.4,0.1,0.4,0
2021-03-08,2021,3,8,Pre-Monsoon,Gujarat Coastal,21.64,69.6,9,216,Normal,47.0,49.9,1013.0,0.0,11.2,137.0,79.0,39.6,47.6,1012.5,8.9,12.6,7.4,8.9,8.9,1
2021-03-08,2021,3,8,Pre-Monsoon,Odisha Coastal,20.27,85.84,10,240,Normal,37.8,50.4,1010.9,0.0,5.6,339.0,71.0,36.0,54.3,1010.6,0.1,11.6,1.8,0.1,1.8,0
2021-03-15,2021,3,15,Pre-Monsoon,Kerala Coast,9.93,76.26,1,24,Heat Wave,40.8,43.0,1009.2,3.4,13.1,279.0,80.0,42.4,48.0,1009.3,1.7,14.0,1.6,1.7,1.6,0
2021-03-15,2021,3,15,Pre-Monsoon,Maharashtra (Mumbai/Konkan),18.98,72.83,2,48,Normal,36.5,40.7,1016.3,2.8,12.7,118.0,19.0,36.7,31.8,1016.1,1.3,13.1,0.2,1.5,0.2,0
2021-03-15,2021,3,15,Pre-Monsoon,Himachal Pradesh,31.1,77.17,2,48,Normal,40.1,27.7,1009.6,0.1,11.1,215.0,20.0,38.0,31.4,1011.2,3.1,10.5,2.1,3.0,2.1,0
2021-03-15,2021,3,15,Pre-Monsoon,Odisha Coastal,20.27,85.84,3,72,Normal,39.5,55.5,1013.6,5.2,6.7,250.0,75.0,39.6,57.5,1012.4,7.5,8.4,0.1,2.3,2.3,0
2021-03-15,2021,3,15,Pre-Monsoon,Assam & Meghalaya,26.14,91.73,3,72,Normal,35.6,24.0,1011.0,0.3,9.7,343.0,85.0,34.3,20.8,1010.5,5.3,10.5,1.3,5.0,5.0,0
2021-03-15,2021,3,15,Pre-Monsoon,Gujarat Coastal,21.64,69.6,5,120,Normal,33.8,48.3,1008.3,4.6,10.3,196.0,45.0,33.7,48.7,1009.8,4.0,13.1,0.1,0.6,0.1,0
2021-03-15,2021,3,15,Pre-Monsoon,Rajasthan (West),26.91,70.9,5,120,Normal,36.4,48.8,1009.4,8.8,9.3,289.0,58.0,36.1,53.9,1010.0,2.7,7.6,0.3,6.1,0.3,0
2021-03-15,2021,3,15,Pre-Monsoon,Himachal Pradesh,31.1,77.17,5,120,Normal,38.5,27.7,1012.6,4.1,9.8,34.0,15.0,38.0,18.7,1011.2,3.1,10.5,0.5,1.0,0.5,0
2021-03-15,2021,3,15,Pre-Monsoon,West Bengal (Gangetic),22.57,88.36,5,120,Normal,36.2,40.6,1007.5,0.0,14.9,37.0,11.0,34.6,37.2,1009.7,2.2,9.6,1.6,2.2,1.6,0
2021-03-15,2021,3,15,Pre-Monsoon,Rajasthan (West),26.91,70.9,6,144,Normal,37.3,48.8,1010.5,13.5,5.9,208.0,57.0,36.1,49.6,1010.0,2.7,7.6,1.2,10.8,1.2,0
2021-03-15,2021,3,15,Pre-Monsoon,Assam & Meghalaya,26.14,91.73,6,144,Normal,32.8,24.0,1009.9,0.0,3.8,169.0,58.0,34.3,21.0,1010.5,5.3,10.5,1.5,5.3,5.3,0
2021-03-15,2021,3,15,Pre-Monsoon,Kerala Coast,9.93,76.26,7,168,Heat Wave,44.4,43.0,1009.7,3.5,19.0,109.0,37.0,42.4,43.8,1009.3,1.7,14.0,2.0,1.8,2.0,0
2021-03-15,2021,3,15,Pre-Monsoon,West Bengal (Gangetic),22.57,88.36,7,168,Normal,35.1,40.6,1007.6,1.5,8.0,335.0,71.0,34.6,43.8,1009.7,2.2,9.6,0.5,0.7,0.5,0
2021-03-15,2021,3,15,Pre-Monsoon,Odisha Coastal,20.27,85.84,8,192,Normal,39.8,55.5,1011.9,0.0,2.8,93.0,45.0,39.6,52.9,1012.4,7.5,8.4,0.2,7.5,7.5,0
2021-03-15,2021,3,15,Pre-Monsoon,Maharashtra (Mumbai/Konkan),18.98,72.83,8,192,Normal,41.4,40.7,1017.6,0.0,14.9,157.0,64.0,36.7,36.0,1016.1,1.3,13.1,4.7,1.3,4.7,1
2021-03-15,2021,3,15,Pre-Monsoon,Gujarat Coastal,21.64,69.6,10,240,Normal,34.2,48.3,1005.3,4.9,15.3,190.0,37.0,33.7,47.0,1009.8,4.0,13.1,0.5,0.9,0.5,1
2021-03-22,2021,3,22,Pre-Monsoon,Odisha Coastal,20.27,85.84,1,24,Normal,29.7,50.0,1012.2,3.1,13.2,284.0,78.0,29.8,52.1,1012.1,0.5,11.7,0.1,2.6,0.1,0
2021-03-22,2021,3,22,Pre-Monsoon,Odisha Coastal,20.27,85.84,5,120,Normal,27.6,50.0,1014.4,0.0,11.9,301.0,30.0,29.8,48.4,1012.1,0.5,11.7,2.2,0.5,2.2,0
2021-03-22,2021,3,22,Pre-Monsoon,Himachal Pradesh,31.1,77.17,5,120,Normal,35.5,45.8,1009.4,0.0,12.7,217.0,91.0,37.4,38.2,1007.9,1.1,12.5,1.9,1.1,1.9,0
2021-03-22,2021,3,22,Pre-Monsoon,West Bengal (Gangetic),22.57,88.36,5,120,Normal,38.1,46.2,1007.8,4.1,3.2,246.0,46.0,37.6,39.9,1007.9,4.3,3.8,0.5,0.2,0.5,0
2021-03-22,2021,3,22,Pre-Monsoon,Kerala Coast,9.93,76.26,6,144,Normal,30.5,59.7,1016.5,0.0,12.8,352.0,51.0,35.5,64.4,1014.2,0.9,9.5,5.0,0.9,5.0,1
2021-03-22,2021,3,22,Pre-Monsoon,Rajasthan (West),26.91,70.9,6,144,Normal,37.8,52.8,1010.7,2.1,11.2,43.0,86.0,34.5,54.5,1010.1,0.5,10.9,3.3,1.6,3.3,1
2021-03-22,2021,3,22,Pre-Monsoon,Gujarat Coastal,21.64,69.6,7,168,Normal,39.1,49.7,1014.3,9.0,13.3,350.0,44.0,38.0,52.1,1013.6,5.2,8.7,1.1,3.8,3.8,0
2021-03-22,2021,3,22,Pre-Monsoon,West Bengal (Gangetic),22.57,88.36,7,168,Normal,38.6,46.2,1007.3,0.7,7.3,174.0,17.0,37.6,46.3,1007.9,4.3,3.8,1.0,3.6,1.0,0
2021-03-22,2021,3,22,Pre-Monsoon,Assam & Meghalaya,26.14,91.73,7,168,Normal,35.8,55.5,1007.6,0.0,8.8,11.0,47.0,37.0,51.3,1010.9,0.5,7.7,1.2,0.5,1.2,1
2021-03-22,2021,3,22,Pre-Monsoon,Kerala Coast,9.93,76.26,8,192,Normal,36.7,59.7,1015.8,0.0,18.4,331.0,56.0,35.5,64.2,1014.2,0.9,9.5,1.2,0.9,1.2,1
2021-03-22,2021,3,22,Pre-Monsoon,Maharashtra (Mumbai/Konkan),18.98,72.83,8,192,Normal,38.5,47.7,1017.8,0.4,3.6,313.0,37.0,38.4,46.8,1015.1,0.3,10.4,0.1,0.1,0.1,0
2021-03-22,2021,3,22,Pre-Monsoon,Rajasthan (West),26.91,70.9,8,192,Normal,34.5,52.8,1010.4,2.4,11.5,54.0,37.0,34.5,55.1,1010.1,0.5,10.9,0.0,1.9,0.0,0
2021-03-22,2021,3,22,Pre-Monsoon,Himachal Pradesh,31.1,77.17,8,192,Normal,42.1,45.8,1008.1,2.2,12.6,59.0,35.0,37.4,47.6,1007.9,1.1,12.5,4.7,1.1,4.7,1
2021-03-22,2021,3,22,Pre-Monsoon,Maharashtra (Mumbai/Konkan),18.98,72.83,9,216,Normal,40.2,47.7,1014.6,0.0,2.6,4.0,31.0,38.4,55.5,1015.1,0.3,10.4,1.8,0.3,1.8,1
2021-03-22,2021,3,22,Pre-Monsoon,Gujarat Coastal,21.64,69.6,9,216,Normal,38.7,49.7,1011.1,0.0,7.6,4.0,92.0,38.0,46.5,1013.6,5.2,8.7,0.7,5.2,5.2,0
2021-03-22,2021,3,22,Pre-Monsoon,Assam & Meghalaya,26.14,91.73,9,216,Normal,31.9,55.5,1014.4,8.2,4.9,237.0,68.0,37.0,52.1,1010.9,0.5,7.7,5.1,7.7,5.1,1
2021-03-29,2021,3,29,Pre-Monsoon,Kerala Coast,9.93,76.26,1,24,Normal,36.3,56.7,1010.9,0.0,11.1,173.0,71.0,36.8,57.6,1010.5,3.4,11.6,0.5,3.4,0.5,0
2021-03-29,2021,3,29,Pre-Monsoon,Rajasthan (West),26.91,70.9,1,24,Normal,35.8,44.0,1006.2,0.0,10.1,296.0,49.0,36.0,41.0,1006.2,0.8,11.7,0.2,0.8,0.2,0
2021-03-29,2021,3,29,Pre-Monsoon,Odisha Coastal,20.27,85.84,3,72,Cyclone,34.2,64.4,1012.6,4.8,8.1,166.0,40.0,33.9,66.6,1012.4,9.5,7.8,0.3,4.7,4.7,0
2021-03-29,2021,3,29,Pre-Monsoon,Himachal Pradesh,31.1,77.17,3,72,Normal,33.8,27.5,1010.1,0.0,7.1,1.0,83.0,34.1,24.3,1010.1,0.3,7.6,0.3,0.3,0.3,0
2021-03-29,2021,3,29,Pre-Monsoon,Assam & Meghalaya,26.14,91.73,3,72,Normal,34.1,44.3,1012.9,1.9,10.3,28.0,59.0,36.8,43.2,1011.9,3.2,9.5,2.7,1.3,2.7,0
2021-03-29,2021,3,29,Pre-Monsoon,Maharashtra (Mumbai/Konkan),18.98,72.83,4,96,Normal,32.2,68.4,1009.6,1.2,13.6,123.0,37.0,32.6,64.1,1011.0,1.7,13.9,0.4,0.5,0.4,0
2021-03-29,2021,3,29,Pre-Monsoon,Assam & Meghalaya,26.14,91.73,5,120,Normal,35.1,44.3,1012.0,0.0,11.1,247.0,12.0,36.8,41.7,1011.9,3.2,9.5,1.7,3.2,1.7,0
2021-03-29,2021,3,29,Pre-Monsoon,West Bengal (Gangetic),22.57,88.36,6,144,Normal,36.4,54.2,1006.3,9.1,11.1,94.0,25.0,36.7,54.6,1007.1,2.1,10.1,0.3,7.0,0.3,0
2021-03-29,2021,3,29,Pre-Monsoon,Himachal Pradesh,31.1,77.17,7,168,Normal,30.2,27.5,1009.9,0.0,3.8,281.0,15.0,34.1,27.5,1010.1,0.3,7.6,3.9,0.3,3.9,1
2021-03-29,2021,3,29,Pre-Monsoon,Odisha Coastal,20.27,85.84,8,192,Cyclone,32.7,64.4,1017.8,0.0,12.7,301.0,17.0,33.9,65.5,1012.4,9.5,7.8,1.2,9.5,9.5,1
2021-03-29,2021,3,29,Pre-Monsoon,Gujarat Coastal,21.64,69.6,8,192,Cyclone,39.1,63.8,1003.3,0.0,1.0,150.0,72.0,35.2,63.3,1009.5,0.6,8.0,3.9,0.6,3.9,1
2021-03-29,2021,3,29,Pre-Monsoon,Kerala Coast,9.93,76.26,9,216,Normal,35.5,56.7,1012.4,0.0,11.4,134.0,54.0,36.8,55.9,1010.5,3.4,11.6,1.3,3.4,1.3,0
2021-03-29,2021,3,29,Pre-Monsoon,Maharashtra (Mumbai/Konkan),18.98,72.83,9,216,Normal,32.0,68.4,1013.0,0.0,14.5,290.0,30.0,32.6,70.3,1011.0,1.7,13.9,0.6,1.7,0.6,0
2021-03-29,2021,3,29,Pre-Monsoon,Gujarat Coastal,21.64,69.6,10,240,Cyclone,34.5,63.8,1006.2,5.2,23.1,28.0,91.0,35.2,63.0,1009.5,0.6,8.0,0.7,4.6,0.7,1
2021-03-29,2021,3,29,Pre-Monsoon,Rajasthan (West),26.91,70.9,10,240,Normal,40.5,44.0,1009.6,5.1,15.7,148.0,14.0,36.0,42.2,1006.2,0.8,11.7,4.5,4.3,4.5,1
2021-03-29,2021,3,29,Pre-Monsoon,West Bengal (Gangetic),22.57,88.36,10,240,Normal,35.5,54.2,1008.6,0.0,7.9,248.0,22.0,36.7,54.3,1007.1,2.1,10.1,1.2,2.1,1.2,0
2021-04-05,2021,4,5,Pre-Monsoon,Odisha Coastal,20.27,85.84,1,24,Normal,36.4,69.1,1013.1,2.8,9.9,161.0,82.0,36.4,67.5,1012.1,0.3,11.4,0.0,2.5,0.0,0
2021-04-05,2021,4,5,Pre-Monsoon,Assam & Meghalaya,26.14,91.73,1,24,Normal,37.5,54.2,1009.8,1.0,9.1,28.0,80.0,37.9,50.8,1010.6,1.6,10.3,0.4,0.6,0.4,0
2021-04-05,2021,4,5,Pre-Monsoon,Kerala Coast,9.93,76.26,2,48,Normal,34.2,36.4,1008.0,1.8,9.0,81.0,93.0,35.1,37.9,1008.7,2.3,9.7,0.9,0.5,0.9,0
2021-04-05,2021,4,5,Pre-Monsoon,Maharashtra (Mumbai/Konkan),18.98,72.83,2,48,Normal,38.2,54.9,1008.6,0.0,12.5,36.0,13.0,38.0,52.4,1008.3,0.0,12.6,0.2,0.0,0.2,0
2021-04-05,2021,4,5,Pre-Monsoon,Rajasthan (West),26.91,70.9,2,48,Normal,39.4,60.5,1009.8,0.0,5.6,172.0,18.0,38.6,61.1,1009.8,0.0,6.4,0.8,0.0,0.8,0
2021-04-05,2021,4,5,Pre-Monsoon,Himachal Pradesh,31.1,77.17,2,48,Normal,38.2,48.2,1014.5,0.0,12.9,242.0,40.0,39.7,52.6,1012.4,0.8,12.5,1.5,0.8,1.5,0
2021-04-05,2021,4,5,Pre-Monsoon,Gujarat Coastal,21.64,69.6,3,72,Normal,29.9,34.6,1008.6,0.0,13.8,227.0,81.0,28.4,31.7,1009.6,1.6,10.4,1.5,1.6,1.5,0
2021-04-05,2021,4,5,Pre-Monsoon,Himachal Pradesh,31.1,77.17,3,72,Normal,39.5,48.2,1012.2,3.7,9.7,140.0,72.0,39.7,48.1,1012.4,0.8,12.5,0.2,2.9,0.2,0
2021-04-05,2021,4,5,Pre-Monsoon,Rajasthan (West),26.91,70.9,6,144,Normal,39.4,60.5,1009.5,8.5,9.8,307.0,84.0,38.6,60.9,1009.8,0.0,6.4,0.8,8.5,0.8,0
2021-04-05,2021,4,5,Pre-Monsoon,West Bengal (Gangetic),22.57,88.36,6,144,Normal,33.2,65.0,1009.0,0.0,8.8,274.0,29.0,35.0,65.6,1006.9,0.5,7.1,1.8,0.5,1.8,0
2021-04-05,2021,4,5,Pre-Monsoon,Kerala Coast,9.93,76.26,8,192,Normal,34.6,36.4,1011.2,9.4,9.2,77.0,90.0,35.1,29.0,1008.7,2.3,9.7,0.5,7.1,0.5,0
2021-04-05,2021,4,5,Pre-Monsoon,West Bengal (Gangetic),22.57,88.36,8,192,Normal,34.3,65.0,1008.6,9.4,5.1,87.0,47.0,35.0,63.4,1006.9,0.5,7.1,0.7,8.9,0.7,0
2021-04-05,2021,4,5,Pre-Monsoon,Maharashtra (Mumbai/Konkan),18.98,72.83,9,216,Normal,37.3,54.9,1008.8,2.1,11.6,357.0,90.0,38.0,59.5,1008.3,0.0,12.6,0.7,2.1,0.7,0
2021-04-05,2021,4,5,Pre-Monsoon,Gujarat Coastal,21.64,69.6,9,216,Normal,30.6,34.6,1012.9,0.0,9.9,212.0,47.0,28.4,30.8,1009.6,1.6,10.4,2.2,1.6,2.2,1
2021-04-05,2021,4,5,Pre-Monsoon,Odisha Coastal,20.27,85.84,10,240,Normal,34.9,69.1,1014.5,0.5,11.1,198.0,54.0,36.4,67.8,1012.1,0.3,11.4,1.5,0.2,1.5,0
2021-04-05,2021,4,5,Pre-Monsoon,Assam & Meghalaya,26.14,91.73,10,240,Normal,41.0,54.2,1010.0,6.6,10.2,312.0,19.0,37.9,60.1,1010.6,1.6,10.3,3.1,5.0,3.1,1
2021-04-12,2021,4,12,Pre-Monsoon,Rajasthan (West),26.91,70.9,2,48,Normal,37.0,52.6,1013.0,0.0,15.6,31.0,82.0,37.0,48.6,1013.4,1.2,13.5,0.0,1.2,0.0,0
2021-04-12,2021,4,12,Pre-Monsoon,West Bengal (Gangetic),22.57,88.36,2,48,Normal,30.3,49.9,1016.9,0.0,10.1,158.0,14.0,30.3,39.1,1016.3,0.1,7.3,0.0,0.1,0.0,0
2021-04-12,2021,4,12,Pre-Monsoon,Kerala Coast,9.93,76.26,4,96,Normal,40.7,44.1,1010.2,0.0,8.4,115.0,36.0,41.2,48.1,1011.7,3.1,8.4,0.5,3.1,0.5,0
2021-04-12,2021,4,12,Pre-Monsoon,Assam & Meghalaya,26.14,91.73,4,96,Normal,36.3,39.9,1008.9,0.0,13.3,304.0,42.0,36.8,43.4,1007.7,0.3,13.6,0.5,0.3,0.5,0
2021-04-12,2021,4,12,Pre-Monsoon,Maharashtra (Mumbai/Konkan),18.98,72.83,5,120,Normal,38.6,49.6,1008.9,5.2,12.6,226.0,33.0,36.9,50.4,1010.1,4.1,10.4,1.7,1.1,1.7,0
2021-04-12,2021,4,12,Pre-Monsoon,Odisha Coastal,20.27,85.84,6,144,Normal,34.5,47.3,1011.5,2.0,7.8,1.0,29.0,32.3,49.2,1011.7,3.1,6.3,2.2,1.1,2.2,0
2021-04-12,2021,4,12,Pre-Monsoon,Kerala Coast,9.93,76.26,6,144,Normal,40.6,44.1,1013.3,1.5,7.6,94.0,80.0,41.2,47.9,1011.7,3.1,8.4,0.6,1.6,0.6,0
2021-04-12,2021,4,12,Pre-Monsoon,Gujarat Coastal,21.64,69.6,6,144,Normal,38.7,55.0,1006.0,6.9,14.9,12.0,42.0,38.7,59.3,1008.1,4.7,11.1,0.0,2.2,0.0,0
2021-04-12,2021,4,12,Pre-Monsoon,Himachal Pradesh,31.1,77.17,6,144,Normal,37.6,48.4,1007.8,0.0,11.1,339.0,51.0,36.2,39.8,1009.4,0.4,12.0,1.4,0.4,1.4,0
2021-04-12,2021,4,12,Pre-Monsoon,Gujarat Coastal,21.64,69.6,7,168,Normal,37.3,55.0,1009.8,0.0,20.8,201.0,59.0,38.7,60.2,1008.1,4.7,11.1,1.4,4.7,1.4,1
2021-04-12,2021,4,12,Pre-Monsoon,Rajasthan (West),26.91,70.9,7,168,Normal,39.3,52.6,1011.4,0.0,11.8,216.0,83.0,37.0,43.8,1013.4,1.2,13.5,2.3,1.2,2.3,0
2021-04-12,2021,4,12,Pre-Monsoon,West Bengal (Gangetic),22.57,88.36,9,216,Normal,33.3,49.9,1016.2,0.0,1.8,287.0,59.0,30.3,49.4,1016.3,0.1,7.3,3.0,0.1,3.0,0
2021-04-12,2021,4,12,Pre-Monsoon,Odisha Coastal,20.27,85.84,10,240,Normal,32.4,47.3,1007.7,0.0,5.4,310.0,57.0,32.3,49.7,1011.7,3.1,6.3,0.1,3.1,0.1,1
2021-04-12,2021,4,12,Pre-Monsoon,Maharashtra (Mumbai/Konkan),18.98,72.83,10,240,Normal,39.1,49.6,1011.6,16.9,11.4,308.0,28.0,36.9,43.4,1010.1,4.1,10.4,2.2,12.8,2.2,0
2021-04-12,2021,4,12,Pre-Monsoon,Himachal Pradesh,31.1,77.17,10,240,Normal,36.6,48.4,1008.9,2.5,9.2,217.0,87.0,36.2,45.7,1009.4,0.4,12.0,0.4,2.1,0.4,0
2021-04-12,2021,4,12,Pre-Monsoon,Assam & Meghalaya,26.14,91.73,10,240,Normal,34.8,39.9,1008.2,5.4,16.9,266.0,24.0,36.8,39.7,1007.7,0.3,13.6,2.0,5.1,2.0,0
2021-04-19,2021,4,19,Pre-Monsoon,Maharashtra (Mumbai/Konkan),18.98,72.83,3,72,Normal,34.8,60.5,1010.2,7.8,2.8,123.0,24.0,36.2,61.1,1009.0,1.0,4.3,1.4,6.8,1.4,0
2021-04-19,2021,4,19,Pre-Monsoon,Odisha Coastal,20.27,85.84,4,96,Normal,34.6,54.8,1011.0,10.4,8.5,278.0,77.0,36.5,54.7,1012.0,1.9,8.5,1.9,8.5,1.9,0
2021-04-19,2021,4,19,Pre-Monsoon,West Bengal (Gangetic),22.57,88.36,4,96,Normal,37.8,44.0,1008.7,0.0,16.8,4.0,61.0,37.9,39.6,1008.3,2.8,11.8,0.1,2.8,0.1,0
2021-04-19,2021,4,19,Pre-Monsoon,Himachal Pradesh,31.1,77.17,6,144,Normal,35.4,59.9,1011.7,0.0,12.5,137.0,28.0,38.2,60.4,1013.3,1.0,11.9,2.8,1.0,2.8,0
2021-04-19,2021,4,19,Pre-Monsoon,Odisha Coastal,20.27,85.84,7,168,Normal,37.1,54.8,1009.4,1.5,3.6,117.0,68.0,36.5,56.6,1012.0,1.9,8.5,0.6,0.4,0.6,0
2021-04-19,2021,4,19,Pre-Monsoon,Kerala Coast,9.93,76.26,7,168,Heat Wave,38.0,49.4,1003.0,0.6,11.2,344.0,83.0,42.2,53.9,1004.7,3.4,8.5,4.2,2.8,4.2,1
2021-04-19,2021,4,19,Pre-Monsoon,Gujarat Coastal,21.64,69.6,7,168,Normal,32.5,42.3,1007.3,4.2,15.5,12.0,93.0,33.8,46.1,1009.8,1.0,12.5,1.3,3.2,1.3,0
2021-04-19,2021,4,19,Pre-Monsoon,Rajasthan (West),26.91,70.9,7,168,Normal,34.6,34.3,1009.8,1.8,4.6,359.0,63.0,34.6,27.1,1009.7,0.9,11.1,0.0,0.9,0.0,0
2021-04-19,2021,4,19,Pre-Monsoon,Assam & Meghalaya,26.14,91.73,7,168,Heat Wave,44.8,50.8,1013.2,0.2,8.2,159.0,57.0,42.2,47.6,1014.1,10.8,8.9,2.6,10.6,10.6,0
2021-04-19,2021,4,19,Pre-Monsoon,Kerala Coast,9.93,76.26,8,192,Heat Wave,39.7,49.4,1002.5,0.0,6.8,19.0,41.0,42.2,45.8,1004.7,3.4,8.5,2.5,3.4,2.5,0
2021-04-19,2021,4,19,Pre-Monsoon,Maharashtra (Mumbai/Konkan),18.98,72.83,8,192,Normal,37.8,60.5,1011.1,2.8,3.2,243.0,14.0,36.2,54.2,1009.0,1.0,4.3,1.6,1.8,1.6,0
2021-04-19,2021,4,19,Pre-Monsoon,Himachal Pradesh,31.1,77.17,8,192,Normal,39.3,59.9,1012.6,2.5,13.5,308.0,90.0,38.2,70.7,1013.3,1.0,11.9,1.1,1.5,1.1,0
2021-04-19,2021,4,19,Pre-Monsoon,Assam & Meghalaya,26.14,91.73,8,192,Heat Wave,42.8,50.8,1012.5,19.4,8.7,262.0,52.0,42.2,50.8,1014.1,10.8,8.9,0.6,8.6,8.6,0
2021-04-19,2021,4,19,Pre-Monsoon,Gujarat Coastal,21.64,69.6,9,216,Normal,34.6,42.3,1008.0,0.0,11.0,193.0,52.0,33.8,44.4,1009.8,1.0,12.5,0.8,1.0,0.8,0
2021-04-19,2021,4,19,Pre-Monsoon,Rajasthan (West),26.91,70.9,10,240,Normal,29.7,34.3,1009.7,0.0,14.3,327.0,10.0,34.6,34.8,1009.7,0.9,11.1,4.9,0.9,4.9,1
2021-04-19,2021,4,19,Pre-Monsoon,West Bengal (Gangetic),22.57,88.36,10,240,Normal,39.3,44.0,1008.7,18.8,19.3,15.0,38.0,37.9,38.6,1008.3,2.8,11.8,1.4,16.0,1.4,1
2021-04-26,2021,4,26,Pre-Monsoon,Himachal Pradesh,31.1,77.17,1,24,Normal,31.4,57.0,1007.3,1.0,13.4,186.0,81.0,31.3,58.3,1007.3,1.2,11.8,0.1,0.2,0.1,0
2021-04-26,2021,4,26,Pre-Monsoon,Maharashtra (Mumbai/Konkan),18.98,72.83,2,48,Normal,34.0,46.0,1006.7,4.2,11.9,13.0,56.0,33.3,48.7,1007.5,0.0,11.9,0.7,4.2,0.7,0
2021-04-26,2021,4,26,Pre-Monsoon,Gujarat Coastal,21.64,69.6,2,48,Normal,36.0,42.0,1011.1,0.7,10.4,80.0,16.0,35.9,49.9,1009.7,0.7,9.1,0.1,0.0,0.1,0
2021-04-26,2021,4,26,Pre-Monsoon,Rajasthan (West),26.91,70.9,2,48,Normal,36.9,57.9,1012.8,8.8,10.2,314.0,21.0,37.2,56.1,1012.6,3.7,10.9,0.3,5.1,0.3,0
2021-04-26,2021,4,26,Pre-Monsoon,Assam & Meghalaya,26.14,91.73,3,72,Normal,36.3,38.1,1012.2,0.0,11.2,216.0,13.0,34.8,40.0,1010.4,1.6,10.2,1.5,1.6,1.5,0
2021-04-26,2021,4,26,Pre-Monsoon,Kerala Coast,9.93,76.26,4,96,Normal,43.6,68.6,1012.6,0.0,7.6,334.0,45.0,41.4,66.2,1013.1,0.0,10.6,2.2,0.0,2.2,0
2021-04-26,2021,4,26,Pre-Monsoon,Gujarat Coastal,21.64,69.6,4,96,Normal,34.7,42.0,1011.2,0.0,10.7,313.0,34.0,35.9,39.8,1009.7,0.7,9.1,1.2,0.7,1.2,0
2021-04-26,2021,4,26,Pre-Monsoon,West Bengal (Gangetic),22.57,88.36,4,96,Normal,35.1,48.9,1006.9,0.0,10.6,53.0,16.0,35.7,54.6,1009.3,1.6,10.5,0.6,1.6,0.6,0
2021-04-26,2021,4,26,Pre-Monsoon,Odisha Coastal,20.27,85.84,6,144,Normal,33.2,48.9,1010.0,0.0,6.2,266.0,11.0,30.4,49.4,1011.9,0.7,9.8,2.8,0.7,2.8,0
2021-04-26,2021,4,26,Pre-Monsoon,Himachal Pradesh,31.1,77.17,6,144,Normal,30.5,57.0,1005.8,10.2,16.8,236.0,60.0,31.3,64.4,1007.3,1.2,11.8,0.8,9.0,0.8,0
2021-04-26,2021,4,26,Pre-Monsoon,Kerala Coast,9.93,76.26,7,168,Normal,40.0,68.6,1011.5,1.9,19.0,50.0,88.0,41.4,71.6,1013.1,0.0,10.6,1.4,1.9,1.4,1
2021-04-26,2021,4,26,Pre-Monsoon,West Bengal (Gangetic),22.57,88.36,7,168,Normal,38.7,48.9,1007.9,7.0,11.5,124.0,87.0,35.7,49.4,1009.3,1.6,10.5,3.0,5.4,3.0,0
2021-04-26,2021,4,26,Pre-Monsoon,Odisha Coastal,20.27,85.84,8,192,Normal,28.8,48.9,1011.4,0.0,8.6,195.0,54.0,30.4,49.0,1011.9,0.7,9.8,1.6,0.7,1.6,0
2021-04-26,2021,4,26,Pre-Monsoon,Rajasthan (West),26.91,70.9,8,192,Normal,33.8,57.9,1015.8,3.1,15.2,334.0,59.0,37.2,47.5,1012.6,3.7,10.9,3.4,0.6,3.4,1
2021-04-26,2021,4,26,Pre-Monsoon,Maharashtra (Mumbai/Konkan),18.98,72.83,9,216,Normal,33.5,46.0,1009.5,0.0,9.4,8.0,58.0,33.3,43.0,1007.5,0.0,11.9,0.2,0.0,0.2,0
2021-04-26,2021,4,26,Pre-Monsoon,Assam & Meghalaya,26.14,91.73,10,240,Normal,35.5,38.1,1010.1,0.0,12.7,357.0,70.0,34.8,28.9,1010.4,1.6,10.2,0.7,1.6,0.7,0
2021-05-03,2021,5,3,Pre-Monsoon,Maharashtra (Mumbai/Konkan),18.98,72.83,2,48,Normal,34.6,24.6,1009.4,4.0,12.0,324.0,79.0,35.7,24.5,1010.3,2.6,10.1,1.1,1.4,1.1,0
2021-05-03,2021,5,3,Pre-Monsoon,West Bengal (Gangetic),22.57,88.36,3,72,Normal,40.2,40.1,1009.3,0.0,13.4,149.0,74.0,39.9,40.8,1008.4,0.3,12.2,0.3,0.3,0.3,0
2021-05-03,2021,5,3,Pre-Monsoon,Kerala Coast,9.93,76.26,4,96,Normal,36.4,38.6,1010.1,0.0,9.3,119.0,28.0,37.6,37.1,1010.5,1.1,7.5,1.2,1.1,1.2,0
2021-05-03,2021,5,3,Pre-Monsoon,Gujarat Coastal,21.64,69.6,4,96,Normal,33.4,55.3,1010.0,0.0,8.3,329.0,10.0,35.2,62.7,1009.6,0.1,8.6,1.8,0.1,1.8,0
2021-05-03,2021,5,3,Pre-Monsoon,West Bengal (Gangetic),22.57,88.36,4,96,Normal,38.4,40.1,1007.4,5.3,10.2,245.0,94.0,39.9,40.5,1008.4,0.3,12.2,1.5,5.0,1.5,0
2021-05-03,2021,5,3,Pre-Monsoon,Odisha Coastal,20.27,85.84,6,144,Normal,38.5,42.6,1010.9,10.9,7.8,143.0,55.0,38.6,41.7,1014.9,2.1,8.6,0.1,8.8,0.1,1
2021-05-03,2021,5,3,Pre-Monsoon,Kerala Coast,9.93,76.26,6,144,Normal,36.8,38.6,1011.7,0.0,9.0,329.0,20.0,37.6,40.3,1010.5,1.1,7.5,0.8,1.1,0.8,0
2021-05-03,2021,5,3,Pre-Monsoon,Assam & Meghalaya,26.14,91.73,6,144,Normal,37.9,58.9,1010.2,0.5,12.7,218.0,19.0,37.9,53.6,1009.4,1.7,9.3,0.0,1.2,0.0,0
2021-05-03,2021,5,3,Pre-Monsoon,Odisha Coastal,20.27,85.84,7,168,Normal,39.4,42.6,1015.0,14.8,6.6,268.0,77.0,38.6,38.4,1014.9,2.1,8.6,0.8,12.7,0.8,0
2021-05-03,2021,5,3,Pre-Monsoon,Maharashtra (Mumbai/Konkan),18.98,72.83,7,168,Normal,37.0,24.6,1012.7,0.0,15.5,235.0,78.0,35.7,30.2,1010.3,2.6,10.1,1.3,2.6,1.3,0
2021-05-03,2021,5,3,Pre-Monsoon,Himachal Pradesh,31.1,77.17,7,168,Normal,35.5,51.3,1013.4,12.7,4.9,88.0,23.0,35.5,51.8,1010.9,3.8,9.0,0.0,8.9,0.0,0
2021-05-03,2021,5,3,Pre-Monsoon,Gujarat Coastal,21.64,69.6,8,192,Normal,38.3,55.3,1008.7,7.1,15.8,348.0,51.0,35.2,49.4,1009.6,0.1,8.6,3.1,7.0,3.1,1
2021-05-03,2021,5,3,Pre-Monsoon,Rajasthan (West),26.91,70.9,8,192,Normal,29.0,48.0,1008.4,2.5,6.5,86.0,43.0,30.5,57.7,1011.1,0.4,9.4,1.5,2.1,1.5,0
2021-05-03,2021,5,3,Pre-Monsoon,Rajasthan (West),26.91,70.9,10,240,Normal,37.7,48.0,1005.4,3.0,3.8,103.0,36.0,30.5,43.1,1011.1,0.4,9.4,7.2,2.6,7.2,1
2021-05-03,2021,5,3,Pre-Monsoon,Himachal Pradesh,31.1,77.17,10,240,Normal,31.8,51.3,1012.5,0.0,6.6,262.0,78.0,35.5,55.0,1010.9,3.8,9.0,3.7,3.8,3.7,1
2021-05-03,2021,5,3,Pre-Monsoon,Assam & Meghalaya,26.14,91.73,10,240,Normal,35.9,58.9,1009.1,9.7,9.0,103.0,33.0,37.9,69.4,1009.4,1.7,9.3,2.0,8.0,2.0,0
2021-05-10,2021,5,10,Pre-Monsoon,Himachal Pradesh,31.1,77.17,2,48,Normal,37.0,57.8,1010.1,0.3,10.5,15.0,94.0,36.3,53.9,1009.7,2.1,12.2,0.7,1.8,0.7,0
2021-05-10,2021,5,10,Pre-Monsoon,Assam & Meghalaya,26.14,91.73,2,48,Normal,34.2,44.8,1012.0,3.0,12.8,359.0,22.0,35.1,48.4,1011.7,0.1,11.1,0.9,2.9,0.9,0
2021-05-10,2021,5,10,Pre-Monsoon,Gujarat Coastal,21.64,69.6,3,72,Normal,37.3,39.5,1010.8,7.3,9.2,10.0,51.0,36.6,38.1,1011.6,3.4,9.7,0.7,3.9,0.7,0
2021-05-10,2021,5,10,Pre-Monsoon,West Bengal (Gangetic),22.57,88.36,3,72,Normal,34.0,56.3,1006.8,3.9,12.8,261.0,61.0,36.6,56.1,1008.3,0.5,10.5,2.6,3.4,2.6,0
2021-05-10,2021,5,10,Pre-Monsoon,Maharashtra (Mumbai/Konkan),18.98,72.83,4,96,Normal,33.9,48.3,1006.7,0.5,6.5,270.0,90.0,34.5,49.7,1009.0,0.7,7.4,0.6,0.2,0.6,0
2021-05-10,2021,5,10,Pre-Monsoon,Assam & Meghalaya,26.14,91.73,4,96,Normal,35.1,44.8,1010.7,2.5,13.1,80.0,63.0,35.1,44.8,1011.7,0.1,11.1,0.0,2.4,0.0,0
2021-05-10,2021,5,10,Pre-Monsoon,Himachal Pradesh,31.1,77.17,5,120,Normal,38.9,57.8,1010.6,0.9,16.2,102.0,17.0,36.3,54.7,1009.7,2.1,12.2,2.6,1.2,2.6,0
2021-05-10,2021,5,10,Pre-Monsoon,West Bengal (Gangetic),22.57,88.36,5,120,Normal,35.2,56.3,1009.1,10.8,12.1,211.0,41.0,36.6,54.8,1008.3,0.5,10.5,1.4,10.3,1.4,0
2021-05-10,2021,5,10,Pre-Monsoon,Kerala Coast,9.93,76.26,6,144,Normal,39.7,47.3,1014.8,3.0,6.1,24.0,19.0,36.1,49.8,1015.5,2.1,6.5,3.6,0.9,3.6,1
2021-05-10,2021,5,10,Pre-Monsoon,Maharashtra (Mumbai/Konkan),18.98,72.83,7,168,Normal,29.4,48.3,1009.7,0.0,5.5,127.0,31.0,34.5,44.4,1009.0,0.7,7.4,5.1,0.7,5.1,1
2021-05-10,2021,5,10,Pre-Monsoon,Odisha Coastal,20.27,85.84,8,192,Normal,39.3,38.5,1011.7,8.8,3.3,270.0,60.0,38.2,41.3,1008.6,0.9,6.7,1.1,7.9,1.1,1
2021-05-10,2021,5,10,Pre-Monsoon,Rajasthan (West),26.91,70.9,9,216,Heat Wave,44.5,66.3,1007.2,3.4,10.6,172.0,49.0,43.4,61.3,1008.0,1.0,10.9,1.1,2.4,1.1,0
2021-05-10,2021,5,10,Pre-Monsoon,Odisha Coastal,20.27,85.84,10,240,Normal,34.5,38.5,1011.7,5.4,9.6,178.0,38.0,38.2,39.0,1008.6,0.9,6.7,3.7,4.5,3.7,1
2021-05-10,2021,5,10,Pre-Monsoon,Kerala Coast,9.93,76.26,10,240,Normal,36.4,47.3,1013.5,4.0,11.2,138.0,78.0,36.1,46.0,1015.5,2.1,6.5,0.3,1.9,0.3,0
2021-05-10,2021,5,10,Pre-Monsoon,Gujarat Coastal,21.64,69.6,10,240,Normal,42.7,39.5,1007.7,11.7,8.0,138.0,87.0,36.6,36.3,1011.6,3.4,9.7,6.1,8.3,6.1,1
2021-05-10,2021,5,10,Pre-Monsoon,Rajasthan (West),26.91,70.9,10,240,Heat Wave,42.9,66.3,1008.3,5.5,11.7,59.0,87.0,43.4,65.2,1008.0,1.0,10.9,0.5,4.5,0.5,0
2021-05-17,2021,5,17,Pre-Monsoon,Kerala Coast,9.93,76.26,1,24,Normal,39.0,41.1,1006.8,0.0,11.7,358.0,74.0,38.0,42.1,1007.2,3.2,10.8,1.0,3.2,1.0,0
2021-05-17,2021,5,17,Pre-Monsoon,Odisha Coastal,20.27,85.84,2,48,Cyclone,36.2,69.7,1007.6,4.8,2.2,74.0,26.0,34.5,64.8,1008.1,0.8,5.3,1.7,4.0,1.7,0
2021-05-17,2021,5,17,Pre-Monsoon,Himachal Pradesh,31.1,77.17,2,48,Normal,29.0,64.8,1015.6,5.7,8.4,146.0,69.0,28.8,60.3,1014.5,2.0,9.2,0.2,3.7,0.2,0
2021-05-17,2021,5,17,Pre-Monsoon,Gujarat Coastal,21.64,69.6,3,72,Normal,32.2,52.8,1008.3,6.1,8.9,163.0,51.0,33.7,42.9,1008.7,5.1,9.7,1.5,1.0,1.0,0
2021-05-17,2021,5,17,Pre-Monsoon,Assam & Meghalaya,26.14,91.73,3,72,Normal,33.2,56.3,1013.8,13.3,16.5,327.0,89.0,32.3,56.1,1012.4,5.1,13.5,0.9,8.2,8.2,0
2021-05-17,2021,5,17,Pre-Monsoon,Kerala Coast,9.93,76.26,6,144,Normal,35.3,41.1,1005.3,5.3,16.3,249.0,53.0,38.0,38.9,1007.2,3.2,10.8,2.7,2.1,2.7,0
2021-05-17,2021,5,17,Pre-Monsoon,Maharashtra (Mumbai/Konkan),18.98,72.83,6,144,Normal,37.7,70.1,1008.3,11.0,16.2,76.0,16.0,38.6,70.5,1007.2,0.7,14.1,0.9,10.3,0.9,0
2021-05-17,2021,5,17,Pre-Monsoon,Rajasthan (West),26.91,70.9,6,144,Normal,35.4,39.7,1011.5,0.0,10.7,172.0,16.0,34.6,39.5,1011.5,0.5,11.2,0.8,0.5,0.8,0
2021-05-17,2021,5,17,Pre-Monsoon,Assam & Meghalaya,26.14,91.73,6,144,Normal,32.3,56.3,1016.5,12.1,13.1,206.0,34.0,32.3,58.7,1012.4,5.1,13.5,0.0,7.0,7.0,1
2021-05-17,2021,5,17,Pre-Monsoon,Odisha Coastal,20.27,85.84,7,168,Cyclone,34.8,69.7,1007.5,10.4,5.0,109.0,19.0,34.5,70.5,1008.1,0.8,5.3,0.3,9.6,0.3,0
2021-05-17,2021,5,17,Pre-Monsoon,Maharashtra (Mumbai/Konkan),18.98,72.83,8,192,Normal,38.2,70.1,1006.9,0.0,7.1,37.0,37.0,38.6,67.5,1007.2,0.7,14.1,0.4,0.7,0.4,0
2021-05-17,2021,5,17,Pre-Monsoon,Rajasthan (West),26.91,70.9,8,192,Normal,34.8,39.7,1009.3,0.0,6.8,276.0,67.0,34.6,38.2,1011.5,0.5,11.2,0.2,0.5,0.2,0
2021-05-17,2021,5,17,Pre-Monsoon,West Bengal (Gangetic),22.57,88.36,9,216,Normal,39.0,30.1,1019.2,0.0,17.1,286.0,47.0,36.8,35.6,1016.3,3.8,14.9,2.2,3.8,2.2,0
2021-05-17,2021,5,17,Pre-Monsoon,Gujarat Coastal,21.64,69.6,10,240,Normal,33.6,52.8,1007.3,0.7,12.2,277.0,56.0,33.7,49.5,1008.7,5.1,9.7,0.1,4.4,4.4,0
2021-05-17,2021,5,17,Pre-Monsoon,Himachal Pradesh,31.1,77.17,10,240,Normal,26.8,64.8,1013.8,12.2,5.1,229.0,87.0,28.8,66.0,1014.5,2.0,9.2,2.0,10.2,2.0,0
2021-05-17,2021,5,17,Pre-Monsoon,West Bengal (Gangetic),22.57,88.36,10,240,Normal,41.3,30.1,1015.9,2.6,11.0,6.0,29.0,36.8,25.0,1016.3,3.8,14.9,4.5,1.2,4.5,1
2021-05-24,2021,5,24,Pre-Monsoon,Kerala Coast,9.93,76.26,1,24,Normal,34.0,57.2,1007.3,8.5,12.6,19.0,28.0,34.2,59.0,1007.6,4.9,10.3,0.2,3.6,0.2,0
2021-05-24,2021,5,24,Pre-Monsoon,Kerala Coast,9.93,76.26,3,72,Normal,34.2,57.2,1006.6,8.8,11.2,137.0,93.0,34.2,57.7,1007.6,4.9,10.3,0.0,3.9,0.0,0
2021-05-24,2021,5,24,Pre-Monsoon,Himachal Pradesh,31.1,77.17,3,72,Normal,30.8,61.7,1009.4,4.0,13.1,126.0,27.0,31.7,60.6,1009.6,0.0,10.9,0.9,4.0,0.9,0
2021-05-24,2021,5,24,Pre-Monsoon,West Bengal (Gangetic),22.57,88.36,3,72,Normal,32.4,64.5,1011.1,1.8,11.8,298.0,30.0,33.8,70.2,1011.3,0.4,13.5,1.4,1.4,1.4,0
2021-05-24,2021,5,24,Pre-Monsoon,Rajasthan (West),26.91,70.9,4,96,Normal,31.2,43.5,1008.2,0.0,11.0,131.0,18.0,33.8,39.4,1005.7,0.0,10.4,2.6,0.0,2.6,0
2021-05-24,2021,5,24,Pre-Monsoon,West Bengal (Gangetic),22.57,88.36,4,96,Normal,34.8,64.5,1011.6,1.6,16.0,263.0,87.0,33.8,67.0,1011.3,0.4,13.5,1.0,1.2,1.0,0
2021-05-24,2021,5,24,Pre-Monsoon,Assam & Meghalaya,26.14,91.73,4,96,Normal,36.5,43.8,1007.8,7.0,8.6,135.0,73.0,38.5,44.6,1009.1,3.8,7.1,2.0,3.2,2.0,0
2021-05-24,2021,5,24,Pre-Monsoon,Maharashtra (Mumbai/Konkan),18.98,72.83,7,168,Normal,41.0,37.8,1011.7,0.0,10.0,316.0,92.0,39.8,42.4,1014.6,8.3,11.6,1.2,8.3,8.3,0
2021-05-24,2021,5,24,Pre-Monsoon,Gujarat Coastal,21.64,69.6,7,168,Normal,37.1,47.4,1002.6,11.8,9.2,99.0,92.0,36.4,57.3,1006.2,4.0,6.0,0.7,7.8,0.7,1
2021-05-24,2021,5,24,Pre-Monsoon,Assam & Meghalaya,26.14,91.73,7,168,Normal,40.7,43.8,1007.9,8.6,4.3,93.0,49.0,38.5,47.0,1009.1,3.8,7.1,2.2,4.8,2.2,0
2021-05-24,2021,5,24,Pre-Monsoon,Odisha Coastal,20.27,85.84,8,192,Normal,40.2,46.6,1008.9,0.0,1.4,233.0,93.0,38.2,46.7,1007.7,1.9,6.1,2.0,1.9,2.0,0
2021-05-24,2021,5,24,Pre-Monsoon,Maharashtra (Mumbai/Konkan),18.98,72.83,9,216,Normal,40.4,37.8,1015.3,0.0,16.8,287.0,33.0,39.8,40.1,1014.6,8.3,11.6,0.6,8.3,8.3,0
2021-05-24,2021,5,24,Pre-Monsoon,Odisha Coastal,20.27,85.84,10,240,Normal,36.6,46.6,1007.8,5.1,4.5,92.0,18.0,38.2,43.3,1007.7,1.9,6.1,1.6,3.2,1.6,0
2021-05-24,2021,5,24,Pre-Monsoon,Gujarat Coastal,21.64,69.6,10,240,Normal,39.7,47.4,1007.6,0.0,7.0,157.0,79.0,36.4,49.8,1006.2,4.0,6.0,3.3,4.0,3.3,1
2021-05-24,2021,5,24,Pre-Monsoon,Rajasthan (West),26.91,70.9,10,240,Normal,32.2,43.5,1004.9,3.4,12.0,202.0,90.0,33.8,43.5,1005.7,0.0,10.4,1.6,3.4,1.6,0
2021-05-24,2021,5,24,Pre-Monsoon,Himachal Pradesh,31.1,77.17,10,240,Normal,31.3,61.7,1013.2,0.0,7.7,164.0,11.0,31.7,67.8,1009.6,0.0,10.9,0.4,0.0,0.4,1
2021-05-31,2021,5,31,Pre-Monsoon,Gujarat Coastal,21.64,69.6,1,24,Normal,37.3,58.7,1009.9,4.1,10.1,13.0,58.0,37.1,65.2,1010.6,2.0,10.3,0.2,2.1,0.2,0
2021-05-31,2021,5,31,Pre-Monsoon,West Bengal (Gangetic),22.57,88.36,1,24,Normal,37.4,55.4,1008.1,0.0,10.5,49.0,94.0,38.4,52.1,1008.3,1.8,9.1,1.0,1.8,1.0,0
2021-05-31,2021,5,31,Pre-Monsoon,West Bengal (Gangetic),22.57,88.36,2,48,Normal,40.7,55.4,1008.2,0.0,9.6,290.0,23.0,38.4,54.1,1008.3,1.8,9.1,2.3,1.8,2.3,0
2021-05-31,2021,5,31,Pre-Monsoon,Gujarat Coastal,21.64,69.6,3,72,Normal,35.4,58.7,1010.2,2.0,7.8,300.0,46.0,37.1,60.7,1010.6,2.0,10.3,1.7,0.0,1.7,0
2021-05-31,2021,5,31,Pre-Monsoon,Himachal Pradesh,31.1,77.17,3,72,Normal,33.4,43.0,1009.2,0.5,10.6,318.0,50.0,34.6,44.4,1011.0,2.1,11.1,1.2,1.6,1.2,0
2021-05-31,2021,5,31,Pre-Monsoon,Rajasthan (West),26.91,70.9,4,96,Normal,27.4,28.6,1009.4,0.0,12.5,33.0,89.0,28.0,33.1,1010.3,2.4,11.2,0.6,2.4,0.6,0
2021-05-31,2021,5,31,Pre-Monsoon,Assam & Meghalaya,26.14,91.73,4,96,Normal,31.7,48.2,1016.0,0.0,4.6,100.0,63.0,30.2,48.4,1014.8,3.6,4.7,1.5,3.6,1.5,0
2021-05-31,2021,5,31,Pre-Monsoon,Odisha Coastal,20.27,85.84,5,120,Normal,36.6,45.4,1009.3,0.0,9.9,263.0,58.0,35.6,48.9,1009.2,0.1,8.5,1.0,0.1,1.0,0
2021-05-31,2021,5,31,Pre-Monsoon,Himachal Pradesh,31.1,77.17,6,144,Normal,37.5,43.0,1011.6,1.1,9.7,121.0,75.0,34.6,42.0,1011.0,2.1,11.1,2.9,1.0,2.9,0
2021-05-31,2021,5,31,Pre-Monsoon,Kerala Coast,9.93,76.26,7,168,Normal,34.1,51.7,1009.6,0.0,7.3,80.0,55.0,33.6,60.1,1010.7,0.5,9.9,0.5,0.5,0.5,0
2021-05-31,2021,5,31,Pre-Monsoon,Maharashtra (Mumbai/Konkan),18.98,72.83,7,168,Normal,36.8,60.3,1010.0,1.1,3.1,46.0,42.0,37.0,59.8,1013.0,2.8,6.2,0.2,1.7,0.2,0
2021-05-31,2021,5,31,Pre-Monsoon,Maharashtra (Mumbai/Konkan),18.98,72.83,8,192,Normal,37.0,60.3,1012.3,5.0,9.9,159.0,54.0,37.0,63.4,1013.0,2.8,6.2,0.0,2.2,0.0,0
2021-05-31,2021,5,31,Pre-Monsoon,Rajasthan (West),26.91,70.9,8,192,Normal,24.9,28.6,1010.3,0.8,8.8,109.0,57.0,28.0,31.7,1010.3,2.4,11.2,3.1,1.6,3.1,1
2021-05-31,2021,5,31,Pre-Monsoon,Odisha Coastal,20.27,85.84,9,216,Normal,32.0,45.4,1008.9,1.5,11.1,125.0,91.0,35.6,53.5,1009.2,0.1,8.5,3.6,1.4,3.6,1
2021-05-31,2021,5,31,Pre-Monsoon,Assam & Meghalaya,26.14,91.73,9,216,Normal,33.5,48.2,1014.7,14.3,10.5,5.0,77.0,30.2,55.0,1014.8,3.6,4.7,3.3,10.7,3.3,1
2021-05-31,2021,5,31,Pre-Monsoon,Kerala Coast,9.93,76.26,10,240,Normal,33.9,51.7,1012.1,0.2,11.3,148.0,30.0,33.6,54.7,1010.7,0.5,9.9,0.3,0.3,0.3,0
2021-06-07,2021,6,7,Monsoon,Gujarat Coastal,21.64,69.6,2,48,Normal,28.4,91.3,1005.5,4.3,11.9,28.0,15.0,27.4,89.1,1003.8,2.0,13.8,1.0,2.3,1.0,0
2021-06-07,2021,6,7,Monsoon,Rajasthan (West),26.91,70.9,2,48,Normal,25.8,82.8,1000.3,6.5,15.1,311.0,67.0,26.7,77.7,1000.5,5.8,15.8,0.9,0.7,0.7,0
2021-06-07,2021,6,7,Monsoon,Himachal Pradesh,31.1,77.17,2,48,Normal,30.3,68.3,1005.0,0.9,10.5,266.0,59.0,30.7,64.9,1005.4,2.6,11.7,0.4,1.7,0.4,0
2021-06-07,2021,6,7,Monsoon,Odisha Coastal,20.27,85.84,4,96,Normal,29.5,81.4,1005.9,7.2,10.0,234.0,35.0,29.7,82.6,1004.6,5.7,10.7,0.2,1.5,1.5,0
2021-06-07,2021,6,7,Monsoon,Kerala Coast,9.93,76.26,5,120,Normal,27.1,94.0,1008.6,20.6,18.7,288.0,81.0,25.5,96.0,1007.6,10.4,14.5,1.6,10.2,10.2,0
2021-06-07,2021,6,7,Monsoon,Assam & Meghalaya,26.14,91.73,5,120,Normal,23.9,81.4,1002.6,5.6,13.3,246.0,59.0,25.9,80.4,1002.0,9.2,13.0,2.0,3.6,3.6,0
2021-06-07,2021,6,7,Monsoon,Himachal Pradesh,31.1,77.17,6,144,Normal,28.9,68.3,1007.9,3.2,9.3,37.0,39.0,30.7,73.4,1005.4,2.6,11.7,1.8,0.6,1.8,0
2021-06-07,2021,6,7,Monsoon,Assam & Meghalaya,26.14,91.73,6,144,Normal,26.4,81.4,1003.6,0.0,14.3,302.0,93.0,25.9,81.2,1002.0,9.2,13.0,0.5,9.2,9.2,0
2021-06-07,2021,6,7,Monsoon,Kerala Coast,9.93,76.26,7,168,Normal,20.8,94.0,1005.8,0.1,16.3,237.0,18.0,25.5,100.6,1007.6,10.4,14.5,4.7,10.3,10.3,1
2021-06-07,2021,6,7,Monsoon,Maharashtra (Mumbai/Konkan),18.98,72.83,7,168,Normal,25.6,83.1,1012.2,21.7,15.1,335.0,52.0,28.0,92.6,1010.2,13.7,15.9,2.4,8.0,8.0,0
2021-06-07,2021,6,7,Monsoon,West Bengal (Gangetic),22.57,88.36,8,192,Normal,29.9,84.0,1002.6,36.5,16.3,29.0,46.0,28.8,71.6,1001.4,38.3,15.8,1.1,1.8,1.8,0
2021-06-07,2021,6,7,Monsoon,Gujarat Coastal,21.64,69.6,9,216,Normal,26.0,91.3,1001.0,0.0,14.2,314.0,29.0,27.4,91.4,1003.8,2.0,13.8,1.4,2.0,1.4,0
2021-06-07,2021,6,7,Monsoon,Odisha Coastal,20.27,85.84,10,240,Normal,31.8,81.4,1007.2,1.5,15.8,305.0,74.0,29.7,78.8,1004.6,5.7,10.7,2.1,4.2,4.2,0
2021-06-07,2021,6,7,Monsoon,Maharashtra (Mumbai/Konkan),18.98,72.83,10,240,Normal,26.6,83.1,1007.7,7.9,19.2,336.0,62.0,28.0,79.3,1010.2,13.7,15.9,1.4,5.8,5.8,0
2021-06-07,2021,6,7,Monsoon,Rajasthan (West),26.91,70.9,10,240,Normal,25.5,82.8,1003.4,0.0,14.9,232.0,51.0,26.7,80.6,1000.5,5.8,15.8,1.2,5.8,5.8,0
2021-06-07,2021,6,7,Monsoon,West Bengal (Gangetic),22.57,88.36,10,240,Normal,25.6,84.0,1003.0,66.1,10.2,335.0,27.0,28.8,87.8,1001.4,38.3,15.8,3.2,27.8,27.8,1
2021-06-14,2021,6,14,Monsoon,Kerala Coast,9.93,76.26,1,24,Normal,29.7,81.7,1004.4,17.9,8.1,15.0,46.0,28.9,81.4,1004.7,26.1,7.9,0.8,8.2,8.2,0
2021-06-14,2021,6,14,Monsoon,Maharashtra (Mumbai/Konkan),18.98,72.83,1,24,Normal,28.0,81.9,1005.3,2.3,17.1,307.0,43.0,27.2,80.4,1005.2,1.1,16.2,0.8,1.2,0.8,0
2021-06-14,2021,6,14,Monsoon,Gujarat Coastal,21.64,69.6,1,24,Normal,31.9,75.9,1001.0,24.5,13.4,245.0,55.0,32.2,72.5,1001.7,26.5,14.4,0.3,2.0,2.0,0
2021-06-14,2021,6,14,Monsoon,West Bengal (Gangetic),22.57,88.36,1,24,Normal,29.1,76.8,1008.8,2.4,13.5,254.0,59.0,29.1,74.8,1008.7,1.8,14.5,0.0,0.6,0.0,0
2021-06-14,2021,6,14,Monsoon,Assam & Meghalaya,26.14,91.73,2,48,Normal,28.2,92.2,997.2,0.0,6.9,67.0,16.0,27.6,94.5,999.2,0.4,8.6,0.6,0.4,0.6,0
2021-06-14,2021,6,14,Monsoon,Kerala Coast,9.93,76.26,4,96,Normal,26.6,81.7,1004.0,15.9,6.7,136.0,23.0,28.9,80.5,1004.7,26.1,7.9,2.3,10.2,10.2,0
2021-06-14,2021,6,14,Monsoon,Himachal Pradesh,31.1,77.17,5,120,Normal,27.7,85.2,1000.7,17.9,12.4,54.0,27.0,27.5,85.4,1003.1,8.1,14.2,0.2,9.8,9.8,0
2021-06-14,2021,6,14,Monsoon,Odisha Coastal,20.27,85.84,6,144,Normal,28.0,83.4,1005.8,1.1,13.3,75.0,33.0,26.6,87.3,1006.1,1.9,11.4,1.4,0.8,1.4,0
2021-06-14,2021,6,14,Monsoon,Rajasthan (West),26.91,70.9,6,144,Normal,29.0,74.6,1003.8,14.7,12.7,55.0,53.0,27.2,74.4,1003.0,5.7,12.5,1.8,9.0,9.0,0
2021-06-14,2021,6,14,Monsoon,Himachal Pradesh,31.1,77.17,6,144,Normal,27.6,85.2,1003.5,0.0,13.5,61.0,81.0,27.5,79.5,1003.1,8.1,14.2,0.1,8.1,8.1,0
2021-06-14,2021,6,14,Monsoon,Assam & Meghalaya,26.14,91.73,6,144,Normal,29.6,92.2,998.4,0.0,7.5,358.0,18.0,27.6,96.2,999.2,0.4,8.6,2.0,0.4,2.0,0
2021-06-14,2021,6,14,Monsoon,West Bengal (Gangetic),22.57,88.36,7,168,Normal,27.3,76.8,1010.6,2.8,18.3,346.0,17.0,29.1,80.0,1008.7,1.8,14.5,1.8,1.0,1.8,0
2021-06-14,2021,6,14,Monsoon,Odisha Coastal,20.27,85.84,9,216,Normal,30.0,83.4,1005.5,16.0,10.0,69.0,38.0,26.6,75.9,1006.1,1.9,11.4,3.4,14.1,3.4,1
2021-06-14,2021,6,14,Monsoon,Rajasthan (West),26.91,70.9,9,216,Normal,28.2,74.6,1007.9,12.9,17.5,352.0,34.0,27.2,73.2,1003.0,5.7,12.5,1.0,7.2,7.2,1
2021-06-14,2021,6,14,Monsoon,Maharashtra (Mumbai/Konkan),18.98,72.83,10,240,Normal,27.5,81.9,1007.0,0.0,15.7,91.0,73.0,27.2,82.5,1005.2,1.1,16.2,0.3,1.1,0.3,0
2021-06-14,2021,6,14,Monsoon,Gujarat Coastal,21.64,69.6,10,240,Normal,28.7,75.9,1001.9,15.4,16.3,289.0,62.0,32.2,78.1,1001.7,26.5,14.4,3.5,11.1,11.1,1
2021-06-21,2021,6,21,Monsoon,Kerala Coast,9.93,76.26,1,24,Normal,27.9,80.6,1009.0,5.0,8.2,211.0,37.0,28.2,83.4,1008.3,8.2,8.8,0.3,3.2,3.2,0
2021-06-21,2021,6,21,Monsoon,Maharashtra (Mumbai/Konkan),18.98,72.83,1,24,Normal,27.4,86.2,1005.9,5.3,13.5,31.0,79.0,28.0,86.5,1004.9,2.5,12.2,0.6,2.8,0.6,0
2021-06-21,2021,6,21,Monsoon,Gujarat Coastal,21.64,69.6,1,24,Normal,27.0,82.6,1006.5,14.2,12.7,54.0,56.0,27.9,85.7,1006.0,10.9,12.4,0.9,3.3,3.3,0
2021-06-21,2021,6,21,Monsoon,Odisha Coastal,20.27,85.84,2,48,Normal,30.7,75.3,1007.8,40.8,17.2,54.0,51.0,30.3,71.7,1007.5,27.7,16.5,0.4,13.1,13.1,0
2021-06-21,2021,6,21,Monsoon,West Bengal (Gangetic),22.57,88.36,3,72,Normal,28.6,76.7,1004.1,3.8,18.0,151.0,58.0,28.8,79.0,1003.8,5.8,16.6,0.2,2.0,2.0,0
2021-06-21,2021,6,21,Monsoon,Assam & Meghalaya,26.14,91.73,3,72,Normal,28.1,88.9,1008.7,8.7,14.5,70.0,14.0,27.0,85.2,1008.8,5.4,18.0,1.1,3.3,3.3,0
2021-06-21,2021,6,21,Monsoon,Maharashtra (Mumbai/Konkan),18.98,72.83,5,120,Normal,27.5,86.2,1006.8,4.1,12.2,31.0,36.0,28.0,85.5,1004.9,2.5,12.2,0.5,1.6,0.5,0
2021-06-21,2021,6,21,Monsoon,Himachal Pradesh,31.1,77.17,5,120,Normal,25.8,90.7,1002.3,2.2,12.1,290.0,85.0,28.4,89.7,1002.4,0.1,13.2,2.6,2.1,2.6,0
2021-06-21,2021,6,21,Monsoon,Rajasthan (West),26.91,70.9,6,144,Normal,29.5,78.0,1008.9,5.1,13.2,252.0,48.0,29.6,84.5,1007.7,3.8,14.4,0.1,1.3,0.1,0
2021-06-21,2021,6,21,Monsoon,Odisha Coastal,20.27,85.84,7,168,Normal,24.0,75.3,1007.0,0.0,22.0,322.0,82.0,30.3,81.4,1007.5,27.7,16.5,6.3,27.7,27.7,1
2021-06-21,2021,6,21,Monsoon,Gujarat Coastal,21.64,69.6,8,192,Normal,31.4,82.6,1005.5,8.5,15.0,196.0,69.0,27.9,84.6,1006.0,10.9,12.4,3.5,2.4,2.4,1
2021-06-21,2021,6,21,Monsoon,Himachal Pradesh,31.1,77.17,8,192,Normal,32.5,90.7,1002.8,0.0,12.9,345.0,68.0,28.4,93.3,1002.4,0.1,13.2,4.1,0.1,4.1,1
2021-06-21,2021,6,21,Monsoon,Kerala Coast,9.93,76.26,10,240,Normal,26.7,80.6,1010.2,9.8,9.2,117.0,67.0,28.2,84.2,1008.3,8.2,8.8,1.5,1.6,1.6,0
2021-06-21,2021,6,21,Monsoon,Rajasthan (West),26.91,70.9,10,240,Normal,32.4,78.0,1007.0,0.5,9.2,256.0,90.0,29.6,73.7,1007.7,3.8,14.4,2.8,3.3,2.8,0
2021-06-21,2021,6,21,Monsoon,West Bengal (Gangetic),22.57,88.36,10,240,Normal,28.8,76.7,1001.8,15.6,27.4,89.0,52.0,28.8,71.2,1003.8,5.8,16.6,0.0,9.8,9.8,1
2021-06-21,2021,6,21,Monsoon,Assam & Meghalaya,26.14,91.73,10,240,Normal,26.4,88.9,1010.8,13.3,17.6,7.0,73.0,27.0,83.4,1008.8,5.4,18.0,0.6,7.9,7.9,0
2021-06-28,2021,6,28,Monsoon,Kerala Coast,9.93,76.26,1,24,Normal,31.8,75.4,1002.7,5.6,16.6,38.0,93.0,31.6,78.0,1002.9,10.4,16.6,0.2,4.8,4.8,0
2021-06-28,2021,6,28,Monsoon,Himachal Pradesh,31.1,77.17,1,24,Normal,30.6,74.5,1003.7,9.4,8.3,278.0,86.0,29.1,75.2,1004.3,5.3,8.4,1.5,4.1,4.1,0
2021-06-28,2021,6,28,Monsoon,Assam & Meghalaya,26.14,91.73,1,24,Normal,27.2,79.3,1003.2,2.1,10.0,172.0,37.0,27.1,81.2,1002.9,0.1,9.9,0.1,2.0,0.1,0
2021-06-28,2021,6,28,Monsoon,Odisha Coastal,20.27,85.84,2,48,Normal,29.5,82.8,1003.5,7.9,17.8,49.0,29.0,30.3,88.3,1003.7,1.8,17.2,0.8,6.1,0.8,0
2021-06-28,2021,6,28,Monsoon,Gujarat Coastal,21.64,69.6,2,48,Normal,26.3,75.4,1005.8,4.9,13.8,140.0,43.0,28.2,74.1,1005.9,7.7,12.7,1.9,2.8,2.8,0
2021-06-28,2021,6,28,Monsoon,West Bengal (Gangetic),22.57,88.36,3,72,Normal,27.2,82.1,1003.6,40.3,11.5,81.0,45.0,28.5,83.6,1003.9,24.8,12.5,1.3,15.5,15.5,0
2021-06-28,2021,6,28,Monsoon,Maharashtra (Mumbai/Konkan),18.98,72.83,4,96,Normal,28.2,85.8,1002.9,0.0,16.3,206.0,93.0,28.0,88.5,1002.0,0.5,15.3,0.2,0.5,0.2,0
2021-06-28,2021,6,28,Monsoon,Gujarat Coastal,21.64,69.6,4,96,Normal,28.5,75.4,1005.5,9.4,11.1,217.0,41.0,28.2,72.8,1005.9,7.7,12.7,0.3,1.7,1.7,0
2021-06-28,2021,6,28,Monsoon,Assam & Meghalaya,26.14,91.73,4,96,Normal,27.0,79.3,1003.0,0.0,11.6,56.0,75.0,27.1,73.0,1002.9,0.1,9.9,0.1,0.1,0.1,0
2021-06-28,2021,6,28,Monsoon,Odisha Coastal,20.27,85.84,6,144,Normal,28.5,82.8,1003.4,10.7,17.9,250.0,66.0,30.3,80.0,1003.7,1.8,17.2,1.8,8.9,1.8,0
2021-06-28,2021,6,28,Monsoon,Kerala Coast,9.93,76.26,6,144,Normal,31.2,75.4,1001.9,6.9,14.3,303.0,62.0,31.6,75.1,1002.9,10.4,16.6,0.4,3.5,3.5,0
2021-06-28,2021,6,28,Monsoon,Rajasthan (West),26.91,70.9,8,192,Normal,25.6,73.7,999.9,9.3,17.3,118.0,12.0,28.4,72.8,1001.2,7.5,20.6,2.8,1.8,1.8,0
2021-06-28,2021,6,28,Monsoon,Maharashtra (Mumbai/Konkan),18.98,72.83,9,216,Normal,23.0,85.8,1000.7,0.0,15.6,279.0,94.0,28.0,88.3,1002.0,0.5,15.3,5.0,0.5,5.0,1
2021-06-28,2021,6,28,Monsoon,Himachal Pradesh,31.1,77.17,9,216,Normal,28.8,74.5,1003.4,1.5,5.2,243.0,73.0,29.1,72.8,1004.3,5.3,8.4,0.3,3.8,3.8,0
2021-06-28,2021,6,28,Monsoon,West Bengal (Gangetic),22.57,88.36,9,216,Normal,26.7,82.1,1002.6,52.4,11.3,226.0,15.0,28.5,80.1,1003.9,24.8,12.5,1.8,27.6,27.6,1
2021-06-28,2021,6,28,Monsoon,Rajasthan (West),26.91,70.9,10,240,Normal,29.0,73.7,999.3,3.9,21.6,29.0,32.0,28.4,76.1,1001.2,7.5,20.6,0.6,3.6,3.6,0
2021-07-05,2021,7,5,Monsoon,Himachal Pradesh,31.1,77.17,1,24,Active Monsoon,29.8,80.0,1002.1,1.3,19.5,355.0,70.0,29.8,81.2,1000.8,1.0,18.5,0.0,0.3,0.0,0
2021-07-05,2021,7,5,Monsoon,Kerala Coast,9.93,76.26,2,48,Active Monsoon,26.0,80.7,1008.7,1.7,20.0,182.0,43.0,26.8,84.7,1007.1,19.3,19.1,0.8,17.6,17.6,0
2021-07-05,2021,7,5,Monsoon,Gujarat Coastal,21.64,69.6,2,48,Active Monsoon,28.0,87.9,1008.3,4.8,11.5,151.0,59.0,26.7,84.2,1007.0,0.5,12.5,1.3,4.3,1.3,0
2021-07-05,2021,7,5,Monsoon,Rajasthan (West),26.91,70.9,2,48,Active Monsoon,30.2,80.9,1004.7,0.0,15.1,102.0,45.0,28.2,76.6,1003.7,1.3,15.3,2.0,1.3,2.0,0
2021-07-05,2021,7,5,Monsoon,Kerala Coast,9.93,76.26,3,72,Active Monsoon,25.5,80.7,1007.5,15.7,22.0,249.0,86.0,26.8,76.8,1007.1,19.3,19.1,1.3,3.6,3.6,0
2021-07-05,2021,7,5,Monsoon,Maharashtra (Mumbai/Konkan),18.98,72.83,3,72,Active Monsoon,27.6,81.1,1003.3,4.1,12.7,297.0,39.0,27.4,81.0,1003.8,8.4,14.4,0.2,4.3,4.3,0
2021-07-05,2021,7,5,Monsoon,West Bengal (Gangetic),22.57,88.36,3,72,Active Monsoon,27.8,84.8,1003.9,6.0,10.6,247.0,36.0,27.4,84.8,1004.6,7.1,12.2,0.4,1.1,1.1,0
2021-07-05,2021,7,5,Monsoon,Gujarat Coastal,21.64,69.6,4,96,Active Monsoon,27.4,87.9,1007.8,6.2,15.2,298.0,77.0,26.7,87.6,1007.0,0.5,12.5,0.7,5.7,0.7,0
2021-07-05,2021,7,5,Monsoon,Odisha Coastal,20.27,85.84,6,144,Active Monsoon,29.6,82.4,1007.9,11.1,12.4,241.0,62.0,29.6,87.8,1008.9,5.7,12.4,0.0,5.4,5.4,0
2021-07-05,2021,7,5,Monsoon,Assam & Meghalaya,26.14,91.73,6,144,Active Monsoon,31.0,78.6,1004.4,17.0,16.1,10.0,49.0,29.5,82.5,1005.5,18.6,11.5,1.5,1.6,1.6,0
2021-07-05,2021,7,5,Monsoon,Maharashtra (Mumbai/Konkan),18.98,72.83,7,168,Active Monsoon,25.7,81.1,1003.4,3.9,15.2,231.0,59.0,27.4,73.2,1003.8,8.4,14.4,1.7,4.5,4.5,0
2021-07-05,2021,7,5,Monsoon,Himachal Pradesh,31.1,77.17,7,168,Active Monsoon,29.8,80.0,1001.8,0.0,17.4,200.0,73.0,29.8,84.4,1000.8,1.0,18.5,0.0,1.0,0.0,0
2021-07-05,2021,7,5,Monsoon,Assam & Meghalaya,26.14,91.73,7,168,Active Monsoon,31.6,78.6,1005.7,45.7,9.0,37.0,25.0,29.5,84.5,1005.5,18.6,11.5,2.1,27.1,27.1,1
2021-07-05,2021,7,5,Monsoon,West Bengal (Gangetic),22.57,88.36,8,192,Active Monsoon,26.5,84.8,1004.6,1.8,17.0,85.0,52.0,27.4,82.9,1004.6,7.1,12.2,0.9,5.3,5.3,0
2021-07-05,2021,7,5,Monsoon,Odisha Coastal,20.27,85.84,10,240,Active Monsoon,31.0,82.4,1007.5,16.4,7.1,142.0,77.0,29.6,83.1,1008.9,5.7,12.4,1.4,10.7,10.7,0
2021-07-05,2021,7,5,Monsoon,Rajasthan (West),26.91,70.9,10,240,Active Monsoon,24.5,80.9,1001.1,0.1,11.9,135.0,51.0,28.2,83.7,1003.7,1.3,15.3,3.7,1.2,3.7,1
2021-07-12,2021,7,12,Monsoon,Rajasthan (West),26.91,70.9,1,24,Active Monsoon,27.7,80.3,1005.4,0.0,11.9,152.0,61.0,27.4,74.4,1005.6,0.3,12.0,0.3,0.3,0.3,0
2021-07-12,2021,7,12,Monsoon,Kerala Coast,9.93,76.26,3,72,Active Monsoon,25.6,75.7,1005.4,25.2,14.7,298.0,36.0,27.1,79.5,1005.3,8.0,15.2,1.5,17.2,17.2,0
2021-07-12,2021,7,12,Monsoon,Maharashtra (Mumbai/Konkan),18.98,72.83,3,72,Active Monsoon,26.1,86.7,1012.2,4.9,14.5,206.0,32.0,27.8,86.6,1013.1,0.2,14.0,1.7,4.7,1.7,0
2021-07-12,2021,7,12,Monsoon,Odisha Coastal,20.27,85.84,4,96,Active Monsoon,29.9,84.9,1000.4,10.2,9.1,142.0,38.0,30.7,74.8,1001.1,36.3,13.3,0.8,26.1,26.1,1
2021-07-12,2021,7,12,Monsoon,Gujarat Coastal,21.64,69.6,4,96,Active Monsoon,31.2,78.9,1006.9,0.0,15.4,105.0,64.0,30.6,74.5,1003.7,0.3,14.4,0.6,0.3,0.6,1
2021-07-12,2021,7,12,Monsoon,Himachal Pradesh,31.1,77.17,4,96,Active Monsoon,25.7,80.7,1002.2,6.4,9.5,226.0,93.0,26.7,69.0,1002.9,2.3,8.9,1.0,4.1,1.0,0
2021-07-12,2021,7,12,Monsoon,West Bengal (Gangetic),22.57,88.36,5,120,Active Monsoon,27.1,89.7,1005.6,0.0,12.2,20.0,37.0,28.4,88.8,1007.9,5.8,11.9,1.3,5.8,5.8,0
2021-07-12,2021,7,12,Monsoon,Kerala Coast,9.93,76.26,6,144,Active Monsoon,24.8,75.7,1005.9,25.6,17.4,320.0,79.0,27.1,80.0,1005.3,8.0,15.2,2.3,17.6,17.6,0
2021-07-12,2021,7,12,Monsoon,Himachal Pradesh,31.1,77.17,6,144,Active Monsoon,28.5,80.7,999.9,0.0,6.1,141.0,93.0,26.7,81.7,1002.9,2.3,8.9,1.8,2.3,1.8,0
2021-07-12,2021,7,12,Monsoon,Odisha Coastal,20.27,85.84,7,168,Active Monsoon,28.0,84.9,1000.7,0.0,5.1,336.0,76.0,30.7,83.1,1001.1,36.3,13.3,2.7,36.3,36.3,1
2021-07-12,2021,7,12,Monsoon,West Bengal (Gangetic),22.57,88.36,7,168,Active Monsoon,30.0,89.7,1012.7,4.7,12.3,231.0,46.0,28.4,85.8,1007.9,5.8,11.9,1.6,1.1,1.1,1
2021-07-12,2021,7,12,Monsoon,Assam & Meghalaya,26.14,91.73,8,192,Active Monsoon,33.1,86.4,1001.8,10.8,18.1,223.0,52.0,29.5,88.0,1003.4,10.0,15.1,3.6,0.8,0.8,1
2021-07-12,2021,7,12,Monsoon,Maharashtra (Mumbai/Konkan),18.98,72.83,9,216,Active Monsoon,23.8,86.7,1012.2,0.0,17.0,225.0,36.0,27.8,86.6,1013.1,0.2,14.0,4.0,0.2,4.0,1
2021-07-12,2021,7,12,Monsoon,Assam & Meghalaya,26.14,91.73,9,216,Active Monsoon,25.3,86.4,1005.5,12.2,11.5,331.0,34.0,29.5,88.2,1003.4,10.0,15.1,4.2,2.2,2.2,1
2021-07-12,2021,7,12,Monsoon,Gujarat Coastal,21.64,69.6,10,240,Active Monsoon,31.7,78.9,1004.6,6.6,8.2,322.0,19.0,30.6,73.9,1003.7,0.3,14.4,1.1,6.3,1.1,0
2021-07-12,2021,7,12,Monsoon,Rajasthan (West),26.91,70.9,10,240,Active Monsoon,28.0,80.3,1006.4,6.9,12.7,12.0,64.0,27.4,80.1,1005.6,0.3,12.0,0.6,6.6,0.6,0
2021-07-19,2021,7,19,Monsoon,Gujarat Coastal,21.64,69.6,1,24,Active Monsoon,29.0,85.1,1003.2,35.1,4.8,220.0,66.0,29.1,85.2,1002.4,42.1,6.1,0.1,7.0,7.0,0
2021-07-19,2021,7,19,Monsoon,West Bengal (Gangetic),22.57,88.36,1,24,Active Monsoon,27.3,71.5,1001.4,2.0,8.6,63.0,42.0,26.9,65.1,1002.5,4.4,8.5,0.4,2.4,0.4,0
2021-07-19,2021,7,19,Monsoon,Assam & Meghalaya,26.14,91.73,2,48,Active Monsoon,27.2,79.6,1003.4,0.3,13.3,134.0,84.0,28.3,77.5,1003.2,2.3,15.3,1.1,2.0,1.1,0
2021-07-19,2021,7,19,Monsoon,Kerala Coast,9.93,76.26,4,96,Active Monsoon,27.4,80.8,1007.2,1.5,15.2,84.0,23.0,27.9,74.9,1006.1,6.5,15.8,0.5,5.0,5.0,0
2021-07-19,2021,7,19,Monsoon,Gujarat Coastal,21.64,69.6,4,96,Active Monsoon,28.7,85.1,1003.7,39.0,7.9,68.0,78.0,29.1,92.8,1002.4,42.1,6.1,0.4,3.1,3.1,0
2021-07-19,2021,7,19,Monsoon,Rajasthan (West),26.91,70.9,4,96,Active Monsoon,20.6,77.5,1005.0,52.0,16.8,201.0,71.0,21.3,77.4,1005.0,36.5,16.7,0.7,15.5,15.5,0
2021-07-19,2021,7,19,Monsoon,Odisha Coastal,20.27,85.84,6,144,Active Monsoon,29.8,79.5,1005.4,32.1,20.7,72.0,38.0,30.5,77.4,1006.8,38.1,15.9,0.7,6.0,6.0,0
2021-07-19,2021,7,19,Monsoon,Himachal Pradesh,31.1,77.17,6,144,Active Monsoon,27.9,76.5,1001.0,0.0,12.3,48.0,49.0,28.8,80.5,1003.0,10.8,14.6,0.9,10.8,10.8,0
2021-07-19,2021,7,19,Monsoon,Assam & Meghalaya,26.14,91.73,6,144,Active Monsoon,29.8,79.6,1003.5,2.3,13.4,335.0,78.0,28.3,79.7,1003.2,2.3,15.3,1.5,0.0,1.5,0
2021-07-19,2021,7,19,Monsoon,Kerala Coast,9.93,76.26,8,192,Active Monsoon,29.1,80.8,1004.0,0.4,15.9,178.0,89.0,27.9,81.0,1006.1,6.5,15.8,1.2,6.1,6.1,0
2021-07-19,2021,7,19,Monsoon,Odisha Coastal,20.27,85.84,9,216,Active Monsoon,29.6,79.5,1009.5,45.2,14.5,80.0,50.0,30.5,75.2,1006.8,38.1,15.9,0.9,7.1,7.1,0
2021-07-19,2021,7,19,Monsoon,Maharashtra (Mumbai/Konkan),18.98,72.83,9,216,Active Monsoon,27.3,83.9,1002.8,8.7,20.4,60.0,75.0,26.5,88.6,1001.0,7.8,15.9,0.8,0.9,0.9,0
2021-07-19,2021,7,19,Monsoon,Maharashtra (Mumbai/Konkan),18.98,72.83,10,240,Active Monsoon,28.4,83.9,1001.3,9.9,20.3,281.0,44.0,26.5,84.8,1001.0,7.8,15.9,1.9,2.1,2.1,0
2021-07-19,2021,7,19,Monsoon,Rajasthan (West),26.91,70.9,10,240,Active Monsoon,21.4,77.5,1007.6,61.7,17.1,157.0,43.0,21.3,73.5,1005.0,36.5,16.7,0.1,25.2,25.2,1
2021-07-19,2021,7,19,Monsoon,Himachal Pradesh,31.1,77.17,10,240,Active Monsoon,28.9,76.5,1000.5,22.9,10.2,192.0,54.0,28.8,72.3,1003.0,10.8,14.6,0.1,12.1,12.1,0
2021-07-19,2021,7,19,Monsoon,West Bengal (Gangetic),22.57,88.36,10,240,Active Monsoon,22.4,71.5,1001.9,16.7,4.0,285.0,34.0,26.9,78.3,1002.5,4.4,8.5,4.5,12.3,4.5,1
2021-07-26,2021,7,26,Monsoon,West Bengal (Gangetic),22.57,88.36,1,24,Active Monsoon,25.8,91.3,1008.1,11.8,12.8,320.0,75.0,27.2,93.9,1007.5,7.9,13.1,1.4,3.9,3.9,0
2021-07-26,2021,7,26,Monsoon,Odisha Coastal,20.27,85.84,2,48,Active Monsoon,29.6,75.7,1005.0,15.8,9.9,158.0,31.0,28.9,74.8,1004.4,23.6,11.0,0.7,7.8,7.8,0
2021-07-26,2021,7,26,Monsoon,Assam & Meghalaya,26.14,91.73,2,48,Active Monsoon,29.8,79.8,1004.2,5.4,12.6,268.0,16.0,31.2,81.7,1003.2,9.4,13.0,1.4,4.0,4.0,0
2021-07-26,2021,7,26,Monsoon,Maharashtra (Mumbai/Konkan),18.98,72.83,3,72,Active Monsoon,29.6,85.8,1000.8,2.5,12.3,26.0,42.0,28.4,86.0,1001.8,0.1,14.1,1.2,2.4,1.2,0
2021-07-26,2021,7,26,Monsoon,Gujarat Coastal,21.64,69.6,3,72,Active Monsoon,28.9,88.5,1007.6,1.1,15.1,351.0,49.0,28.0,85.1,1008.6,1.0,14.4,0.9,0.1,0.9,0
2021-07-26,2021,7,26,Monsoon,Himachal Pradesh,31.1,77.17,3,72,Active Monsoon,24.4,75.3,1007.3,2.5,13.1,177.0,27.0,26.4,71.3,1006.6,8.7,13.3,2.0,6.2,6.2,0
2021-07-26,2021,7,26,Monsoon,Assam & Meghalaya,26.14,91.73,3,72,Active Monsoon,30.2,79.8,1003.4,16.3,16.2,27.0,46.0,31.2,74.9,1003.2,9.4,13.0,1.0,6.9,6.9,0
2021-07-26,2021,7,26,Monsoon,Kerala Coast,9.93,76.26,4,96,Active Monsoon,30.5,75.4,1003.6,47.4,9.0,154.0,35.0,28.7,73.2,1002.8,48.1,9.8,1.8,0.7,0.7,0
2021-07-26,2021,7,26,Monsoon,Odisha Coastal,20.27,85.84,7,168,Active Monsoon,27.2,75.7,1004.8,0.0,9.8,78.0,58.0,28.9,78.8,1004.4,23.6,11.0,1.7,23.6,23.6,1
2021-07-26,2021,7,26,Monsoon,Kerala Coast,9.93,76.26,7,168,Active Monsoon,30.4,75.4,1001.4,137.9,9.6,202.0,86.0,28.7,73.1,1002.8,48.1,9.8,1.7,89.8,89.8,1
2021-07-26,2021,7,26,Monsoon,Gujarat Coastal,21.64,69.6,7,168,Active Monsoon,31.6,88.5,1010.2,1.1,17.2,312.0,81.0,28.0,91.0,1008.6,1.0,14.4,3.6,0.1,3.6,1
2021-07-26,2021,7,26,Monsoon,Rajasthan (West),26.91,70.9,7,168,Active Monsoon,23.4,90.4,1002.5,0.0,8.6,294.0,58.0,26.3,87.1,1004.3,2.8,16.0,2.9,2.8,2.9,1
2021-07-26,2021,7,26,Monsoon,Maharashtra (Mumbai/Konkan),18.98,72.83,8,192,Active Monsoon,30.2,85.8,999.5,9.6,16.0,301.0,81.0,28.4,84.5,1001.8,0.1,14.1,1.8,9.5,1.8,0
2021-07-26,2021,7,26,Monsoon,Himachal Pradesh,31.1,77.17,9,216,Active Monsoon,24.5,75.3,1003.2,0.6,9.7,81.0,49.0,26.4,77.0,1006.6,8.7,13.3,1.9,8.1,8.1,1
2021-07-26,2021,7,26,Monsoon,Rajasthan (West),26.91,70.9,10,240,Active Monsoon,25.3,90.4,1003.6,8.1,9.7,26.0,63.0,26.3,87.4,1004.3,2.8,16.0,1.0,5.3,1.0,0
2021-07-26,2021,7,26,Monsoon,West Bengal (Gangetic),22.57,88.36,10,240,Active Monsoon,27.2,91.3,1008.8,12.4,15.4,289.0,82.0,27.2,99.4,1007.5,7.9,13.1,0.0,4.5,4.5,0
2021-08-02,2021,8,2,Monsoon,Maharashtra (Mumbai/Konkan),18.98,72.83,1,24,Active Monsoon,28.3,87.1,1004.2,4.1,17.0,80.0,53.0,27.8,87.0,1004.3,1.6,18.7,0.5,2.5,0.5,0
2021-08-02,2021,8,2,Monsoon,Himachal Pradesh,31.1,77.17,1,24,Active Monsoon,27.4,83.3,1002.3,3.6,10.8,76.0,84.0,28.1,83.4,1002.2,9.6,11.0,0.7,6.0,6.0,0
2021-08-02,2021,8,2,Monsoon,Odisha Coastal,20.27,85.84,2,48,Active Monsoon,26.2,74.8,1004.4,5.8,18.6,59.0,19.0,27.3,76.0,1003.7,2.2,15.9,1.1,3.6,1.1,0
2021-08-02,2021,8,2,Monsoon,Rajasthan (West),26.91,70.9,2,48,Active Monsoon,29.3,79.8,1003.0,0.0,15.5,320.0,72.0,28.7,81.3,1002.2,1.6,14.0,0.6,1.6,0.6,0
2021-08-02,2021,8,2,Monsoon,Odisha Coastal,20.27,85.84,4,96,Active Monsoon,28.7,74.8,1004.2,0.0,13.7,284.0,79.0,27.3,76.6,1003.7,2.2,15.9,1.4,2.2,1.4,0
2021-08-02,2021,8,2,Monsoon,Kerala Coast,9.93,76.26,4,96,Active Monsoon,30.7,88.9,1001.8,24.6,17.1,303.0,33.0,29.0,86.4,1002.4,16.1,15.7,1.7,8.5,8.5,0
2021-08-02,2021,8,2,Monsoon,Himachal Pradesh,31.1,77.17,5,120,Active Monsoon,26.2,83.3,999.2,20.8,6.7,130.0,14.0,28.1,83.5,1002.2,9.6,11.0,1.9,11.2,11.2,0
2021-08-02,2021,8,2,Monsoon,West Bengal (Gangetic),22.57,88.36,5,120,Active Monsoon,26.0,83.1,1006.5,26.9,17.7,278.0,86.0,28.6,84.7,1006.7,14.1,14.0,2.6,12.8,12.8,0
2021-08-02,2021,8,2,Monsoon,Maharashtra (Mumbai/Konkan),18.98,72.83,6,144,Active Monsoon,29.0,87.1,1003.2,7.3,17.1,161.0,16.0,27.8,84.3,1004.3,1.6,18.7,1.2,5.7,1.2,0
2021-08-02,2021,8,2,Monsoon,Gujarat Coastal,21.64,69.6,6,144,Active Monsoon,27.5,87.1,996.9,1.3,7.2,180.0,90.0,27.2,84.9,998.0,0.8,12.0,0.3,0.5,0.3,0
2021-08-02,2021,8,2,Monsoon,Rajasthan (West),26.91,70.9,6,144,Active Monsoon,28.2,79.8,1003.2,0.0,14.1,86.0,60.0,28.7,79.6,1002.2,1.6,14.0,0.5,1.6,0.5,0
2021-08-02,2021,8,2,Monsoon,West Bengal (Gangetic),22.57,88.36,6,144,Active Monsoon,27.7,83.1,1007.0,14.8,14.4,305.0,12.0,28.6,80.1,1006.7,14.1,14.0,0.9,0.7,0.7,0
2021-08-02,2021,8,2,Monsoon,Gujarat Coastal,21.64,69.6,7,168,Active Monsoon,27.4,87.1,999.1,0.0,9.3,241.0,40.0,27.2,91.9,998.0,0.8,12.0,0.2,0.8,0.2,0
2021-08-02,2021,8,2,Monsoon,Assam & Meghalaya,26.14,91.73,7,168,Active Monsoon,26.3,88.4,1006.4,14.3,21.7,284.0,82.0,29.4,86.9,1004.0,8.8,18.3,3.1,5.5,5.5,1
2021-08-02,2021,8,2,Monsoon,Assam & Meghalaya,26.14,91.73,8,192,Active Monsoon,29.9,88.4,1005.4,12.3,22.8,305.0,30.0,29.4,83.1,1004.0,8.8,18.3,0.5,3.5,3.5,0
2021-08-02,2021,8,2,Monsoon,Kerala Coast,9.93,76.26,10,240,Active Monsoon,30.5,88.9,1003.8,5.0,17.3,131.0,10.0,29.0,89.8,1002.4,16.1,15.7,1.5,11.1,11.1,0
2021-08-09,2021,8,9,Monsoon,Rajasthan (West),26.91,70.9,1,24,Active Monsoon,31.2,87.0,1005.4,2.4,18.9,252.0,46.0,30.2,92.0,1004.0,3.9,18.2,1.0,1.5,1.0,0
2021-08-09,2021,8,9,Monsoon,West Bengal (Gangetic),22.57,88.36,1,24,Active Monsoon,27.7,82.6,1001.8,3.6,11.9,163.0,71.0,27.6,85.8,1001.6,8.4,11.1,0.1,4.8,4.8,0
2021-08-09,2021,8,9,Monsoon,Assam & Meghalaya,26.14,91.73,1,24,Active Monsoon,28.8,80.6,1007.7,19.7,6.7,221.0,18.0,28.0,85.8,1007.0,17.0,9.3,0.8,2.7,2.7,0
2021-08-09,2021,8,9,Monsoon,Gujarat Coastal,21.64,69.6,2,48,Active Monsoon,30.8,91.0,1001.2,22.0,13.6,319.0,17.0,29.9,83.9,1003.5,17.7,15.1,0.9,4.3,4.3,0
2021-08-09,2021,8,9,Monsoon,West Bengal (Gangetic),22.57,88.36,2,48,Active Monsoon,27.3,82.6,1002.4,0.0,11.9,34.0,25.0,27.6,89.8,1001.6,8.4,11.1,0.3,8.4,8.4,0
2021-08-09,2021,8,9,Monsoon,Himachal Pradesh,31.1,77.17,4,96,Active Monsoon,28.4,85.4,1002.9,4.4,10.2,214.0,93.0,27.4,83.5,1002.5,4.3,11.9,1.0,0.1,1.0,0
2021-08-09,2021,8,9,Monsoon,Kerala Coast,9.93,76.26,5,120,Active Monsoon,26.2,73.1,999.1,15.7,4.9,240.0,84.0,26.9,70.9,1000.5,10.6,8.1,0.7,5.1,5.1,0
2021-08-09,2021,8,9,Monsoon,Maharashtra (Mumbai/Konkan),18.98,72.83,6,144,Active Monsoon,32.0,85.5,998.4,26.4,20.2,312.0,31.0,30.5,84.8,1000.6,46.9,21.5,1.5,20.5,20.5,1
2021-08-09,2021,8,9,Monsoon,Gujarat Coastal,21.64,69.6,7,168,Active Monsoon,30.3,91.0,1004.6,0.3,16.3,308.0,58.0,29.9,93.5,1003.5,17.7,15.1,0.4,17.4,17.4,0
2021-08-09,2021,8,9,Monsoon,Kerala Coast,9.93,76.26,8,192,Active Monsoon,30.2,73.1,1003.9,25.0,5.3,343.0,30.0,26.9,74.8,1000.5,10.6,8.1,3.3,14.4,14.4,1
2021-08-09,2021,8,9,Monsoon,Assam & Meghalaya,26.14,91.73,8,192,Active Monsoon,27.6,80.6,1008.0,18.8,4.1,140.0,56.0,28.0,78.5,1007.0,17.0,9.3,0.4,1.8,1.8,0
2021-08-09,2021,8,9,Monsoon,Odisha Coastal,20.27,85.84,9,216,Active Monsoon,26.5,82.7,1003.0,7.3,5.4,237.0,13.0,28.0,83.6,1004.2,5.0,11.9,1.5,2.3,1.5,0
2021-08-09,2021,8,9,Monsoon,Maharashtra (Mumbai/Konkan),18.98,72.83,9,216,Active Monsoon,30.4,85.5,999.4,76.1,23.4,268.0,90.0,30.5,86.8,1000.6,46.9,21.5,0.1,29.2,29.2,1
2021-08-09,2021,8,9,Monsoon,Odisha Coastal,20.27,85.84,10,240,Active Monsoon,30.5,82.7,1000.9,0.0,13.0,299.0,38.0,28.0,81.9,1004.2,5.0,11.9,2.5,5.0,2.5,1
2021-08-09,2021,8,9,Monsoon,Rajasthan (West),26.91,70.9,10,240,Active Monsoon,27.7,87.0,1003.1,0.0,20.3,34.0,35.0,30.2,90.8,1004.0,3.9,18.2,2.5,3.9,2.5,0
2021-08-09,2021,8,9,Monsoon,Himachal Pradesh,31.1,77.17,10,240,Active Monsoon,26.2,85.4,1001.9,5.9,3.1,358.0,49.0,27.4,87.5,1002.5,4.3,11.9,1.2,1.6,1.2,1
2021-08-16,2021,8,16,Monsoon,Maharashtra (Mumbai/Konkan),18.98,72.83,1,24,Active Monsoon,27.0,78.5,999.7,7.7,18.3,41.0,38.0,27.3,81.0,1000.1,11.8,19.9,0.3,4.1,4.1,0
2021-08-16,2021,8,16,Monsoon,West Bengal (Gangetic),22.57,88.36,1,24,Active Monsoon,29.9,94.6,1000.3,3.6,15.8,318.0,47.0,29.0,89.1,999.6,2.2,17.0,0.9,1.4,0.9,0
2021-08-16,2021,8,16,Monsoon,Assam & Meghalaya,26.14,91.73,2,48,Active Monsoon,27.0,80.6,995.5,0.0,15.1,84.0,73.0,27.3,73.4,994.1,3.8,12.5,0.3,3.8,0.3,0
2021-08-16,2021,8,16,Monsoon,Gujarat Coastal,21.64,69.6,3,72,Active Monsoon,26.5,85.6,1004.9,3.4,14.7,1.0,43.0,28.7,84.7,1004.0,1.5,13.6,2.2,1.9,2.2,0
2021-08-16,2021,8,16,Monsoon,West Bengal (Gangetic),22.57,88.36,3,72,Active Monsoon,31.2,94.6,999.7,0.0,15.6,104.0,80.0,29.0,96.5,999.6,2.2,17.0,2.2,2.2,2.2,0
2021-08-16,2021,8,16,Monsoon,Odisha Coastal,20.27,85.84,4,96,Active Monsoon,28.0,80.0,1004.6,4.7,13.3,29.0,38.0,26.7,79.0,1004.4,3.3,10.5,1.3,1.4,1.3,0
2021-08-16,2021,8,16,Monsoon,Maharashtra (Mumbai/Konkan),18.98,72.83,4,96,Active Monsoon,28.6,78.5,999.9,12.7,18.3,21.0,18.0,27.3,78.7,1000.1,11.8,19.9,1.3,0.9,0.9,0
2021-08-16,2021,8,16,Monsoon,Himachal Pradesh,31.1,77.17,4,96,Active Monsoon,29.2,83.4,1009.6,10.7,17.5,85.0,18.0,26.9,79.5,1008.6,12.1,13.7,2.3,1.4,1.4,0
2021-08-16,2021,8,16,Monsoon,Odisha Coastal,20.27,85.84,5,120,Active Monsoon,27.7,80.0,1003.3,0.0,9.1,250.0,58.0,26.7,75.3,1004.4,3.3,10.5,1.0,3.3,1.0,0
2021-08-16,2021,8,16,Monsoon,Rajasthan (West),26.91,70.9,5,120,Active Monsoon,28.6,79.6,1005.6,1.0,8.8,72.0,25.0,27.7,79.5,1005.6,0.1,11.0,0.9,0.9,0.9,0
2021-08-16,2021,8,16,Monsoon,Kerala Coast,9.93,76.26,7,168,Active Monsoon,27.9,83.4,1008.3,65.7,17.9,339.0,28.0,26.0,90.5,1007.3,43.8,18.3,1.9,21.9,21.9,1
2021-08-16,2021,8,16,Monsoon,Gujarat Coastal,21.64,69.6,7,168,Active Monsoon,28.4,85.6,1003.4,0.0,11.5,84.0,25.0,28.7,85.5,1004.0,1.5,13.6,0.3,1.5,0.3,0
2021-08-16,2021,8,16,Monsoon,Kerala Coast,9.93,76.26,9,216,Active Monsoon,26.1,83.4,1008.6,141.6,22.5,185.0,44.0,26.0,86.7,1007.3,43.8,18.3,0.1,97.8,97.8,1
2021-08-16,2021,8,16,Monsoon,Rajasthan (West),26.91,70.9,9,216,Active Monsoon,28.8,79.6,1007.9,4.0,8.7,259.0,63.0,27.7,85.9,1005.6,0.1,11.0,1.1,3.9,1.1,0
2021-08-16,2021,8,16,Monsoon,Himachal Pradesh,31.1,77.17,10,240,Active Monsoon,26.2,83.4,1012.9,21.2,20.5,109.0,20.0,26.9,82.8,1008.6,12.1,13.7,0.7,9.1,9.1,1
2021-08-16,2021,8,16,Monsoon,Assam & Meghalaya,26.14,91.73,10,240,Active Monsoon,27.5,80.6,994.1,27.2,9.5,156.0,13.0,27.3,84.5,994.1,3.8,12.5,0.2,23.4,0.2,1
2021-08-23,2021,8,23,Monsoon,Maharashtra (Mumbai/Konkan),18.98,72.83,1,24,Active Monsoon,25.0,74.6,1000.1,0.0,15.6,162.0,68.0,25.9,76.7,1000.6,1.1,15.1,0.9,1.1,0.9,0
2021-08-23,2021,8,23,Monsoon,West Bengal (Gangetic),22.57,88.36,1,24,Active Monsoon,28.8,81.6,1002.2,13.0,19.4,169.0,71.0,29.0,78.6,1002.4,18.5,17.2,0.2,5.5,5.5,0
2021-08-23,2021,8,23,Monsoon,Maharashtra (Mumbai/Konkan),18.98,72.83,2,48,Active Monsoon,26.6,74.6,999.5,5.9,14.4,312.0,44.0,25.9,76.4,1000.6,1.1,15.1,0.7,4.8,0.7,0
2021-08-23,2021,8,23,Monsoon,Himachal Pradesh,31.1,77.17,2,48,Active Monsoon,27.6,80.5,999.9,0.0,11.1,315.0,11.0,27.8,87.6,998.7,0.8,11.8,0.2,0.8,0.2,0
2021-08-23,2021,8,23,Monsoon,West Bengal (Gangetic),22.57,88.36,2,48,Active Monsoon,28.9,81.6,1003.9,26.6,16.1,16.0,57.0,29.0,80.2,1002.4,18.5,17.2,0.1,8.1,8.1,0
2021-08-23,2021,8,23,Monsoon,Rajasthan (West),26.91,70.9,3,72,Active Monsoon,28.5,80.1,1008.1,9.2,18.6,274.0,78.0,28.6,79.6,1008.2,2.6,18.8,0.1,6.6,0.1,0
2021-08-23,2021,8,23,Monsoon,Himachal Pradesh,31.1,77.17,3,72,Active Monsoon,27.4,80.5,998.6,0.0,14.3,90.0,50.0,27.8,74.3,998.7,0.8,11.8,0.4,0.8,0.4,0
2021-08-23,2021,8,23,Monsoon,Odisha Coastal,20.27,85.84,4,96,Active Monsoon,22.0,78.5,1003.0,3.7,14.6,233.0,17.0,24.8,76.3,1001.5,5.6,15.6,2.8,1.9,1.9,0
2021-08-23,2021,8,23,Monsoon,Assam & Meghalaya,26.14,91.73,4,96,Active Monsoon,26.4,78.0,1005.6,2.8,8.9,66.0,66.0,27.2,78.1,1006.8,3.4,13.2,0.8,0.6,0.8,0
2021-08-23,2021,8,23,Monsoon,Gujarat Coastal,21.64,69.6,6,144,Active Monsoon,25.9,81.5,1003.2,1.5,9.9,219.0,30.0,26.9,76.5,1002.4,11.9,13.7,1.0,10.4,10.4,0
2021-08-23,2021,8,23,Monsoon,Assam & Meghalaya,26.14,91.73,6,144,Active Monsoon,25.3,78.0,1004.6,10.0,16.2,95.0,46.0,27.2,81.6,1006.8,3.4,13.2,1.9,6.6,1.9,0
2021-08-23,2021,8,23,Monsoon,Kerala Coast,9.93,76.26,7,168,Active Monsoon,29.5,70.5,999.1,12.2,14.7,101.0,14.0,27.5,68.2,1000.3,12.6,15.0,2.0,0.4,0.4,0
2021-08-23,2021,8,23,Monsoon,Gujarat Coastal,21.64,69.6,7,168,Active Monsoon,25.3,81.5,1004.2,14.4,14.1,77.0,31.0,26.9,82.2,1002.4,11.9,13.7,1.6,2.5,2.5,0
2021-08-23,2021,8,23,Monsoon,Rajasthan (West),26.91,70.9,7,168,Active Monsoon,26.5,80.1,1006.6,13.9,19.3,223.0,91.0,28.6,82.7,1008.2,2.6,18.8,2.1,11.3,2.1,0
2021-08-23,2021,8,23,Monsoon,Odisha Coastal,20.27,85.84,8,192,Active Monsoon,26.0,78.5,1002.1,18.3,21.9,92.0,10.0,24.8,78.8,1001.5,5.6,15.6,1.2,12.7,12.7,0
2021-08-23,2021,8,23,Monsoon,Kerala Coast,9.93,76.26,9,216,Active Monsoon,29.7,70.5,1000.4,33.5,22.1,217.0,82.0,27.5,73.3,1000.3,12.6,15.0,2.2,20.9,20.9,1
2021-08-30,2021,8,30,Monsoon,Rajasthan (West),26.91,70.9,1,24,Active Monsoon,29.3,85.2,998.2,14.1,11.8,359.0,40.0,28.8,89.2,998.1,9.4,12.6,0.5,4.7,4.7,0
2021-08-30,2021,8,30,Monsoon,West Bengal (Gangetic),22.57,88.36,1,24,Active Monsoon,29.0,79.6,1002.5,10.7,16.7,331.0,53.0,30.3,78.8,1002.2,13.5,17.1,1.3,2.8,2.8,0
2021-08-30,2021,8,30,Monsoon,Assam & Meghalaya,26.14,91.73,1,24,Active Monsoon,26.3,78.1,1001.9,0.0,17.6,43.0,62.0,26.3,82.6,1002.4,0.8,17.7,0.0,0.8,0.0,0
2021-08-30,2021,8,30,Monsoon,Odisha Coastal,20.27,85.84,2,48,Active Monsoon,27.2,76.4,1006.4,14.6,10.2,135.0,50.0,28.0,72.5,1006.8,24.1,13.1,0.8,9.5,9.5,0
2021-08-30,2021,8,30,Monsoon,Kerala Coast,9.93,76.26,3,72,Active Monsoon,30.8,78.6,1001.2,8.9,14.9,287.0,85.0,30.0,85.7,1000.8,9.1,14.6,0.8,0.2,0.2,0
2021-08-30,2021,8,30,Monsoon,Maharashtra (Mumbai/Konkan),18.98,72.83,4,96,Active Monsoon,28.6,84.6,994.7,17.3,16.0,76.0,84.0,29.4,87.9,996.9,11.1,13.0,0.8,6.2,6.2,0
2021-08-30,2021,8,30,Monsoon,Gujarat Coastal,21.64,69.6,4,96,Active Monsoon,27.6,82.8,1008.6,12.4,18.0,77.0,33.0,27.3,79.1,1008.7,13.1,13.9,0.3,0.7,0.7,0
2021-08-30,2021,8,30,Monsoon,Himachal Pradesh,31.1,77.17,4,96,Active Monsoon,25.8,90.7,1006.8,7.8,17.0,47.0,94.0,24.8,82.3,1007.2,3.3,14.5,1.0,4.5,1.0,0
2021-08-30,2021,8,30,Monsoon,Kerala Coast,9.93,76.26,6,144,Active Monsoon,25.5,78.6,998.9,0.0,18.5,359.0,77.0,30.0,78.6,1000.8,9.1,14.6,4.5,9.1,9.1,1
2021-08-30,2021,8,30,Monsoon,Himachal Pradesh,31.1,77.17,6,144,Active Monsoon,24.5,90.7,1006.8,1.1,15.7,274.0,11.0,24.8,88.6,1007.2,3.3,14.5,0.3,2.2,0.3,0
2021-08-30,2021,8,30,Monsoon,West Bengal (Gangetic),22.57,88.36,6,144,Active Monsoon,28.8,79.6,1001.2,5.3,15.0,137.0,56.0,30.3,83.4,1002.2,13.5,17.1,1.5,8.2,8.2,0
2021-08-30,2021,8,30,Monsoon,Maharashtra (Mumbai/Konkan),18.98,72.83,7,168,Active Monsoon,31.7,84.6,995.5,10.9,15.5,248.0,13.0,29.4,83.7,996.9,11.1,13.0,2.3,0.2,0.2,0
2021-08-30,2021,8,30,Monsoon,Gujarat Coastal,21.64,69.6,7,168,Active Monsoon,29.5,82.8,1009.2,0.0,14.8,58.0,75.0,27.3,83.3,1008.7,13.1,13.9,2.2,13.1,13.1,0
2021-08-30,2021,8,30,Monsoon,Assam & Meghalaya,26.14,91.73,8,192,Active Monsoon,24.6,78.1,1004.9,3.5,17.5,295.0,31.0,26.3,76.5,1002.4,0.8,17.7,1.7,2.7,1.7,0
2021-08-30,2021,8,30,Monsoon,Odisha Coastal,20.27,85.84,10,240,Active Monsoon,31.6,76.4,1005.3,49.0,8.0,316.0,32.0,28.0,75.7,1006.8,24.1,13.1,3.6,24.9,24.9,1
2021-08-30,2021,8,30,Monsoon,Rajasthan (West),26.91,70.9,10,240,Active Monsoon,30.1,85.2,1000.3,6.5,5.9,225.0,12.0,28.8,83.5,998.1,9.4,12.6,1.3,2.9,2.9,0
2021-09-06,2021,9,6,Monsoon,Rajasthan (West),26.91,70.9,1,24,Normal,30.3,75.1,1004.6,1.2,9.8,264.0,36.0,29.5,77.1,1004.7,0.5,11.7,0.8,0.7,0.8,0
2021-09-06,2021,9,6,Monsoon,Assam & Meghalaya,26.14,91.73,1,24,Normal,27.3,88.2,1002.9,4.0,14.7,306.0,57.0,28.2,92.9,1002.6,9.1,15.1,0.9,5.1,5.1,0
2021-09-06,2021,9,6,Monsoon,Odisha Coastal,20.27,85.84,2,48,Normal,30.6,71.4,1001.5,0.0,8.8,55.0,35.0,29.7,65.0,1000.9,0.4,10.6,0.9,0.4,0.9,0
2021-09-06,2021,9,6,Monsoon,Kerala Coast,9.93,76.26,2,48,Normal,26.9,69.8,1004.4,66.1,19.6,40.0,44.0,26.8,61.5,1005.4,44.7,16.9,0.1,21.4,21.4,1
2021-09-06,2021,9,6,Monsoon,Assam & Meghalaya,26.14,91.73,2,48,Normal,28.5,88.2,1004.1,11.2,13.9,188.0,86.0,28.2,86.2,1002.6,9.1,15.1,0.3,2.1,2.1,0
2021-09-06,2021,9,6,Monsoon,Maharashtra (Mumbai/Konkan),18.98,72.83,4,96,Normal,27.0,87.0,1008.3,6.2,12.1,88.0,54.0,28.6,86.9,1008.4,3.2,12.5,1.6,3.0,1.6,0
2021-09-06,2021,9,6,Monsoon,Rajasthan (West),26.91,70.9,4,96,Normal,29.6,75.1,1004.8,0.0,11.8,337.0,44.0,29.5,80.9,1004.7,0.5,11.7,0.1,0.5,0.1,0
2021-09-06,2021,9,6,Monsoon,Himachal Pradesh,31.1,77.17,4,96,Normal,26.7,78.2,1003.7,9.2,17.1,304.0,32.0,26.5,80.4,1002.6,4.4,18.2,0.2,4.8,0.2,0
2021-09-06,2021,9,6,Monsoon,Gujarat Coastal,21.64,69.6,5,120,Normal,23.1,62.1,1007.8,7.6,13.2,208.0,72.0,24.9,52.7,1005.8,5.1,13.4,1.8,2.5,2.5,0
2021-09-06,2021,9,6,Monsoon,Himachal Pradesh,31.1,77.17,5,120,Normal,28.6,78.2,1001.3,0.0,12.5,62.0,19.0,26.5,75.3,1002.6,4.4,18.2,2.1,4.4,2.1,0
2021-09-06,2021,9,6,Monsoon,Gujarat Coastal,21.64,69.6,6,144,Normal,23.1,62.1,1004.0,1.5,11.1,283.0,28.0,24.9,68.9,1005.8,5.1,13.4,1.8,3.6,3.6,0
2021-09-06,2021,9,6,Monsoon,West Bengal (Gangetic),22.57,88.36,6,144,Normal,30.0,84.8,999.9,7.5,15.3,55.0,49.0,29.8,79.6,1002.1,10.2,11.8,0.2,2.7,2.7,0
2021-09-06,2021,9,6,Monsoon,Kerala Coast,9.93,76.26,7,168,Normal,27.1,69.8,1005.8,43.9,8.9,21.0,15.0,26.8,76.2,1005.4,44.7,16.9,0.3,0.8,0.8,1
2021-09-06,2021,9,6,Monsoon,West Bengal (Gangetic),22.57,88.36,7,168,Normal,35.0,84.8,1000.8,4.8,10.9,102.0,78.0,29.8,79.6,1002.1,10.2,11.8,5.2,5.4,5.4,1
2021-09-06,2021,9,6,Monsoon,Odisha Coastal,20.27,85.84,10,240,Normal,30.6,71.4,1002.3,0.0,13.0,71.0,61.0,29.7,71.4,1000.9,0.4,10.6,0.9,0.4,0.9,0
2021-09-06,2021,9,6,Monsoon,Maharashtra (Mumbai/Konkan),18.98,72.83,10,240,Normal,35.4,87.0,1010.3,5.1,15.6,160.0,52.0,28.6,83.8,1008.4,3.2,12.5,6.8,1.9,6.8,1
2021-09-13,2021,9,13,Monsoon,Rajasthan (West),26.91,70.9,1,24,Normal,32.8,82.0,1005.1,0.0,13.2,142.0,38.0,32.3,79.7,1005.0,0.4,11.2,0.5,0.4,0.5,0
2021-09-13,2021,9,13,Monsoon,Himachal Pradesh,31.1,77.17,1,24,Normal,27.0,86.6,1005.1,12.8,9.1,277.0,61.0,27.4,90.6,1004.7,12.5,9.4,0.4,0.3,0.3,0
2021-09-13,2021,9,13,Monsoon,West Bengal (Gangetic),22.57,88.36,1,24,Normal,28.3,79.2,1000.7,5.4,14.9,91.0,16.0,26.7,83.7,1001.1,11.2,15.0,1.6,5.8,5.8,0
2021-09-13,2021,9,13,Monsoon,Kerala Coast,9.93,76.26,2,48,Normal,30.3,80.8,1001.5,13.4,9.5,167.0,16.0,28.7,79.4,1001.8,4.8,10.1,1.6,8.6,1.6,0
2021-09-13,2021,9,13,Monsoon,Himachal Pradesh,31.1,77.17,3,72,Normal,27.8,86.6,1005.1,20.4,10.5,222.0,25.0,27.4,84.9,1004.7,12.5,9.4,0.4,7.9,7.9,0
2021-09-13,2021,9,13,Monsoon,Maharashtra (Mumbai/Konkan),18.98,72.83,4,96,Normal,32.3,72.7,1002.8,7.6,13.8,80.0,88.0,29.3,74.3,1002.4,25.1,11.8,3.0,17.5,17.5,0
2021-09-13,2021,9,13,Monsoon,Assam & Meghalaya,26.14,91.73,5,120,Normal,28.6,85.1,999.8,4.4,8.0,207.0,70.0,27.6,87.7,1001.1,13.0,13.2,1.0,8.6,8.6,0
2021-09-13,2021,9,13,Monsoon,Kerala Coast,9.93,76.26,6,144,Normal,29.2,80.8,1003.9,1.2,9.1,302.0,18.0,28.7,82.9,1001.8,4.8,10.1,0.5,3.6,0.5,0
2021-09-13,2021,9,13,Monsoon,West Bengal (Gangetic),22.57,88.36,6,144,Normal,28.4,79.2,1001.7,4.5,13.7,27.0,21.0,26.7,75.1,1001.1,11.2,15.0,1.7,6.7,6.7,0
2021-09-13,2021,9,13,Monsoon,Odisha Coastal,20.27,85.84,7,168,Normal,31.3,86.5,1001.2,0.0,9.0,241.0,51.0,28.0,92.2,999.4,5.3,11.6,3.3,5.3,5.3,1
2021-09-13,2021,9,13,Monsoon,Maharashtra (Mumbai/Konkan),18.98,72.83,7,168,Normal,29.2,72.7,1003.3,34.2,2.6,100.0,87.0,29.3,71.9,1002.4,25.1,11.8,0.1,9.1,9.1,1
2021-09-13,2021,9,13,Monsoon,Assam & Meghalaya,26.14,91.73,7,168,Normal,30.4,85.1,1002.7,5.2,11.6,102.0,60.0,27.6,89.9,1001.1,13.0,13.2,2.8,7.8,7.8,0
2021-09-13,2021,9,13,Monsoon,Gujarat Coastal,21.64,69.6,8,192,Normal,27.1,82.9,1001.2,0.0,10.7,32.0,53.0,27.0,77.8,1002.4,2.5,11.1,0.1,2.5,0.1,0
2021-09-13,2021,9,13,Monsoon,Gujarat Coastal,21.64,69.6,9,216,Normal,24.4,82.9,998.3,2.4,8.6,257.0,31.0,27.0,79.7,1002.4,2.5,11.1,2.6,0.1,2.6,1
2021-09-13,2021,9,13,Monsoon,Odisha Coastal,20.27,85.84,10,240,Normal,30.2,86.5,998.6,18.6,3.7,289.0,59.0,28.0,89.3,999.4,5.3,11.6,2.2,13.3,13.3,1
2021-09-13,2021,9,13,Monsoon,Rajasthan (West),26.91,70.9,10,240,Normal,27.3,82.0,1006.8,0.0,9.0,262.0,67.0,32.3,75.4,1005.0,0.4,11.2,5.0,0.4,5.0,1
2021-09-20,2021,9,20,Monsoon,Maharashtra (Mumbai/Konkan),18.98,72.83,1,24,Normal,28.0,83.2,1004.2,3.2,13.0,263.0,16.0,28.6,83.6,1002.4,5.7,15.1,0.6,2.5,2.5,0
2021-09-20,2021,9,20,Monsoon,Himachal Pradesh,31.1,77.17,1,24,Normal,27.0,86.8,1001.0,0.0,15.0,63.0,51.0,26.4,88.1,1001.4,9.4,14.6,0.6,9.4,9.4,0
2021-09-20,2021,9,20,Monsoon,West Bengal (Gangetic),22.57,88.36,1,24,Normal,29.5,83.9,1005.9,31.7,11.6,138.0,28.0,28.7,82.0,1005.6,39.0,11.6,0.8,7.3,7.3,0
2021-09-20,2021,9,20,Monsoon,Assam & Meghalaya,26.14,91.73,1,24,Normal,28.1,80.6,999.0,27.9,15.9,258.0,63.0,27.1,81.1,998.1,26.7,15.7,1.0,1.2,1.2,0
2021-09-20,2021,9,20,Monsoon,Odisha Coastal,20.27,85.84,2,48,Normal,24.4,73.7,1004.6,0.0,18.5,247.0,82.0,26.5,80.5,1004.1,2.3,17.0,2.1,2.3,2.1,0
2021-09-20,2021,9,20,Monsoon,Himachal Pradesh,31.1,77.17,3,72,Normal,25.6,86.8,1002.6,8.7,13.6,10.0,11.0,26.4,95.4,1001.4,9.4,14.6,0.8,0.7,0.7,0
2021-09-20,2021,9,20,Monsoon,Gujarat Coastal,21.64,69.6,5,120,Normal,29.1,67.3,1003.3,41.1,11.4,46.0,71.0,28.7,65.8,1004.3,23.9,11.8,0.4,17.2,17.2,0
2021-09-20,2021,9,20,Monsoon,Odisha Coastal,20.27,85.84,7,168,Normal,28.7,73.7,1002.5,0.0,16.1,107.0,66.0,26.5,63.9,1004.1,2.3,17.0,2.2,2.3,2.2,0
2021-09-20,2021,9,20,Monsoon,Kerala Coast,9.93,76.26,7,168,Normal,30.5,79.9,1001.8,0.0,13.1,219.0,79.0,28.1,84.0,1005.1,3.0,13.9,2.4,3.0,2.4,1
2021-09-20,2021,9,20,Monsoon,Maharashtra (Mumbai/Konkan),18.98,72.83,8,192,Normal,28.6,83.2,1004.0,12.0,15.5,316.0,92.0,28.6,87.5,1002.4,5.7,15.1,0.0,6.3,6.3,0
2021-09-20,2021,9,20,Monsoon,Assam & Meghalaya,26.14,91.73,8,192,Normal,28.6,80.6,993.7,45.3,13.4,149.0,52.0,27.1,84.0,998.1,26.7,15.7,1.5,18.6,18.6,1
2021-09-20,2021,9,20,Monsoon,Kerala Coast,9.93,76.26,9,216,Normal,23.6,79.9,1001.3,4.0,14.3,255.0,42.0,28.1,79.5,1005.1,3.0,13.9,4.5,1.0,4.5,1
2021-09-20,2021,9,20,Monsoon,Rajasthan (West),26.91,70.9,9,216,Normal,27.5,90.6,1007.5,14.5,14.0,89.0,37.0,24.3,94.4,1008.0,12.9,10.1,3.2,1.6,1.6,1
2021-09-20,2021,9,20,Monsoon,Gujarat Coastal,21.64,69.6,10,240,Normal,30.9,67.3,1002.4,3.1,6.6,135.0,90.0,28.7,63.5,1004.3,23.9,11.8,2.2,20.8,20.8,1
2021-09-20,2021,9,20,Monsoon,Rajasthan (West),26.91,70.9,10,240,Normal,23.8,90.6,1007.1,18.0,5.5,111.0,32.0,24.3,89.1,1008.0,12.9,10.1,0.5,5.1,5.1,0
2021-09-20,2021,9,20,Monsoon,West Bengal (Gangetic),22.57,88.36,10,240,Normal,28.7,83.9,1004.2,16.9,11.8,20.0,24.0,28.7,86.4,1005.6,39.0,11.6,0.0,22.1,22.1,1
2021-09-27,2021,9,27,Monsoon,Odisha Coastal,20.27,85.84,1,24,Normal,29.9,76.1,1002.4,16.1,10.4,132.0,21.0,30.1,76.4,1003.6,16.2,13.2,0.2,0.1,0.1,0
2021-09-27,2021,9,27,Monsoon,Rajasthan (West),26.91,70.9,1,24,Normal,30.7,75.4,1002.1,5.3,17.7,196.0,83.0,30.7,72.9,1002.7,3.5,15.3,0.0,1.8,0.0,0
2021-09-27,2021,9,27,Monsoon,Gujarat Coastal,21.64,69.6,2,48,Normal,31.2,78.7,1002.1,26.1,15.9,44.0,84.0,28.8,84.8,1003.4,16.0,16.5,2.4,10.1,10.1,0
2021-09-27,2021,9,27,Monsoon,Maharashtra (Mumbai/Konkan),18.98,72.83,3,72,Normal,29.1,84.1,1006.4,2.1,15.3,104.0,66.0,28.6,86.0,1006.4,5.1,16.6,0.5,3.0,3.0,0
2021-09-27,2021,9,27,Monsoon,Maharashtra (Mumbai/Konkan),18.98,72.83,4,96,Normal,27.7,84.1,1004.0,0.0,16.0,337.0,13.0,28.6,83.1,1006.4,5.1,16.6,0.9,5.1,5.1,0
2021-09-27,2021,9,27,Monsoon,Rajasthan (West),26.91,70.9,4,96,Normal,30.8,75.4,1003.9,0.0,13.5,97.0,26.0,30.7,74.6,1002.7,3.5,15.3,0.1,3.5,0.1,0
2021-09-27,2021,9,27,Monsoon,Assam & Meghalaya,26.14,91.73,5,120,Normal,26.1,80.1,1000.6,9.6,14.8,209.0,11.0,26.8,76.9,1001.0,51.9,15.0,0.7,42.3,42.3,1
2021-09-27,2021,9,27,Monsoon,Odisha Coastal,20.27,85.84,6,144,Normal,29.4,76.1,1002.6,24.1,17.7,20.0,46.0,30.1,69.7,1003.6,16.2,13.2,0.7,7.9,7.9,0
2021-09-27,2021,9,27,Monsoon,Kerala Coast,9.93,76.26,6,144,Normal,22.7,80.1,1005.8,0.7,20.7,166.0,89.0,24.4,81.0,1007.3,17.4,17.4,1.7,16.7,16.7,0
2021-09-27,2021,9,27,Monsoon,Gujarat Coastal,21.64,69.6,6,144,Normal,30.7,78.7,1003.5,51.2,20.0,270.0,32.0,28.8,70.1,1003.4,16.0,16.5,1.9,35.2,35.2,1
2021-09-27,2021,9,27,Monsoon,Himachal Pradesh,31.1,77.17,7,168,Normal,29.7,74.4,1004.7,33.7,20.1,213.0,29.0,29.4,74.8,1003.7,21.1,17.2,0.3,12.6,12.6,0
2021-09-27,2021,9,27,Monsoon,Assam & Meghalaya,26.14,91.73,7,168,Normal,26.1,80.1,998.6,114.3,19.8,217.0,66.0,26.8,76.6,1001.0,51.9,15.0,0.7,62.4,62.4,1
2021-09-27,2021,9,27,Monsoon,Kerala Coast,9.93,76.26,9,216,Normal,24.0,80.1,1006.8,40.1,14.5,82.0,84.0,24.4,83.1,1007.3,17.4,17.4,0.4,22.7,22.7,1
2021-09-27,2021,9,27,Monsoon,Himachal Pradesh,31.1,77.17,9,216,Normal,30.2,74.4,1002.7,54.9,15.8,62.0,78.0,29.4,75.9,1003.7,21.1,17.2,0.8,33.8,33.8,1
2021-09-27,2021,9,27,Monsoon,West Bengal (Gangetic),22.57,88.36,9,216,Normal,24.6,77.8,1003.0,48.7,22.5,110.0,51.0,28.7,79.5,1004.8,37.2,16.6,4.1,11.5,11.5,1
2021-09-27,2021,9,27,Monsoon,West Bengal (Gangetic),22.57,88.36,10,240,Normal,29.5,77.8,1004.0,28.9,15.6,39.0,16.0,28.7,75.4,1004.8,37.2,16.6,0.8,8.3,8.3,0
2021-10-04,2021,10,4,Post-Monsoon,Gujarat Coastal,21.64,69.6,1,24,Normal,30.6,69.0,1013.4,11.8,12.2,125.0,21.0,30.6,67.4,1012.7,10.1,12.7,0.0,1.7,1.7,0
2021-10-04,2021,10,4,Post-Monsoon,Assam & Meghalaya,26.14,91.73,1,24,Normal,26.1,62.6,1015.7,2.8,12.5,171.0,63.0,25.9,60.9,1015.3,2.4,12.5,0.2,0.4,0.2,0
2021-10-04,2021,10,4,Post-Monsoon,Odisha Coastal,20.27,85.84,2,48,Normal,24.4,72.0,1014.6,0.0,7.8,57.0,76.0,25.5,77.7,1015.1,1.1,9.8,1.1,1.1,1.1,0
2021-10-04,2021,10,4,Post-Monsoon,Himachal Pradesh,31.1,77.17,3,72,Normal,27.6,70.0,1015.5,3.1,10.3,168.0,48.0,28.9,70.0,1016.3,0.3,10.9,1.3,2.8,1.3,0
2021-10-04,2021,10,4,Post-Monsoon,Rajasthan (West),26.91,70.9,4,96,Normal,27.9,66.5,1015.2,5.4,8.0,194.0,10.0,24.2,69.8,1014.1,5.1,6.8,3.7,0.3,0.3,1
2021-10-04,2021,10,4,Post-Monsoon,West Bengal (Gangetic),22.57,88.36,4,96,Normal,27.9,76.0,1010.1,6.3,15.6,166.0,75.0,25.6,81.3,1010.7,10.6,13.3,2.3,4.3,4.3,0
2021-10-04,2021,10,4,Post-Monsoon,Himachal Pradesh,31.1,77.17,5,120,Normal,27.7,70.0,1016.3,4.5,8.7,176.0,74.0,28.9,66.2,1016.3,0.3,10.9,1.2,4.2,1.2,0
2021-10-04,2021,10,4,Post-Monsoon,Odisha Coastal,20.27,85.84,7,168,Normal,26.8,72.0,1014.0,0.0,12.5,150.0,92.0,25.5,68.8,1015.1,1.1,9.8,1.3,1.1,1.3,0
2021-10-04,2021,10,4,Post-Monsoon,Kerala Coast,9.93,76.26,7,168,Normal,31.4,88.7,1008.6,4.6,12.4,235.0,35.0,27.2,88.1,1010.7,2.3,15.6,4.2,2.3,4.2,1
2021-10-04,2021,10,4,Post-Monsoon,Maharashtra (Mumbai/Konkan),18.98,72.83,7,168,Normal,22.9,82.5,1010.9,0.3,2.9,54.0,90.0,23.4,83.1,1012.5,4.2,6.3,0.5,3.9,0.5,0
2021-10-04,2021,10,4,Post-Monsoon,Rajasthan (West),26.91,70.9,7,168,Normal,26.2,66.5,1014.8,18.3,5.9,266.0,37.0,24.2,71.4,1014.1,5.1,6.8,2.0,13.2,13.2,0
2021-10-04,2021,10,4,Post-Monsoon,Assam & Meghalaya,26.14,91.73,7,168,Normal,29.8,62.6,1014.8,4.5,8.4,67.0,77.0,25.9,64.8,1015.3,2.4,12.5,3.9,2.1,3.9,1
2021-10-04,2021,10,4,Post-Monsoon,Kerala Coast,9.93,76.26,9,216,Normal,30.9,88.7,1009.1,3.9,23.6,274.0,73.0,27.2,88.3,1010.7,2.3,15.6,3.7,1.6,3.7,1
2021-10-04,2021,10,4,Post-Monsoon,West Bengal (Gangetic),22.57,88.36,9,216,Normal,24.1,76.0,1012.6,0.0,14.8,221.0,37.0,25.6,76.5,1010.7,10.6,13.3,1.5,10.6,10.6,0
2021-10-04,2021,10,4,Post-Monsoon,Maharashtra (Mumbai/Konkan),18.98,72.83,10,240,Normal,24.1,82.5,1011.1,16.7,4.7,270.0,39.0,23.4,80.8,1012.5,4.2,6.3,0.7,12.5,0.7,0
2021-10-04,2021,10,4,Post-Monsoon,Gujarat Coastal,21.64,69.6,10,240,Normal,29.1,69.0,1011.3,0.0,23.4,81.0,45.0,30.6,73.5,1012.7,10.1,12.7,1.5,10.1,10.1,1
2021-10-11,2021,10,11,Post-Monsoon,Odisha Coastal,20.27,85.84,1,24,Normal,26.4,67.0,1010.4,21.4,9.6,287.0,81.0,26.2,69.6,1010.6,18.5,10.6,0.2,2.9,2.9,0
2021-10-11,2021,10,11,Post-Monsoon,Kerala Coast,9.93,76.26,1,24,Normal,28.9,53.4,1015.1,2.2,7.1,85.0,59.0,29.1,54.2,1015.4,5.3,9.6,0.2,3.1,3.1,0
2021-10-11,2021,10,11,Post-Monsoon,Gujarat Coastal,21.64,69.6,1,24,Normal,26.6,67.5,1010.6,1.3,11.1,349.0,93.0,28.0,71.9,1010.8,0.2,12.9,1.4,1.1,1.4,0
2021-10-11,2021,10,11,Post-Monsoon,Himachal Pradesh,31.1,77.17,2,48,Normal,29.9,74.0,1011.1,3.6,12.0,118.0,13.0,29.1,73.5,1011.6,1.3,12.2,0.8,2.3,0.8,0
2021-10-11,2021,10,11,Post-Monsoon,West Bengal (Gangetic),22.57,88.36,2,48,Normal,28.2,55.8,1014.3,0.6,14.0,278.0,85.0,26.8,57.9,1012.8,3.2,10.0,1.4,2.6,1.4,0
2021-10-11,2021,10,11,Post-Monsoon,Kerala Coast,9.93,76.26,4,96,Normal,29.6,53.4,1014.7,0.0,9.5,344.0,80.0,29.1,54.4,1015.4,5.3,9.6,0.5,5.3,5.3,0
2021-10-11,2021,10,11,Post-Monsoon,Maharashtra (Mumbai/Konkan),18.98,72.83,4,96,Normal,31.5,76.2,1015.5,11.5,10.4,82.0,81.0,30.4,76.7,1013.7,8.5,9.7,1.1,3.0,3.0,0
2021-10-11,2021,10,11,Post-Monsoon,Assam & Meghalaya,26.14,91.73,4,96,Normal,23.7,64.2,1016.6,0.0,12.1,206.0,53.0,24.9,59.7,1016.1,0.0,13.3,1.2,0.0,1.2,0
2021-10-11,2021,10,11,Post-Monsoon,Rajasthan (West),26.91,70.9,5,120,Normal,22.4,72.2,1009.1,0.0,12.7,64.0,74.0,26.8,76.6,1010.0,0.7,12.6,4.4,0.7,4.4,1
2021-10-11,2021,10,11,Post-Monsoon,Maharashtra (Mumbai/Konkan),18.98,72.83,7,168,Normal,33.8,76.2,1013.9,15.0,6.4,358.0,42.0,30.4,77.8,1013.7,8.5,9.7,3.4,6.5,6.5,1
2021-10-11,2021,10,11,Post-Monsoon,Gujarat Coastal,21.64,69.6,7,168,Normal,28.1,67.5,1011.0,6.5,18.1,11.0,36.0,28.0,63.4,1010.8,0.2,12.9,0.1,6.3,0.1,0
2021-10-11,2021,10,11,Post-Monsoon,Himachal Pradesh,31.1,77.17,7,168,Normal,29.0,74.0,1012.4,0.0,13.1,155.0,41.0,29.1,77.0,1011.6,1.3,12.2,0.1,1.3,0.1,0
2021-10-11,2021,10,11,Post-Monsoon,Odisha Coastal,20.27,85.84,8,192,Normal,26.4,67.0,1010.7,0.0,11.9,26.0,67.0,26.2,67.7,1010.6,18.5,10.6,0.2,18.5,18.5,0
2021-10-11,2021,10,11,Post-Monsoon,Assam & Meghalaya,26.14,91.73,8,192,Normal,24.3,64.2,1017.9,0.0,8.2,351.0,31.0,24.9,62.8,1016.1,0.0,13.3,0.6,0.0,0.6,0
2021-10-11,2021,10,11,Post-Monsoon,West Bengal (Gangetic),22.57,88.36,9,216,Normal,27.5,55.8,1010.1,13.4,7.9,359.0,42.0,26.8,53.8,1012.8,3.2,10.0,0.7,10.2,0.7,0
2021-10-11,2021,10,11,Post-Monsoon,Rajasthan (West),26.91,70.9,10,240,Normal,31.1,72.2,1013.6,0.0,13.5,240.0,67.0,26.8,74.0,1010.0,0.7,12.6,4.3,0.7,4.3,1
2021-10-18,2021,10,18,Post-Monsoon,Maharashtra (Mumbai/Konkan),18.98,72.83,1,24,Normal,25.8,62.2,1015.4,4.0,4.3,247.0,30.0,25.4,65.6,1013.7,5.1,1.6,0.4,1.1,1.1,0
2021-10-18,2021,10,18,Post-Monsoon,West Bengal (Gangetic),22.57,88.36,1,24,Normal,27.7,76.9,1012.0,0.8,9.3,115.0,76.0,28.4,75.3,1012.1,0.1,6.9,0.7,0.7,0.7,0
2021-10-18,2021,10,18,Post-Monsoon,Odisha Coastal,20.27,85.84,2,48,Normal,26.9,66.0,1015.0,0.0,12.5,61.0,65.0,26.8,66.4,1014.5,0.3,11.9,0.1,0.3,0.1,0
2021-10-18,2021,10,18,Post-Monsoon,Gujarat Coastal,21.64,69.6,3,72,Normal,25.2,59.5,1014.8,44.1,8.8,63.0,90.0,25.3,63.8,1015.3,16.2,10.1,0.1,27.9,27.9,1
2021-10-18,2021,10,18,Post-Monsoon,Himachal Pradesh,31.1,77.17,3,72,Normal,26.1,61.2,1012.2,0.0,12.5,242.0,25.0,25.9,67.3,1013.3,0.7,9.6,0.2,0.7,0.2,0
2021-10-18,2021,10,18,Post-Monsoon,Assam & Meghalaya,26.14,91.73,4,96,Normal,27.3,70.6,1015.8,3.6,9.0,243.0,80.0,24.5,70.3,1014.2,4.0,12.4,2.8,0.4,2.8,0
2021-10-18,2021,10,18,Post-Monsoon,Maharashtra (Mumbai/Konkan),18.98,72.83,5,120,Normal,27.3,62.2,1012.6,18.5,1.0,342.0,71.0,25.4,65.1,1013.7,5.1,1.6,1.9,13.4,13.4,0
2021-10-18,2021,10,18,Post-Monsoon,West Bengal (Gangetic),22.57,88.36,5,120,Normal,31.1,76.9,1012.6,0.0,5.1,297.0,38.0,28.4,76.7,1012.1,0.1,6.9,2.7,0.1,2.7,0
2021-10-18,2021,10,18,Post-Monsoon,Gujarat Coastal,21.64,69.6,6,144,Normal,28.4,59.5,1015.9,35.8,10.5,193.0,82.0,25.3,57.9,1015.3,16.2,10.1,3.1,19.6,19.6,1
2021-10-18,2021,10,18,Post-Monsoon,Rajasthan (West),26.91,70.9,6,144,Normal,25.3,75.4,1012.5,0.0,4.4,174.0,56.0,25.2,73.3,1012.1,0.0,11.1,0.1,0.0,0.1,0
2021-10-18,2021,10,18,Post-Monsoon,Odisha Coastal,20.27,85.84,8,192,Normal,29.9,66.0,1016.1,0.0,10.0,130.0,89.0,26.8,64.6,1014.5,0.3,11.9,3.1,0.3,3.1,1
2021-10-18,2021,10,18,Post-Monsoon,Kerala Coast,9.93,76.26,8,192,Normal,26.5,71.2,1015.5,5.1,15.8,42.0,82.0,27.1,72.7,1015.7,3.0,12.2,0.6,2.1,0.6,0
2021-10-18,2021,10,18,Post-Monsoon,Assam & Meghalaya,26.14,91.73,8,192,Normal,25.0,70.6,1016.1,0.0,10.7,59.0,45.0,24.5,71.9,1014.2,4.0,12.4,0.5,4.0,0.5,0
2021-10-18,2021,10,18,Post-Monsoon,Rajasthan (West),26.91,70.9,9,216,Normal,19.6,75.4,1015.3,0.0,11.2,132.0,77.0,25.2,79.3,1012.1,0.0,11.1,5.6,0.0,5.6,1
2021-10-18,2021,10,18,Post-Monsoon,Kerala Coast,9.93,76.26,10,240,Normal,26.1,71.2,1014.1,0.0,12.4,255.0,92.0,27.1,69.1,1015.7,3.0,12.2,1.0,3.0,1.0,0
2021-10-18,2021,10,18,Post-Monsoon,Himachal Pradesh,31.1,77.17,10,240,Normal,31.0,61.2,1012.3,0.0,8.7,65.0,38.0,25.9,53.6,1013.3,0.7,9.6,5.1,0.7,5.1,1
2021-10-25,2021,10,25,Post-Monsoon,Gujarat Coastal,21.64,69.6,1,24,Normal,26.9,72.7,1011.1,6.4,10.1,296.0,14.0,25.7,73.6,1011.6,4.9,8.3,1.2,1.5,1.2,0
2021-10-25,2021,10,25,Post-Monsoon,Rajasthan (West),26.91,70.9,1,24,Normal,28.7,68.0,1011.0,0.0,11.4,280.0,76.0,28.3,74.4,1011.1,2.4,11.5,0.4,2.4,0.4,0
2021-10-25,2021,10,25,Post-Monsoon,Odisha Coastal,20.27,85.84,2,48,Normal,24.8,66.3,1013.3,4.0,11.0,182.0,48.0,24.5,64.3,1012.9,4.3,10.0,0.3,0.3,0.3,0
2021-10-25,2021,10,25,Post-Monsoon,Assam & Meghalaya,26.14,91.73,2,48,Normal,22.2,66.1,1009.9,0.0,15.2,314.0,41.0,23.5,62.7,1010.6,1.0,15.2,1.3,1.0,1.3,0
2021-10-25,2021,10,25,Post-Monsoon,Maharashtra (Mumbai/Konkan),18.98,72.83,3,72,Normal,24.1,75.8,1008.5,10.6,12.1,334.0,79.0,24.8,79.7,1009.0,7.5,11.0,0.7,3.1,3.1,0
2021-10-25,2021,10,25,Post-Monsoon,Rajasthan (West),26.91,70.9,3,72,Normal,29.0,68.0,1012.2,7.3,12.3,338.0,89.0,28.3,68.6,1011.1,2.4,11.5,0.7,4.9,0.7,0
2021-10-25,2021,10,25,Post-Monsoon,Assam & Meghalaya,26.14,91.73,4,96,Normal,24.7,66.1,1010.5,7.1,10.4,33.0,71.0,23.5,60.4,1010.6,1.0,15.2,1.2,6.1,1.2,0
2021-10-25,2021,10,25,Post-Monsoon,Odisha Coastal,20.27,85.84,5,120,Normal,27.3,66.3,1014.3,13.3,6.3,168.0,79.0,24.5,67.3,1012.9,4.3,10.0,2.8,9.0,2.8,0
2021-10-25,2021,10,25,Post-Monsoon,Himachal Pradesh,31.1,77.17,5,120,Normal,23.7,66.3,1011.9,4.8,12.2,70.0,91.0,24.3,73.2,1012.5,0.7,10.9,0.6,4.1,0.6,0
2021-10-25,2021,10,25,Post-Monsoon,Maharashtra (Mumbai/Konkan),18.98,72.83,6,144,Normal,24.5,75.8,1009.6,19.3,10.6,324.0,26.0,24.8,75.3,1009.0,7.5,11.0,0.3,11.8,11.8,0
2021-10-25,2021,10,25,Post-Monsoon,Gujarat Coastal,21.64,69.6,7,168,Normal,26.0,72.7,1013.2,8.5,8.9,162.0,43.0,25.7,67.9,1011.6,4.9,8.3,0.3,3.6,0.3,0
2021-10-25,2021,10,25,Post-Monsoon,Kerala Coast,9.93,76.26,8,192,Normal,29.5,56.1,1012.2,1.9,8.1,109.0,48.0,26.0,55.8,1015.3,4.9,11.0,3.5,3.0,3.5,1
2021-10-25,2021,10,25,Post-Monsoon,West Bengal (Gangetic),22.57,88.36,8,192,Normal,30.9,81.8,1015.5,30.8,20.3,266.0,44.0,27.3,80.8,1014.4,22.9,11.1,3.6,7.9,7.9,1
2021-10-25,2021,10,25,Post-Monsoon,Kerala Coast,9.93,76.26,10,240,Normal,30.4,56.1,1016.2,6.8,6.4,157.0,20.0,26.0,55.6,1015.3,4.9,11.0,4.4,1.9,4.4,1
2021-10-25,2021,10,25,Post-Monsoon,Himachal Pradesh,31.1,77.17,10,240,Normal,26.5,66.3,1012.2,7.4,16.0,146.0,51.0,24.3,68.3,1012.5,0.7,10.9,2.2,6.7,2.2,0
2021-10-25,2021,10,25,Post-Monsoon,West Bengal (Gangetic),22.57,88.36,10,240,Normal,23.3,81.8,1014.6,78.8,15.3,199.0,70.0,27.3,90.0,1014.4,22.9,11.1,4.0,55.9,55.9,1
2021-11-01,2021,11,1,Post-Monsoon,Odisha Coastal,20.27,85.84,1,24,Normal,25.3,65.6,1015.7,7.3,14.2,165.0,38.0,25.5,63.8,1015.9,2.8,13.3,0.2,4.5,0.2,0
2021-11-01,2021,11,1,Post-Monsoon,West Bengal (Gangetic),22.57,88.36,2,48,Normal,28.4,77.1,1010.8,0.1,12.1,336.0,17.0,28.3,76.8,1010.9,1.2,9.4,0.1,1.1,0.1,0
2021-11-01,2021,11,1,Post-Monsoon,Himachal Pradesh,31.1,77.17,4,96,Normal,24.7,75.2,1015.2,2.0,8.2,178.0,23.0,27.3,71.9,1016.2,4.5,8.1,2.6,2.5,2.6,0
2021-11-01,2021,11,1,Post-Monsoon,West Bengal (Gangetic),22.57,88.36,4,96,Normal,26.4,77.1,1010.0,0.0,8.3,111.0,77.0,28.3,76.3,1010.9,1.2,9.4,1.9,1.2,1.9,0
2021-11-01,2021,11,1,Post-Monsoon,Assam & Meghalaya,26.14,91.73,4,96,Normal,27.0,57.7,1014.7,0.0,10.3,309.0,69.0,26.4,60.5,1015.1,0.9,9.8,0.6,0.9,0.6,0
2021-11-01,2021,11,1,Post-Monsoon,Rajasthan (West),26.91,70.9,5,120,Normal,21.7,65.5,1013.9,0.0,4.2,117.0,56.0,23.7,68.2,1014.2,0.3,5.2,2.0,0.3,2.0,0
2021-11-01,2021,11,1,Post-Monsoon,Odisha Coastal,20.27,85.84,6,144,Normal,28.4,65.6,1017.9,5.8,16.5,358.0,46.0,25.5,64.5,1015.9,2.8,13.3,2.9,3.0,2.9,0
2021-11-01,2021,11,1,Post-Monsoon,Kerala Coast,9.93,76.26,6,144,Normal,24.1,72.2,1011.4,0.7,4.6,265.0,35.0,25.2,76.0,1011.9,4.8,10.2,1.1,4.1,1.1,0
2021-11-01,2021,11,1,Post-Monsoon,Maharashtra (Mumbai/Konkan),18.98,72.83,6,144,Normal,23.3,66.8,1012.3,0.0,7.7,6.0,70.0,23.1,75.1,1013.1,10.9,5.1,0.2,10.9,10.9,0
2021-11-01,2021,11,1,Post-Monsoon,Gujarat Coastal,21.64,69.6,6,144,Normal,28.5,72.8,1010.4,0.0,12.3,190.0,34.0,29.2,68.8,1012.5,3.7,10.1,0.7,3.7,0.7,0
2021-11-01,2021,11,1,Post-Monsoon,Kerala Coast,9.93,76.26,7,168,Normal,26.2,72.2,1010.7,0.0,7.7,321.0,46.0,25.2,69.8,1011.9,4.8,10.2,1.0,4.8,1.0,0
2021-11-01,2021,11,1,Post-Monsoon,Gujarat Coastal,21.64,69.6,7,168,Normal,29.1,72.8,1009.1,17.4,7.3,34.0,43.0,29.2,71.3,1012.5,3.7,10.1,0.1,13.7,0.1,1
2021-11-01,2021,11,1,Post-Monsoon,Himachal Pradesh,31.1,77.17,7,168,Normal,28.6,75.2,1017.3,7.9,11.7,15.0,92.0,27.3,77.7,1016.2,4.5,8.1,1.3,3.4,1.3,0
2021-11-01,2021,11,1,Post-Monsoon,Maharashtra (Mumbai/Konkan),18.98,72.83,8,192,Normal,20.1,66.8,1011.9,21.9,1.0,331.0,35.0,23.1,70.4,1013.1,10.9,5.1,3.0,11.0,11.0,0
2021-11-01,2021,11,1,Post-Monsoon,Rajasthan (West),26.91,70.9,10,240,Normal,20.8,65.5,1010.2,0.0,1.0,71.0,67.0,23.7,64.5,1014.2,0.3,5.2,2.9,0.3,2.9,1
2021-11-01,2021,11,1,Post-Monsoon,Assam & Meghalaya,26.14,91.73,10,240,Normal,27.3,57.7,1015.2,7.5,10.6,345.0,88.0,26.4,65.5,1015.1,0.9,9.8,0.9,6.6,0.9,0
2021-11-08,2021,11,8,Post-Monsoon,Maharashtra (Mumbai/Konkan),18.98,72.83,1,24,Normal,22.8,69.5,1012.4,34.7,10.8,223.0,70.0,23.4,67.6,1012.0,20.0,10.2,0.6,14.7,14.7,0
2021-11-08,2021,11,8,Post-Monsoon,West Bengal (Gangetic),22.57,88.36,1,24,Normal,22.4,56.8,1012.0,9.2,14.5,263.0,29.0,22.8,55.2,1012.5,10.2,11.8,0.4,1.0,1.0,0
2021-11-08,2021,11,8,Post-Monsoon,Kerala Coast,9.93,76.26,2,48,Normal,24.0,65.6,1013.5,2.1,17.6,274.0,26.0,24.7,69.9,1013.6,0.3,15.2,0.7,1.8,0.7,0
2021-11-08,2021,11,8,Post-Monsoon,Gujarat Coastal,21.64,69.6,2,48,Normal,24.1,69.3,1011.3,14.6,10.1,328.0,86.0,24.8,60.0,1010.8,15.1,11.9,0.7,0.5,0.5,0
2021-11-08,2021,11,8,Post-Monsoon,Rajasthan (West),26.91,70.9,2,48,Normal,25.9,58.7,1013.1,4.0,11.9,246.0,21.0,26.1,68.3,1013.7,2.6,12.1,0.2,1.4,0.2,0
2021-11-08,2021,11,8,Post-Monsoon,Assam & Meghalaya,26.14,91.73,2,48,Normal,25.4,75.7,1010.3,2.1,10.4,91.0,90.0,25.3,74.4,1011.0,0.7,10.8,0.1,1.4,0.1,0
2021-11-08,2021,11,8,Post-Monsoon,Himachal Pradesh,31.1,77.17,3,72,Normal,27.8,59.7,1011.7,0.0,6.0,306.0,36.0,26.3,62.2,1012.3,2.1,7.3,1.5,2.1,1.5,0
2021-11-08,2021,11,8,Post-Monsoon,Odisha Coastal,20.27,85.84,5,120,Normal,25.6,57.8,1012.1,22.0,17.3,305.0,63.0,26.6,53.9,1011.1,14.6,10.9,1.0,7.4,7.4,0
2021-11-08,2021,11,8,Post-Monsoon,Kerala Coast,9.93,76.26,5,120,Normal,23.5,65.6,1014.6,3.2,13.9,162.0,72.0,24.7,72.1,1013.6,0.3,15.2,1.2,2.9,1.2,0
2021-11-08,2021,11,8,Post-Monsoon,Maharashtra (Mumbai/Konkan),18.98,72.83,5,120,Normal,24.0,69.5,1011.8,23.5,8.4,229.0,92.0,23.4,74.5,1012.0,20.0,10.2,0.6,3.5,3.5,0
2021-11-08,2021,11,8,Post-Monsoon,Rajasthan (West),26.91,70.9,5,120,Normal,27.3,58.7,1014.1,5.5,11.9,112.0,31.0,26.1,57.8,1013.7,2.6,12.1,1.2,2.9,1.2,0
2021-11-08,2021,11,8,Post-Monsoon,Himachal Pradesh,31.1,77.17,5,120,Normal,24.8,59.7,1014.5,11.3,4.4,280.0,30.0,26.3,56.3,1012.3,2.1,7.3,1.5,9.2,1.5,0
2021-11-08,2021,11,8,Post-Monsoon,Gujarat Coastal,21.64,69.6,7,168,Normal,21.2,69.3,1012.8,27.9,13.7,88.0,22.0,24.8,70.6,1010.8,15.1,11.9,3.6,12.8,12.8,1
2021-11-08,2021,11,8,Post-Monsoon,Assam & Meghalaya,26.14,91.73,9,216,Normal,28.3,75.7,1008.9,0.8,9.1,122.0,30.0,25.3,71.4,1011.0,0.7,10.8,3.0,0.1,3.0,0
2021-11-08,2021,11,8,Post-Monsoon,Odisha Coastal,20.27,85.84,10,240,Normal,24.8,57.8,1010.6,7.7,9.0,209.0,59.0,26.6,63.5,1011.1,14.6,10.9,1.8,6.9,6.9,0
2021-11-08,2021,11,8,Post-Monsoon,West Bengal (Gangetic),22.57,88.36,10,240,Normal,22.8,56.8,1013.8,13.3,13.0,235.0,67.0,22.8,57.4,1012.5,10.2,11.8,0.0,3.1,3.1,0
2021-11-15,2021,11,15,Post-Monsoon,Odisha Coastal,20.27,85.84,1,24,Normal,23.5,73.0,1011.4,7.2,12.2,248.0,43.0,25.0,81.0,1012.7,5.0,11.6,1.5,2.2,1.5,0
2021-11-15,2021,11,15,Post-Monsoon,Maharashtra (Mumbai/Konkan),18.98,72.83,1,24,Normal,25.3,67.0,1011.7,0.0,10.8,297.0,80.0,25.8,62.7,1012.5,2.5,11.9,0.5,2.5,0.5,0
2021-11-15,2021,11,15,Post-Monsoon,Gujarat Coastal,21.64,69.6,2,48,Normal,25.9,69.8,1013.3,0.0,7.5,220.0,38.0,25.4,70.0,1013.7,1.2,5.2,0.5,1.2,0.5,0
2021-11-15,2021,11,15,Post-Monsoon,Assam & Meghalaya,26.14,91.73,2,48,Normal,27.3,71.0,1014.4,4.8,7.8,172.0,86.0,26.9,66.0,1016.0,4.4,8.2,0.4,0.4,0.4,0
2021-11-15,2021,11,15,Post-Monsoon,Maharashtra (Mumbai/Konkan),18.98,72.83,3,72,Normal,28.5,67.0,1011.5,0.0,12.4,249.0,92.0,25.8,61.8,1012.5,2.5,11.9,2.7,2.5,2.7,0
2021-11-15,2021,11,15,Post-Monsoon,Rajasthan (West),26.91,70.9,3,72,Normal,27.4,73.3,1009.8,0.0,10.2,317.0,41.0,26.9,69.3,1010.1,1.0,9.1,0.5,1.0,0.5,0
2021-11-15,2021,11,15,Post-Monsoon,Odisha Coastal,20.27,85.84,6,144,Normal,24.2,73.0,1011.1,12.2,14.1,230.0,12.0,25.0,74.6,1012.7,5.0,11.6,0.8,7.2,0.8,0
2021-11-15,2021,11,15,Post-Monsoon,Kerala Coast,9.93,76.26,6,144,Normal,25.1,74.3,1012.5,0.0,13.2,180.0,43.0,27.3,71.3,1013.2,2.1,15.4,2.2,2.1,2.2,0
2021-11-15,2021,11,15,Post-Monsoon,Himachal Pradesh,31.1,77.17,6,144,Normal,29.9,70.8,1012.0,0.5,12.8,260.0,49.0,30.3,70.7,1010.7,7.4,10.6,0.4,6.9,6.9,0
2021-11-15,2021,11,15,Post-Monsoon,Gujarat Coastal,21.64,69.6,7,168,Normal,23.3,69.8,1011.7,3.6,5.1,200.0,77.0,25.4,70.8,1013.7,1.2,5.2,2.1,2.4,2.1,0
2021-11-15,2021,11,15,Post-Monsoon,Himachal Pradesh,31.1,77.17,7,168,Normal,30.9,70.8,1009.5,22.3,12.2,313.0,62.0,30.3,72.2,1010.7,7.4,10.6,0.6,14.9,14.9,0
2021-11-15,2021,11,15,Post-Monsoon,Rajasthan (West),26.91,70.9,8,192,Normal,27.0,73.3,1007.9,1.9,8.3,346.0,88.0,26.9,67.5,1010.1,1.0,9.1,0.1,0.9,0.1,0
2021-11-15,2021,11,15,Post-Monsoon,West Bengal (Gangetic),22.57,88.36,8,192,Normal,26.0,59.9,1013.1,0.0,6.6,43.0,34.0,26.5,59.4,1011.2,1.0,10.4,0.5,1.0,0.5,0
2021-11-15,2021,11,15,Post-Monsoon,Kerala Coast,9.93,76.26,10,240,Normal,29.0,74.3,1015.5,0.0,13.2,198.0,74.0,27.3,72.1,1013.2,2.1,15.4,1.7,2.1,1.7,0
2021-11-15,2021,11,15,Post-Monsoon,West Bengal (Gangetic),22.57,88.36,10,240,Normal,23.8,59.9,1008.7,0.0,10.2,136.0,62.0,26.5,64.4,1011.2,1.0,10.4,2.7,1.0,2.7,0
2021-11-15,2021,11,15,Post-Monsoon,Assam & Meghalaya,26.14,91.73,10,240,Normal,28.7,71.0,1014.0,14.3,1.0,283.0,30.0,26.9,73.2,1016.0,4.4,8.2,1.8,9.9,1.8,1
2021-11-22,2021,11,22,Post-Monsoon,Odisha Coastal,20.27,85.84,1,24,Normal,26.5,68.9,1016.8,24.3,15.4,216.0,70.0,26.9,73.6,1016.0,29.0,14.4,0.4,4.7,4.7,0
2021-11-22,2021,11,22,Post-Monsoon,Himachal Pradesh,31.1,77.17,1,24,Normal,26.4,84.8,1014.1,1.9,5.2,254.0,13.0,26.3,80.5,1013.5,2.2,6.5,0.1,0.3,0.1,0
2021-11-22,2021,11,22,Post-Monsoon,Rajasthan (West),26.91,70.9,2,48,Normal,22.0,61.5,1013.4,0.0,11.0,273.0,65.0,22.1,61.7,1014.3,3.1,13.2,0.1,3.1,0.1,0
2021-11-22,2021,11,22,Post-Monsoon,West Bengal (Gangetic),22.57,88.36,2,48,Cyclone,23.7,71.6,988.5,173.9,26.8,109.0,37.0,23.5,70.6,990.6,87.1,31.1,0.2,86.8,86.8,1
2021-11-22,2021,11,22,Post-Monsoon,Kerala Coast,9.93,76.26,4,96,Normal,27.3,71.5,1012.7,0.7,13.8,37.0,78.0,25.9,65.4,1012.5,5.2,14.2,1.4,4.5,4.5,0
2021-11-22,2021,11,22,Post-Monsoon,Maharashtra (Mumbai/Konkan),18.98,72.83,4,96,Normal,25.5,74.9,1015.1,0.0,4.8,119.0,76.0,26.4,72.2,1014.2,4.0,6.8,0.9,4.0,0.9,0
2021-11-22,2021,11,22,Post-Monsoon,Gujarat Coastal,21.64,69.6,4,96,Normal,28.5,70.6,1013.5,0.0,3.9,126.0,67.0,24.8,64.6,1014.1,5.6,8.6,3.7,5.6,5.6,1
2021-11-22,2021,11,22,Post-Monsoon,Assam & Meghalaya,26.14,91.73,4,96,Normal,25.0,91.0,1009.5,0.0,12.7,64.0,63.0,27.9,91.0,1009.9,1.7,12.8,2.9,1.7,2.9,0
2021-11-22,2021,11,22,Post-Monsoon,Maharashtra (Mumbai/Konkan),18.98,72.83,5,120,Normal,27.3,74.9,1015.3,2.6,3.5,198.0,17.0,26.4,71.7,1014.2,4.0,6.8,0.9,1.4,0.9,0
2021-11-22,2021,11,22,Post-Monsoon,Assam & Meghalaya,26.14,91.73,6,144,Normal,28.8,91.0,1010.5,0.0,11.5,145.0,69.0,27.9,92.8,1009.9,1.7,12.8,0.9,1.7,0.9,0
2021-11-22,2021,11,22,Post-Monsoon,Odisha Coastal,20.27,85.84,7,168,Normal,29.2,68.9,1018.4,48.8,10.9,344.0,20.0,26.9,64.7,1016.0,29.0,14.4,2.3,19.8,19.8,0
2021-11-22,2021,11,22,Post-Monsoon,Kerala Coast,9.93,76.26,7,168,Normal,25.9,71.5,1014.9,27.9,13.6,188.0,45.0,25.9,74.2,1012.5,5.2,14.2,0.0,22.7,22.7,1
2021-11-22,2021,11,22,Post-Monsoon,Gujarat Coastal,21.64,69.6,7,168,Normal,25.9,70.6,1012.7,0.0,9.4,125.0,92.0,24.8,78.1,1014.1,5.6,8.6,1.1,5.6,5.6,0
2021-11-22,2021,11,22,Post-Monsoon,Himachal Pradesh,31.1,77.17,7,168,Normal,26.6,84.8,1012.1,0.0,8.7,258.0,85.0,26.3,90.3,1013.5,2.2,6.5,0.3,2.2,0.3,0
2021-11-22,2021,11,22,Post-Monsoon,Rajasthan (West),26.91,70.9,8,192,Normal,24.8,61.5,1015.0,7.3,10.4,328.0,58.0,22.1,56.1,1014.3,3.1,13.2,2.7,4.2,2.7,0
2021-11-22,2021,11,22,Post-Monsoon,West Bengal (Gangetic),22.57,88.36,8,192,Cyclone,28.5,71.6,983.0,233.2,35.6,12.0,39.0,23.5,75.7,990.6,87.1,31.1,5.0,146.1,146.1,1
2021-11-29,2021,11,29,Post-Monsoon,Himachal Pradesh,31.1,77.17,1,24,Normal,26.1,72.0,1009.1,0.0,4.0,52.0,39.0,27.0,74.2,1009.1,0.2,2.8,0.9,0.2,0.9,0
2021-11-29,2021,11,29,Post-Monsoon,Odisha Coastal,20.27,85.84,2,48,Normal,29.4,72.7,1015.7,0.0,14.5,57.0,38.0,29.2,80.2,1016.0,0.4,13.8,0.2,0.4,0.2,0
2021-11-29,2021,11,29,Post-Monsoon,Gujarat Coastal,21.64,69.6,2,48,Cyclone,28.0,68.4,991.3,145.6,41.8,72.0,52.0,27.2,72.2,992.7,97.0,42.7,0.8,48.6,48.6,1
2021-11-29,2021,11,29,Post-Monsoon,Assam & Meghalaya,26.14,91.73,2,48,Normal,25.3,73.6,1014.4,0.0,12.3,54.0,87.0,26.1,74.1,1013.9,0.4,11.6,0.8,0.4,0.8,0
2021-11-29,2021,11,29,Post-Monsoon,Odisha Coastal,20.27,85.84,3,72,Normal,28.4,72.7,1016.1,3.9,13.1,141.0,66.0,29.2,72.1,1016.0,0.4,13.8,0.8,3.5,0.8,0
2021-11-29,2021,11,29,Post-Monsoon,Kerala Coast,9.93,76.26,3,72,Normal,26.8,78.6,1012.8,0.0,14.0,132.0,57.0,27.6,78.4,1013.0,0.0,12.3,0.8,0.0,0.8,0
2021-11-29,2021,11,29,Post-Monsoon,Kerala Coast,9.93,76.26,5,120,Normal,26.5,78.6,1011.0,0.0,13.3,346.0,74.0,27.6,78.8,1013.0,0.0,12.3,1.1,0.0,1.1,0
2021-11-29,2021,11,29,Post-Monsoon,West Bengal (Gangetic),22.57,88.36,5,120,Normal,22.8,67.5,1012.0,9.9,12.7,274.0,39.0,25.7,64.8,1013.3,7.3,12.5,2.9,2.6,2.6,0
2021-11-29,2021,11,29,Post-Monsoon,Assam & Meghalaya,26.14,91.73,5,120,Normal,27.2,73.6,1014.6,4.1,11.9,317.0,61.0,26.1,75.0,1013.9,0.4,11.6,1.1,3.7,1.1,0
2021-11-29,2021,11,29,Post-Monsoon,Maharashtra (Mumbai/Konkan),18.98,72.83,6,144,Normal,17.8,77.2,1014.2,0.0,8.1,34.0,36.0,22.0,75.6,1014.5,7.7,5.6,4.2,7.7,7.7,1
2021-11-29,2021,11,29,Post-Monsoon,Himachal Pradesh,31.1,77.17,6,144,Normal,27.1,72.0,1009.0,0.0,1.3,54.0,85.0,27.0,68.7,1009.1,0.2,2.8,0.1,0.2,0.1,0
2021-11-29,2021,11,29,Post-Monsoon,Maharashtra (Mumbai/Konkan),18.98,72.83,7,168,Normal,20.2,77.2,1015.6,17.9,5.5,272.0,37.0,22.0,80.8,1014.5,7.7,5.6,1.8,10.2,10.2,0
2021-11-29,2021,11,29,Post-Monsoon,Rajasthan (West),26.91,70.9,7,168,Normal,26.9,74.3,1013.9,3.7,18.2,173.0,79.0,26.7,71.0,1012.8,0.1,15.2,0.2,3.6,0.2,0
2021-11-29,2021,11,29,Post-Monsoon,West Bengal (Gangetic),22.57,88.36,7,168,Normal,24.2,67.5,1012.6,4.3,12.1,9.0,68.0,25.7,69.2,1013.3,7.3,12.5,1.5,3.0,3.0,0
2021-11-29,2021,11,29,Post-Monsoon,Gujarat Coastal,21.64,69.6,9,216,Cyclone,32.7,68.4,988.8,105.2,44.3,243.0,66.0,27.2,67.9,992.7,97.0,42.7,5.5,8.2,8.2,1
2021-11-29,2021,11,29,Post-Monsoon,Rajasthan (West),26.91,70.9,9,216,Normal,27.8,74.3,1014.2,2.4,15.5,90.0,70.0,26.7,72.2,1012.8,0.1,15.2,1.1,2.3,1.1,0
2021-12-06,2021,12,6,Post-Monsoon,Himachal Pradesh,31.1,77.17,1,24,Normal,26.3,73.1,1011.5,3.3,16.0,300.0,67.0,26.4,73.7,1010.1,3.4,15.6,0.1,0.1,0.1,0
2021-12-06,2021,12,6,Post-Monsoon,Assam & Meghalaya,26.14,91.73,2,48,Normal,28.5,82.2,1016.3,5.6,16.1,310.0,11.0,28.3,79.4,1016.0,1.4,14.8,0.2,4.2,0.2,0
2021-12-06,2021,12,6,Post-Monsoon,Odisha Coastal,20.27,85.84,3,72,Normal,26.3,76.9,1013.5,5.0,7.6,327.0,50.0,27.5,74.8,1015.1,3.7,8.2,1.2,1.3,1.2,0
2021-12-06,2021,12,6,Post-Monsoon,West Bengal (Gangetic),22.57,88.36,3,72,Normal,26.9,85.7,1015.6,4.8,6.6,86.0,93.0,27.2,90.4,1015.7,1.7,11.3,0.3,3.1,0.3,0
2021-12-06,2021,12,6,Post-Monsoon,Kerala Coast,9.93,76.26,5,120,Normal,25.1,56.2,1015.5,0.0,12.9,190.0,58.0,27.3,48.7,1014.5,1.7,12.1,2.2,1.7,2.2,0
2021-12-06,2021,12,6,Post-Monsoon,Gujarat Coastal,21.64,69.6,5,120,Normal,27.8,69.5,1014.9,0.0,11.2,270.0,49.0,29.0,71.1,1015.1,2.2,12.5,1.2,2.2,1.2,0
2021-12-06,2021,12,6,Post-Monsoon,Odisha Coastal,20.27,85.84,6,144,Normal,27.8,76.9,1015.4,0.8,10.2,134.0,49.0,27.5,74.3,1015.1,3.7,8.2,0.3,2.9,0.3,0
2021-12-06,2021,12,6,Post-Monsoon,Rajasthan (West),26.91,70.9,6,144,Normal,25.7,72.8,1014.4,0.0,11.6,304.0,17.0,23.0,82.2,1014.9,1.9,13.5,2.7,1.9,2.7,0
2021-12-06,2021,12,6,Post-Monsoon,Assam & Meghalaya,26.14,91.73,6,144,Normal,27.4,82.2,1015.3,2.0,15.8,190.0,14.0,28.3,83.1,1016.0,1.4,14.8,0.9,0.6,0.9,0
2021-12-06,2021,12,6,Post-Monsoon,Maharashtra (Mumbai/Konkan),18.98,72.83,7,168,Normal,27.7,70.5,1018.0,61.6,15.4,197.0,34.0,28.3,63.4,1018.1,21.0,11.1,0.6,40.6,40.6,1
2021-12-06,2021,12,6,Post-Monsoon,Gujarat Coastal,21.64,69.6,8,192,Normal,28.6,69.5,1016.3,7.6,11.3,161.0,25.0,29.0,69.9,1015.1,2.2,12.5,0.4,5.4,0.4,0
2021-12-06,2021,12,6,Post-Monsoon,Kerala Coast,9.93,76.26,9,216,Normal,27.4,56.2,1014.1,16.5,13.2,296.0,15.0,27.3,59.8,1014.5,1.7,12.1,0.1,14.8,0.1,0
2021-12-06,2021,12,6,Post-Monsoon,Himachal Pradesh,31.1,77.17,9,216,Normal,26.3,73.1,1009.7,0.0,14.3,159.0,83.0,26.4,77.9,1010.1,3.4,15.6,0.1,3.4,0.1,0
2021-12-06,2021,12,6,Post-Monsoon,West Bengal (Gangetic),22.57,88.36,9,216,Normal,28.1,85.7,1016.0,0.0,8.0,12.0,34.0,27.2,84.8,1015.7,1.7,11.3,0.9,1.7,0.9,0
2021-12-06,2021,12,6,Post-Monsoon,Maharashtra (Mumbai/Konkan),18.98,72.83,10,240,Normal,25.4,70.5,1019.7,28.3,18.1,220.0,62.0,28.3,76.9,1018.1,21.0,11.1,2.9,7.3,7.3,1
2021-12-06,2021,12,6,Post-Monsoon,Rajasthan (West),26.91,70.9,10,240,Normal,24.3,72.8,1015.9,3.9,10.0,96.0,73.0,23.0,71.4,1014.9,1.9,13.5,1.3,2.0,1.3,0
2021-12-13,2021,12,13,Post-Monsoon,Maharashtra (Mumbai/Konkan),18.98,72.83,1,24,Normal,23.6,72.6,1013.9,5.5,15.2,114.0,20.0,24.0,70.4,1014.3,3.2,16.5,0.4,2.3,0.4,0
2021-12-13,2021,12,13,Post-Monsoon,West Bengal (Gangetic),22.57,88.36,1,24,Normal,25.4,80.9,1014.8,4.7,8.0,188.0,10.0,25.6,76.9,1014.5,3.4,8.5,0.2,1.3,0.2,0
2021-12-13,2021,12,13,Post-Monsoon,Odisha Coastal,20.27,85.84,2,48,Normal,26.6,80.7,1010.5,4.6,10.0,132.0,22.0,25.2,82.8,1011.4,4.4,9.0,1.4,0.2,1.4,0
2021-12-13,2021,12,13,Post-Monsoon,Kerala Coast,9.93,76.26,2,48,Normal,25.7,77.0,1012.2,1.2,10.3,236.0,70.0,25.7,76.1,1012.0,1.5,9.4,0.0,0.3,0.0,0
2021-12-13,2021,12,13,Post-Monsoon,Rajasthan (West),26.91,70.9,2,48,Normal,30.0,86.7,1014.1,0.5,8.3,343.0,17.0,28.7,88.8,1013.6,0.8,10.0,1.3,0.3,1.3,0
2021-12-13,2021,12,13,Post-Monsoon,Himachal Pradesh,31.1,77.17,3,72,Normal,26.7,66.9,1012.3,0.0,11.4,101.0,23.0,28.2,65.6,1010.8,2.2,12.3,1.5,2.2,1.5,0
2021-12-13,2021,12,13,Post-Monsoon,Odisha Coastal,20.27,85.84,4,96,Normal,25.5,80.7,1011.6,4.6,11.5,4.0,75.0,25.2,72.9,1011.4,4.4,9.0,0.3,0.2,0.3,0
2021-12-13,2021,12,13,Post-Monsoon,Maharashtra (Mumbai/Konkan),18.98,72.83,5,120,Normal,24.2,72.6,1013.7,4.9,14.2,192.0,31.0,24.0,79.0,1014.3,3.2,16.5,0.2,1.7,0.2,0
2021-12-13,2021,12,13,Post-Monsoon,Gujarat Coastal,21.64,69.6,6,144,Normal,28.3,72.7,1012.0,0.0,11.1,136.0,52.0,27.4,68.9,1013.3,2.9,8.7,0.9,2.9,0.9,0
2021-12-13,2021,12,13,Post-Monsoon,Himachal Pradesh,31.1,77.17,6,144,Normal,27.8,66.9,1012.6,0.0,12.7,6.0,84.0,28.2,61.0,1010.8,2.2,12.3,0.4,2.2,0.4,0
2021-12-13,2021,12,13,Post-Monsoon,Assam & Meghalaya,26.14,91.73,6,144,Normal,23.7,61.1,1009.3,0.0,11.3,256.0,92.0,25.3,53.8,1013.4,0.0,11.1,1.6,0.0,1.6,1
2021-12-13,2021,12,13,Post-Monsoon,Rajasthan (West),26.91,70.9,7,168,Normal,32.3,86.7,1014.7,0.0,9.8,168.0,12.0,28.7,87.3,1013.6,0.8,10.0,3.6,0.8,3.6,1
2021-12-13,2021,12,13,Post-Monsoon,Gujarat Coastal,21.64,69.6,8,192,Normal,29.8,72.7,1011.9,7.4,8.0,345.0,22.0,27.4,70.8,1013.3,2.9,8.7,2.4,4.5,2.4,0
2021-12-13,2021,12,13,Post-Monsoon,Assam & Meghalaya,26.14,91.73,9,216,Normal,25.8,61.1,1014.5,0.0,9.9,123.0,68.0,25.3,60.3,1013.4,0.0,11.1,0.5,0.0,0.5,0
2021-12-13,2021,12,13,Post-Monsoon,Kerala Coast,9.93,76.26,10,240,Normal,28.8,77.0,1011.0,12.3,11.3,200.0,76.0,25.7,80.3,1012.0,1.5,9.4,3.1,10.8,3.1,1
2021-12-13,2021,12,13,Post-Monsoon,West Bengal (Gangetic),22.57,88.36,10,240,Normal,26.3,80.9,1017.5,0.0,5.1,329.0,15.0,25.6,80.4,1014.5,3.4,8.5,0.7,3.4,0.7,0
2021-12-20,2021,12,20,Post-Monsoon,Kerala Coast,9.93,76.26,3,72,Normal,28.0,65.4,1008.6,0.7,17.4,75.0,60.0,28.9,61.4,1010.2,1.2,19.0,0.9,0.5,0.9,0
2021-12-20,2021,12,20,Post-Monsoon,Maharashtra (Mumbai/Konkan),18.98,72.83,3,72,Normal,25.6,66.6,1011.2,7.0,8.3,131.0,73.0,26.2,70.1,1012.0,5.7,8.7,0.6,1.3,1.3,0
2021-12-20,2021,12,20,Post-Monsoon,Assam & Meghalaya,26.14,91.73,3,72,Normal,24.3,59.4,1013.3,4.6,16.5,147.0,25.0,25.0,65.1,1013.3,0.6,13.8,0.7,4.0,0.7,0
2021-12-20,2021,12,20,Post-Monsoon,Odisha Coastal,20.27,85.84,4,96,Normal,24.5,73.8,1013.0,0.0,12.0,174.0,20.0,27.1,77.9,1013.6,1.1,11.4,2.6,1.1,2.6,0
2021-12-20,2021,12,20,Post-Monsoon,West Bengal (Gangetic),22.57,88.36,4,96,Normal,24.1,78.3,1013.2,9.0,11.5,245.0,56.0,25.0,73.9,1012.8,3.7,12.3,0.9,5.3,0.9,0
2021-12-20,2021,12,20,Post-Monsoon,Maharashtra (Mumbai/Konkan),18.98,72.83,5,120,Normal,25.9,66.6,1012.4,0.0,6.8,5.0,51.0,26.2,71.3,1012.0,5.7,8.7,0.3,5.7,5.7,0
2021-12-20,2021,12,20,Post-Monsoon,Rajasthan (West),26.91,70.9,5,120,Normal,31.5,54.4,1016.7,4.3,2.8,138.0,68.0,28.3,55.2,1014.0,0.9,5.5,3.2,3.4,3.2,1
2021-12-20,2021,12,20,Post-Monsoon,Rajasthan (West),26.91,70.9,6,144,Normal,29.5,54.4,1014.8,5.1,3.2,223.0,37.0,28.3,53.3,1014.0,0.9,5.5,1.2,4.2,1.2,0
2021-12-20,2021,12,20,Post-Monsoon,Assam & Meghalaya,26.14,91.73,6,144,Normal,23.8,59.4,1014.8,0.0,9.9,60.0,58.0,25.0,64.3,1013.3,0.6,13.8,1.2,0.6,1.2,0
2021-12-20,2021,12,20,Post-Monsoon,Kerala Coast,9.93,76.26,7,168,Normal,29.5,65.4,1010.3,0.0,20.3,251.0,18.0,28.9,64.0,1010.2,1.2,19.0,0.6,1.2,0.6,0
2021-12-20,2021,12,20,Post-Monsoon,Himachal Pradesh,31.1,77.17,7,168,Normal,23.3,81.3,1013.2,0.0,20.7,120.0,35.0,26.1,80.7,1013.2,1.3,16.2,2.8,1.3,2.8,0
2021-12-20,2021,12,20,Post-Monsoon,West Bengal (Gangetic),22.57,88.36,7,168,Normal,21.5,78.3,1013.0,10.2,17.0,21.0,29.0,25.0,81.6,1012.8,3.7,12.3,3.5,6.5,3.5,1
2021-12-20,2021,12,20,Post-Monsoon,Gujarat Coastal,21.64,69.6,8,192,Cyclone,28.4,67.1,995.9,202.7,32.5,198.0,55.0,26.9,66.9,993.0,87.2,39.3,1.5,115.5,115.5,1
2021-12-20,2021,12,20,Post-Monsoon,Himachal Pradesh,31.1,77.17,8,192,Normal,26.0,81.3,1011.4,0.9,14.8,323.0,35.0,26.1,85.5,1013.2,1.3,16.2,0.1,0.4,0.1,0
2021-12-20,2021,12,20,Post-Monsoon,Odisha Coastal,20.27,85.84,9,216,Normal,28.7,73.8,1010.6,8.1,10.9,173.0,67.0,27.1,73.2,1013.6,1.1,11.4,1.6,7.0,1.6,0
2021-12-20,2021,12,20,Post-Monsoon,Gujarat Coastal,21.64,69.6,9,216,Cyclone,27.1,67.1,998.5,0.0,35.9,285.0,88.0,26.9,66.7,993.0,87.2,39.3,0.2,87.2,87.2,1
2021-12-27,2021,12,27,Post-Monsoon,Assam & Meghalaya,26.14,91.73,1,24,Normal,25.8,59.6,1009.3,4.8,14.4,194.0,14.0,25.0,59.3,1008.8,2.2,15.2,0.8,2.6,0.8,0
2021-12-27,2021,12,27,Post-Monsoon,Gujarat Coastal,21.64,69.6,2,48,Normal,26.2,92.7,1014.0,0.1,14.9,114.0,39.0,26.2,88.7,1014.7,0.4,14.7,0.0,0.3,0.0,0
2021-12-27,2021,12,27,Post-Monsoon,Odisha Coastal,20.27,85.84,3,72,Normal,25.2,69.2,1011.6,2.0,8.2,28.0,17.0,23.5,66.4,1011.5,0.7,10.5,1.7,1.3,1.7,0
2021-12-27,2021,12,27,Post-Monsoon,Kerala Coast,9.93,76.26,3,72,Normal,28.5,74.5,1013.4,0.0,10.2,210.0,30.0,24.9,76.6,1013.0,0.7,10.4,3.6,0.7,3.6,1
2021-12-27,2021,12,27,Post-Monsoon,Gujarat Coastal,21.64,69.6,3,72,Normal,23.6,92.7,1015.7,1.8,14.4,36.0,35.0,26.2,88.7,1014.7,0.4,14.7,2.6,1.4,2.6,0
2021-12-27,2021,12,27,Post-Monsoon,Rajasthan (West),26.91,70.9,4,96,Normal,24.3,73.5,1015.4,0.0,8.7,324.0,52.0,24.6,72.2,1016.3,0.3,11.0,0.3,0.3,0.3,0
2021-12-27,2021,12,27,Post-Monsoon,Assam & Meghalaya,26.14,91.73,4,96,Normal,26.4,59.6,1008.8,6.4,20.0,34.0,89.0,25.0,58.8,1008.8,2.2,15.2,1.4,4.2,1.4,0
2021-12-27,2021,12,27,Post-Monsoon,Rajasthan (West),26.91,70.9,5,120,Normal,23.2,73.5,1017.6,0.0,11.4,269.0,57.0,24.6,72.2,1016.3,0.3,11.0,1.4,0.3,1.4,0
2021-12-27,2021,12,27,Post-Monsoon,West Bengal (Gangetic),22.57,88.36,5,120,Normal,28.4,73.6,1015.3,5.2,11.3,95.0,74.0,27.2,72.0,1015.3,1.4,11.1,1.2,3.8,1.2,0
2021-12-27,2021,12,27,Post-Monsoon,Kerala Coast,9.93,76.26,6,144,Normal,27.0,74.5,1013.0,0.0,11.9,89.0,88.0,24.9,76.2,1013.0,0.7,10.4,2.1,0.7,2.1,0
2021-12-27,2021,12,27,Post-Monsoon,Himachal Pradesh,31.1,77.17,6,144,Normal,23.7,76.4,1016.2,0.0,6.7,227.0,52.0,25.5,77.9,1016.4,0.1,11.4,1.8,0.1,1.8,0
2021-12-27,2021,12,27,Post-Monsoon,Maharashtra (Mumbai/Konkan),18.98,72.83,7,168,Normal,21.0,61.3,1018.0,1.6,11.0,250.0,18.0,23.4,62.5,1016.6,0.5,9.1,2.4,1.1,2.4,0
2021-12-27,2021,12,27,Post-Monsoon,Odisha Coastal,20.27,85.84,8,192,Normal,22.0,69.2,1010.8,0.0,10.3,88.0,49.0,23.5,74.8,1011.5,0.7,10.5,1.5,0.7,1.5,0
2021-12-27,2021,12,27,Post-Monsoon,West Bengal (Gangetic),22.57,88.36,8,192,Normal,28.1,73.6,1010.2,0.0,10.8,263.0,34.0,27.2,70.8,1015.3,1.4,11.1,0.9,1.4,0.9,1
2021-12-27,2021,12,27,Post-Monsoon,Maharashtra (Mumbai/Konkan),18.98,72.83,10,240,Normal,30.2,61.3,1016.9,4.7,3.3,182.0,62.0,23.4,64.2,1016.6,0.5,9.1,6.8,4.2,6.8,1
2021-12-27,2021,12,27,Post-Monsoon,Himachal Pradesh,31.1,77.17,10,240,Normal,27.9,76.4,1017.2,1.0,10.3,168.0,12.0,25.5,75.1,1016.4,0.1,11.4,2.4,0.9,2.4,0
2022-01-03,2022,1,3,Winter,Kerala Coast,9.93,76.26,1,24,Normal,15.9,53.4,1017.6,4.2,9.8,6.0,85.0,15.5,54.8,1018.2,2.1,8.5,0.4,2.1,0.4,0
2022-01-03,2022,1,3,Winter,Assam & Meghalaya,26.14,91.73,2,48,Normal,17.6,50.7,1015.8,0.0,10.3,252.0,90.0,17.7,49.9,1017.2,0.0,8.9,0.1,0.0,0.1,0
2022-01-03,2022,1,3,Winter,Maharashtra (Mumbai/Konkan),18.98,72.83,3,72,Normal,16.3,49.5,1015.0,0.7,13.6,225.0,38.0,17.9,49.6,1015.2,2.9,12.2,1.6,2.2,1.6,0
2022-01-03,2022,1,3,Winter,Gujarat Coastal,21.64,69.6,3,72,Normal,20.7,51.0,1018.7,3.4,6.8,253.0,20.0,21.3,48.0,1019.0,2.1,8.9,0.6,1.3,0.6,0
2022-01-03,2022,1,3,Winter,Rajasthan (West),26.91,70.9,3,72,Normal,21.8,71.6,1017.8,1.0,6.7,185.0,88.0,20.3,74.2,1017.5,0.1,8.5,1.5,0.9,1.5,0
2022-01-03,2022,1,3,Winter,Maharashtra (Mumbai/Konkan),18.98,72.83,4,96,Normal,18.2,49.5,1015.0,12.4,12.1,159.0,60.0,17.9,43.9,1015.2,2.9,12.2,0.3,9.5,0.3,0
2022-01-03,2022,1,3,Winter,Gujarat Coastal,21.64,69.6,4,96,Normal,22.7,51.0,1020.7,5.9,4.1,350.0,92.0,21.3,47.9,1019.0,2.1,8.9,1.4,3.8,1.4,0
2022-01-03,2022,1,3,Winter,Himachal Pradesh,31.1,77.17,4,96,Normal,21.0,56.1,1021.5,4.7,5.2,326.0,30.0,19.3,55.0,1020.1,1.3,9.1,1.7,3.4,1.7,0
2022-01-03,2022,1,3,Winter,West Bengal (Gangetic),22.57,88.36,4,96,Normal,20.2,50.8,1018.8,3.9,5.3,339.0,45.0,17.5,47.9,1017.5,1.4,6.7,2.7,2.5,2.7,0
2022-01-03,2022,1,3,Winter,Himachal Pradesh,31.1,77.17,5,120,Normal,17.2,56.1,1022.2,2.4,6.1,69.0,13.0,19.3,60.2,1020.1,1.3,9.1,2.1,1.1,2.1,0
2022-01-03,2022,1,3,Winter,Odisha Coastal,20.27,85.84,6,144,Normal,29.8,49.5,1011.3,8.6,12.5,329.0,26.0,27.8,42.6,1014.6,1.4,9.4,2.0,7.2,2.0,1
2022-01-03,2022,1,3,Winter,Kerala Coast,9.93,76.26,6,144,Normal,14.6,53.4,1017.4,0.4,4.7,24.0,42.0,15.5,57.2,1018.2,2.1,8.5,0.9,1.7,0.9,0
2022-01-03,2022,1,3,Winter,Rajasthan (West),26.91,70.9,6,144,Normal,21.2,71.6,1018.2,0.0,7.7,89.0,25.0,20.3,69.9,1017.5,0.1,8.5,0.9,0.1,0.9,0
2022-01-03,2022,1,3,Winter,West Bengal (Gangetic),22.57,88.36,8,192,Normal,15.7,50.8,1016.6,13.0,8.8,268.0,50.0,17.5,52.9,1017.5,1.4,6.7,1.8,11.6,1.8,0
2022-01-03,2022,1,3,Winter,Odisha Coastal,20.27,85.84,9,216,Normal,28.8,49.5,1012.9,0.0,17.6,359.0,36.0,27.8,61.8,1014.6,1.4,9.4,1.0,1.4,1.0,1
2022-01-03,2022,1,3,Winter,Assam & Meghalaya,26.14,91.73,10,240,Normal,16.3,50.7,1018.5,1.0,11.4,281.0,54.0,17.7,54.8,1017.2,0.0,8.9,1.4,1.0,1.4,0
2022-01-10,2022,1,10,Winter,Odisha Coastal,20.27,85.84,1,24,Normal,18.7,56.4,1016.2,0.0,7.4,205.0,90.0,18.8,59.1,1016.1,0.1,6.3,0.1,0.1,0.1,0
2022-01-10,2022,1,10,Winter,Rajasthan (West),26.91,70.9,2,48,Normal,23.1,64.9,1017.7,3.1,12.2,178.0,42.0,22.4,66.7,1016.7,2.4,9.9,0.7,0.7,0.7,0
2022-01-10,2022,1,10,Winter,Kerala Coast,9.93,76.26,3,72,Normal,19.2,57.0,1015.6,0.0,8.0,167.0,16.0,18.6,57.2,1015.2,0.1,7.1,0.6,0.1,0.6,0
2022-01-10,2022,1,10,Winter,Assam & Meghalaya,26.14,91.73,3,72,Normal,18.3,46.5,1016.0,0.0,8.4,335.0,46.0,17.7,42.4,1016.1,0.5,8.0,0.6,0.5,0.6,0
2022-01-10,2022,1,10,Winter,Gujarat Coastal,21.64,69.6,4,96,Normal,20.6,51.2,1013.6,7.7,8.0,167.0,88.0,20.2,52.2,1013.7,5.3,8.0,0.4,2.4,2.4,0
2022-01-10,2022,1,10,Winter,Rajasthan (West),26.91,70.9,4,96,Normal,20.8,64.9,1016.4,2.3,10.9,283.0,52.0,22.4,65.0,1016.7,2.4,9.9,1.6,0.1,1.6,0
2022-01-10,2022,1,10,Winter,West Bengal (Gangetic),22.57,88.36,4,96,Normal,18.0,45.0,1014.9,5.7,8.7,5.0,22.0,18.5,48.1,1015.0,1.0,10.6,0.5,4.7,0.5,0
2022-01-10,2022,1,10,Winter,Maharashtra (Mumbai/Konkan),18.98,72.83,5,120,Normal,19.9,55.6,1013.2,0.0,8.3,93.0,67.0,17.6,48.7,1013.8,2.1,7.9,2.3,2.1,2.3,0
2022-01-10,2022,1,10,Winter,West Bengal (Gangetic),22.57,88.36,5,120,Normal,20.1,45.0,1015.8,0.0,10.6,302.0,21.0,18.5,47.5,1015.0,1.0,10.6,1.6,1.0,1.6,0
2022-01-10,2022,1,10,Winter,Kerala Coast,9.93,76.26,6,144,Normal,19.3,57.0,1014.5,6.1,5.4,348.0,90.0,18.6,54.1,1015.2,0.1,7.1,0.7,6.0,0.7,0
2022-01-10,2022,1,10,Winter,Maharashtra (Mumbai/Konkan),18.98,72.83,6,144,Normal,16.8,55.6,1012.7,16.2,8.5,40.0,64.0,17.6,56.5,1013.8,2.1,7.9,0.8,14.1,0.8,0
2022-01-10,2022,1,10,Winter,Himachal Pradesh,31.1,77.17,6,144,Western Disturbance,17.4,62.7,1017.1,21.8,9.6,307.0,82.0,22.4,51.0,1016.7,15.5,7.2,5.0,6.3,6.3,1
2022-01-10,2022,1,10,Winter,Himachal Pradesh,31.1,77.17,9,216,Western Disturbance,20.3,62.7,1015.2,13.7,10.8,237.0,59.0,22.4,62.1,1016.7,15.5,7.2,2.1,1.8,1.8,0
2022-01-10,2022,1,10,Winter,Odisha Coastal,20.27,85.84,10,240,Normal,21.2,56.4,1016.9,2.0,9.0,227.0,71.0,18.8,49.8,1016.1,0.1,6.3,2.4,1.9,2.4,0
2022-01-10,2022,1,10,Winter,Gujarat Coastal,21.64,69.6,10,240,Normal,22.5,51.2,1013.5,0.0,1.0,182.0,69.0,20.2,55.6,1013.7,5.3,8.0,2.3,5.3,5.3,0
2022-01-10,2022,1,10,Winter,Assam & Meghalaya,26.14,91.73,10,240,Normal,15.7,46.5,1017.9,0.0,12.8,98.0,43.0,17.7,46.1,1016.1,0.5,8.0,2.0,0.5,2.0,0
2022-01-17,2022,1,17,Winter,Rajasthan (West),26.91,70.9,1,24,Normal,21.1,63.1,1016.2,1.7,9.5,181.0,43.0,22.5,71.6,1015.3,2.0,8.9,1.4,0.3,1.4,0
2022-01-17,2022,1,17,Winter,West Bengal (Gangetic),22.57,88.36,1,24,Normal,19.9,63.3,1013.4,2.6,9.6,152.0,76.0,21.1,60.0,1013.5,1.6,7.8,1.2,1.0,1.2,0
2022-01-17,2022,1,17,Winter,Assam & Meghalaya,26.14,91.73,1,24,Normal,17.6,61.7,1013.8,4.3,10.6,210.0,12.0,18.2,62.8,1014.1,0.6,10.4,0.6,3.7,0.6,0
2022-01-17,2022,1,17,Winter,Kerala Coast,9.93,76.26,2,48,Normal,21.4,53.7,1016.5,0.0,8.1,232.0,44.0,20.2,50.6,1016.0,0.8,8.0,1.2,0.8,1.2,0
2022-01-17,2022,1,17,Winter,Gujarat Coastal,21.64,69.6,2,48,Normal,15.8,54.5,1018.0,3.7,8.2,21.0,94.0,16.6,48.6,1017.8,1.4,8.4,0.8,2.3,0.8,0
2022-01-17,2022,1,17,Winter,Kerala Coast,9.93,76.26,4,96,Normal,20.1,53.7,1014.5,9.0,12.3,146.0,50.0,20.2,52.9,1016.0,0.8,8.0,0.1,8.2,0.1,0
2022-01-17,2022,1,17,Winter,Maharashtra (Mumbai/Konkan),18.98,72.83,4,96,Normal,28.0,64.5,1016.5,0.0,9.5,12.0,68.0,25.6,64.4,1016.8,0.1,8.0,2.4,0.1,2.4,0
2022-01-17,2022,1,17,Winter,Himachal Pradesh,31.1,77.17,5,120,Western Disturbance,26.6,64.2,1014.5,22.2,8.0,125.0,89.0,24.4,62.3,1015.8,25.5,6.3,2.2,3.3,3.3,0
2022-01-17,2022,1,17,Winter,West Bengal (Gangetic),22.57,88.36,5,120,Normal,20.5,63.3,1012.5,7.8,8.4,41.0,46.0,21.1,68.7,1013.5,1.6,7.8,0.6,6.2,0.6,0
2022-01-17,2022,1,17,Winter,Himachal Pradesh,31.1,77.17,6,144,Western Disturbance,23.5,64.2,1016.5,10.7,2.5,2.0,12.0,24.4,63.5,1015.8,25.5,6.3,0.9,14.8,14.8,0
2022-01-17,2022,1,17,Winter,Maharashtra (Mumbai/Konkan),18.98,72.83,7,168,Normal,25.6,64.5,1018.0,3.8,9.9,54.0,89.0,25.6,64.9,1016.8,0.1,8.0,0.0,3.7,0.0,0
2022-01-17,2022,1,17,Winter,Gujarat Coastal,21.64,69.6,7,168,Normal,16.9,54.5,1018.8,0.0,5.5,131.0,22.0,16.6,51.2,1017.8,1.4,8.4,0.3,1.4,0.3,0
2022-01-17,2022,1,17,Winter,Odisha Coastal,20.27,85.84,8,192,Normal,15.1,58.8,1020.0,0.0,9.9,238.0,28.0,21.0,65.6,1018.4,0.0,8.3,5.9,0.0,5.9,1
2022-01-17,2022,1,17,Winter,Assam & Meghalaya,26.14,91.73,8,192,Normal,20.1,61.7,1017.2,2.6,8.6,179.0,15.0,18.2,63.9,1014.1,0.6,10.4,1.9,2.0,1.9,1
2022-01-17,2022,1,17,Winter,Odisha Coastal,20.27,85.84,9,216,Normal,22.9,58.8,1017.1,1.4,1.0,42.0,68.0,21.0,57.3,1018.4,0.0,8.3,1.9,1.4,1.9,1
2022-01-17,2022,1,17,Winter,Rajasthan (West),26.91,70.9,10,240,Normal,19.5,63.1,1017.3,2.2,9.3,286.0,77.0,22.5,61.7,1015.3,2.0,8.9,3.0,0.2,3.0,0
2022-01-24,2022,1,24,Winter,Kerala Coast,9.93,76.26,1,24,Normal,16.8,55.3,1015.7,0.4,7.9,293.0,64.0,17.1,58.8,1015.8,1.2,8.5,0.3,0.8,0.3,0
2022-01-24,2022,1,24,Winter,Gujarat Coastal,21.64,69.6,1,24,Normal,18.9,68.7,1014.6,0.9,9.5,307.0,46.0,18.9,74.5,1014.5,1.1,7.5,0.0,0.2,0.0,0
2022-01-24,2022,1,24,Winter,West Bengal (Gangetic),22.57,88.36,1,24,Normal,21.8,64.5,1014.9,0.0,12.3,353.0,55.0,19.5,70.9,1014.7,0.1,11.2,2.3,0.1,2.3,0
2022-01-24,2022,1,24,Winter,Assam & Meghalaya,26.14,91.73,1,24,Normal,22.1,60.9,1014.7,0.0,7.8,56.0,34.0,22.7,63.2,1013.8,1.6,7.0,0.6,1.6,0.6,0
2022-01-24,2022,1,24,Winter,Rajasthan (West),26.91,70.9,3,72,Normal,22.5,61.8,1017.5,0.0,5.3,124.0,74.0,21.4,63.2,1017.6,0.9,6.0,1.1,0.9,1.1,0
2022-01-24,2022,1,24,Winter,Odisha Coastal,20.27,85.84,5,120,Normal,22.7,64.1,1012.9,0.0,8.9,213.0,63.0,23.6,54.8,1013.2,1.0,4.7,0.9,1.0,0.9,0
2022-01-24,2022,1,24,Winter,Kerala Coast,9.93,76.26,5,120,Normal,18.8,55.3,1017.3,3.5,4.3,348.0,13.0,17.1,61.8,1015.8,1.2,8.5,1.7,2.3,1.7,0
2022-01-24,2022,1,24,Winter,Gujarat Coastal,21.64,69.6,5,120,Normal,17.4,68.7,1014.4,9.4,9.5,281.0,39.0,18.9,76.0,1014.5,1.1,7.5,1.5,8.3,1.5,0
2022-01-24,2022,1,24,Winter,Himachal Pradesh,31.1,77.17,5,120,Normal,14.9,58.3,1016.8,8.3,11.5,285.0,57.0,16.7,64.6,1015.9,4.3,10.2,1.8,4.0,1.8,0
2022-01-24,2022,1,24,Winter,West Bengal (Gangetic),22.57,88.36,5,120,Normal,22.7,64.5,1015.1,1.5,16.2,195.0,47.0,19.5,65.0,1014.7,0.1,11.2,3.2,1.4,3.2,1
2022-01-24,2022,1,24,Winter,Maharashtra (Mumbai/Konkan),18.98,72.83,6,144,Normal,21.9,54.3,1018.8,3.6,8.5,191.0,40.0,21.2,58.4,1022.6,0.9,9.2,0.7,2.7,0.7,1
2022-01-24,2022,1,24,Winter,Odisha Coastal,20.27,85.84,7,168,Normal,20.5,64.1,1013.5,7.8,1.0,138.0,49.0,23.6,69.9,1013.2,1.0,4.7,3.1,6.8,3.1,1
2022-01-24,2022,1,24,Winter,Maharashtra (Mumbai/Konkan),18.98,72.83,7,168,Normal,20.6,54.3,1021.4,0.0,4.5,55.0,78.0,21.2,51.6,1022.6,0.9,9.2,0.6,0.9,0.6,0
2022-01-24,2022,1,24,Winter,Rajasthan (West),26.91,70.9,7,168,Normal,21.1,61.8,1017.5,0.0,6.2,346.0,67.0,21.4,60.1,1017.6,0.9,6.0,0.3,0.9,0.3,0
2022-01-24,2022,1,24,Winter,Himachal Pradesh,31.1,77.17,7,168,Normal,17.3,58.3,1017.3,7.7,10.3,192.0,59.0,16.7,54.0,1015.9,4.3,10.2,0.6,3.4,0.6,0
2022-01-24,2022,1,24,Winter,Assam & Meghalaya,26.14,91.73,8,192,Normal,19.9,60.9,1011.7,6.2,8.4,82.0,94.0,22.7,63.1,1013.8,1.6,7.0,2.8,4.6,2.8,0
2022-01-31,2022,1,31,Winter,Odisha Coastal,20.27,85.84,4,96,Normal,18.6,62.5,1017.6,0.0,6.1,338.0,23.0,18.8,61.1,1016.7,1.3,10.5,0.2,1.3,0.2,0
2022-01-31,2022,1,31,Winter,Gujarat Coastal,21.64,69.6,4,96,Normal,17.7,59.0,1014.4,0.0,13.3,289.0,64.0,18.0,58.0,1015.9,0.8,11.3,0.3,0.8,0.3,0
2022-01-31,2022,1,31,Winter,Rajasthan (West),26.91,70.9,4,96,Normal,19.9,52.4,1015.8,0.0,9.4,184.0,40.0,17.6,52.9,1016.2,0.7,8.5,2.3,0.7,2.3,0
2022-01-31,2022,1,31,Winter,Maharashtra (Mumbai/Konkan),18.98,72.83,5,120,Normal,18.6,58.5,1015.8,0.0,9.2,204.0,66.0,18.9,57.1,1015.8,1.0,9.0,0.3,1.0,0.3,0
2022-01-31,2022,1,31,Winter,West Bengal (Gangetic),22.57,88.36,5,120,Normal,13.0,59.6,1012.4,2.5,4.7,236.0,14.0,12.8,61.5,1014.4,1.4,6.2,0.2,1.1,0.2,0
2022-01-31,2022,1,31,Winter,Assam & Meghalaya,26.14,91.73,5,120,Normal,25.9,64.8,1015.8,0.0,7.6,39.0,41.0,22.8,62.3,1014.5,0.1,6.5,3.1,0.1,3.1,1
2022-01-31,2022,1,31,Winter,Odisha Coastal,20.27,85.84,6,144,Normal,18.8,62.5,1018.4,9.7,12.0,331.0,47.0,18.8,69.8,1016.7,1.3,10.5,0.0,8.4,0.0,0
2022-01-31,2022,1,31,Winter,Maharashtra (Mumbai/Konkan),18.98,72.83,6,144,Normal,21.3,58.5,1017.0,7.5,9.2,331.0,78.0,18.9,55.4,1015.8,1.0,9.0,2.4,6.5,2.4,0
2022-01-31,2022,1,31,Winter,Rajasthan (West),26.91,70.9,6,144,Normal,19.2,52.4,1017.0,0.0,4.5,27.0,27.0,17.6,49.8,1016.2,0.7,8.5,1.6,0.7,1.6,0
2022-01-31,2022,1,31,Winter,Himachal Pradesh,31.1,77.17,6,144,Normal,18.3,63.0,1015.0,0.0,2.7,140.0,80.0,19.5,65.7,1015.8,1.1,3.5,1.2,1.1,1.2,0
2022-01-31,2022,1,31,Winter,West Bengal (Gangetic),22.57,88.36,6,144,Normal,11.6,59.6,1011.7,6.3,11.7,112.0,52.0,12.8,57.2,1014.4,1.4,6.2,1.2,4.9,1.2,0
2022-01-31,2022,1,31,Winter,Kerala Coast,9.93,76.26,7,168,Normal,20.7,64.4,1013.0,1.9,11.0,115.0,30.0,21.4,65.4,1015.0,1.2,8.2,0.7,0.7,0.7,0
2022-01-31,2022,1,31,Winter,Gujarat Coastal,21.64,69.6,7,168,Normal,17.3,59.0,1015.4,0.0,9.7,208.0,91.0,18.0,57.9,1015.9,0.8,11.3,0.7,0.8,0.7,0
2022-01-31,2022,1,31,Winter,Himachal Pradesh,31.1,77.17,8,192,Normal,23.3,63.0,1016.4,1.0,1.0,173.0,86.0,19.5,70.2,1015.8,1.1,3.5,3.8,0.1,3.8,1
2022-01-31,2022,1,31,Winter,Kerala Coast,9.93,76.26,10,240,Normal,17.3,64.4,1010.6,0.6,5.4,158.0,70.0,21.4,65.3,1015.0,1.2,8.2,4.1,0.6,4.1,1
2022-01-31,2022,1,31,Winter,Assam & Meghalaya,26.14,91.73,10,240,Normal,25.1,64.8,1013.8,0.4,6.9,94.0,81.0,22.8,70.3,1014.5,0.1,6.5,2.3,0.3,2.3,0
2022-02-07,2022,2,7,Winter,Maharashtra (Mumbai/Konkan),18.98,72.83,2,48,Normal,15.0,55.0,1013.2,1.4,6.3,310.0,72.0,15.9,51.5,1013.9,3.7,6.0,0.9,2.3,0.9,0
2022-02-07,2022,2,7,Winter,Himachal Pradesh,31.1,77.17,2,48,Normal,23.6,60.8,1018.8,1.8,9.1,256.0,24.0,22.5,58.1,1018.0,0.7,8.1,1.1,1.1,1.1,0
2022-02-07,2022,2,7,Winter,Odisha Coastal,20.27,85.84,3,72,Normal,22.6,48.2,1019.6,4.7,19.0,308.0,29.0,23.2,44.4,1018.7,0.3,12.8,0.6,4.4,0.6,0
2022-02-07,2022,2,7,Winter,Gujarat Coastal,21.64,69.6,3,72,Normal,20.8,40.1,1014.0,5.4,10.0,160.0,33.0,19.5,34.4,1013.9,2.0,10.6,1.3,3.4,1.3,0
2022-02-07,2022,2,7,Winter,Rajasthan (West),26.91,70.9,4,96,Normal,16.1,68.9,1015.6,11.7,10.5,60.0,34.0,15.7,65.2,1014.4,5.7,9.6,0.4,6.0,6.0,0
2022-02-07,2022,2,7,Winter,Assam & Meghalaya,26.14,91.73,4,96,Normal,17.6,63.3,1014.6,7.3,10.4,341.0,26.0,18.3,65.8,1016.1,0.2,7.4,0.7,7.1,0.7,0
2022-02-07,2022,2,7,Winter,Odisha Coastal,20.27,85.84,5,120,Normal,23.3,48.2,1019.3,4.7,14.9,122.0,94.0,23.2,47.8,1018.7,0.3,12.8,0.1,4.4,0.1,0
2022-02-07,2022,2,7,Winter,West Bengal (Gangetic),22.57,88.36,5,120,Normal,18.5,62.4,1018.3,0.0,5.2,135.0,89.0,20.8,64.3,1016.5,0.6,8.1,2.3,0.6,2.3,0
2022-02-07,2022,2,7,Winter,Kerala Coast,9.93,76.26,6,144,Normal,22.3,65.0,1012.8,0.0,12.8,344.0,59.0,21.2,70.2,1015.2,0.4,10.8,1.1,0.4,1.1,0
2022-02-07,2022,2,7,Winter,Gujarat Coastal,21.64,69.6,6,144,Normal,16.7,40.1,1013.2,15.2,13.6,91.0,88.0,19.5,42.3,1013.9,2.0,10.6,2.8,13.2,2.8,0
2022-02-07,2022,2,7,Winter,Kerala Coast,9.93,76.26,7,168,Normal,20.1,65.0,1013.0,0.0,13.1,309.0,94.0,21.2,64.9,1015.2,0.4,10.8,1.1,0.4,1.1,0
2022-02-07,2022,2,7,Winter,Maharashtra (Mumbai/Konkan),18.98,72.83,7,168,Normal,14.6,55.0,1015.5,0.0,1.7,229.0,71.0,15.9,55.0,1013.9,3.7,6.0,1.3,3.7,1.3,0
2022-02-07,2022,2,7,Winter,Himachal Pradesh,31.1,77.17,7,168,Normal,18.2,60.8,1018.8,0.0,9.6,197.0,91.0,22.5,59.9,1018.0,0.7,8.1,4.3,0.7,4.3,1
2022-02-07,2022,2,7,Winter,West Bengal (Gangetic),22.57,88.36,8,192,Normal,19.9,62.4,1010.9,0.0,12.4,207.0,89.0,20.8,66.0,1016.5,0.6,8.1,0.9,0.6,0.9,1
2022-02-07,2022,2,7,Winter,Assam & Meghalaya,26.14,91.73,8,192,Normal,18.2,63.3,1012.0,1.2,6.4,181.0,37.0,18.3,62.0,1016.1,0.2,7.4,0.1,1.0,0.1,1
2022-02-07,2022,2,7,Winter,Rajasthan (West),26.91,70.9,9,216,Normal,14.7,68.9,1018.5,23.3,12.6,304.0,14.0,15.7,62.6,1014.4,5.7,9.6,1.0,17.6,17.6,1
2022-02-14,2022,2,14,Winter,West Bengal (Gangetic),22.57,88.36,1,24,Normal,18.3,62.9,1016.6,1.4,4.9,279.0,64.0,17.9,63.6,1015.8,0.2,4.8,0.4,1.2,0.4,0
2022-02-14,2022,2,14,Winter,Assam & Meghalaya,26.14,91.73,1,24,Normal,19.1,67.0,1017.4,0.0,6.3,8.0,34.0,18.0,72.9,1016.8,0.8,5.3,1.1,0.8,1.1,0
2022-02-14,2022,2,14,Winter,Gujarat Coastal,21.64,69.6,2,48,Normal,17.5,67.7,1014.3,0.0,4.8,113.0,14.0,16.6,65.9,1015.7,0.1,6.4,0.9,0.1,0.9,0
2022-02-14,2022,2,14,Winter,Himachal Pradesh,31.1,77.17,3,72,Normal,17.2,55.0,1014.7,1.6,6.5,87.0,43.0,19.3,54.4,1014.8,1.2,6.4,2.1,0.4,2.1,0
2022-02-14,2022,2,14,Winter,Assam & Meghalaya,26.14,91.73,3,72,Normal,21.1,67.0,1016.9,2.9,7.2,15.0,11.0,18.0,60.5,1016.8,0.8,5.3,3.1,2.1,3.1,1
2022-02-14,2022,2,14,Winter,Rajasthan (West),26.91,70.9,4,96,Normal,16.5,67.7,1016.8,2.5,7.3,167.0,47.0,18.7,71.2,1015.9,0.0,5.0,2.2,2.5,2.2,0
2022-02-14,2022,2,14,Winter,West Bengal (Gangetic),22.57,88.36,4,96,Normal,18.9,62.9,1013.7,1.2,3.9,202.0,58.0,17.9,67.3,1015.8,0.2,4.8,1.0,1.0,1.0,0
2022-02-14,2022,2,14,Winter,Odisha Coastal,20.27,85.84,5,120,Normal,18.2,59.9,1014.7,0.0,2.5,319.0,32.0,18.3,55.9,1014.9,0.6,8.5,0.1,0.6,0.1,0
2022-02-14,2022,2,14,Winter,Kerala Coast,9.93,76.26,5,120,Normal,16.5,58.1,1015.1,0.0,3.5,296.0,47.0,15.9,62.1,1014.6,0.6,7.3,0.6,0.6,0.6,0
2022-02-14,2022,2,14,Winter,Gujarat Coastal,21.64,69.6,5,120,Normal,15.4,67.7,1014.9,0.0,5.7,12.0,90.0,16.6,68.7,1015.7,0.1,6.4,1.2,0.1,1.2,0
2022-02-14,2022,2,14,Winter,Himachal Pradesh,31.1,77.17,5,120,Normal,19.7,55.0,1014.5,9.7,3.7,1.0,31.0,19.3,57.4,1014.8,1.2,6.4,0.4,8.5,0.4,0
2022-02-14,2022,2,14,Winter,Kerala Coast,9.93,76.26,7,168,Normal,14.4,58.1,1016.7,5.4,3.2,265.0,38.0,15.9,55.7,1014.6,0.6,7.3,1.5,4.8,1.5,0
2022-02-14,2022,2,14,Winter,Maharashtra (Mumbai/Konkan),18.98,72.83,7,168,Normal,21.3,60.6,1019.0,4.5,8.1,257.0,34.0,21.5,60.9,1017.8,0.4,9.0,0.2,4.1,0.2,0
2022-02-14,2022,2,14,Winter,Maharashtra (Mumbai/Konkan),18.98,72.83,8,192,Normal,21.1,60.6,1017.4,0.0,3.4,215.0,76.0,21.5,64.6,1017.8,0.4,9.0,0.4,0.4,0.4,0
2022-02-14,2022,2,14,Winter,Odisha Coastal,20.27,85.84,9,216,Normal,20.9,59.9,1016.6,3.0,13.4,1.0,22.0,18.3,60.1,1014.9,0.6,8.5,2.6,2.4,2.6,0
2022-02-14,2022,2,14,Winter,Rajasthan (West),26.91,70.9,9,216,Normal,22.7,67.7,1017.1,0.0,6.0,206.0,47.0,18.7,71.8,1015.9,0.0,5.0,4.0,0.0,4.0,1
2022-02-21,2022,2,21,Winter,Himachal Pradesh,31.1,77.17,1,24,Normal,21.6,62.5,1016.8,2.8,5.6,233.0,18.0,22.2,59.1,1017.4,0.9,4.9,0.6,1.9,0.6,0
2022-02-21,2022,2,21,Winter,Odisha Coastal,20.27,85.84,2,48,Normal,20.0,53.8,1013.9,0.0,7.9,97.0,16.0,20.9,53.7,1015.6,0.1,8.5,0.9,0.1,0.9,0
2022-02-21,2022,2,21,Winter,Kerala Coast,9.93,76.26,3,72,Normal,24.4,58.1,1016.9,1.5,6.1,106.0,87.0,25.2,59.2,1016.6,0.5,6.6,0.8,1.0,0.8,0
2022-02-21,2022,2,21,Winter,Maharashtra (Mumbai/Konkan),18.98,72.83,3,72,Normal,24.1,65.6,1015.9,3.6,8.4,201.0,58.0,24.3,66.7,1016.9,0.5,8.8,0.2,3.1,0.2,0
2022-02-21,2022,2,21,Winter,Rajasthan (West),26.91,70.9,3,72,Normal,18.7,72.7,1012.4,0.0,6.8,45.0,90.0,18.6,71.6,1014.1,0.7,6.0,0.1,0.7,0.1,0
2022-02-21,2022,2,21,Winter,West Bengal (Gangetic),22.57,88.36,3,72,Normal,22.4,64.0,1016.5,0.0,6.2,103.0,73.0,21.7,63.5,1017.0,0.2,8.4,0.7,0.2,0.7,0
2022-02-21,2022,2,21,Winter,Odisha Coastal,20.27,85.84,5,120,Normal,23.5,53.8,1014.6,0.0,8.4,116.0,15.0,20.9,49.6,1015.6,0.1,8.5,2.6,0.1,2.6,0
2022-02-21,2022,2,21,Winter,Maharashtra (Mumbai/Konkan),18.98,72.83,7,168,Normal,23.3,65.6,1017.8,0.0,10.4,328.0,59.0,24.3,65.9,1016.9,0.5,8.8,1.0,0.5,1.0,0
2022-02-21,2022,2,21,Winter,Gujarat Coastal,21.64,69.6,7,168,Normal,18.2,55.1,1013.9,3.2,7.7,164.0,32.0,19.3,51.7,1014.2,0.2,2.5,1.1,3.0,1.1,0
2022-02-21,2022,2,21,Winter,West Bengal (Gangetic),22.57,88.36,7,168,Normal,22.3,64.0,1018.9,0.8,6.3,148.0,49.0,21.7,61.6,1017.0,0.2,8.4,0.6,0.6,0.6,0
2022-02-21,2022,2,21,Winter,Assam & Meghalaya,26.14,91.73,7,168,Normal,20.4,52.8,1020.0,3.0,11.1,306.0,66.0,19.1,48.6,1018.5,0.6,7.1,1.3,2.4,1.3,0
2022-02-21,2022,2,21,Winter,Gujarat Coastal,21.64,69.6,8,192,Normal,15.1,55.1,1012.9,11.3,1.0,236.0,79.0,19.3,52.3,1014.2,0.2,2.5,4.2,11.1,4.2,1
2022-02-21,2022,2,21,Winter,Kerala Coast,9.93,76.26,9,216,Normal,22.4,58.1,1014.5,8.4,7.0,213.0,35.0,25.2,58.8,1016.6,0.5,6.6,2.8,7.9,2.8,0
2022-02-21,2022,2,21,Winter,Himachal Pradesh,31.1,77.17,9,216,Normal,22.0,62.5,1017.1,11.0,10.1,335.0,67.0,22.2,67.8,1017.4,0.9,4.9,0.2,10.1,0.2,0
2022-02-21,2022,2,21,Winter,Assam & Meghalaya,26.14,91.73,9,216,Normal,18.1,52.8,1021.4,2.7,13.0,29.0,43.0,19.1,49.3,1018.5,0.6,7.1,1.0,2.1,1.0,0
2022-02-21,2022,2,21,Winter,Rajasthan (West),26.91,70.9,10,240,Normal,14.7,72.7,1012.5,3.6,11.7,182.0,25.0,18.6,64.8,1014.1,0.7,6.0,3.9,2.9,3.9,1
2022-02-28,2022,2,28,Winter,Maharashtra (Mumbai/Konkan),18.98,72.83,1,24,Normal,25.3,60.5,1016.7,0.6,10.6,46.0,79.0,23.8,65.8,1015.4,0.1,8.9,1.5,0.5,1.5,0
2022-02-28,2022,2,28,Winter,Rajasthan (West),26.91,70.9,1,24,Normal,22.3,52.6,1014.3,0.0,7.4,204.0,48.0,21.7,51.1,1014.1,0.7,6.1,0.6,0.7,0.6,0
2022-02-28,2022,2,28,Winter,West Bengal (Gangetic),22.57,88.36,1,24,Normal,13.9,59.1,1016.0,1.1,5.7,299.0,58.0,14.5,57.9,1016.7,1.3,7.3,0.6,0.2,0.6,0
2022-02-28,2022,2,28,Winter,Assam & Meghalaya,26.14,91.73,1,24,Normal,20.0,53.0,1014.4,5.0,6.5,10.0,68.0,21.4,47.0,1014.8,3.9,9.4,1.4,1.1,1.4,0
2022-02-28,2022,2,28,Winter,Kerala Coast,9.93,76.26,3,72,Normal,27.6,52.2,1014.9,5.9,3.4,173.0,41.0,27.9,55.3,1015.8,1.7,4.8,0.3,4.2,0.3,0
2022-02-28,2022,2,28,Winter,Gujarat Coastal,21.64,69.6,3,72,Normal,28.3,64.0,1014.8,3.6,4.8,293.0,87.0,27.4,61.7,1015.6,1.3,4.3,0.9,2.3,0.9,0
2022-02-28,2022,2,28,Winter,Himachal Pradesh,31.1,77.17,3,72,Normal,22.5,51.6,1020.1,2.2,4.7,202.0,64.0,20.8,51.6,1018.9,0.2,6.6,1.7,2.0,1.7,0
2022-02-28,2022,2,28,Winter,Assam & Meghalaya,26.14,91.73,3,72,Normal,21.0,53.0,1014.1,3.8,11.9,26.0,64.0,21.4,52.4,1014.8,3.9,9.4,0.4,0.1,0.4,0
2022-02-28,2022,2,28,Winter,Rajasthan (West),26.91,70.9,4,96,Normal,22.7,52.6,1013.9,0.0,6.5,197.0,11.0,21.7,52.3,1014.1,0.7,6.1,1.0,0.7,1.0,0
2022-02-28,2022,2,28,Winter,Odisha Coastal,20.27,85.84,6,144,Normal,22.6,52.1,1017.4,1.1,7.6,218.0,43.0,20.2,46.6,1016.7,1.4,6.6,2.4,0.3,2.4,0
2022-02-28,2022,2,28,Winter,West Bengal (Gangetic),22.57,88.36,6,144,Normal,15.3,59.1,1017.2,5.9,5.4,72.0,30.0,14.5,60.7,1016.7,1.3,7.3,0.8,4.6,0.8,0
2022-02-28,2022,2,28,Winter,Maharashtra (Mumbai/Konkan),18.98,72.83,7,168,Normal,25.2,60.5,1013.9,0.0,5.8,232.0,56.0,23.8,59.7,1015.4,0.1,8.9,1.4,0.1,1.4,0
2022-02-28,2022,2,28,Winter,Gujarat Coastal,21.64,69.6,7,168,Normal,26.0,64.0,1016.3,5.2,1.0,313.0,72.0,27.4,64.9,1015.6,1.3,4.3,1.4,3.9,1.4,0
2022-02-28,2022,2,28,Winter,Odisha Coastal,20.27,85.84,8,192,Normal,19.8,52.1,1015.3,0.0,6.8,344.0,24.0,20.2,50.6,1016.7,1.4,6.6,0.4,1.4,0.4,0
2022-02-28,2022,2,28,Winter,Kerala Coast,9.93,76.26,8,192,Normal,30.6,52.2,1017.3,0.0,14.4,266.0,59.0,27.9,52.7,1015.8,1.7,4.8,2.7,1.7,2.7,1
2022-02-28,2022,2,28,Winter,Himachal Pradesh,31.1,77.17,10,240,Normal,26.0,51.6,1015.1,0.0,7.3,313.0,33.0,20.8,47.5,1018.9,0.2,6.6,5.2,0.2,5.2,1
2022-03-07,2022,3,7,Pre-Monsoon,Maharashtra (Mumbai/Konkan),18.98,72.83,1,24,Normal,36.6,38.5,1007.5,0.0,14.3,21.0,25.0,37.0,37.7,1007.6,2.0,13.6,0.4,2.0,0.4,0
2022-03-07,2022,3,7,Pre-Monsoon,Himachal Pradesh,31.1,77.17,1,24,Normal,36.9,63.9,1013.9,0.0,10.9,358.0,33.0,34.9,62.2,1013.8,2.1,8.7,2.0,2.1,2.0,0
2022-03-07,2022,3,7,Pre-Monsoon,Kerala Coast,9.93,76.26,2,48,Normal,36.5,46.5,1006.5,1.1,7.3,294.0,36.0,37.2,46.5,1007.8,0.3,7.9,0.7,0.8,0.7,0
2022-03-07,2022,3,7,Pre-Monsoon,Maharashtra (Mumbai/Konkan),18.98,72.83,2,48,Normal,36.8,38.5,1007.5,0.0,15.1,46.0,43.0,37.0,38.2,1007.6,2.0,13.6,0.2,2.0,0.2,0
2022-03-07,2022,3,7,Pre-Monsoon,Odisha Coastal,20.27,85.84,3,72,Normal,31.8,56.5,1013.1,5.0,9.9,323.0,67.0,33.3,59.8,1014.2,3.5,9.8,1.5,1.5,1.5,0
2022-03-07,2022,3,7,Pre-Monsoon,Rajasthan (West),26.91,70.9,5,120,Normal,36.7,19.7,1011.0,3.8,7.6,3.0,63.0,36.2,21.6,1011.4,0.7,10.0,0.5,3.1,0.5,0
2022-03-07,2022,3,7,Pre-Monsoon,Gujarat Coastal,21.64,69.6,6,144,Normal,33.3,54.3,1013.0,0.0,10.5,19.0,37.0,32.9,45.9,1012.1,0.4,7.9,0.4,0.4,0.4,0
2022-03-07,2022,3,7,Pre-Monsoon,Assam & Meghalaya,26.14,91.73,6,144,Normal,35.7,61.3,1007.7,3.6,18.0,7.0,77.0,36.4,62.9,1010.8,1.6,14.1,0.7,2.0,0.7,1
2022-03-07,2022,3,7,Pre-Monsoon,Gujarat Coastal,21.64,69.6,7,168,Normal,32.1,54.3,1013.5,4.5,8.2,33.0,68.0,32.9,53.7,1012.1,0.4,7.9,0.8,4.1,0.8,0
2022-03-07,2022,3,7,Pre-Monsoon,Rajasthan (West),26.91,70.9,7,168,Normal,33.3,19.7,1012.5,4.2,11.2,64.0,24.0,36.2,20.6,1011.4,0.7,10.0,2.9,3.5,2.9,0
2022-03-07,2022,3,7,Pre-Monsoon,West Bengal (Gangetic),22.57,88.36,7,168,Normal,33.6,44.5,1007.1,12.7,6.6,141.0,57.0,32.1,41.9,1008.6,7.7,6.8,1.5,5.0,5.0,0
2022-03-07,2022,3,7,Pre-Monsoon,Kerala Coast,9.93,76.26,8,192,Normal,37.6,46.5,1006.8,4.6,7.5,145.0,39.0,37.2,44.7,1007.8,0.3,7.9,0.4,4.3,0.4,0
2022-03-07,2022,3,7,Pre-Monsoon,Odisha Coastal,20.27,85.84,9,216,Normal,30.3,56.5,1013.4,0.7,11.9,286.0,63.0,33.3,49.7,1014.2,3.5,9.8,3.0,2.8,3.0,0
2022-03-07,2022,3,7,Pre-Monsoon,Assam & Meghalaya,26.14,91.73,9,216,Normal,35.8,61.3,1013.1,0.0,17.7,205.0,27.0,36.4,63.1,1010.8,1.6,14.1,0.6,1.6,0.6,0
2022-03-07,2022,3,7,Pre-Monsoon,Himachal Pradesh,31.1,77.17,10,240,Normal,34.5,63.9,1016.4,0.0,6.7,290.0,38.0,34.9,70.3,1013.8,2.1,8.7,0.4,2.1,0.4,0
2022-03-07,2022,3,7,Pre-Monsoon,West Bengal (Gangetic),22.57,88.36,10,240,Normal,28.1,44.5,1009.2,15.5,9.2,74.0,44.0,32.1,44.4,1008.6,7.7,6.8,4.0,7.8,7.8,1
2022-03-14,2022,3,14,Pre-Monsoon,Assam & Meghalaya,26.14,91.73,1,24,Normal,35.1,55.2,1008.5,5.7,10.6,288.0,46.0,33.8,56.3,1008.3,2.9,8.8,1.3,2.8,1.3,0
2022-03-14,2022,3,14,Pre-Monsoon,Gujarat Coastal,21.64,69.6,2,48,Normal,37.8,46.3,1012.1,1.4,9.1,225.0,79.0,37.7,43.3,1012.2,1.2,7.9,0.1,0.2,0.1,0
2022-03-14,2022,3,14,Pre-Monsoon,West Bengal (Gangetic),22.57,88.36,2,48,Normal,35.0,65.2,1006.0,0.0,6.4,339.0,33.0,33.9,55.7,1006.2,0.3,6.3,1.1,0.3,1.1,0
2022-03-14,2022,3,14,Pre-Monsoon,Rajasthan (West),26.91,70.9,3,72,Normal,37.4,61.1,1013.5,1.9,11.9,270.0,13.0,38.5,61.1,1014.7,1.8,12.7,1.1,0.1,1.1,0
2022-03-14,2022,3,14,Pre-Monsoon,Odisha Coastal,20.27,85.84,4,96,Normal,39.5,53.0,1008.2,0.4,16.9,337.0,43.0,37.0,60.6,1008.7,0.2,16.3,2.5,0.2,2.5,0
2022-03-14,2022,3,14,Pre-Monsoon,Himachal Pradesh,31.1,77.17,4,96,Normal,32.2,35.1,1012.4,6.4,17.3,9.0,31.0,33.7,34.7,1010.9,5.3,15.6,1.5,1.1,1.1,0
2022-03-14,2022,3,14,Pre-Monsoon,Gujarat Coastal,21.64,69.6,5,120,Normal,40.5,46.3,1011.2,0.0,8.0,162.0,90.0,37.7,47.1,1012.2,1.2,7.9,2.8,1.2,2.8,0
2022-03-14,2022,3,14,Pre-Monsoon,Rajasthan (West),26.91,70.9,5,120,Normal,35.8,61.1,1013.7,0.0,14.6,229.0,27.0,38.5,64.3,1014.7,1.8,12.7,2.7,1.8,2.7,0
2022-03-14,2022,3,14,Pre-Monsoon,West Bengal (Gangetic),22.57,88.36,6,144,Normal,34.5,65.2,1006.9,0.0,5.2,115.0,62.0,33.9,69.7,1006.2,0.3,6.3,0.6,0.3,0.6,0
2022-03-14,2022,3,14,Pre-Monsoon,Kerala Coast,9.93,76.26,7,168,Normal,32.1,59.7,1009.9,0.0,9.7,248.0,23.0,34.3,61.1,1009.7,0.3,6.4,2.2,0.3,2.2,0
2022-03-14,2022,3,14,Pre-Monsoon,Himachal Pradesh,31.1,77.17,7,168,Normal,33.8,35.1,1008.9,1.3,11.4,336.0,39.0,33.7,31.4,1010.9,5.3,15.6,0.1,4.0,4.0,0
2022-03-14,2022,3,14,Pre-Monsoon,Odisha Coastal,20.27,85.84,8,192,Normal,35.6,53.0,1009.7,3.4,13.5,315.0,90.0,37.0,50.7,1008.7,0.2,16.3,1.4,3.2,1.4,0
2022-03-14,2022,3,14,Pre-Monsoon,Kerala Coast,9.93,76.26,8,192,Normal,32.1,59.7,1011.6,5.9,6.1,256.0,13.0,34.3,52.9,1009.7,0.3,6.4,2.2,5.6,2.2,0
2022-03-14,2022,3,14,Pre-Monsoon,Maharashtra (Mumbai/Konkan),18.98,72.83,9,216,Normal,36.3,33.7,1007.3,5.7,2.5,72.0,75.0,37.0,21.9,1010.5,2.2,8.3,0.7,3.5,0.7,1
2022-03-14,2022,3,14,Pre-Monsoon,Maharashtra (Mumbai/Konkan),18.98,72.83,10,240,Normal,44.2,33.7,1009.0,1.8,7.8,315.0,77.0,37.0,39.2,1010.5,2.2,8.3,7.2,0.4,7.2,1
2022-03-14,2022,3,14,Pre-Monsoon,Assam & Meghalaya,26.14,91.73,10,240,Normal,36.0,55.2,1011.4,1.9,3.6,210.0,86.0,33.8,56.6,1008.3,2.9,8.8,2.2,1.0,2.2,1
2022-03-21,2022,3,21,Pre-Monsoon,Odisha Coastal,20.27,85.84,1,24,Normal,35.7,38.2,1010.9,1.9,6.5,211.0,25.0,35.7,32.7,1010.3,0.7,8.3,0.0,1.2,0.0,0
2022-03-21,2022,3,21,Pre-Monsoon,Maharashtra (Mumbai/Konkan),18.98,72.83,1,24,Normal,31.9,54.4,1012.5,0.4,10.0,7.0,46.0,32.7,55.5,1012.6,3.1,9.6,0.8,2.7,0.8,0
2022-03-21,2022,3,21,Pre-Monsoon,Rajasthan (West),26.91,70.9,1,24,Normal,35.3,62.6,1009.4,4.9,11.6,166.0,27.0,36.8,59.3,1009.2,4.9,11.5,1.5,0.0,1.5,0
2022-03-21,2022,3,21,Pre-Monsoon,Gujarat Coastal,21.64,69.6,2,48,Normal,31.6,70.3,1007.7,0.0,12.1,258.0,22.0,30.0,66.1,1008.4,2.7,10.5,1.6,2.7,1.6,0
2022-03-21,2022,3,21,Pre-Monsoon,West Bengal (Gangetic),22.57,88.36,2,48,Normal,41.2,42.8,1010.3,0.0,10.7,33.0,88.0,41.4,43.5,1010.8,2.4,8.5,0.2,2.4,0.2,0
2022-03-21,2022,3,21,Pre-Monsoon,Gujarat Coastal,21.64,69.6,4,96,Normal,32.3,70.3,1008.5,1.1,5.7,203.0,82.0,30.0,71.6,1008.4,2.7,10.5,2.3,1.6,2.3,0
2022-03-21,2022,3,21,Pre-Monsoon,Rajasthan (West),26.91,70.9,5,120,Normal,38.3,62.6,1008.7,0.0,8.1,183.0,57.0,36.8,59.1,1009.2,4.9,11.5,1.5,4.9,1.5,0
2022-03-21,2022,3,21,Pre-Monsoon,Assam & Meghalaya,26.14,91.73,5,120,Normal,28.3,52.1,1006.7,0.0,6.5,107.0,28.0,29.6,56.4,1006.2,0.1,7.9,1.3,0.1,1.3,0
2022-03-21,2022,3,21,Pre-Monsoon,Kerala Coast,9.93,76.26,6,144,Normal,36.8,61.6,1006.2,2.2,11.8,45.0,91.0,36.1,65.3,1005.9,0.3,8.6,0.7,1.9,0.7,0
2022-03-21,2022,3,21,Pre-Monsoon,Himachal Pradesh,31.1,77.17,8,192,Normal,36.7,43.9,1006.2,0.0,10.1,291.0,23.0,40.9,49.1,1007.8,3.5,10.0,4.2,3.5,4.2,1
2022-03-21,2022,3,21,Pre-Monsoon,Odisha Coastal,20.27,85.84,9,216,Normal,41.2,38.2,1011.9,0.0,3.5,51.0,26.0,35.7,36.5,1010.3,0.7,8.3,5.5,0.7,5.5,1
2022-03-21,2022,3,21,Pre-Monsoon,Maharashtra (Mumbai/Konkan),18.98,72.83,9,216,Normal,33.1,54.4,1016.5,11.7,14.1,296.0,69.0,32.7,60.2,1012.6,3.1,9.6,0.4,8.6,0.4,1
2022-03-21,2022,3,21,Pre-Monsoon,West Bengal (Gangetic),22.57,88.36,9,216,Normal,37.8,42.8,1014.5,4.7,12.2,236.0,63.0,41.4,47.0,1010.8,2.4,8.5,3.6,2.3,3.6,1
2022-03-21,2022,3,21,Pre-Monsoon,Assam & Meghalaya,26.14,91.73,9,216,Normal,28.6,52.1,1005.7,3.4,15.4,188.0,80.0,29.6,49.0,1006.2,0.1,7.9,1.0,3.3,1.0,1
2022-03-21,2022,3,21,Pre-Monsoon,Kerala Coast,9.93,76.26,10,240,Normal,37.1,61.6,1006.3,0.0,10.0,198.0,82.0,36.1,62.8,1005.9,0.3,8.6,1.0,0.3,1.0,0
2022-03-21,2022,3,21,Pre-Monsoon,Himachal Pradesh,31.1,77.17,10,240,Normal,43.9,43.9,1008.4,0.0,19.2,119.0,69.0,40.9,43.4,1007.8,3.5,10.0,3.0,3.5,3.0,1
2022-03-28,2022,3,28,Pre-Monsoon,Kerala Coast,9.93,76.26,2,48,Heat Wave,43.4,36.4,1008.2,0.2,5.3,299.0,40.0,43.0,40.0,1009.3,2.9,6.8,0.4,2.7,0.4,0
2022-03-28,2022,3,28,Pre-Monsoon,Odisha Coastal,20.27,85.84,3,72,Normal,34.7,55.5,1011.6,1.7,10.3,137.0,30.0,36.4,57.1,1011.7,0.0,8.7,1.7,1.7,1.7,0
2022-03-28,2022,3,28,Pre-Monsoon,Rajasthan (West),26.91,70.9,3,72,Normal,35.4,56.6,1011.8,0.0,11.9,25.0,85.0,36.0,63.0,1012.3,0.5,8.2,0.6,0.5,0.6,0
2022-03-28,2022,3,28,Pre-Monsoon,Himachal Pradesh,31.1,77.17,3,72,Normal,30.0,53.8,1009.0,0.0,11.1,260.0,43.0,29.7,55.9,1009.1,0.4,13.2,0.3,0.4,0.3,0
2022-03-28,2022,3,28,Pre-Monsoon,Odisha Coastal,20.27,85.84,4,96,Normal,36.4,55.5,1010.2,4.3,6.8,232.0,43.0,36.4,59.5,1011.7,0.0,8.7,0.0,4.3,0.0,0
2022-03-28,2022,3,28,Pre-Monsoon,Maharashtra (Mumbai/Konkan),18.98,72.83,4,96,Normal,40.2,48.7,1006.5,7.4,9.2,240.0,29.0,38.1,44.5,1007.3,1.2,8.0,2.1,6.2,2.1,0
2022-03-28,2022,3,28,Pre-Monsoon,West Bengal (Gangetic),22.57,88.36,4,96,Normal,40.6,29.2,1009.5,3.1,8.1,7.0,73.0,39.1,30.5,1009.9,0.1,11.9,1.5,3.0,1.5,0
2022-03-28,2022,3,28,Pre-Monsoon,Gujarat Coastal,21.64,69.6,5,120,Normal,36.6,53.2,1011.5,12.1,7.8,209.0,77.0,36.5,46.2,1012.9,4.4,5.8,0.1,7.7,0.1,0
2022-03-28,2022,3,28,Pre-Monsoon,Rajasthan (West),26.91,70.9,5,120,Normal,37.5,56.6,1012.9,4.9,4.8,281.0,72.0,36.0,51.4,1012.3,0.5,8.2,1.5,4.4,1.5,0
2022-03-28,2022,3,28,Pre-Monsoon,West Bengal (Gangetic),22.57,88.36,6,144,Normal,39.2,29.2,1006.9,0.0,11.6,3.0,93.0,39.1,22.5,1009.9,0.1,11.9,0.1,0.1,0.1,0
2022-03-28,2022,3,28,Pre-Monsoon,Maharashtra (Mumbai/Konkan),18.98,72.83,7,168,Normal,39.5,48.7,1006.8,0.0,2.0,93.0,61.0,38.1,50.1,1007.3,1.2,8.0,1.4,1.2,1.4,0
2022-03-28,2022,3,28,Pre-Monsoon,Himachal Pradesh,31.1,77.17,7,168,Normal,28.6,53.8,1009.7,9.2,15.2,237.0,34.0,29.7,56.0,1009.1,0.4,13.2,1.1,8.8,1.1,0
2022-03-28,2022,3,28,Pre-Monsoon,Assam & Meghalaya,26.14,91.73,7,168,Normal,33.8,48.5,1014.4,0.0,13.3,69.0,74.0,34.0,50.7,1013.8,1.4,13.9,0.2,1.4,0.2,0
2022-03-28,2022,3,28,Pre-Monsoon,Kerala Coast,9.93,76.26,8,192,Heat Wave,41.6,36.4,1006.2,8.0,5.4,101.0,41.0,43.0,50.5,1009.3,2.9,6.8,1.4,5.1,1.4,1
2022-03-28,2022,3,28,Pre-Monsoon,Gujarat Coastal,21.64,69.6,8,192,Normal,33.6,53.2,1011.9,3.6,5.6,239.0,66.0,36.5,55.7,1012.9,4.4,5.8,2.9,0.8,2.9,0
2022-03-28,2022,3,28,Pre-Monsoon,Assam & Meghalaya,26.14,91.73,10,240,Normal,35.3,48.5,1014.3,1.7,10.3,330.0,53.0,34.0,47.5,1013.8,1.4,13.9,1.3,0.3,1.3,0
2022-04-04,2022,4,4,Pre-Monsoon,Odisha Coastal,20.27,85.84,1,24,Normal,37.2,49.0,1006.8,0.0,10.9,36.0,10.0,37.5,55.1,1006.9,0.2,9.7,0.3,0.2,0.3,0
2022-04-04,2022,4,4,Pre-Monsoon,Kerala Coast,9.93,76.26,1,24,Heat Wave,43.7,48.9,1009.2,4.2,7.3,286.0,62.0,43.9,49.3,1008.5,3.1,8.1,0.2,1.1,0.2,0
2022-04-04,2022,4,4,Pre-Monsoon,Rajasthan (West),26.91,70.9,1,24,Normal,38.3,67.4,1012.7,0.0,9.1,357.0,45.0,38.0,67.2,1011.6,1.4,9.4,0.3,1.4,0.3,0
2022-04-04,2022,4,4,Pre-Monsoon,Maharashtra (Mumbai/Konkan),18.98,72.83,2,48,Normal,40.1,34.2,1012.9,1.6,14.4,328.0,25.0,39.1,31.3,1013.0,0.5,15.1,1.0,1.1,1.0,0
2022-04-04,2022,4,4,Pre-Monsoon,Himachal Pradesh,31.1,77.17,2,48,Normal,32.8,48.4,1007.4,2.6,9.3,42.0,53.0,33.4,50.3,1008.7,1.2,11.3,0.6,1.4,0.6,0
2022-04-04,2022,4,4,Pre-Monsoon,Assam & Meghalaya,26.14,91.73,3,72,Normal,33.6,65.9,1008.9,0.0,11.1,159.0,21.0,35.7,64.8,1009.0,2.4,12.5,2.1,2.4,2.1,0
2022-04-04,2022,4,4,Pre-Monsoon,Maharashtra (Mumbai/Konkan),18.98,72.83,6,144,Normal,38.8,34.2,1013.9,0.0,16.1,314.0,47.0,39.1,26.9,1013.0,0.5,15.1,0.3,0.5,0.3,0
2022-04-04,2022,4,4,Pre-Monsoon,Gujarat Coastal,21.64,69.6,6,144,Cyclone,30.5,48.6,1009.8,23.0,10.6,269.0,27.0,30.9,52.4,1007.2,3.9,15.0,0.4,19.1,0.4,0
2022-04-04,2022,4,4,Pre-Monsoon,Rajasthan (West),26.91,70.9,6,144,Normal,35.9,67.4,1011.4,3.1,7.7,215.0,75.0,38.0,72.4,1011.6,1.4,9.4,2.1,1.7,2.1,0
2022-04-04,2022,4,4,Pre-Monsoon,Himachal Pradesh,31.1,77.17,6,144,Normal,31.8,48.4,1009.7,0.0,11.3,13.0,12.0,33.4,50.2,1008.7,1.2,11.3,1.6,1.2,1.6,0
2022-04-04,2022,4,4,Pre-Monsoon,Gujarat Coastal,21.64,69.6,7,168,Cyclone,33.2,48.6,1007.7,9.3,9.0,113.0,93.0,30.9,53.9,1007.2,3.9,15.0,2.3,5.4,2.3,0
2022-04-04,2022,4,4,Pre-Monsoon,West Bengal (Gangetic),22.57,88.36,8,192,Normal,41.1,51.4,1010.1,0.0,5.3,81.0,61.0,41.5,41.6,1012.3,1.3,8.1,0.4,1.3,0.4,0
2022-04-04,2022,4,4,Pre-Monsoon,Odisha Coastal,20.27,85.84,10,240,Normal,29.9,49.0,1011.9,0.0,13.9,234.0,35.0,37.5,50.2,1006.9,0.2,9.7,7.6,0.2,7.6,1
2022-04-04,2022,4,4,Pre-Monsoon,Kerala Coast,9.93,76.26,10,240,Heat Wave,39.8,48.9,1005.6,23.2,11.1,126.0,51.0,43.9,50.6,1008.5,3.1,8.1,4.1,20.1,4.1,1
2022-04-04,2022,4,4,Pre-Monsoon,West Bengal (Gangetic),22.57,88.36,10,240,Normal,37.9,51.4,1009.7,8.8,2.7,150.0,80.0,41.5,50.9,1012.3,1.3,8.1,3.6,7.5,3.6,1
2022-04-04,2022,4,4,Pre-Monsoon,Assam & Meghalaya,26.14,91.73,10,240,Normal,34.3,65.9,1012.3,10.6,11.0,262.0,78.0,35.7,62.4,1009.0,2.4,12.5,1.4,8.2,1.4,1
2022-04-11,2022,4,11,Pre-Monsoon,Odisha Coastal,20.27,85.84,1,24,Normal,34.4,56.7,1009.3,1.0,12.5,339.0,68.0,34.9,53.2,1009.0,3.2,13.5,0.5,2.2,0.5,0
2022-04-11,2022,4,11,Pre-Monsoon,Odisha Coastal,20.27,85.84,4,96,Normal,35.1,56.7,1008.1,0.0,13.8,181.0,55.0,34.9,57.4,1009.0,3.2,13.5,0.2,3.2,0.2,0
2022-04-11,2022,4,11,Pre-Monsoon,Maharashtra (Mumbai/Konkan),18.98,72.83,4,96,Normal,34.2,44.7,1008.4,0.0,8.9,24.0,82.0,33.8,41.6,1009.6,4.0,12.1,0.4,4.0,0.4,0
2022-04-11,2022,4,11,Pre-Monsoon,Rajasthan (West),26.91,70.9,4,96,Normal,38.0,41.0,1007.8,0.0,2.2,189.0,18.0,35.4,49.6,1008.7,0.6,6.8,2.6,0.6,2.6,0
2022-04-11,2022,4,11,Pre-Monsoon,Himachal Pradesh,31.1,77.17,4,96,Normal,35.9,48.4,1013.2,3.8,13.4,313.0,16.0,35.8,52.4,1010.8,4.0,11.9,0.1,0.2,0.1,0
2022-04-11,2022,4,11,Pre-Monsoon,West Bengal (Gangetic),22.57,88.36,4,96,Cyclone,39.6,41.9,1012.2,26.0,12.2,94.0,68.0,39.9,37.6,1011.9,6.5,5.3,0.3,19.5,19.5,0
2022-04-11,2022,4,11,Pre-Monsoon,Assam & Meghalaya,26.14,91.73,4,96,Normal,37.3,62.3,1009.9,0.0,5.8,356.0,36.0,37.1,64.3,1010.1,1.0,8.4,0.2,1.0,0.2,0
2022-04-11,2022,4,11,Pre-Monsoon,Himachal Pradesh,31.1,77.17,5,120,Normal,35.4,48.4,1013.1,0.0,18.1,302.0,80.0,35.8,44.8,1010.8,4.0,11.9,0.4,4.0,0.4,0
2022-04-11,2022,4,11,Pre-Monsoon,Maharashtra (Mumbai/Konkan),18.98,72.83,6,144,Normal,35.8,44.7,1009.4,3.2,15.9,331.0,88.0,33.8,41.4,1009.6,4.0,12.1,2.0,0.8,2.0,0
2022-04-11,2022,4,11,Pre-Monsoon,Kerala Coast,9.93,76.26,8,192,Normal,39.4,52.4,1008.4,3.8,12.1,252.0,65.0,41.3,49.9,1007.9,2.1,9.3,1.9,1.7,1.9,0
2022-04-11,2022,4,11,Pre-Monsoon,Rajasthan (West),26.91,70.9,8,192,Normal,37.6,41.0,1008.4,4.4,9.0,115.0,49.0,35.4,38.8,1008.7,0.6,6.8,2.2,3.8,2.2,0
2022-04-11,2022,4,11,Pre-Monsoon,Kerala Coast,9.93,76.26,9,216,Normal,38.4,52.4,1007.7,14.6,2.0,272.0,20.0,41.3,55.4,1007.9,2.1,9.3,2.9,12.5,2.9,1
2022-04-11,2022,4,11,Pre-Monsoon,Gujarat Coastal,21.64,69.6,9,216,Normal,33.7,34.8,1010.1,0.0,12.4,355.0,73.0,32.2,30.4,1006.7,3.1,9.9,1.5,3.1,1.5,1
2022-04-11,2022,4,11,Pre-Monsoon,West Bengal (Gangetic),22.57,88.36,9,216,Cyclone,35.0,41.9,1012.1,4.5,11.4,315.0,12.0,39.9,35.4,1011.9,6.5,5.3,4.9,2.0,2.0,1
2022-04-11,2022,4,11,Pre-Monsoon,Gujarat Coastal,21.64,69.6,10,240,Normal,35.5,34.8,1005.1,0.0,14.8,98.0,30.0,32.2,37.7,1006.7,3.1,9.9,3.3,3.1,3.3,1
2022-04-11,2022,4,11,Pre-Monsoon,Assam & Meghalaya,26.14,91.73,10,240,Normal,39.0,62.3,1012.4,5.3,9.0,180.0,29.0,37.1,59.9,1010.1,1.0,8.4,1.9,4.3,1.9,0
2022-04-18,2022,4,18,Pre-Monsoon,Kerala Coast,9.93,76.26,1,24,Normal,34.9,43.9,1011.0,2.3,1.0,148.0,91.0,34.5,45.1,1011.7,1.1,2.3,0.4,1.2,0.4,0
2022-04-18,2022,4,18,Pre-Monsoon,Assam & Meghalaya,26.14,91.73,1,24,Normal,32.1,64.5,1014.0,6.2,8.9,88.0,21.0,31.8,60.9,1014.6,2.0,8.3,0.3,4.2,0.3,0
2022-04-18,2022,4,18,Pre-Monsoon,Rajasthan (West),26.91,70.9,2,48,Normal,29.7,63.6,1010.5,0.0,9.5,149.0,54.0,30.7,57.5,1011.3,2.2,8.8,1.0,2.2,1.0,0
2022-04-18,2022,4,18,Pre-Monsoon,Himachal Pradesh,31.1,77.17,2,48,Normal,33.0,62.6,1010.2,0.0,13.7,108.0,42.0,33.5,60.1,1011.5,1.4,12.9,0.5,1.4,0.5,0
2022-04-18,2022,4,18,Pre-Monsoon,West Bengal (Gangetic),22.57,88.36,2,48,Normal,42.6,64.3,1003.5,0.0,12.9,305.0,54.0,40.9,70.6,1003.5,0.2,13.7,1.7,0.2,1.7,0
2022-04-18,2022,4,18,Pre-Monsoon,Maharashtra (Mumbai/Konkan),18.98,72.83,3,72,Normal,36.9,33.0,1011.2,0.0,8.4,237.0,37.0,37.2,38.8,1011.3,1.1,6.3,0.3,1.1,0.3,0
2022-04-18,2022,4,18,Pre-Monsoon,Maharashtra (Mumbai/Konkan),18.98,72.83,4,96,Normal,37.2,33.0,1010.3,1.6,3.7,249.0,16.0,37.2,27.2,1011.3,1.1,6.3,0.0,0.5,0.0,0
2022-04-18,2022,4,18,Pre-Monsoon,Gujarat Coastal,21.64,69.6,4,96,Normal,34.6,55.5,1009.3,0.0,4.5,341.0,33.0,33.4,54.4,1010.4,0.8,5.1,1.2,0.8,1.2,0
2022-04-18,2022,4,18,Pre-Monsoon,Himachal Pradesh,31.1,77.17,4,96,Normal,34.9,62.6,1010.3,0.0,15.7,137.0,37.0,33.5,54.7,1011.5,1.4,12.9,1.4,1.4,1.4,0
2022-04-18,2022,4,18,Pre-Monsoon,Odisha Coastal,20.27,85.84,5,120,Normal,37.1,44.9,1005.7,2.6,12.8,5.0,64.0,34.3,44.0,1007.5,2.4,12.8,2.8,0.2,2.8,0
2022-04-18,2022,4,18,Pre-Monsoon,Assam & Meghalaya,26.14,91.73,7,168,Normal,32.4,64.5,1012.4,9.5,10.2,204.0,38.0,31.8,63.0,1014.6,2.0,8.3,0.6,7.5,0.6,0
2022-04-18,2022,4,18,Pre-Monsoon,Gujarat Coastal,21.64,69.6,8,192,Normal,33.0,55.5,1010.4,0.0,1.0,67.0,87.0,33.4,52.4,1010.4,0.8,5.1,0.4,0.8,0.4,0
2022-04-18,2022,4,18,Pre-Monsoon,Odisha Coastal,20.27,85.84,9,216,Normal,31.7,44.9,1009.4,14.7,9.6,184.0,74.0,34.3,47.3,1007.5,2.4,12.8,2.6,12.3,2.6,0
2022-04-18,2022,4,18,Pre-Monsoon,Kerala Coast,9.93,76.26,9,216,Normal,33.7,43.9,1008.8,16.9,11.0,296.0,29.0,34.5,49.4,1011.7,1.1,2.3,0.8,15.8,0.8,1
2022-04-18,2022,4,18,Pre-Monsoon,Rajasthan (West),26.91,70.9,9,216,Normal,30.5,63.6,1010.2,0.0,3.2,188.0,28.0,30.7,68.8,1011.3,2.2,8.8,0.2,2.2,0.2,0
2022-04-18,2022,4,18,Pre-Monsoon,West Bengal (Gangetic),22.57,88.36,10,240,Normal,39.5,64.3,1001.8,0.0,17.2,113.0,48.0,40.9,64.9,1003.5,0.2,13.7,1.4,0.2,1.4,0
2022-04-25,2022,4,25,Pre-Monsoon,Maharashtra (Mumbai/Konkan),18.98,72.83,1,24,Normal,35.9,51.5,1008.8,0.0,6.6,333.0,57.0,35.9,55.5,1009.9,2.9,8.5,0.0,2.9,0.0,0
2022-04-25,2022,4,25,Pre-Monsoon,Rajasthan (West),26.91,70.9,1,24,Normal,35.8,41.0,1010.9,9.5,14.1,155.0,62.0,35.3,43.6,1010.8,5.3,14.3,0.5,4.2,4.2,0
2022-04-25,2022,4,25,Pre-Monsoon,West Bengal (Gangetic),22.57,88.36,1,24,Cyclone,37.1,56.1,1008.4,0.4,6.3,154.0,76.0,36.0,53.0,1009.2,2.8,6.7,1.1,2.4,1.1,0
2022-04-25,2022,4,25,Pre-Monsoon,Odisha Coastal,20.27,85.84,2,48,Normal,39.2,59.1,1013.0,2.6,12.1,0.0,78.0,39.5,61.3,1012.1,0.7,10.7,0.3,1.9,0.3,0
2022-04-25,2022,4,25,Pre-Monsoon,Assam & Meghalaya,26.14,91.73,2,48,Normal,36.6,65.0,1007.7,1.5,8.5,211.0,48.0,37.5,64.8,1007.3,0.3,10.9,0.9,1.2,0.9,0
2022-04-25,2022,4,25,Pre-Monsoon,West Bengal (Gangetic),22.57,88.36,3,72,Cyclone,35.8,56.1,1008.6,7.9,9.9,29.0,28.0,36.0,54.4,1009.2,2.8,6.7,0.2,5.1,0.2,0
2022-04-25,2022,4,25,Pre-Monsoon,Assam & Meghalaya,26.14,91.73,3,72,Normal,36.5,65.0,1007.2,0.0,13.2,257.0,34.0,37.5,66.0,1007.3,0.3,10.9,1.0,0.3,1.0,0
2022-04-25,2022,4,25,Pre-Monsoon,Himachal Pradesh,31.1,77.17,4,96,Normal,30.7,46.7,1007.8,0.0,13.0,286.0,53.0,31.1,43.9,1009.0,1.2,12.1,0.4,1.2,0.4,0
2022-04-25,2022,4,25,Pre-Monsoon,Kerala Coast,9.93,76.26,5,120,Normal,30.3,54.6,1015.0,0.0,8.4,312.0,50.0,29.4,59.1,1015.3,0.7,9.0,0.9,0.7,0.9,0
2022-04-25,2022,4,25,Pre-Monsoon,Rajasthan (West),26.91,70.9,5,120,Normal,36.2,41.0,1008.9,4.7,13.2,0.0,23.0,35.3,40.7,1010.8,5.3,14.3,0.9,0.6,0.6,0
2022-04-25,2022,4,25,Pre-Monsoon,Odisha Coastal,20.27,85.84,6,144,Normal,38.2,59.1,1013.5,0.0,12.8,23.0,53.0,39.5,59.1,1012.1,0.7,10.7,1.3,0.7,1.3,0
2022-04-25,2022,4,25,Pre-Monsoon,Maharashtra (Mumbai/Konkan),18.98,72.83,6,144,Normal,36.2,51.5,1009.1,0.0,7.3,66.0,92.0,35.9,52.1,1009.9,2.9,8.5,0.3,2.9,0.3,0
2022-04-25,2022,4,25,Pre-Monsoon,Gujarat Coastal,21.64,69.6,7,168,Normal,39.0,40.9,1004.7,0.0,10.5,162.0,54.0,36.9,44.5,1006.1,0.3,10.7,2.1,0.3,2.1,0
2022-04-25,2022,4,25,Pre-Monsoon,Gujarat Coastal,21.64,69.6,8,192,Normal,38.1,40.9,1001.7,0.0,8.6,285.0,32.0,36.9,46.7,1006.1,0.3,10.7,1.2,0.3,1.2,1
2022-04-25,2022,4,25,Pre-Monsoon,Kerala Coast,9.93,76.26,9,216,Normal,29.6,54.6,1015.0,10.8,10.9,307.0,10.0,29.4,49.1,1015.3,0.7,9.0,0.2,10.1,0.2,0
2022-04-25,2022,4,25,Pre-Monsoon,Himachal Pradesh,31.1,77.17,10,240,Normal,32.7,46.7,1008.1,0.0,9.5,51.0,42.0,31.1,44.7,1009.0,1.2,12.1,1.6,1.2,1.6,0
2022-05-02,2022,5,2,Pre-Monsoon,Gujarat Coastal,21.64,69.6,1,24,Normal,41.4,46.1,1008.8,1.4,12.3,320.0,11.0,40.4,52.7,1008.6,2.2,12.2,1.0,0.8,1.0,0
2022-05-02,2022,5,2,Pre-Monsoon,Rajasthan (West),26.91,70.9,1,24,Normal,33.9,36.2,1008.7,4.0,10.2,44.0,31.0,33.0,35.8,1008.8,4.4,11.9,0.9,0.4,0.9,0
2022-05-02,2022,5,2,Pre-Monsoon,Odisha Coastal,20.27,85.84,2,48,Normal,37.2,43.8,1006.0,3.3,10.9,141.0,68.0,36.6,51.9,1006.0,6.6,9.7,0.6,3.3,3.3,0
2022-05-02,2022,5,2,Pre-Monsoon,Maharashtra (Mumbai/Konkan),18.98,72.83,2,48,Normal,35.6,55.2,1003.6,1.5,14.8,58.0,43.0,35.3,54.2,1004.0,1.7,15.2,0.3,0.2,0.3,0
2022-05-02,2022,5,2,Pre-Monsoon,Gujarat Coastal,21.64,69.6,3,72,Normal,40.5,46.1,1009.4,7.3,10.3,321.0,35.0,40.4,50.3,1008.6,2.2,12.2,0.1,5.1,0.1,0
2022-05-02,2022,5,2,Pre-Monsoon,Himachal Pradesh,31.1,77.17,3,72,Normal,31.1,31.5,1005.7,0.0,16.3,136.0,77.0,31.7,29.0,1006.1,0.6,12.2,0.6,0.6,0.6,0
2022-05-02,2022,5,2,Pre-Monsoon,West Bengal (Gangetic),22.57,88.36,3,72,Normal,38.6,40.5,1012.0,2.4,12.7,14.0,87.0,37.6,39.9,1011.8,0.2,10.7,1.0,2.2,1.0,0
2022-05-02,2022,5,2,Pre-Monsoon,Rajasthan (West),26.91,70.9,4,96,Normal,32.8,36.2,1008.1,0.0,9.3,231.0,58.0,33.0,34.6,1008.8,4.4,11.9,0.2,4.4,0.2,0
2022-05-02,2022,5,2,Pre-Monsoon,West Bengal (Gangetic),22.57,88.36,4,96,Normal,37.5,40.5,1012.1,0.0,12.6,90.0,16.0,37.6,39.6,1011.8,0.2,10.7,0.1,0.2,0.1,0
2022-05-02,2022,5,2,Pre-Monsoon,Kerala Coast,9.93,76.26,5,120,Normal,39.3,50.2,1009.7,0.0,1.0,203.0,40.0,38.3,46.2,1010.1,0.4,2.7,1.0,0.4,1.0,0
2022-05-02,2022,5,2,Pre-Monsoon,Odisha Coastal,20.27,85.84,6,144,Normal,36.1,43.8,1006.4,9.4,12.3,343.0,94.0,36.6,44.8,1006.0,6.6,9.7,0.5,2.8,2.8,0
2022-05-02,2022,5,2,Pre-Monsoon,Maharashtra (Mumbai/Konkan),18.98,72.83,6,144,Normal,35.9,55.2,1004.2,1.4,17.5,187.0,18.0,35.3,60.9,1004.0,1.7,15.2,0.6,0.3,0.6,0
2022-05-02,2022,5,2,Pre-Monsoon,Himachal Pradesh,31.1,77.17,8,192,Normal,31.2,31.5,1006.8,3.4,8.2,236.0,27.0,31.7,35.1,1006.1,0.6,12.2,0.5,2.8,0.5,0
2022-05-02,2022,5,2,Pre-Monsoon,Assam & Meghalaya,26.14,91.73,8,192,Normal,33.1,49.9,1010.3,3.6,7.8,256.0,39.0,34.0,49.5,1011.4,1.2,11.8,0.9,2.4,0.9,0
2022-05-02,2022,5,2,Pre-Monsoon,Kerala Coast,9.93,76.26,9,216,Normal,36.4,50.2,1009.2,10.6,8.8,20.0,25.0,38.3,50.4,1010.1,0.4,2.7,1.9,10.2,1.9,0
2022-05-02,2022,5,2,Pre-Monsoon,Assam & Meghalaya,26.14,91.73,9,216,Normal,30.5,49.9,1014.4,10.5,6.9,143.0,10.0,34.0,56.4,1011.4,1.2,11.8,3.5,9.3,3.5,1
2022-05-09,2022,5,9,Pre-Monsoon,Rajasthan (West),26.91,70.9,1,24,Normal,36.0,55.9,1007.5,4.0,10.0,338.0,57.0,35.6,57.3,1008.3,0.8,9.2,0.4,3.2,0.4,0
2022-05-09,2022,5,9,Pre-Monsoon,West Bengal (Gangetic),22.57,88.36,1,24,Normal,30.9,52.2,1013.2,0.0,15.4,86.0,30.0,32.2,49.1,1012.6,0.5,13.6,1.3,0.5,1.3,0
2022-05-09,2022,5,9,Pre-Monsoon,West Bengal (Gangetic),22.57,88.36,2,48,Normal,31.6,52.2,1012.9,0.7,13.5,89.0,73.0,32.2,50.8,1012.6,0.5,13.6,0.6,0.2,0.6,0
2022-05-09,2022,5,9,Pre-Monsoon,Odisha Coastal,20.27,85.84,3,72,Normal,37.7,38.9,1011.6,0.0,14.4,266.0,30.0,39.9,36.6,1011.2,1.0,13.6,2.2,1.0,2.2,0
2022-05-09,2022,5,9,Pre-Monsoon,Himachal Pradesh,31.1,77.17,4,96,Normal,39.1,59.2,1015.6,0.0,7.1,247.0,47.0,37.1,64.5,1014.8,2.2,8.7,2.0,2.2,2.0,0
2022-05-09,2022,5,9,Pre-Monsoon,Odisha Coastal,20.27,85.84,5,120,Normal,39.4,38.9,1008.9,5.7,14.6,80.0,78.0,39.9,41.1,1011.2,1.0,13.6,0.5,4.7,0.5,0
2022-05-09,2022,5,9,Pre-Monsoon,Rajasthan (West),26.91,70.9,6,144,Normal,34.2,55.9,1008.5,6.8,8.4,5.0,33.0,35.6,49.4,1008.3,0.8,9.2,1.4,6.0,1.4,0
2022-05-09,2022,5,9,Pre-Monsoon,Assam & Meghalaya,26.14,91.73,6,144,Normal,37.7,62.9,1007.5,4.4,4.0,356.0,84.0,37.2,62.3,1008.2,4.6,7.1,0.5,0.2,0.5,0
2022-05-09,2022,5,9,Pre-Monsoon,Maharashtra (Mumbai/Konkan),18.98,72.83,7,168,Normal,36.8,42.5,1009.6,7.4,8.5,351.0,38.0,36.7,35.6,1007.7,1.6,7.7,0.1,5.8,0.1,0
2022-05-09,2022,5,9,Pre-Monsoon,Kerala Coast,9.93,76.26,8,192,Normal,33.9,55.7,1012.1,1.8,15.6,251.0,51.0,35.7,56.4,1009.7,0.7,13.6,1.8,1.1,1.8,0
2022-05-09,2022,5,9,Pre-Monsoon,Gujarat Coastal,21.64,69.6,8,192,Normal,42.5,41.9,1005.8,3.9,7.8,334.0,47.0,40.2,45.9,1008.4,0.7,11.7,2.3,3.2,2.3,0
2022-05-09,2022,5,9,Pre-Monsoon,Kerala Coast,9.93,76.26,9,216,Normal,36.5,55.7,1011.4,0.0,9.4,299.0,34.0,35.7,58.2,1009.7,0.7,13.6,0.8,0.7,0.8,0
2022-05-09,2022,5,9,Pre-Monsoon,Gujarat Coastal,21.64,69.6,9,216,Normal,45.9,41.9,1010.8,1.9,5.3,252.0,42.0,40.2,44.9,1008.4,0.7,11.7,5.7,1.2,5.7,1
2022-05-09,2022,5,9,Pre-Monsoon,Assam & Meghalaya,26.14,91.73,9,216,Normal,36.0,62.9,1008.5,0.0,6.0,158.0,92.0,37.2,58.1,1008.2,4.6,7.1,1.2,4.6,1.2,0
2022-05-09,2022,5,9,Pre-Monsoon,Maharashtra (Mumbai/Konkan),18.98,72.83,10,240,Normal,36.6,42.5,1009.5,0.0,8.4,53.0,57.0,36.7,39.9,1007.7,1.6,7.7,0.1,1.6,0.1,0
2022-05-09,2022,5,9,Pre-Monsoon,Himachal Pradesh,31.1,77.17,10,240,Normal,37.4,59.2,1014.7,12.8,6.6,193.0,64.0,37.1,59.9,1014.8,2.2,8.7,0.3,10.6,0.3,0
2022-05-16,2022,5,16,Pre-Monsoon,Rajasthan (West),26.91,70.9,1,24,Normal,36.7,51.3,1013.4,2.7,9.7,281.0,49.0,36.0,51.4,1013.0,0.6,9.4,0.7,2.1,0.7,0
2022-05-16,2022,5,16,Pre-Monsoon,Maharashtra (Mumbai/Konkan),18.98,72.83,3,72,Normal,33.8,58.2,1008.4,4.7,8.8,306.0,13.0,34.6,53.7,1008.3,0.3,9.6,0.8,4.4,0.8,0
2022-05-16,2022,5,16,Pre-Monsoon,Kerala Coast,9.93,76.26,4,96,Normal,36.0,53.4,1005.2,0.0,13.3,242.0,76.0,37.7,54.4,1006.0,3.8,11.1,1.7,3.8,1.7,0
2022-05-16,2022,5,16,Pre-Monsoon,Assam & Meghalaya,26.14,91.73,4,96,Normal,33.4,53.3,1006.3,10.8,11.0,257.0,29.0,33.1,52.7,1006.7,2.1,8.6,0.3,8.7,0.3,0
2022-05-16,2022,5,16,Pre-Monsoon,Gujarat Coastal,21.64,69.6,5,120,Normal,34.1,47.4,1009.6,0.0,14.7,154.0,39.0,34.6,50.8,1009.5,4.8,13.1,0.5,4.8,0.5,0
2022-05-16,2022,5,16,Pre-Monsoon,Odisha Coastal,20.27,85.84,6,144,Normal,33.7,58.0,1011.4,0.0,12.5,252.0,62.0,33.5,58.5,1009.9,3.3,13.0,0.2,3.3,0.2,0
2022-05-16,2022,5,16,Pre-Monsoon,Gujarat Coastal,21.64,69.6,7,168,Normal,30.9,47.4,1012.0,0.0,14.6,356.0,68.0,34.6,41.6,1009.5,4.8,13.1,3.7,4.8,3.7,1
2022-05-16,2022,5,16,Pre-Monsoon,West Bengal (Gangetic),22.57,88.36,7,168,Heat Wave,43.9,57.7,1016.3,0.0,16.5,306.0,28.0,44.1,50.4,1014.6,0.1,12.5,0.2,0.1,0.2,0
2022-05-16,2022,5,16,Pre-Monsoon,Kerala Coast,9.93,76.26,8,192,Normal,33.7,53.4,1004.6,0.0,11.3,20.0,26.0,37.7,59.3,1006.0,3.8,11.1,4.0,3.8,4.0,1
2022-05-16,2022,5,16,Pre-Monsoon,Himachal Pradesh,31.1,77.17,8,192,Normal,37.7,66.6,1009.1,7.9,4.2,155.0,75.0,40.4,62.7,1007.7,0.4,8.6,2.7,7.5,2.7,0
2022-05-16,2022,5,16,Pre-Monsoon,Maharashtra (Mumbai/Konkan),18.98,72.83,9,216,Normal,32.2,58.2,1006.1,13.9,10.3,212.0,33.0,34.6,60.1,1008.3,0.3,9.6,2.4,13.6,2.4,0
2022-05-16,2022,5,16,Pre-Monsoon,Assam & Meghalaya,26.14,91.73,9,216,Normal,35.1,53.3,1004.5,5.5,10.1,30.0,10.0,33.1,49.6,1006.7,2.1,8.6,2.0,3.4,2.0,0
2022-05-16,2022,5,16,Pre-Monsoon,Odisha Coastal,20.27,85.84,10,240,Normal,34.9,58.0,1009.8,3.7,15.5,308.0,44.0,33.5,58.2,1009.9,3.3,13.0,1.4,0.4,1.4,0
2022-05-16,2022,5,16,Pre-Monsoon,Rajasthan (West),26.91,70.9,10,240,Normal,35.9,51.3,1013.4,0.0,17.4,337.0,59.0,36.0,47.7,1013.0,0.6,9.4,0.1,0.6,0.1,1
2022-05-16,2022,5,16,Pre-Monsoon,Himachal Pradesh,31.1,77.17,10,240,Normal,38.3,66.6,1008.8,0.0,7.3,102.0,51.0,40.4,73.8,1007.7,0.4,8.6,2.1,0.4,2.1,0
2022-05-16,2022,5,16,Pre-Monsoon,West Bengal (Gangetic),22.57,88.36,10,240,Heat Wave,48.0,57.7,1017.4,14.4,8.4,100.0,62.0,44.1,60.6,1014.6,0.1,12.5,3.9,14.3,3.9,1
2022-05-23,2022,5,23,Pre-Monsoon,Kerala Coast,9.93,76.26,1,24,Normal,31.1,52.9,1013.1,0.0,11.0,187.0,90.0,31.7,55.1,1013.7,0.0,11.2,0.6,0.0,0.6,0
2022-05-23,2022,5,23,Pre-Monsoon,Maharashtra (Mumbai/Konkan),18.98,72.83,1,24,Normal,36.4,49.7,1008.8,0.1,15.4,125.0,13.0,36.6,51.0,1009.5,0.7,16.0,0.2,0.6,0.2,0
2022-05-23,2022,5,23,Pre-Monsoon,Himachal Pradesh,31.1,77.17,1,24,Normal,39.5,40.2,1010.9,0.0,12.5,295.0,62.0,39.6,38.1,1010.6,0.2,12.5,0.1,0.2,0.1,0
2022-05-23,2022,5,23,Pre-Monsoon,Maharashtra (Mumbai/Konkan),18.98,72.83,2,48,Normal,38.5,49.7,1011.2,0.0,17.1,128.0,15.0,36.6,44.8,1009.5,0.7,16.0,1.9,0.7,1.9,0
2022-05-23,2022,5,23,Pre-Monsoon,West Bengal (Gangetic),22.57,88.36,2,48,Cyclone,41.4,42.4,1009.5,0.0,1.0,230.0,81.0,41.8,43.6,1009.6,0.7,1.6,0.4,0.7,0.4,0
2022-05-23,2022,5,23,Pre-Monsoon,Kerala Coast,9.93,76.26,4,96,Normal,32.3,52.9,1015.3,0.0,11.2,48.0,61.0,31.7,47.1,1013.7,0.0,11.2,0.6,0.0,0.6,0
2022-05-23,2022,5,23,Pre-Monsoon,Gujarat Coastal,21.64,69.6,4,96,Normal,37.9,39.5,1008.4,0.0,16.8,346.0,12.0,38.6,33.5,1010.7,0.3,12.6,0.7,0.3,0.7,0
2022-05-23,2022,5,23,Pre-Monsoon,Rajasthan (West),26.91,70.9,4,96,Normal,36.7,42.3,1011.2,1.4,9.0,6.0,50.0,39.8,47.8,1010.4,2.4,11.7,3.1,1.0,3.1,1
2022-05-23,2022,5,23,Pre-Monsoon,Assam & Meghalaya,26.14,91.73,4,96,Normal,34.3,57.1,1015.2,2.1,16.1,51.0,90.0,35.5,61.8,1014.6,1.8,15.3,1.2,0.3,1.2,0
2022-05-23,2022,5,23,Pre-Monsoon,Odisha Coastal,20.27,85.84,5,120,Normal,32.6,54.0,1004.6,3.6,12.8,210.0,66.0,31.9,60.2,1006.2,0.5,10.2,0.7,3.1,0.7,0
2022-05-23,2022,5,23,Pre-Monsoon,West Bengal (Gangetic),22.57,88.36,5,120,Cyclone,40.7,42.4,1011.6,0.0,7.9,144.0,76.0,41.8,46.9,1009.6,0.7,1.6,1.1,0.7,1.1,0
2022-05-23,2022,5,23,Pre-Monsoon,Gujarat Coastal,21.64,69.6,6,144,Normal,40.3,39.5,1012.1,0.0,14.0,23.0,84.0,38.6,32.1,1010.7,0.3,12.6,1.7,0.3,1.7,0
2022-05-23,2022,5,23,Pre-Monsoon,Assam & Meghalaya,26.14,91.73,7,168,Normal,34.4,57.1,1014.1,6.1,22.4,252.0,53.0,35.5,62.1,1014.6,1.8,15.3,1.1,4.3,1.1,1
2022-05-23,2022,5,23,Pre-Monsoon,Rajasthan (West),26.91,70.9,8,192,Normal,42.1,42.3,1010.0,2.2,5.4,177.0,90.0,39.8,42.0,1010.4,2.4,11.7,2.3,0.2,2.3,0
2022-05-23,2022,5,23,Pre-Monsoon,Himachal Pradesh,31.1,77.17,9,216,Normal,41.9,40.2,1011.0,0.0,18.7,274.0,89.0,39.6,44.2,1010.6,0.2,12.5,2.3,0.2,2.3,0
2022-05-23,2022,5,23,Pre-Monsoon,Odisha Coastal,20.27,85.84,10,240,Normal,29.6,54.0,1004.5,3.0,6.9,166.0,60.0,31.9,41.4,1006.2,0.5,10.2,2.3,2.5,2.3,0
2022-05-30,2022,5,30,Pre-Monsoon,Rajasthan (West),26.91,70.9,2,48,Normal,38.4,41.5,1011.5,0.7,7.5,340.0,83.0,38.8,43.6,1010.3,1.7,7.5,0.4,1.0,0.4,0
2022-05-30,2022,5,30,Pre-Monsoon,Maharashtra (Mumbai/Konkan),18.98,72.83,3,72,Normal,37.1,58.4,1011.5,0.0,8.4,290.0,92.0,36.2,55.6,1010.8,0.9,8.0,0.9,0.9,0.9,0
2022-05-30,2022,5,30,Pre-Monsoon,Gujarat Coastal,21.64,69.6,3,72,Normal,34.4,56.5,1008.0,2.9,7.3,25.0,31.0,33.9,50.4,1008.2,3.3,7.9,0.5,0.4,0.5,0
2022-05-30,2022,5,30,Pre-Monsoon,West Bengal (Gangetic),22.57,88.36,3,72,Normal,30.3,59.9,1005.1,2.8,10.5,265.0,40.0,30.5,52.3,1005.7,2.0,10.2,0.2,0.8,0.2,0
2022-05-30,2022,5,30,Pre-Monsoon,Kerala Coast,9.93,76.26,5,120,Normal,39.3,59.2,1014.4,3.1,10.5,181.0,72.0,38.4,61.3,1016.5,0.2,10.0,0.9,2.9,0.9,0
2022-05-30,2022,5,30,Pre-Monsoon,Himachal Pradesh,31.1,77.17,5,120,Normal,32.1,63.2,1004.6,6.7,6.5,94.0,49.0,30.9,60.3,1005.7,2.5,8.1,1.2,4.2,1.2,0
2022-05-30,2022,5,30,Pre-Monsoon,Assam & Meghalaya,26.14,91.73,6,144,Normal,37.3,48.3,1010.8,5.9,11.9,22.0,35.0,36.5,54.5,1010.6,0.2,11.4,0.8,5.7,0.8,0
2022-05-30,2022,5,30,Pre-Monsoon,Himachal Pradesh,31.1,77.17,7,168,Normal,32.9,63.2,1004.9,0.0,5.2,351.0,11.0,30.9,61.7,1005.7,2.5,8.1,2.0,2.5,2.0,0
2022-05-30,2022,5,30,Pre-Monsoon,Odisha Coastal,20.27,85.84,8,192,Normal,38.6,63.9,1012.0,0.0,12.3,187.0,19.0,38.9,65.7,1013.6,0.8,11.9,0.3,0.8,0.3,0
2022-05-30,2022,5,30,Pre-Monsoon,Kerala Coast,9.93,76.26,8,192,Normal,38.3,59.2,1019.9,0.0,1.7,222.0,68.0,38.4,50.5,1016.5,0.2,10.0,0.1,0.2,0.1,1
2022-05-30,2022,5,30,Pre-Monsoon,Maharashtra (Mumbai/Konkan),18.98,72.83,9,216,Normal,37.7,58.4,1011.0,0.0,7.8,310.0,84.0,36.2,56.0,1010.8,0.9,8.0,1.5,0.9,1.5,0
2022-05-30,2022,5,30,Pre-Monsoon,West Bengal (Gangetic),22.57,88.36,9,216,Normal,33.3,59.9,1008.7,0.0,11.9,59.0,23.0,30.5,62.2,1005.7,2.0,10.2,2.8,2.0,2.8,0
2022-05-30,2022,5,30,Pre-Monsoon,Assam & Meghalaya,26.14,91.73,9,216,Normal,36.7,48.3,1012.9,0.0,6.4,224.0,30.0,36.5,39.1,1010.6,0.2,11.4,0.2,0.2,0.2,0
2022-05-30,2022,5,30,Pre-Monsoon,Odisha Coastal,20.27,85.84,10,240,Normal,38.5,63.9,1012.9,0.9,14.0,101.0,85.0,38.9,59.5,1013.6,0.8,11.9,0.4,0.1,0.4,0
2022-05-30,2022,5,30,Pre-Monsoon,Gujarat Coastal,21.64,69.6,10,240,Normal,35.7,56.5,1009.4,4.0,3.1,65.0,58.0,33.9,62.6,1008.2,3.3,7.9,1.8,0.7,1.8,0
2022-05-30,2022,5,30,Pre-Monsoon,Rajasthan (West),26.91,70.9,10,240,Normal,40.4,41.5,1011.9,0.0,15.3,70.0,45.0,38.8,39.6,1010.3,1.7,7.5,1.6,1.7,1.6,1
2022-06-06,2022,6,6,Monsoon,Maharashtra (Mumbai/Konkan),18.98,72.83,1,24,Normal,27.7,86.3,1002.0,9.5,12.6,146.0,66.0,27.3,85.2,1002.9,7.2,12.2,0.4,2.3,2.3,0
2022-06-06,2022,6,6,Monsoon,Gujarat Coastal,21.64,69.6,1,24,Normal,28.3,87.1,1007.4,2.3,16.6,257.0,86.0,28.9,88.9,1006.8,4.7,18.4,0.6,2.4,0.6,0
2022-06-06,2022,6,6,Monsoon,Assam & Meghalaya,26.14,91.73,2,48,Normal,25.5,82.3,1000.7,0.0,16.2,332.0,89.0,27.9,81.0,1001.5,0.7,13.2,2.4,0.7,2.4,0
2022-06-06,2022,6,6,Monsoon,Rajasthan (West),26.91,70.9,3,72,Normal,23.6,88.2,1010.4,0.0,13.9,56.0,42.0,26.9,86.5,1009.1,0.7,14.1,3.3,0.7,3.3,1
2022-06-06,2022,6,6,Monsoon,Odisha Coastal,20.27,85.84,4,96,Normal,29.9,90.0,1003.0,2.3,16.7,79.0,29.0,29.1,94.4,1002.8,4.2,15.9,0.8,1.9,0.8,0
2022-06-06,2022,6,6,Monsoon,Maharashtra (Mumbai/Konkan),18.98,72.83,4,96,Normal,25.1,86.3,1003.9,17.3,12.8,269.0,46.0,27.3,92.0,1002.9,7.2,12.2,2.2,10.1,10.1,0
2022-06-06,2022,6,6,Monsoon,Rajasthan (West),26.91,70.9,4,96,Normal,28.5,88.2,1009.7,4.4,14.7,70.0,20.0,26.9,92.1,1009.1,0.7,14.1,1.6,3.7,1.6,0
2022-06-06,2022,6,6,Monsoon,West Bengal (Gangetic),22.57,88.36,5,120,Normal,25.0,77.9,1005.4,0.0,12.6,356.0,94.0,27.5,76.9,1006.3,8.4,11.7,2.5,8.4,8.4,0
2022-06-06,2022,6,6,Monsoon,Kerala Coast,9.93,76.26,6,144,Normal,29.4,77.1,1006.5,20.1,19.1,95.0,21.0,30.1,74.7,1007.6,13.6,17.5,0.7,6.5,6.5,0
2022-06-06,2022,6,6,Monsoon,Assam & Meghalaya,26.14,91.73,6,144,Normal,29.3,82.3,1001.4,0.0,12.2,153.0,86.0,27.9,80.5,1001.5,0.7,13.2,1.4,0.7,1.4,0
2022-06-06,2022,6,6,Monsoon,West Bengal (Gangetic),22.57,88.36,7,168,Normal,27.8,77.9,1009.1,0.9,6.8,325.0,33.0,27.5,72.8,1006.3,8.4,11.7,0.3,7.5,7.5,0
2022-06-06,2022,6,6,Monsoon,Gujarat Coastal,21.64,69.6,8,192,Normal,30.9,87.1,1005.2,5.6,23.0,352.0,23.0,28.9,85.7,1006.8,4.7,18.4,2.0,0.9,2.0,0
2022-06-06,2022,6,6,Monsoon,Kerala Coast,9.93,76.26,9,216,Normal,30.9,77.1,1008.5,16.8,10.5,273.0,61.0,30.1,76.4,1007.6,13.6,17.5,0.8,3.2,3.2,0
2022-06-06,2022,6,6,Monsoon,Himachal Pradesh,31.1,77.17,9,216,Normal,29.1,81.2,1004.8,0.0,13.0,110.0,92.0,28.5,80.0,1004.5,0.8,10.4,0.6,0.8,0.6,0
2022-06-06,2022,6,6,Monsoon,Odisha Coastal,20.27,85.84,10,240,Normal,29.0,90.0,1004.0,0.0,14.2,40.0,63.0,29.1,99.1,1002.8,4.2,15.9,0.1,4.2,0.1,0
2022-06-06,2022,6,6,Monsoon,Himachal Pradesh,31.1,77.17,10,240,Normal,31.4,81.2,1005.1,0.0,22.3,82.0,53.0,28.5,77.7,1004.5,0.8,10.4,2.9,0.8,2.9,1
2022-06-13,2022,6,13,Monsoon,Kerala Coast,9.93,76.26,1,24,Normal,25.9,83.7,1004.5,8.0,21.7,110.0,83.0,26.1,88.0,1003.7,6.8,19.6,0.2,1.2,1.2,0
2022-06-13,2022,6,13,Monsoon,Odisha Coastal,20.27,85.84,2,48,Normal,28.3,78.5,1004.7,8.2,17.6,294.0,82.0,26.8,81.1,1004.9,3.2,15.9,1.5,5.0,1.5,0
2022-06-13,2022,6,13,Monsoon,Rajasthan (West),26.91,70.9,2,48,Normal,26.9,86.9,1008.8,4.7,11.4,229.0,50.0,26.9,79.0,1007.5,1.4,10.3,0.0,3.3,0.0,0
2022-06-13,2022,6,13,Monsoon,Himachal Pradesh,31.1,77.17,2,48,Normal,31.6,76.0,1004.8,0.0,11.0,107.0,74.0,29.7,76.6,1005.6,5.5,12.1,1.9,5.5,5.5,0
2022-06-13,2022,6,13,Monsoon,Odisha Coastal,20.27,85.84,4,96,Normal,27.5,78.5,1006.4,2.3,14.8,333.0,86.0,26.8,79.4,1004.9,3.2,15.9,0.7,0.9,0.7,0
2022-06-13,2022,6,13,Monsoon,West Bengal (Gangetic),22.57,88.36,4,96,Normal,27.4,80.4,1007.5,12.3,12.4,46.0,19.0,27.7,72.6,1006.8,13.9,11.9,0.3,1.6,1.6,0
2022-06-13,2022,6,13,Monsoon,Assam & Meghalaya,26.14,91.73,4,96,Normal,28.1,80.9,1004.2,11.1,14.9,219.0,86.0,28.1,73.4,1005.6,10.0,15.8,0.0,1.1,1.1,0
2022-06-13,2022,6,13,Monsoon,Maharashtra (Mumbai/Konkan),18.98,72.83,5,120,Normal,28.4,89.3,1004.1,3.8,14.4,160.0,23.0,27.9,90.0,1002.4,2.4,14.2,0.5,1.4,0.5,0
2022-06-13,2022,6,13,Monsoon,Kerala Coast,9.93,76.26,6,144,Normal,22.3,83.7,1004.0,17.7,18.6,166.0,50.0,26.1,84.5,1003.7,6.8,19.6,3.8,10.9,10.9,1
2022-06-13,2022,6,13,Monsoon,Himachal Pradesh,31.1,77.17,6,144,Normal,33.5,76.0,1004.9,12.8,13.5,36.0,82.0,29.7,68.7,1005.6,5.5,12.1,3.8,7.3,7.3,1
2022-06-13,2022,6,13,Monsoon,Maharashtra (Mumbai/Konkan),18.98,72.83,8,192,Normal,30.4,89.3,1002.2,15.7,18.6,353.0,24.0,27.9,83.3,1002.4,2.4,14.2,2.5,13.3,2.5,0
2022-06-13,2022,6,13,Monsoon,Rajasthan (West),26.91,70.9,8,192,Normal,26.7,86.9,1005.4,10.9,9.7,191.0,19.0,26.9,95.4,1007.5,1.4,10.3,0.2,9.5,0.2,0
2022-06-13,2022,6,13,Monsoon,West Bengal (Gangetic),22.57,88.36,8,192,Normal,23.9,80.4,1006.0,33.6,13.1,50.0,60.0,27.7,81.1,1006.8,13.9,11.9,3.8,19.7,19.7,1
2022-06-13,2022,6,13,Monsoon,Gujarat Coastal,21.64,69.6,9,216,Normal,26.6,84.6,997.3,2.1,10.7,323.0,23.0,27.8,82.5,999.3,4.3,14.6,1.2,2.2,1.2,0
2022-06-13,2022,6,13,Monsoon,Gujarat Coastal,21.64,69.6,10,240,Normal,33.9,84.6,996.4,11.0,20.3,11.0,38.0,27.8,86.4,999.3,4.3,14.6,6.1,6.7,6.1,1
2022-06-13,2022,6,13,Monsoon,Assam & Meghalaya,26.14,91.73,10,240,Normal,31.9,80.9,1003.3,3.7,21.2,150.0,41.0,28.1,75.7,1005.6,10.0,15.8,3.8,6.3,6.3,1
2022-06-20,2022,6,20,Monsoon,Kerala Coast,9.93,76.26,2,48,Normal,32.0,74.9,1007.4,11.9,7.2,38.0,26.0,30.4,79.2,1006.3,7.6,8.3,1.6,4.3,4.3,0
2022-06-20,2022,6,20,Monsoon,Gujarat Coastal,21.64,69.6,3,72,Normal,26.3,83.4,1008.3,30.5,9.4,321.0,71.0,27.9,77.2,1009.6,16.2,7.5,1.6,14.3,14.3,0
2022-06-20,2022,6,20,Monsoon,West Bengal (Gangetic),22.57,88.36,3,72,Normal,28.3,85.6,1001.3,8.4,18.6,329.0,14.0,28.1,83.7,1000.7,1.8,15.9,0.2,6.6,0.2,0
2022-06-20,2022,6,20,Monsoon,Assam & Meghalaya,26.14,91.73,3,72,Normal,26.6,71.6,1001.2,9.6,19.2,125.0,58.0,26.9,69.1,1002.3,8.5,18.7,0.3,1.1,1.1,0
2022-06-20,2022,6,20,Monsoon,Assam & Meghalaya,26.14,91.73,5,120,Normal,27.3,71.6,1002.9,5.8,21.3,344.0,76.0,26.9,75.3,1002.3,8.5,18.7,0.4,2.7,2.7,0
2022-06-20,2022,6,20,Monsoon,Odisha Coastal,20.27,85.84,6,144,Normal,23.5,79.8,1004.7,4.2,18.0,4.0,20.0,25.3,75.4,1004.8,2.1,18.1,1.8,2.1,1.8,0
2022-06-20,2022,6,20,Monsoon,Rajasthan (West),26.91,70.9,6,144,Normal,29.8,69.5,1003.7,0.0,20.9,204.0,18.0,28.3,68.9,1003.6,3.4,17.0,1.5,3.4,1.5,0
2022-06-20,2022,6,20,Monsoon,Himachal Pradesh,31.1,77.17,6,144,Normal,34.4,85.3,1003.5,1.5,14.9,50.0,78.0,31.3,84.5,1003.3,1.2,13.5,3.1,0.3,3.1,1
2022-06-20,2022,6,20,Monsoon,Kerala Coast,9.93,76.26,7,168,Normal,29.6,74.9,1004.4,4.9,6.9,245.0,48.0,30.4,72.1,1006.3,7.6,8.3,0.8,2.7,2.7,0
2022-06-20,2022,6,20,Monsoon,West Bengal (Gangetic),22.57,88.36,7,168,Normal,23.6,85.6,1000.7,0.0,17.0,310.0,63.0,28.1,79.3,1000.7,1.8,15.9,4.5,1.8,4.5,1
2022-06-20,2022,6,20,Monsoon,Himachal Pradesh,31.1,77.17,8,192,Normal,31.6,85.3,1006.2,5.8,6.6,42.0,48.0,31.3,75.5,1003.3,1.2,13.5,0.3,4.6,0.3,0
2022-06-20,2022,6,20,Monsoon,Odisha Coastal,20.27,85.84,9,216,Normal,18.4,79.8,1005.2,0.0,17.2,283.0,37.0,25.3,79.2,1004.8,2.1,18.1,6.9,2.1,6.9,1
2022-06-20,2022,6,20,Monsoon,Maharashtra (Mumbai/Konkan),18.98,72.83,9,216,Normal,27.1,83.4,1008.5,5.9,15.0,215.0,58.0,26.9,85.7,1006.1,2.0,12.7,0.2,3.9,0.2,0
2022-06-20,2022,6,20,Monsoon,Gujarat Coastal,21.64,69.6,9,216,Normal,20.5,83.4,1013.3,9.6,9.4,212.0,72.0,27.9,81.6,1009.6,16.2,7.5,7.4,6.6,6.6,1
2022-06-20,2022,6,20,Monsoon,Rajasthan (West),26.91,70.9,9,216,Normal,29.1,69.5,1003.4,0.0,17.6,203.0,81.0,28.3,71.2,1003.6,3.4,17.0,0.8,3.4,0.8,0
2022-06-20,2022,6,20,Monsoon,Maharashtra (Mumbai/Konkan),18.98,72.83,10,240,Normal,33.2,83.4,1001.3,0.0,9.0,156.0,58.0,26.9,75.9,1006.1,2.0,12.7,6.3,2.0,6.3,1
2022-06-27,2022,6,27,Monsoon,Odisha Coastal,20.27,85.84,1,24,Normal,30.4,89.6,1001.3,9.2,15.3,346.0,40.0,31.0,86.0,1002.0,5.3,17.2,0.6,3.9,3.9,0
2022-06-27,2022,6,27,Monsoon,Kerala Coast,9.93,76.26,1,24,Normal,29.2,76.6,1004.8,2.1,13.5,350.0,11.0,29.0,75.0,1004.8,0.1,14.7,0.2,2.0,0.2,0
2022-06-27,2022,6,27,Monsoon,Himachal Pradesh,31.1,77.17,2,48,Normal,26.3,84.9,1001.0,9.0,19.4,277.0,70.0,26.9,94.8,1001.0,4.3,19.1,0.6,4.7,0.6,0
2022-06-27,2022,6,27,Monsoon,West Bengal (Gangetic),22.57,88.36,3,72,Normal,29.8,84.1,1007.4,8.2,17.4,267.0,72.0,28.8,82.1,1006.6,2.9,16.9,1.0,5.3,1.0,0
2022-06-27,2022,6,27,Monsoon,Rajasthan (West),26.91,70.9,4,96,Normal,27.8,78.5,1006.4,10.0,10.7,206.0,48.0,30.6,80.6,1007.3,10.8,14.3,2.8,0.8,0.8,0
2022-06-27,2022,6,27,Monsoon,Assam & Meghalaya,26.14,91.73,4,96,Normal,27.4,81.7,1002.1,23.4,14.9,354.0,89.0,27.2,81.0,1002.1,8.6,13.2,0.2,14.8,14.8,0
2022-06-27,2022,6,27,Monsoon,Kerala Coast,9.93,76.26,6,144,Normal,26.9,76.6,1005.3,3.1,12.5,97.0,55.0,29.0,75.7,1004.8,0.1,14.7,2.1,3.0,2.1,0
2022-06-27,2022,6,27,Monsoon,Maharashtra (Mumbai/Konkan),18.98,72.83,6,144,Normal,26.3,83.1,996.6,25.5,12.1,81.0,83.0,26.6,75.9,998.2,21.9,14.0,0.3,3.6,3.6,0
2022-06-27,2022,6,27,Monsoon,Gujarat Coastal,21.64,69.6,6,144,Normal,25.6,74.1,1000.4,21.0,16.7,252.0,54.0,27.4,72.0,1001.7,8.0,12.5,1.8,13.0,13.0,0
2022-06-27,2022,6,27,Monsoon,West Bengal (Gangetic),22.57,88.36,7,168,Normal,29.6,84.1,1009.1,24.9,16.5,336.0,14.0,28.8,89.8,1006.6,2.9,16.9,0.8,22.0,0.8,1
2022-06-27,2022,6,27,Monsoon,Gujarat Coastal,21.64,69.6,8,192,Normal,25.0,74.1,1001.8,6.9,12.1,190.0,37.0,27.4,69.0,1001.7,8.0,12.5,2.4,1.1,1.1,0
2022-06-27,2022,6,27,Monsoon,Odisha Coastal,20.27,85.84,9,216,Normal,33.2,89.6,1002.2,1.1,20.5,34.0,73.0,31.0,88.5,1002.0,5.3,17.2,2.2,4.2,4.2,0
2022-06-27,2022,6,27,Monsoon,Rajasthan (West),26.91,70.9,9,216,Normal,29.0,78.5,1006.6,28.3,15.6,350.0,31.0,30.6,80.5,1007.3,10.8,14.3,1.6,17.5,17.5,0
2022-06-27,2022,6,27,Monsoon,Maharashtra (Mumbai/Konkan),18.98,72.83,10,240,Normal,30.7,83.1,996.0,22.6,4.1,96.0,31.0,26.6,84.4,998.2,21.9,14.0,4.1,0.7,0.7,1
2022-06-27,2022,6,27,Monsoon,Himachal Pradesh,31.1,77.17,10,240,Normal,23.7,84.9,1002.1,0.0,26.7,230.0,82.0,26.9,85.3,1001.0,4.3,19.1,3.2,4.3,3.2,1
2022-06-27,2022,6,27,Monsoon,Assam & Meghalaya,26.14,91.73,10,240,Normal,24.7,81.7,1002.5,0.0,14.9,66.0,66.0,27.2,85.1,1002.1,8.6,13.2,2.5,8.6,8.6,0
2022-07-04,2022,7,4,Monsoon,Maharashtra (Mumbai/Konkan),18.98,72.83,1,24,Active Monsoon,26.6,86.7,1003.8,29.2,15.3,81.0,45.0,27.9,83.1,1004.2,34.4,15.5,1.3,5.2,5.2,0
2022-07-04,2022,7,4,Monsoon,Rajasthan (West),26.91,70.9,1,24,Active Monsoon,26.1,76.2,1004.7,0.6,12.6,202.0,68.0,28.4,75.1,1004.6,1.3,12.4,2.3,0.7,2.3,0
2022-07-04,2022,7,4,Monsoon,Assam & Meghalaya,26.14,91.73,1,24,Active Monsoon,25.7,74.9,1005.5,1.6,12.7,359.0,39.0,26.9,75.4,1006.4,0.6,12.7,1.2,1.0,1.2,0
2022-07-04,2022,7,4,Monsoon,Odisha Coastal,20.27,85.84,2,48,Active Monsoon,27.3,77.0,1006.8,14.9,13.4,231.0,41.0,27.8,80.1,1007.4,4.2,14.5,0.5,10.7,0.5,0
2022-07-04,2022,7,4,Monsoon,Gujarat Coastal,21.64,69.6,2,48,Active Monsoon,25.1,91.0,999.7,52.9,6.3,242.0,56.0,26.2,88.1,999.4,35.7,7.3,1.1,17.2,17.2,0
2022-07-04,2022,7,4,Monsoon,Odisha Coastal,20.27,85.84,3,72,Active Monsoon,28.8,77.0,1006.7,5.7,14.7,150.0,35.0,27.8,80.4,1007.4,4.2,14.5,1.0,1.5,1.0,0
2022-07-04,2022,7,4,Monsoon,West Bengal (Gangetic),22.57,88.36,3,72,Active Monsoon,27.1,88.3,1004.0,18.5,9.9,212.0,46.0,27.5,88.4,1004.8,7.0,10.8,0.4,11.5,11.5,0
2022-07-04,2022,7,4,Monsoon,Rajasthan (West),26.91,70.9,5,120,Active Monsoon,28.8,76.2,1006.2,12.2,12.9,142.0,46.0,28.4,70.8,1004.6,1.3,12.4,0.4,10.9,0.4,0
2022-07-04,2022,7,4,Monsoon,Kerala Coast,9.93,76.26,6,144,Active Monsoon,28.9,88.1,1003.4,12.1,15.2,269.0,16.0,26.9,86.8,1001.4,10.3,16.1,2.0,1.8,1.8,0
2022-07-04,2022,7,4,Monsoon,Himachal Pradesh,31.1,77.17,7,168,Active Monsoon,22.8,75.2,1009.4,10.4,21.5,14.0,16.0,26.2,72.5,1005.8,0.1,16.2,3.4,10.3,3.4,1
2022-07-04,2022,7,4,Monsoon,West Bengal (Gangetic),22.57,88.36,7,168,Active Monsoon,23.3,88.3,1005.5,3.3,10.9,191.0,11.0,27.5,85.4,1004.8,7.0,10.8,4.2,3.7,3.7,1
2022-07-04,2022,7,4,Monsoon,Assam & Meghalaya,26.14,91.73,7,168,Active Monsoon,26.0,74.9,1004.5,0.0,17.9,157.0,66.0,26.9,74.0,1006.4,0.6,12.7,0.9,0.6,0.9,0
2022-07-04,2022,7,4,Monsoon,Himachal Pradesh,31.1,77.17,8,192,Active Monsoon,24.3,75.2,1012.0,0.0,15.2,345.0,64.0,26.2,79.0,1005.8,0.1,16.2,1.9,0.1,1.9,1
2022-07-04,2022,7,4,Monsoon,Kerala Coast,9.93,76.26,10,240,Active Monsoon,22.8,88.1,1000.5,3.5,18.5,233.0,18.0,26.9,88.0,1001.4,10.3,16.1,4.1,6.8,6.8,1
2022-07-04,2022,7,4,Monsoon,Maharashtra (Mumbai/Konkan),18.98,72.83,10,240,Active Monsoon,23.0,86.7,1001.3,52.3,11.5,232.0,72.0,27.9,85.3,1004.2,34.4,15.5,4.9,17.9,17.9,1
2022-07-04,2022,7,4,Monsoon,Gujarat Coastal,21.64,69.6,10,240,Active Monsoon,27.6,91.0,997.5,74.4,8.9,129.0,34.0,26.2,87.5,999.4,35.7,7.3,1.4,38.7,38.7,1
2022-07-11,2022,7,11,Monsoon,Odisha Coastal,20.27,85.84,1,24,Active Monsoon,29.6,92.7,1000.9,8.6,11.9,354.0,54.0,28.9,88.6,1001.3,7.9,12.9,0.7,0.7,0.7,0
2022-07-11,2022,7,11,Monsoon,Gujarat Coastal,21.64,69.6,1,24,Active Monsoon,29.1,79.9,1000.3,32.5,14.7,38.0,35.0,30.0,78.5,1000.1,26.6,15.1,0.9,5.9,5.9,0
2022-07-11,2022,7,11,Monsoon,Himachal Pradesh,31.1,77.17,2,48,Active Monsoon,28.1,82.2,1001.6,4.2,7.9,8.0,89.0,27.2,83.0,1000.6,2.5,9.5,0.9,1.7,0.9,0
2022-07-11,2022,7,11,Monsoon,Assam & Meghalaya,26.14,91.73,2,48,Active Monsoon,28.4,89.4,1010.6,3.1,10.1,150.0,16.0,26.8,94.7,1011.2,0.9,11.2,1.6,2.2,1.6,0
2022-07-11,2022,7,11,Monsoon,Kerala Coast,9.93,76.26,4,96,Active Monsoon,26.4,80.4,1008.9,30.7,7.6,72.0,59.0,28.1,80.8,1009.3,36.2,10.1,1.7,5.5,5.5,0
2022-07-11,2022,7,11,Monsoon,Maharashtra (Mumbai/Konkan),18.98,72.83,5,120,Active Monsoon,28.7,80.1,1002.3,0.7,10.7,262.0,31.0,27.5,77.3,1001.6,2.8,14.5,1.2,2.1,1.2,0
2022-07-11,2022,7,11,Monsoon,West Bengal (Gangetic),22.57,88.36,5,120,Active Monsoon,27.1,93.6,1006.4,7.1,12.6,318.0,56.0,27.3,96.5,1006.5,5.5,14.8,0.2,1.6,1.6,0
2022-07-11,2022,7,11,Monsoon,Maharashtra (Mumbai/Konkan),18.98,72.83,6,144,Active Monsoon,30.1,80.1,999.5,6.8,15.2,324.0,91.0,27.5,86.7,1001.6,2.8,14.5,2.6,4.0,2.6,0
2022-07-11,2022,7,11,Monsoon,Rajasthan (West),26.91,70.9,6,144,Active Monsoon,31.4,81.1,1005.1,0.0,12.8,109.0,86.0,29.8,78.6,1004.2,0.9,11.1,1.6,0.9,1.6,0
2022-07-11,2022,7,11,Monsoon,Gujarat Coastal,21.64,69.6,7,168,Active Monsoon,29.8,79.9,1000.9,25.5,10.4,268.0,47.0,30.0,77.7,1000.1,26.6,15.1,0.2,1.1,1.1,0
2022-07-11,2022,7,11,Monsoon,Kerala Coast,9.93,76.26,8,192,Active Monsoon,27.3,80.4,1008.8,10.6,7.9,213.0,48.0,28.1,91.4,1009.3,36.2,10.1,0.8,25.6,25.6,1
2022-07-11,2022,7,11,Monsoon,Rajasthan (West),26.91,70.9,8,192,Active Monsoon,28.7,81.1,1001.0,0.0,14.7,309.0,46.0,29.8,84.4,1004.2,0.9,11.1,1.1,0.9,1.1,1
2022-07-11,2022,7,11,Monsoon,Himachal Pradesh,31.1,77.17,9,216,Active Monsoon,29.3,82.2,997.3,0.0,4.4,326.0,27.0,27.2,82.7,1000.6,2.5,9.5,2.1,2.5,2.1,1
2022-07-11,2022,7,11,Monsoon,West Bengal (Gangetic),22.57,88.36,9,216,Active Monsoon,27.7,93.6,1010.1,16.6,11.6,271.0,76.0,27.3,90.1,1006.5,5.5,14.8,0.4,11.1,11.1,1
2022-07-11,2022,7,11,Monsoon,Odisha Coastal,20.27,85.84,10,240,Active Monsoon,28.9,92.7,1001.1,44.2,9.9,185.0,51.0,28.9,89.7,1001.3,7.9,12.9,0.0,36.3,36.3,1
2022-07-11,2022,7,11,Monsoon,Assam & Meghalaya,26.14,91.73,10,240,Active Monsoon,21.5,89.4,1014.0,17.9,10.4,95.0,67.0,26.8,87.8,1011.2,0.9,11.2,5.3,17.0,5.3,1
2022-07-18,2022,7,18,Monsoon,Kerala Coast,9.93,76.26,1,24,Active Monsoon,29.7,76.6,1002.2,1.2,13.2,333.0,52.0,29.9,71.9,1001.8,0.8,11.9,0.2,0.4,0.2,0
2022-07-18,2022,7,18,Monsoon,Maharashtra (Mumbai/Konkan),18.98,72.83,1,24,Active Monsoon,31.7,90.5,1003.8,31.8,11.2,103.0,53.0,30.1,84.6,1003.6,27.5,11.9,1.6,4.3,4.3,0
2022-07-18,2022,7,18,Monsoon,Rajasthan (West),26.91,70.9,1,24,Active Monsoon,24.2,89.2,1005.5,9.6,11.4,347.0,36.0,25.6,87.1,1005.1,5.9,11.3,1.4,3.7,3.7,0
2022-07-18,2022,7,18,Monsoon,Assam & Meghalaya,26.14,91.73,1,24,Active Monsoon,25.7,80.4,1003.8,29.8,12.6,357.0,83.0,26.4,75.1,1004.2,25.4,12.8,0.7,4.4,4.4,0
2022-07-18,2022,7,18,Monsoon,Maharashtra (Mumbai/Konkan),18.98,72.83,2,48,Active Monsoon,28.9,90.5,1004.9,17.2,11.1,184.0,47.0,30.1,88.7,1003.6,27.5,11.9,1.2,10.3,10.3,0
2022-07-18,2022,7,18,Monsoon,Gujarat Coastal,21.64,69.6,2,48,Active Monsoon,27.6,83.4,1003.1,14.4,18.0,310.0,39.0,28.7,85.4,1003.3,9.0,18.1,1.1,5.4,5.4,0
2022-07-18,2022,7,18,Monsoon,Assam & Meghalaya,26.14,91.73,3,72,Active Monsoon,26.3,80.4,1004.2,50.1,14.6,151.0,39.0,26.4,87.1,1004.2,25.4,12.8,0.1,24.7,24.7,1
2022-07-18,2022,7,18,Monsoon,Odisha Coastal,20.27,85.84,4,96,Active Monsoon,29.9,81.7,1007.7,9.7,12.5,336.0,68.0,29.4,80.0,1007.9,4.1,12.5,0.5,5.6,0.5,0
2022-07-18,2022,7,18,Monsoon,Gujarat Coastal,21.64,69.6,5,120,Active Monsoon,31.5,83.4,1003.9,28.1,17.9,144.0,35.0,28.7,88.7,1003.3,9.0,18.1,2.8,19.1,19.1,0
2022-07-18,2022,7,18,Monsoon,Himachal Pradesh,31.1,77.17,5,120,Active Monsoon,26.4,87.9,1004.4,8.7,24.2,354.0,12.0,26.4,87.8,1005.9,6.2,18.4,0.0,2.5,2.5,0
2022-07-18,2022,7,18,Monsoon,West Bengal (Gangetic),22.57,88.36,5,120,Active Monsoon,23.5,78.2,1007.0,0.0,11.6,86.0,78.0,27.0,78.2,1009.4,2.0,10.8,3.5,2.0,3.5,1
2022-07-18,2022,7,18,Monsoon,Odisha Coastal,20.27,85.84,6,144,Active Monsoon,28.9,81.7,1007.8,3.9,10.6,179.0,82.0,29.4,81.9,1007.9,4.1,12.5,0.5,0.2,0.5,0
2022-07-18,2022,7,18,Monsoon,Himachal Pradesh,31.1,77.17,6,144,Active Monsoon,25.3,87.9,1004.5,13.4,17.2,206.0,25.0,26.4,88.1,1005.9,6.2,18.4,1.1,7.2,7.2,0
2022-07-18,2022,7,18,Monsoon,West Bengal (Gangetic),22.57,88.36,7,168,Active Monsoon,25.5,78.2,1008.9,0.0,4.1,288.0,35.0,27.0,81.5,1009.4,2.0,10.8,1.5,2.0,1.5,0
2022-07-18,2022,7,18,Monsoon,Kerala Coast,9.93,76.26,10,240,Active Monsoon,39.1,76.6,1006.4,5.9,6.4,317.0,12.0,29.9,81.7,1001.8,0.8,11.9,9.2,5.1,9.2,1
2022-07-18,2022,7,18,Monsoon,Rajasthan (West),26.91,70.9,10,240,Active Monsoon,28.6,89.2,1005.5,0.0,7.7,151.0,56.0,25.6,89.3,1005.1,5.9,11.3,3.0,5.9,5.9,0
2022-07-25,2022,7,25,Monsoon,Odisha Coastal,20.27,85.84,1,24,Active Monsoon,29.2,82.7,1000.8,1.9,15.9,279.0,12.0,29.4,90.3,1001.2,2.0,15.7,0.2,0.1,0.2,0
2022-07-25,2022,7,25,Monsoon,Gujarat Coastal,21.64,69.6,2,48,Active Monsoon,30.0,81.4,1004.2,10.8,12.5,337.0,11.0,30.6,79.7,1004.0,10.6,13.2,0.6,0.2,0.2,0
2022-07-25,2022,7,25,Monsoon,West Bengal (Gangetic),22.57,88.36,2,48,Active Monsoon,25.9,94.0,1008.6,22.3,14.8,30.0,68.0,26.3,94.1,1006.4,19.2,14.8,0.4,3.1,3.1,0
2022-07-25,2022,7,25,Monsoon,Kerala Coast,9.93,76.26,4,96,Active Monsoon,30.4,78.4,1006.2,41.1,16.8,79.0,78.0,30.4,74.8,1003.0,10.7,13.7,0.0,30.4,30.4,1
2022-07-25,2022,7,25,Monsoon,Maharashtra (Mumbai/Konkan),18.98,72.83,4,96,Active Monsoon,28.3,95.0,1007.4,5.4,17.3,265.0,18.0,26.1,100.2,1007.9,6.4,14.3,2.2,1.0,1.0,0
2022-07-25,2022,7,25,Monsoon,Maharashtra (Mumbai/Konkan),18.98,72.83,5,120,Active Monsoon,25.9,95.0,1009.2,8.6,16.5,342.0,19.0,26.1,94.3,1007.9,6.4,14.3,0.2,2.2,2.2,0
2022-07-25,2022,7,25,Monsoon,Rajasthan (West),26.91,70.9,5,120,Active Monsoon,26.4,83.4,1002.1,13.0,16.9,70.0,72.0,26.6,83.6,1003.6,18.2,16.9,0.2,5.2,5.2,0
2022-07-25,2022,7,25,Monsoon,Odisha Coastal,20.27,85.84,6,144,Active Monsoon,31.3,82.7,1000.7,5.8,16.7,43.0,18.0,29.4,77.6,1001.2,2.0,15.7,1.9,3.8,1.9,0
2022-07-25,2022,7,25,Monsoon,Assam & Meghalaya,26.14,91.73,6,144,Active Monsoon,31.8,85.7,1005.2,25.4,11.7,351.0,59.0,29.2,88.2,1006.6,17.8,11.4,2.6,7.6,7.6,0
2022-07-25,2022,7,25,Monsoon,Kerala Coast,9.93,76.26,8,192,Active Monsoon,27.0,78.4,1000.1,3.7,19.2,232.0,26.0,30.4,81.6,1003.0,10.7,13.7,3.4,7.0,7.0,1
2022-07-25,2022,7,25,Monsoon,Gujarat Coastal,21.64,69.6,8,192,Active Monsoon,32.2,81.4,1001.3,3.5,7.0,231.0,87.0,30.6,79.0,1004.0,10.6,13.2,1.6,7.1,7.1,0
2022-07-25,2022,7,25,Monsoon,Himachal Pradesh,31.1,77.17,8,192,Active Monsoon,27.2,84.8,1001.4,7.5,15.7,58.0,45.0,28.0,83.1,1000.9,2.6,16.0,0.8,4.9,0.8,0
2022-07-25,2022,7,25,Monsoon,West Bengal (Gangetic),22.57,88.36,8,192,Active Monsoon,26.8,94.0,1005.1,6.7,13.3,250.0,87.0,26.3,93.0,1006.4,19.2,14.8,0.5,12.5,12.5,0
2022-07-25,2022,7,25,Monsoon,Rajasthan (West),26.91,70.9,9,216,Active Monsoon,23.8,83.4,1003.6,0.0,14.7,219.0,87.0,26.6,86.3,1003.6,18.2,16.9,2.8,18.2,18.2,0
2022-07-25,2022,7,25,Monsoon,Himachal Pradesh,31.1,77.17,9,216,Active Monsoon,26.2,84.8,1001.8,1.9,14.9,104.0,29.0,28.0,85.5,1000.9,2.6,16.0,1.8,0.7,1.8,0
2022-07-25,2022,7,25,Monsoon,Assam & Meghalaya,26.14,91.73,10,240,Active Monsoon,31.3,85.7,1004.5,22.3,8.1,296.0,37.0,29.2,89.5,1006.6,17.8,11.4,2.1,4.5,4.5,0
2022-08-01,2022,8,1,Monsoon,West Bengal (Gangetic),22.57,88.36,1,24,Active Monsoon,28.6,89.1,999.3,0.0,13.7,199.0,52.0,29.1,92.9,1000.0,0.3,13.3,0.5,0.3,0.5,0
2022-08-01,2022,8,1,Monsoon,Gujarat Coastal,21.64,69.6,2,48,Active Monsoon,29.2,75.6,1007.9,5.7,11.8,231.0,74.0,29.3,71.6,1007.8,1.8,11.2,0.1,3.9,0.1,0
2022-08-01,2022,8,1,Monsoon,Rajasthan (West),26.91,70.9,2,48,Active Monsoon,26.2,80.5,1002.3,7.9,13.8,12.0,92.0,25.4,79.8,1002.4,0.7,14.1,0.8,7.2,0.8,0
2022-08-01,2022,8,1,Monsoon,Odisha Coastal,20.27,85.84,3,72,Active Monsoon,29.3,95.9,1001.8,3.7,15.0,43.0,93.0,29.3,86.7,1003.8,3.9,18.2,0.0,0.2,0.0,0
2022-08-01,2022,8,1,Monsoon,Maharashtra (Mumbai/Konkan),18.98,72.83,5,120,Active Monsoon,29.8,78.1,1006.1,0.0,12.0,48.0,83.0,29.8,74.1,1004.0,0.6,7.6,0.0,0.6,0.0,0
2022-08-01,2022,8,1,Monsoon,Himachal Pradesh,31.1,77.17,5,120,Active Monsoon,28.1,93.8,1004.5,9.0,17.7,178.0,88.0,27.8,85.6,1002.5,0.9,16.2,0.3,8.1,0.3,0
2022-08-01,2022,8,1,Monsoon,Assam & Meghalaya,26.14,91.73,5,120,Active Monsoon,28.1,89.5,1005.6,6.5,11.9,63.0,61.0,27.4,93.1,1004.7,40.1,14.1,0.7,33.6,33.6,1
2022-08-01,2022,8,1,Monsoon,Kerala Coast,9.93,76.26,6,144,Active Monsoon,27.9,74.3,1002.5,28.8,11.0,172.0,94.0,29.4,74.7,1001.2,27.8,10.1,1.5,1.0,1.0,0
2022-08-01,2022,8,1,Monsoon,Himachal Pradesh,31.1,77.17,6,144,Active Monsoon,25.3,93.8,1004.0,2.9,13.2,166.0,88.0,27.8,93.7,1002.5,0.9,16.2,2.5,2.0,2.5,0
2022-08-01,2022,8,1,Monsoon,Assam & Meghalaya,26.14,91.73,6,144,Active Monsoon,27.6,89.5,1004.0,38.9,6.4,220.0,26.0,27.4,89.9,1004.7,40.1,14.1,0.2,1.2,1.2,1
2022-08-01,2022,8,1,Monsoon,West Bengal (Gangetic),22.57,88.36,7,168,Active Monsoon,32.1,89.1,999.5,0.0,13.6,304.0,53.0,29.1,92.5,1000.0,0.3,13.3,3.0,0.3,3.0,0
2022-08-01,2022,8,1,Monsoon,Gujarat Coastal,21.64,69.6,8,192,Active Monsoon,31.6,75.6,1008.9,0.0,15.3,99.0,22.0,29.3,66.2,1007.8,1.8,11.2,2.3,1.8,2.3,0
2022-08-01,2022,8,1,Monsoon,Kerala Coast,9.93,76.26,9,216,Active Monsoon,31.9,74.3,1001.2,40.3,10.5,182.0,78.0,29.4,79.3,1001.2,27.8,10.1,2.5,12.5,12.5,0
2022-08-01,2022,8,1,Monsoon,Maharashtra (Mumbai/Konkan),18.98,72.83,9,216,Active Monsoon,33.5,78.1,1003.3,0.0,1.0,314.0,92.0,29.8,81.6,1004.0,0.6,7.6,3.7,0.6,3.7,1
2022-08-01,2022,8,1,Monsoon,Rajasthan (West),26.91,70.9,9,216,Active Monsoon,27.6,80.5,1003.6,0.0,9.9,232.0,53.0,25.4,80.4,1002.4,0.7,14.1,2.2,0.7,2.2,0
2022-08-01,2022,8,1,Monsoon,Odisha Coastal,20.27,85.84,10,240,Active Monsoon,31.9,95.9,1006.8,0.0,16.1,106.0,47.0,29.3,92.6,1003.8,3.9,18.2,2.6,3.9,2.6,0
2022-08-08,2022,8,8,Monsoon,Assam & Meghalaya,26.14,91.73,1,24,Active Monsoon,26.1,80.1,1002.4,2.7,12.2,182.0,79.0,26.8,71.0,1002.8,2.8,10.9,0.7,0.1,0.7,0
2022-08-08,2022,8,8,Monsoon,Assam & Meghalaya,26.14,91.73,2,48,Active Monsoon,25.6,80.1,1002.6,0.0,11.7,320.0,93.0,26.8,77.5,1002.8,2.8,10.9,1.2,2.8,1.2,0
2022-08-08,2022,8,8,Monsoon,Odisha Coastal,20.27,85.84,3,72,Active Monsoon,29.5,92.3,1003.4,7.5,18.6,290.0,83.0,28.6,93.1,1003.1,3.4,16.4,0.9,4.1,0.9,0
2022-08-08,2022,8,8,Monsoon,Maharashtra (Mumbai/Konkan),18.98,72.83,4,96,Active Monsoon,27.3,93.1,1010.9,55.8,14.9,1.0,69.0,29.0,90.3,1011.0,61.4,13.3,1.7,5.6,5.6,0
2022-08-08,2022,8,8,Monsoon,Rajasthan (West),26.91,70.9,4,96,Active Monsoon,28.2,74.1,1002.9,0.0,19.1,337.0,51.0,27.4,69.3,1003.5,0.4,16.5,0.8,0.4,0.8,0
2022-08-08,2022,8,8,Monsoon,Odisha Coastal,20.27,85.84,5,120,Active Monsoon,28.4,92.3,1004.1,4.9,20.6,191.0,59.0,28.6,85.5,1003.1,3.4,16.4,0.2,1.5,0.2,0
2022-08-08,2022,8,8,Monsoon,Kerala Coast,9.93,76.26,5,120,Active Monsoon,28.3,82.1,1005.6,3.5,10.0,64.0,66.0,27.6,76.7,1003.8,0.7,11.3,0.7,2.8,0.7,0
2022-08-08,2022,8,8,Monsoon,Himachal Pradesh,31.1,77.17,6,144,Active Monsoon,28.9,76.2,1001.4,0.0,14.7,215.0,47.0,28.9,77.3,1003.9,1.7,13.6,0.0,1.7,0.0,0
2022-08-08,2022,8,8,Monsoon,West Bengal (Gangetic),22.57,88.36,6,144,Active Monsoon,27.6,81.6,1000.0,9.5,10.6,108.0,30.0,25.3,86.4,1001.7,1.7,12.2,2.3,7.8,2.3,0
2022-08-08,2022,8,8,Monsoon,Rajasthan (West),26.91,70.9,7,168,Active Monsoon,27.8,74.1,1005.8,1.5,14.1,94.0,56.0,27.4,75.8,1003.5,0.4,16.5,0.4,1.1,0.4,0
2022-08-08,2022,8,8,Monsoon,Gujarat Coastal,21.64,69.6,8,192,Active Monsoon,28.8,90.5,1006.9,5.4,17.7,77.0,43.0,27.4,85.3,1005.9,4.8,18.5,1.4,0.6,1.4,0
2022-08-08,2022,8,8,Monsoon,West Bengal (Gangetic),22.57,88.36,8,192,Active Monsoon,22.1,81.6,1005.1,4.8,12.4,99.0,79.0,25.3,89.9,1001.7,1.7,12.2,3.2,3.1,3.2,1
2022-08-08,2022,8,8,Monsoon,Gujarat Coastal,21.64,69.6,9,216,Active Monsoon,30.3,90.5,1006.9,28.0,22.3,133.0,71.0,27.4,87.9,1005.9,4.8,18.5,2.9,23.2,2.9,1
2022-08-08,2022,8,8,Monsoon,Himachal Pradesh,31.1,77.17,9,216,Active Monsoon,30.4,76.2,1002.5,0.0,11.6,273.0,56.0,28.9,68.6,1003.9,1.7,13.6,1.5,1.7,1.5,0
2022-08-08,2022,8,8,Monsoon,Kerala Coast,9.93,76.26,10,240,Active Monsoon,31.5,82.1,1003.9,8.9,12.7,195.0,17.0,27.6,77.2,1003.8,0.7,11.3,3.9,8.2,3.9,1
2022-08-08,2022,8,8,Monsoon,Maharashtra (Mumbai/Konkan),18.98,72.83,10,240,Active Monsoon,27.6,93.1,1011.2,5.0,10.1,281.0,94.0,29.0,99.9,1011.0,61.4,13.3,1.4,56.4,56.4,1
2022-08-15,2022,8,15,Monsoon,Kerala Coast,9.93,76.26,1,24,Active Monsoon,26.1,82.6,1004.8,2.2,11.0,180.0,19.0,26.9,85.4,1005.0,13.2,9.6,0.8,11.0,11.0,0
2022-08-15,2022,8,15,Monsoon,West Bengal (Gangetic),22.57,88.36,1,24,Active Monsoon,28.9,79.5,1009.5,0.7,15.0,53.0,92.0,27.7,79.1,1008.8,0.4,15.3,1.2,0.3,1.2,0
2022-08-15,2022,8,15,Monsoon,Odisha Coastal,20.27,85.84,2,48,Active Monsoon,29.2,90.8,1002.7,7.0,18.5,206.0,59.0,29.9,86.8,1003.2,3.6,18.0,0.7,3.4,0.7,0
2022-08-15,2022,8,15,Monsoon,Gujarat Coastal,21.64,69.6,2,48,Active Monsoon,27.6,79.7,1005.1,11.4,16.8,231.0,83.0,27.4,90.5,1004.6,10.0,18.1,0.2,1.4,1.4,0
2022-08-15,2022,8,15,Monsoon,Rajasthan (West),26.91,70.9,2,48,Active Monsoon,28.3,77.0,1005.7,1.4,22.0,19.0,81.0,27.8,76.4,1005.3,4.8,22.6,0.5,3.4,0.5,0
2022-08-15,2022,8,15,Monsoon,Himachal Pradesh,31.1,77.17,2,48,Active Monsoon,28.7,70.1,1004.3,2.2,18.2,144.0,82.0,29.0,63.5,1005.0,0.3,18.8,0.3,1.9,0.3,0
2022-08-15,2022,8,15,Monsoon,Odisha Coastal,20.27,85.84,4,96,Active Monsoon,32.9,90.8,1003.3,5.7,20.7,166.0,43.0,29.9,97.9,1003.2,3.6,18.0,3.0,2.1,3.0,0
2022-08-15,2022,8,15,Monsoon,Gujarat Coastal,21.64,69.6,4,96,Active Monsoon,26.5,79.7,1002.4,16.9,19.8,182.0,37.0,27.4,79.8,1004.6,10.0,18.1,0.9,6.9,6.9,0
2022-08-15,2022,8,15,Monsoon,Rajasthan (West),26.91,70.9,4,96,Active Monsoon,26.9,77.0,1005.7,6.4,26.5,126.0,65.0,27.8,77.7,1005.3,4.8,22.6,0.9,1.6,0.9,0
2022-08-15,2022,8,15,Monsoon,Maharashtra (Mumbai/Konkan),18.98,72.83,6,144,Active Monsoon,31.3,83.5,1004.7,0.0,14.6,40.0,81.0,29.5,84.3,1003.2,8.2,10.6,1.8,8.2,8.2,0
2022-08-15,2022,8,15,Monsoon,Assam & Meghalaya,26.14,91.73,6,144,Active Monsoon,24.8,84.4,1007.7,20.2,12.4,279.0,78.0,27.4,85.9,1007.9,22.4,13.7,2.6,2.2,2.2,0
2022-08-15,2022,8,15,Monsoon,Kerala Coast,9.93,76.26,7,168,Active Monsoon,26.3,82.6,1005.4,12.7,3.2,275.0,45.0,26.9,87.3,1005.0,13.2,9.6,0.6,0.5,0.5,0
2022-08-15,2022,8,15,Monsoon,Himachal Pradesh,31.1,77.17,8,192,Active Monsoon,27.0,70.1,1006.9,0.0,24.2,254.0,86.0,29.0,64.7,1005.0,0.3,18.8,2.0,0.3,2.0,0
2022-08-15,2022,8,15,Monsoon,Maharashtra (Mumbai/Konkan),18.98,72.83,9,216,Active Monsoon,23.1,83.5,1004.9,0.0,10.4,348.0,48.0,29.5,84.2,1003.2,8.2,10.6,6.4,8.2,8.2,1
2022-08-15,2022,8,15,Monsoon,West Bengal (Gangetic),22.57,88.36,9,216,Active Monsoon,31.1,79.5,1010.3,0.0,22.1,88.0,26.0,27.7,79.1,1008.8,0.4,15.3,3.4,0.4,3.4,1
2022-08-15,2022,8,15,Monsoon,Assam & Meghalaya,26.14,91.73,9,216,Active Monsoon,30.3,84.4,1009.5,43.4,15.5,301.0,19.0,27.4,78.3,1007.9,22.4,13.7,2.9,21.0,21.0,1
2022-08-22,2022,8,22,Monsoon,West Bengal (Gangetic),22.57,88.36,1,24,Active Monsoon,26.9,82.9,1006.2,4.0,20.1,24.0,29.0,27.9,84.9,1005.6,4.9,19.4,1.0,0.9,1.0,0
2022-08-22,2022,8,22,Monsoon,Maharashtra (Mumbai/Konkan),18.98,72.83,3,72,Active Monsoon,24.9,71.4,1003.0,8.1,14.1,85.0,29.0,25.7,71.5,1003.5,8.5,17.5,0.8,0.4,0.4,0
2022-08-22,2022,8,22,Monsoon,Gujarat Coastal,21.64,69.6,3,72,Active Monsoon,27.5,86.9,998.6,16.2,20.3,37.0,29.0,26.8,84.0,999.7,16.4,21.4,0.7,0.2,0.2,0
2022-08-22,2022,8,22,Monsoon,Gujarat Coastal,21.64,69.6,4,96,Active Monsoon,26.7,86.9,999.5,20.1,21.8,112.0,36.0,26.8,87.3,999.7,16.4,21.4,0.1,3.7,3.7,0
2022-08-22,2022,8,22,Monsoon,Rajasthan (West),26.91,70.9,4,96,Active Monsoon,26.4,89.5,1002.1,2.1,15.4,267.0,77.0,27.9,85.8,1001.1,0.0,12.7,1.5,2.1,1.5,0
2022-08-22,2022,8,22,Monsoon,Himachal Pradesh,31.1,77.17,4,96,Active Monsoon,30.7,81.5,1011.5,0.0,21.3,266.0,78.0,28.8,82.9,1011.8,0.2,19.8,1.9,0.2,1.9,0
2022-08-22,2022,8,22,Monsoon,Odisha Coastal,20.27,85.84,5,120,Active Monsoon,24.4,84.4,1003.9,0.0,15.8,263.0,14.0,25.6,78.3,1004.9,2.7,13.4,1.2,2.7,1.2,0
2022-08-22,2022,8,22,Monsoon,Assam & Meghalaya,26.14,91.73,5,120,Active Monsoon,28.2,77.4,1006.7,2.5,17.2,96.0,33.0,26.8,75.5,1005.2,2.0,13.8,1.4,0.5,1.4,0
2022-08-22,2022,8,22,Monsoon,Rajasthan (West),26.91,70.9,6,144,Active Monsoon,26.1,89.5,1001.6,4.1,13.4,45.0,84.0,27.9,89.8,1001.1,0.0,12.7,1.8,4.1,1.8,0
2022-08-22,2022,8,22,Monsoon,Kerala Coast,9.93,76.26,8,192,Active Monsoon,27.5,86.6,1010.1,43.0,16.2,223.0,39.0,28.1,87.0,1008.9,9.9,11.0,0.6,33.1,33.1,1
2022-08-22,2022,8,22,Monsoon,Himachal Pradesh,31.1,77.17,8,192,Active Monsoon,27.6,81.5,1010.6,1.0,23.6,223.0,58.0,28.8,84.3,1011.8,0.2,19.8,1.2,0.8,1.2,0
2022-08-22,2022,8,22,Monsoon,West Bengal (Gangetic),22.57,88.36,8,192,Active Monsoon,24.0,82.9,1009.1,5.7,23.9,11.0,37.0,27.9,85.0,1005.6,4.9,19.4,3.9,0.8,3.9,1
2022-08-22,2022,8,22,Monsoon,Odisha Coastal,20.27,85.84,9,216,Active Monsoon,26.9,84.4,1005.4,8.9,15.8,283.0,46.0,25.6,83.9,1004.9,2.7,13.4,1.3,6.2,1.3,0
2022-08-22,2022,8,22,Monsoon,Assam & Meghalaya,26.14,91.73,9,216,Active Monsoon,26.9,77.4,1004.6,0.0,14.7,266.0,69.0,26.8,80.4,1005.2,2.0,13.8,0.1,2.0,0.1,0
2022-08-22,2022,8,22,Monsoon,Kerala Coast,9.93,76.26,10,240,Active Monsoon,26.6,86.6,1012.8,0.0,12.1,111.0,54.0,28.1,92.3,1008.9,9.9,11.0,1.5,9.9,9.9,1
2022-08-22,2022,8,22,Monsoon,Maharashtra (Mumbai/Konkan),18.98,72.83,10,240,Active Monsoon,28.0,71.4,999.2,0.0,11.7,318.0,81.0,25.7,82.7,1003.5,8.5,17.5,2.3,8.5,8.5,1
2022-08-29,2022,8,29,Monsoon,Kerala Coast,9.93,76.26,1,24,Active Monsoon,29.9,78.0,1001.6,0.5,13.9,259.0,24.0,28.9,77.7,1002.2,3.8,11.4,1.0,3.3,1.0,0
2022-08-29,2022,8,29,Monsoon,Assam & Meghalaya,26.14,91.73,1,24,Active Monsoon,30.7,97.6,1004.2,32.3,12.3,75.0,55.0,29.7,92.0,1003.8,27.2,12.6,1.0,5.1,5.1,0
2022-08-29,2022,8,29,Monsoon,West Bengal (Gangetic),22.57,88.36,2,48,Active Monsoon,28.7,78.2,1011.0,35.6,16.7,98.0,89.0,30.3,75.5,1011.0,22.2,13.9,1.6,13.4,13.4,0
2022-08-29,2022,8,29,Monsoon,Rajasthan (West),26.91,70.9,3,72,Active Monsoon,27.4,78.3,999.3,2.7,10.8,320.0,64.0,26.9,79.9,999.7,0.5,9.8,0.5,2.2,0.5,0
2022-08-29,2022,8,29,Monsoon,Himachal Pradesh,31.1,77.17,3,72,Active Monsoon,27.0,88.3,1007.9,0.0,6.3,255.0,89.0,27.6,85.9,1007.5,2.6,6.0,0.6,2.6,0.6,0
2022-08-29,2022,8,29,Monsoon,Maharashtra (Mumbai/Konkan),18.98,72.83,5,120,Active Monsoon,29.5,91.4,1008.1,3.6,18.3,145.0,73.0,28.0,94.9,1008.6,12.5,17.8,1.5,8.9,8.9,0
2022-08-29,2022,8,29,Monsoon,Gujarat Coastal,21.64,69.6,5,120,Active Monsoon,33.0,88.7,1011.3,66.2,16.4,271.0,69.0,30.6,86.8,1012.6,22.9,18.4,2.4,43.3,43.3,1
2022-08-29,2022,8,29,Monsoon,Rajasthan (West),26.91,70.9,5,120,Active Monsoon,29.8,78.3,999.4,0.4,11.9,93.0,38.0,26.9,82.0,999.7,0.5,9.8,2.9,0.1,2.9,0
2022-08-29,2022,8,29,Monsoon,Himachal Pradesh,31.1,77.17,5,120,Active Monsoon,26.2,88.3,1006.8,11.9,3.6,348.0,44.0,27.6,91.4,1007.5,2.6,6.0,1.4,9.3,1.4,0
2022-08-29,2022,8,29,Monsoon,Kerala Coast,9.93,76.26,7,168,Active Monsoon,29.3,78.0,1004.0,0.0,10.7,77.0,34.0,28.9,82.7,1002.2,3.8,11.4,0.4,3.8,0.4,0
2022-08-29,2022,8,29,Monsoon,Gujarat Coastal,21.64,69.6,7,168,Active Monsoon,27.1,88.7,1016.8,14.2,20.2,92.0,60.0,30.6,95.1,1012.6,22.9,18.4,3.5,8.7,8.7,1
2022-08-29,2022,8,29,Monsoon,Assam & Meghalaya,26.14,91.73,8,192,Active Monsoon,32.3,97.6,1006.0,77.8,17.2,169.0,68.0,29.7,96.8,1003.8,27.2,12.6,2.6,50.6,50.6,1
2022-08-29,2022,8,29,Monsoon,Odisha Coastal,20.27,85.84,9,216,Active Monsoon,28.0,81.1,1008.0,11.5,6.3,242.0,29.0,27.1,77.6,1007.4,14.8,13.1,0.9,3.3,3.3,0
2022-08-29,2022,8,29,Monsoon,Maharashtra (Mumbai/Konkan),18.98,72.83,9,216,Active Monsoon,25.9,91.4,1008.8,0.0,18.2,302.0,80.0,28.0,95.1,1008.6,12.5,17.8,2.1,12.5,12.5,0
2022-08-29,2022,8,29,Monsoon,West Bengal (Gangetic),22.57,88.36,9,216,Active Monsoon,34.2,78.2,1010.8,35.1,15.2,308.0,24.0,30.3,78.2,1011.0,22.2,13.9,3.9,12.9,12.9,1
2022-08-29,2022,8,29,Monsoon,Odisha Coastal,20.27,85.84,10,240,Active Monsoon,26.1,81.1,1007.2,14.8,7.9,20.0,60.0,27.1,80.9,1007.4,14.8,13.1,1.0,0.0,0.0,0
2022-09-05,2022,9,5,Monsoon,Maharashtra (Mumbai/Konkan),18.98,72.83,2,48,Normal,29.6,82.3,1002.1,23.1,16.2,87.0,58.0,29.3,73.8,1003.2,14.5,14.2,0.3,8.6,8.6,0
2022-09-05,2022,9,5,Monsoon,Rajasthan (West),26.91,70.9,3,72,Normal,25.8,84.4,1005.1,4.8,8.6,206.0,66.0,28.2,89.2,1007.0,0.1,9.1,2.4,4.7,2.4,0
2022-09-05,2022,9,5,Monsoon,West Bengal (Gangetic),22.57,88.36,3,72,Normal,29.4,81.7,1005.0,19.7,11.7,92.0,50.0,29.3,83.9,1005.7,20.4,12.3,0.1,0.7,0.7,0
2022-09-05,2022,9,5,Monsoon,Rajasthan (West),26.91,70.9,4,96,Normal,27.4,84.4,1006.6,0.0,5.6,35.0,57.0,28.2,77.8,1007.0,0.1,9.1,0.8,0.1,0.8,0
2022-09-05,2022,9,5,Monsoon,Gujarat Coastal,21.64,69.6,5,120,Normal,29.8,75.7,998.0,14.2,14.6,332.0,40.0,29.1,73.1,997.6,5.1,14.6,0.7,9.1,9.1,0
2022-09-05,2022,9,5,Monsoon,Odisha Coastal,20.27,85.84,7,168,Normal,29.7,73.4,1000.8,1.4,7.3,142.0,39.0,27.4,78.6,1001.5,6.1,11.9,2.3,4.7,4.7,0
2022-09-05,2022,9,5,Monsoon,Himachal Pradesh,31.1,77.17,7,168,Normal,30.3,97.8,1004.1,0.0,20.4,95.0,90.0,29.1,98.8,1002.8,7.9,15.4,1.2,7.9,7.9,0
2022-09-05,2022,9,5,Monsoon,Odisha Coastal,20.27,85.84,8,192,Normal,27.9,73.4,1002.8,4.5,13.7,277.0,22.0,27.4,76.0,1001.5,6.1,11.9,0.5,1.6,1.6,0
2022-09-05,2022,9,5,Monsoon,Kerala Coast,9.93,76.26,8,192,Normal,29.0,76.0,997.5,9.1,11.7,58.0,11.0,27.0,79.4,997.7,4.3,15.2,2.0,4.8,2.0,0
2022-09-05,2022,9,5,Monsoon,Maharashtra (Mumbai/Konkan),18.98,72.83,8,192,Normal,34.0,82.3,1005.5,1.1,13.8,159.0,19.0,29.3,84.6,1003.2,14.5,14.2,4.7,13.4,13.4,1
2022-09-05,2022,9,5,Monsoon,Gujarat Coastal,21.64,69.6,8,192,Normal,25.6,75.7,998.7,16.9,17.9,134.0,26.0,29.1,73.5,997.6,5.1,14.6,3.5,11.8,11.8,1
2022-09-05,2022,9,5,Monsoon,West Bengal (Gangetic),22.57,88.36,8,192,Normal,30.7,81.7,1005.1,16.6,18.8,304.0,58.0,29.3,72.9,1005.7,20.4,12.3,1.4,3.8,3.8,0
2022-09-05,2022,9,5,Monsoon,Assam & Meghalaya,26.14,91.73,8,192,Normal,28.4,78.2,998.7,57.3,9.2,82.0,29.0,27.5,81.7,1000.1,18.5,10.7,0.9,38.8,38.8,1
2022-09-05,2022,9,5,Monsoon,Kerala Coast,9.93,76.26,9,216,Normal,24.4,76.0,996.0,7.6,16.8,290.0,18.0,27.0,73.8,997.7,4.3,15.2,2.6,3.3,2.6,0
2022-09-05,2022,9,5,Monsoon,Himachal Pradesh,31.1,77.17,9,216,Normal,29.5,97.8,1003.4,9.5,15.3,13.0,12.0,29.1,95.4,1002.8,7.9,15.4,0.4,1.6,1.6,0
2022-09-05,2022,9,5,Monsoon,Assam & Meghalaya,26.14,91.73,10,240,Normal,30.6,78.2,999.0,49.2,8.7,198.0,55.0,27.5,80.9,1000.1,18.5,10.7,3.1,30.7,30.7,1
2022-09-12,2022,9,12,Monsoon,West Bengal (Gangetic),22.57,88.36,1,24,Normal,29.0,87.8,1004.6,27.0,16.0,94.0,67.0,28.9,87.6,1004.8,32.4,17.2,0.1,5.4,5.4,0
2022-09-12,2022,9,12,Monsoon,Rajasthan (West),26.91,70.9,2,48,Normal,28.6,84.4,1001.9,3.5,10.5,60.0,88.0,27.9,84.2,1002.3,3.8,10.4,0.7,0.3,0.7,0
2022-09-12,2022,9,12,Monsoon,Himachal Pradesh,31.1,77.17,2,48,Normal,28.3,89.2,1005.0,0.0,16.1,64.0,70.0,28.9,83.8,1005.2,2.2,14.7,0.6,2.2,0.6,0
2022-09-12,2022,9,12,Monsoon,Assam & Meghalaya,26.14,91.73,2,48,Normal,26.9,85.9,1012.1,3.6,16.3,207.0,51.0,28.0,83.0,1012.6,1.4,19.2,1.1,2.2,1.1,0
2022-09-12,2022,9,12,Monsoon,Maharashtra (Mumbai/Konkan),18.98,72.83,3,72,Normal,28.8,78.0,1005.1,21.7,11.6,141.0,56.0,29.1,70.2,1003.9,23.6,13.3,0.3,1.9,1.9,0
2022-09-12,2022,9,12,Monsoon,Maharashtra (Mumbai/Konkan),18.98,72.83,4,96,Normal,29.1,78.0,1003.1,0.0,8.6,188.0,75.0,29.1,77.3,1003.9,23.6,13.3,0.0,23.6,23.6,1
2022-09-12,2022,9,12,Monsoon,Gujarat Coastal,21.64,69.6,4,96,Normal,31.0,90.7,1007.7,0.0,16.9,184.0,80.0,30.5,97.0,1006.2,2.9,17.1,0.5,2.9,0.5,0
2022-09-12,2022,9,12,Monsoon,West Bengal (Gangetic),22.57,88.36,4,96,Normal,30.5,87.8,1005.5,27.5,15.8,173.0,84.0,28.9,82.7,1004.8,32.4,17.2,1.6,4.9,4.9,0
2022-09-12,2022,9,12,Monsoon,Odisha Coastal,20.27,85.84,5,120,Normal,26.2,92.1,1002.7,7.4,13.8,162.0,57.0,26.7,87.1,1003.4,5.3,12.1,0.5,2.1,2.1,0
2022-09-12,2022,9,12,Monsoon,Kerala Coast,9.93,76.26,5,120,Normal,30.8,86.2,1003.5,0.0,13.3,256.0,71.0,29.3,89.9,1005.5,5.3,12.6,1.5,5.3,5.3,0
2022-09-12,2022,9,12,Monsoon,Gujarat Coastal,21.64,69.6,5,120,Normal,29.3,90.7,1005.1,1.2,18.7,36.0,81.0,30.5,91.8,1006.2,2.9,17.1,1.2,1.7,1.2,0
2022-09-12,2022,9,12,Monsoon,Assam & Meghalaya,26.14,91.73,5,120,Normal,28.4,85.9,1013.4,3.0,14.2,140.0,66.0,28.0,80.0,1012.6,1.4,19.2,0.4,1.6,0.4,0
2022-09-12,2022,9,12,Monsoon,Kerala Coast,9.93,76.26,6,144,Normal,29.9,86.2,1005.5,0.0,14.0,158.0,22.0,29.3,89.3,1005.5,5.3,12.6,0.6,5.3,5.3,0
2022-09-12,2022,9,12,Monsoon,Odisha Coastal,20.27,85.84,7,168,Normal,22.0,92.1,1003.2,13.8,9.3,294.0,13.0,26.7,100.2,1003.4,5.3,12.1,4.7,8.5,8.5,1
2022-09-12,2022,9,12,Monsoon,Rajasthan (West),26.91,70.9,7,168,Normal,28.8,84.4,1003.4,2.0,14.4,240.0,61.0,27.9,85.2,1002.3,3.8,10.4,0.9,1.8,0.9,0
2022-09-12,2022,9,12,Monsoon,Himachal Pradesh,31.1,77.17,8,192,Normal,27.7,89.2,1006.8,18.1,13.4,253.0,13.0,28.9,96.0,1005.2,2.2,14.7,1.2,15.9,1.2,0
2022-09-19,2022,9,19,Monsoon,Odisha Coastal,20.27,85.84,1,24,Normal,28.3,77.9,999.6,7.8,11.2,193.0,90.0,27.3,83.3,1000.2,10.6,11.6,1.0,2.8,2.8,0
2022-09-19,2022,9,19,Monsoon,Gujarat Coastal,21.64,69.6,1,24,Normal,26.8,83.0,1004.5,20.8,18.4,288.0,85.0,26.8,79.9,1005.8,23.2,18.0,0.0,2.4,2.4,0
2022-09-19,2022,9,19,Monsoon,Rajasthan (West),26.91,70.9,1,24,Normal,29.7,79.2,1004.2,3.9,12.6,145.0,79.0,29.4,79.1,1004.6,4.0,13.3,0.3,0.1,0.3,0
2022-09-19,2022,9,19,Monsoon,West Bengal (Gangetic),22.57,88.36,2,48,Normal,30.2,79.1,1003.0,13.5,18.0,219.0,12.0,30.3,74.4,1003.1,12.7,20.2,0.1,0.8,0.8,0
2022-09-19,2022,9,19,Monsoon,Kerala Coast,9.93,76.26,3,72,Normal,28.1,86.9,1006.3,1.7,7.7,47.0,87.0,27.4,92.7,1005.7,5.6,10.2,0.7,3.9,3.9,0
2022-09-19,2022,9,19,Monsoon,Assam & Meghalaya,26.14,91.73,3,72,Normal,27.5,79.6,1005.4,14.6,18.3,260.0,29.0,25.8,74.0,1005.1,5.7,16.2,1.7,8.9,8.9,0
2022-09-19,2022,9,19,Monsoon,Kerala Coast,9.93,76.26,4,96,Normal,25.6,86.9,1005.9,9.7,13.0,133.0,12.0,27.4,77.7,1005.7,5.6,10.2,1.8,4.1,4.1,0
2022-09-19,2022,9,19,Monsoon,Himachal Pradesh,31.1,77.17,5,120,Normal,31.3,76.7,1004.4,7.1,11.9,311.0,55.0,29.4,79.2,1005.9,2.0,14.2,1.9,5.1,1.9,0
2022-09-19,2022,9,19,Monsoon,West Bengal (Gangetic),22.57,88.36,5,120,Normal,31.8,79.1,1005.0,18.1,18.2,191.0,47.0,30.3,73.6,1003.1,12.7,20.2,1.5,5.4,5.4,0
2022-09-19,2022,9,19,Monsoon,Odisha Coastal,20.27,85.84,6,144,Normal,26.1,77.9,999.6,17.9,12.1,37.0,22.0,27.3,79.7,1000.2,10.6,11.6,1.2,7.3,7.3,0
2022-09-19,2022,9,19,Monsoon,Himachal Pradesh,31.1,77.17,6,144,Normal,30.4,76.7,1006.6,1.5,11.2,5.0,64.0,29.4,85.4,1005.9,2.0,14.2,1.0,0.5,1.0,0
2022-09-19,2022,9,19,Monsoon,Maharashtra (Mumbai/Konkan),18.98,72.83,7,168,Normal,32.1,84.7,1004.0,30.6,14.2,133.0,42.0,29.6,79.7,1003.9,33.6,17.8,2.5,3.0,3.0,0
2022-09-19,2022,9,19,Monsoon,Assam & Meghalaya,26.14,91.73,7,168,Normal,26.0,79.6,1007.0,10.8,16.0,353.0,20.0,25.8,81.0,1005.1,5.7,16.2,0.2,5.1,5.1,0
2022-09-19,2022,9,19,Monsoon,Rajasthan (West),26.91,70.9,8,192,Normal,35.2,79.2,1002.7,10.6,15.9,319.0,66.0,29.4,80.5,1004.6,4.0,13.3,5.8,6.6,5.8,1
2022-09-19,2022,9,19,Monsoon,Gujarat Coastal,21.64,69.6,9,216,Normal,26.6,83.0,1006.4,31.3,14.0,1.0,81.0,26.8,87.7,1005.8,23.2,18.0,0.2,8.1,8.1,0
2022-09-19,2022,9,19,Monsoon,Maharashtra (Mumbai/Konkan),18.98,72.83,10,240,Normal,38.4,84.7,1005.1,8.2,20.0,103.0,35.0,29.6,84.3,1003.9,33.6,17.8,8.8,25.4,25.4,1
2022-09-26,2022,9,26,Monsoon,Kerala Coast,9.93,76.26,1,24,Normal,28.0,82.9,1001.6,8.7,15.3,111.0,32.0,26.7,84.2,1001.7,4.7,15.8,1.3,4.0,1.3,0
2022-09-26,2022,9,26,Monsoon,Rajasthan (West),26.91,70.9,1,24,Normal,26.9,76.0,1003.7,3.1,16.6,53.0,74.0,26.6,82.5,1003.2,1.8,17.8,0.3,1.3,0.3,0
2022-09-26,2022,9,26,Monsoon,Himachal Pradesh,31.1,77.17,1,24,Normal,28.7,82.4,1005.2,2.3,17.1,222.0,25.0,28.0,77.8,1004.5,8.1,16.3,0.7,5.8,5.8,0
2022-09-26,2022,9,26,Monsoon,West Bengal (Gangetic),22.57,88.36,1,24,Normal,28.2,70.4,1005.3,1.1,8.6,197.0,43.0,29.5,61.1,1005.4,2.8,10.3,1.3,1.7,1.3,0
2022-09-26,2022,9,26,Monsoon,Maharashtra (Mumbai/Konkan),18.98,72.83,2,48,Normal,30.8,85.4,1008.3,2.8,16.2,216.0,27.0,31.6,87.3,1007.1,16.5,16.8,0.8,13.7,13.7,0
2022-09-26,2022,9,26,Monsoon,Odisha Coastal,20.27,85.84,5,120,Normal,29.7,80.7,1003.8,48.7,16.9,49.0,36.0,29.3,76.5,1003.7,35.2,16.9,0.4,13.5,13.5,0
2022-09-26,2022,9,26,Monsoon,Odisha Coastal,20.27,85.84,6,144,Normal,30.4,80.7,1003.6,44.8,17.8,172.0,34.0,29.3,75.0,1003.7,35.2,16.9,1.1,9.6,9.6,0
2022-09-26,2022,9,26,Monsoon,Gujarat Coastal,21.64,69.6,6,144,Normal,27.6,68.6,1006.5,35.4,12.5,61.0,27.0,28.4,64.0,1004.7,39.0,10.9,0.8,3.6,3.6,0
2022-09-26,2022,9,26,Monsoon,Assam & Meghalaya,26.14,91.73,6,144,Normal,27.0,82.9,1006.2,19.6,12.3,55.0,14.0,26.5,90.7,1004.9,14.6,9.9,0.5,5.0,5.0,0
2022-09-26,2022,9,26,Monsoon,Maharashtra (Mumbai/Konkan),18.98,72.83,8,192,Normal,31.5,85.4,1006.4,43.0,18.3,216.0,19.0,31.6,83.1,1007.1,16.5,16.8,0.1,26.5,26.5,1
2022-09-26,2022,9,26,Monsoon,Rajasthan (West),26.91,70.9,8,192,Normal,28.0,76.0,1003.2,0.0,17.1,248.0,76.0,26.6,74.8,1003.2,1.8,17.8,1.4,1.8,1.4,0
2022-09-26,2022,9,26,Monsoon,West Bengal (Gangetic),22.57,88.36,8,192,Normal,26.7,70.4,1007.1,6.5,6.8,80.0,82.0,29.5,68.3,1005.4,2.8,10.3,2.8,3.7,2.8,0
2022-09-26,2022,9,26,Monsoon,Assam & Meghalaya,26.14,91.73,8,192,Normal,27.0,82.9,1003.1,11.2,6.7,264.0,42.0,26.5,83.3,1004.9,14.6,9.9,0.5,3.4,3.4,0
2022-09-26,2022,9,26,Monsoon,Kerala Coast,9.93,76.26,10,240,Normal,27.0,82.9,1005.0,16.4,15.3,101.0,16.0,26.7,82.5,1001.7,4.7,15.8,0.3,11.7,0.3,1
2022-09-26,2022,9,26,Monsoon,Gujarat Coastal,21.64,69.6,10,240,Normal,28.3,68.6,1003.8,14.2,13.1,326.0,55.0,28.4,65.1,1004.7,39.0,10.9,0.1,24.8,24.8,1
2022-09-26,2022,9,26,Monsoon,Himachal Pradesh,31.1,77.17,10,240,Normal,33.5,82.4,1000.2,5.3,25.7,34.0,17.0,28.0,81.2,1004.5,8.1,16.3,5.5,2.8,2.8,1
2022-10-03,2022,10,3,Post-Monsoon,Odisha Coastal,20.27,85.84,1,24,Normal,27.1,59.0,1015.9,13.5,9.8,149.0,57.0,26.6,59.2,1014.8,13.4,10.9,0.5,0.1,0.1,0
2022-10-03,2022,10,3,Post-Monsoon,Assam & Meghalaya,26.14,91.73,1,24,Normal,27.8,72.9,1011.6,0.0,9.1,57.0,35.0,27.1,78.8,1011.1,0.6,8.3,0.7,0.6,0.7,0
2022-10-03,2022,10,3,Post-Monsoon,Rajasthan (West),26.91,70.9,3,72,Normal,26.8,67.0,1012.8,1.3,12.9,178.0,44.0,26.7,64.2,1012.9,0.9,13.2,0.1,0.4,0.1,0
2022-10-03,2022,10,3,Post-Monsoon,Odisha Coastal,20.27,85.84,4,96,Normal,24.7,59.0,1016.1,1.8,11.5,249.0,92.0,26.6,57.6,1014.8,13.4,10.9,1.9,11.6,11.6,0
2022-10-03,2022,10,3,Post-Monsoon,Kerala Coast,9.93,76.26,4,96,Normal,25.1,68.8,1014.1,0.0,9.2,150.0,70.0,24.4,64.9,1014.5,2.7,8.8,0.7,2.7,0.7,0
2022-10-03,2022,10,3,Post-Monsoon,West Bengal (Gangetic),22.57,88.36,4,96,Normal,24.8,71.0,1015.4,3.8,14.9,168.0,82.0,25.0,72.1,1015.8,5.5,12.4,0.2,1.7,1.7,0
2022-10-03,2022,10,3,Post-Monsoon,West Bengal (Gangetic),22.57,88.36,5,120,Normal,24.8,71.0,1015.6,0.0,8.6,97.0,68.0,25.0,71.6,1015.8,5.5,12.4,0.2,5.5,5.5,0
2022-10-03,2022,10,3,Post-Monsoon,Kerala Coast,9.93,76.26,6,144,Normal,24.0,68.8,1016.4,16.9,13.1,228.0,93.0,24.4,66.1,1014.5,2.7,8.8,0.4,14.2,0.4,0
2022-10-03,2022,10,3,Post-Monsoon,Himachal Pradesh,31.1,77.17,6,144,Normal,23.6,55.6,1012.6,0.0,10.1,324.0,14.0,23.0,54.3,1011.1,2.3,10.8,0.6,2.3,0.6,0
2022-10-03,2022,10,3,Post-Monsoon,Rajasthan (West),26.91,70.9,7,168,Normal,24.1,67.0,1012.1,1.7,14.9,163.0,13.0,26.7,67.2,1012.9,0.9,13.2,2.6,0.8,2.6,0
2022-10-03,2022,10,3,Post-Monsoon,Maharashtra (Mumbai/Konkan),18.98,72.83,8,192,Normal,23.7,59.1,1015.2,15.5,9.6,8.0,53.0,22.1,66.8,1013.4,4.3,12.1,1.6,11.2,1.6,0
2022-10-03,2022,10,3,Post-Monsoon,Gujarat Coastal,21.64,69.6,8,192,Normal,29.3,56.1,1006.7,15.9,5.1,347.0,33.0,25.1,62.7,1009.5,9.3,9.4,4.2,6.6,6.6,1
2022-10-03,2022,10,3,Post-Monsoon,Assam & Meghalaya,26.14,91.73,8,192,Normal,24.4,72.9,1010.9,6.1,1.2,345.0,53.0,27.1,74.2,1011.1,0.6,8.3,2.7,5.5,2.7,1
2022-10-03,2022,10,3,Post-Monsoon,Gujarat Coastal,21.64,69.6,9,216,Normal,26.8,56.1,1010.7,0.0,6.7,346.0,30.0,25.1,54.1,1009.5,9.3,9.4,1.7,9.3,9.3,0
2022-10-03,2022,10,3,Post-Monsoon,Maharashtra (Mumbai/Konkan),18.98,72.83,10,240,Normal,29.1,59.1,1011.2,2.8,8.4,261.0,90.0,22.1,65.9,1013.4,4.3,12.1,7.0,1.5,7.0,1
2022-10-03,2022,10,3,Post-Monsoon,Himachal Pradesh,31.1,77.17,10,240,Normal,22.5,55.6,1012.4,1.3,6.9,179.0,15.0,23.0,53.6,1011.1,2.3,10.8,0.5,1.0,0.5,0
2022-10-10,2022,10,10,Post-Monsoon,Odisha Coastal,20.27,85.84,1,24,Cyclone,32.0,71.5,987.5,74.8,33.4,338.0,78.0,31.8,74.7,988.1,86.2,35.6,0.2,11.4,11.4,0
2022-10-10,2022,10,10,Post-Monsoon,Maharashtra (Mumbai/Konkan),18.98,72.83,1,24,Normal,24.5,53.3,1011.8,5.6,9.0,295.0,25.0,24.1,53.4,1011.6,10.3,10.3,0.4,4.7,4.7,0
2022-10-10,2022,10,10,Post-Monsoon,Gujarat Coastal,21.64,69.6,1,24,Normal,28.5,64.4,1009.5,0.7,3.9,217.0,50.0,27.2,64.7,1010.4,0.3,6.0,1.3,0.4,1.3,0
2022-10-10,2022,10,10,Post-Monsoon,Assam & Meghalaya,26.14,91.73,1,24,Normal,24.2,76.4,1010.6,0.4,17.2,94.0,20.0,24.6,74.2,1010.5,0.3,17.4,0.4,0.1,0.4,0
2022-10-10,2022,10,10,Post-Monsoon,Himachal Pradesh,31.1,77.17,2,48,Normal,24.5,74.9,1015.3,2.8,4.4,65.0,85.0,25.3,80.5,1013.7,0.5,6.4,0.8,2.3,0.8,0
2022-10-10,2022,10,10,Post-Monsoon,Kerala Coast,9.93,76.26,3,72,Normal,27.4,83.7,1014.4,0.0,7.0,65.0,31.0,28.5,79.1,1013.3,4.1,4.7,1.1,4.1,1.1,0
2022-10-10,2022,10,10,Post-Monsoon,Assam & Meghalaya,26.14,91.73,3,72,Normal,26.6,76.4,1010.2,0.0,16.2,30.0,90.0,24.6,80.9,1010.5,0.3,17.4,2.0,0.3,2.0,0
2022-10-10,2022,10,10,Post-Monsoon,Rajasthan (West),26.91,70.9,4,96,Normal,21.8,54.0,1012.1,2.9,19.1,357.0,26.0,21.8,49.0,1012.5,0.5,15.1,0.0,2.4,0.0,0
2022-10-10,2022,10,10,Post-Monsoon,West Bengal (Gangetic),22.57,88.36,4,96,Normal,27.6,67.4,1014.6,3.7,12.9,145.0,45.0,28.4,60.3,1014.4,3.2,13.3,0.8,0.5,0.8,0
2022-10-10,2022,10,10,Post-Monsoon,West Bengal (Gangetic),22.57,88.36,5,120,Normal,27.8,67.4,1014.9,0.0,12.0,74.0,76.0,28.4,60.7,1014.4,3.2,13.3,0.6,3.2,0.6,0
2022-10-10,2022,10,10,Post-Monsoon,Maharashtra (Mumbai/Konkan),18.98,72.83,6,144,Normal,24.7,53.3,1012.3,0.0,10.1,202.0,21.0,24.1,51.1,1011.6,10.3,10.3,0.6,10.3,10.3,0
2022-10-10,2022,10,10,Post-Monsoon,Himachal Pradesh,31.1,77.17,6,144,Normal,26.1,74.9,1011.8,0.0,9.2,332.0,72.0,25.3,75.4,1013.7,0.5,6.4,0.8,0.5,0.8,0
2022-10-10,2022,10,10,Post-Monsoon,Odisha Coastal,20.27,85.84,8,192,Cyclone,33.9,71.5,988.2,121.0,37.1,144.0,85.0,31.8,76.0,988.1,86.2,35.6,2.1,34.8,34.8,1
2022-10-10,2022,10,10,Post-Monsoon,Gujarat Coastal,21.64,69.6,9,216,Normal,30.8,64.4,1010.2,0.0,11.5,31.0,58.0,27.2,64.0,1010.4,0.3,6.0,3.6,0.3,3.6,1
2022-10-10,2022,10,10,Post-Monsoon,Kerala Coast,9.93,76.26,10,240,Normal,25.2,83.7,1012.4,20.8,8.4,179.0,37.0,28.5,85.1,1013.3,4.1,4.7,3.3,16.7,3.3,1
2022-10-10,2022,10,10,Post-Monsoon,Rajasthan (West),26.91,70.9,10,240,Normal,21.1,54.0,1013.0,1.8,12.6,138.0,40.0,21.8,53.4,1012.5,0.5,15.1,0.7,1.3,0.7,0
2022-10-17,2022,10,17,Post-Monsoon,Kerala Coast,9.93,76.26,1,24,Normal,25.5,69.9,1014.9,0.4,10.1,247.0,70.0,24.8,68.1,1014.0,3.9,10.2,0.7,3.5,0.7,0
2022-10-17,2022,10,17,Post-Monsoon,Kerala Coast,9.93,76.26,2,48,Normal,27.2,69.9,1014.5,3.9,11.4,132.0,55.0,24.8,70.1,1014.0,3.9,10.2,2.4,0.0,2.4,0
2022-10-17,2022,10,17,Post-Monsoon,Himachal Pradesh,31.1,77.17,2,48,Normal,29.3,70.1,1013.4,7.3,9.2,91.0,71.0,29.3,73.2,1013.2,1.7,7.5,0.0,5.6,0.0,0
2022-10-17,2022,10,17,Post-Monsoon,Rajasthan (West),26.91,70.9,4,96,Normal,29.6,65.1,1009.6,0.0,15.7,228.0,15.0,28.6,63.1,1010.7,0.3,14.4,1.0,0.3,1.0,0
2022-10-17,2022,10,17,Post-Monsoon,West Bengal (Gangetic),22.57,88.36,4,96,Normal,19.6,69.2,1014.7,8.4,7.3,264.0,29.0,22.8,67.7,1015.6,4.1,9.7,3.2,4.3,3.2,1
2022-10-17,2022,10,17,Post-Monsoon,Assam & Meghalaya,26.14,91.73,4,96,Normal,25.7,68.3,1014.4,0.0,10.5,51.0,71.0,23.8,66.9,1015.7,0.2,10.7,1.9,0.2,1.9,0
2022-10-17,2022,10,17,Post-Monsoon,Odisha Coastal,20.27,85.84,6,144,Normal,24.9,66.9,1016.6,0.0,11.7,306.0,35.0,27.1,67.5,1014.5,1.3,13.1,2.2,1.3,2.2,0
2022-10-17,2022,10,17,Post-Monsoon,Gujarat Coastal,21.64,69.6,6,144,Normal,26.6,71.7,1014.1,0.0,15.7,218.0,58.0,28.3,76.4,1014.4,0.2,15.5,1.7,0.2,1.7,0
2022-10-17,2022,10,17,Post-Monsoon,Maharashtra (Mumbai/Konkan),18.98,72.83,7,168,Normal,29.7,70.7,1011.0,0.0,8.7,203.0,89.0,27.8,72.1,1010.8,9.9,13.0,1.9,9.9,9.9,0
2022-10-17,2022,10,17,Post-Monsoon,Himachal Pradesh,31.1,77.17,7,168,Normal,30.7,70.1,1012.7,10.0,6.0,75.0,32.0,29.3,72.3,1013.2,1.7,7.5,1.4,8.3,1.4,0
2022-10-17,2022,10,17,Post-Monsoon,Assam & Meghalaya,26.14,91.73,7,168,Normal,23.2,68.3,1017.0,0.0,10.2,108.0,64.0,23.8,68.4,1015.7,0.2,10.7,0.6,0.2,0.6,0
2022-10-17,2022,10,17,Post-Monsoon,Odisha Coastal,20.27,85.84,9,216,Normal,27.8,66.9,1011.1,0.0,15.6,186.0,45.0,27.1,65.9,1014.5,1.3,13.1,0.7,1.3,0.7,1
2022-10-17,2022,10,17,Post-Monsoon,Maharashtra (Mumbai/Konkan),18.98,72.83,9,216,Normal,26.5,70.7,1010.9,0.0,10.9,324.0,50.0,27.8,69.6,1010.8,9.9,13.0,1.3,9.9,9.9,0
2022-10-17,2022,10,17,Post-Monsoon,Rajasthan (West),26.91,70.9,9,216,Normal,26.7,65.1,1013.5,0.0,14.7,356.0,46.0,28.6,61.8,1010.7,0.3,14.4,1.9,0.3,1.9,0
2022-10-17,2022,10,17,Post-Monsoon,West Bengal (Gangetic),22.57,88.36,9,216,Normal,20.7,69.2,1014.1,0.0,13.4,287.0,68.0,22.8,70.5,1015.6,4.1,9.7,2.1,4.1,2.1,0
2022-10-17,2022,10,17,Post-Monsoon,Gujarat Coastal,21.64,69.6,10,240,Normal,29.4,71.7,1013.0,0.0,19.7,185.0,15.0,28.3,66.8,1014.4,0.2,15.5,1.1,0.2,1.1,0
2022-10-24,2022,10,24,Post-Monsoon,Odisha Coastal,20.27,85.84,2,48,Cyclone,24.4,74.5,998.5,92.0,31.7,63.0,33.0,24.2,74.8,997.9,71.6,27.6,0.2,20.4,20.4,1
2022-10-24,2022,10,24,Post-Monsoon,Kerala Coast,9.93,76.26,2,48,Normal,22.0,69.1,1014.1,1.3,8.7,159.0,36.0,22.9,67.3,1014.6,0.2,6.8,0.9,1.1,0.9,0
2022-10-24,2022,10,24,Post-Monsoon,Assam & Meghalaya,26.14,91.73,2,48,Normal,24.6,71.2,1014.5,3.0,8.6,52.0,28.0,23.3,71.7,1013.4,1.3,10.0,1.3,1.7,1.3,0
2022-10-24,2022,10,24,Post-Monsoon,Odisha Coastal,20.27,85.84,3,72,Cyclone,24.3,74.5,997.7,30.0,26.8,319.0,21.0,24.2,73.4,997.9,71.6,27.6,0.1,41.6,41.6,1
2022-10-24,2022,10,24,Post-Monsoon,Rajasthan (West),26.91,70.9,3,72,Normal,25.6,49.3,1010.0,4.4,13.6,235.0,59.0,23.9,47.1,1009.4,1.1,11.0,1.7,3.3,1.7,0
2022-10-24,2022,10,24,Post-Monsoon,Assam & Meghalaya,26.14,91.73,3,72,Normal,23.9,71.2,1013.0,6.1,10.7,112.0,30.0,23.3,69.6,1013.4,1.3,10.0,0.6,4.8,0.6,0
2022-10-24,2022,10,24,Post-Monsoon,West Bengal (Gangetic),22.57,88.36,4,96,Normal,28.0,79.9,1014.6,8.8,6.0,258.0,32.0,28.5,76.9,1015.0,10.7,7.0,0.5,1.9,1.9,0
2022-10-24,2022,10,24,Post-Monsoon,Kerala Coast,9.93,76.26,5,120,Normal,24.3,69.1,1015.7,0.0,9.1,220.0,73.0,22.9,69.2,1014.6,0.2,6.8,1.4,0.2,1.4,0
2022-10-24,2022,10,24,Post-Monsoon,Himachal Pradesh,31.1,77.17,6,144,Normal,22.1,78.8,1014.8,4.9,19.4,312.0,79.0,22.9,71.6,1014.5,0.2,16.6,0.8,4.7,0.8,0
2022-10-24,2022,10,24,Post-Monsoon,Maharashtra (Mumbai/Konkan),18.98,72.83,7,168,Normal,26.0,63.9,1016.5,0.0,15.2,46.0,72.0,26.0,66.9,1014.8,1.1,12.5,0.0,1.1,0.0,0
2022-10-24,2022,10,24,Post-Monsoon,Gujarat Coastal,21.64,69.6,7,168,Normal,24.0,71.0,1017.5,6.6,12.4,210.0,17.0,26.7,66.5,1015.7,9.3,14.9,2.7,2.7,2.7,0
2022-10-24,2022,10,24,Post-Monsoon,Rajasthan (West),26.91,70.9,7,168,Normal,21.6,49.3,1009.2,1.0,13.8,119.0,65.0,23.9,46.6,1009.4,1.1,11.0,2.3,0.1,2.3,0
2022-10-24,2022,10,24,Post-Monsoon,Maharashtra (Mumbai/Konkan),18.98,72.83,9,216,Normal,20.0,63.9,1017.7,0.0,9.5,191.0,94.0,26.0,63.1,1014.8,1.1,12.5,6.0,1.1,6.0,1
2022-10-24,2022,10,24,Post-Monsoon,Gujarat Coastal,21.64,69.6,10,240,Normal,26.3,71.0,1015.1,0.0,20.6,35.0,50.0,26.7,71.6,1015.7,9.3,14.9,0.4,9.3,9.3,0
2022-10-24,2022,10,24,Post-Monsoon,Himachal Pradesh,31.1,77.17,10,240,Normal,19.1,78.8,1015.4,3.0,19.7,210.0,26.0,22.9,80.6,1014.5,0.2,16.6,3.8,2.8,3.8,1
2022-10-24,2022,10,24,Post-Monsoon,West Bengal (Gangetic),22.57,88.36,10,240,Normal,29.4,79.9,1017.9,27.4,6.5,266.0,17.0,28.5,80.2,1015.0,10.7,7.0,0.9,16.7,16.7,0
2022-10-31,2022,10,31,Post-Monsoon,Gujarat Coastal,21.64,69.6,1,24,Normal,25.6,66.4,1016.6,6.2,15.6,18.0,36.0,26.9,65.1,1016.0,10.9,16.2,1.3,4.7,4.7,0
2022-10-31,2022,10,31,Post-Monsoon,Assam & Meghalaya,26.14,91.73,2,48,Normal,28.1,80.6,1011.9,1.5,9.4,58.0,25.0,26.8,80.9,1011.4,0.8,7.6,1.3,0.7,1.3,0
2022-10-31,2022,10,31,Post-Monsoon,Kerala Coast,9.93,76.26,3,72,Normal,23.5,64.2,1010.9,8.6,13.3,223.0,41.0,21.7,63.1,1010.4,5.1,11.6,1.8,3.5,3.5,0
2022-10-31,2022,10,31,Post-Monsoon,Rajasthan (West),26.91,70.9,3,72,Normal,24.9,72.8,1012.6,2.5,12.1,33.0,29.0,24.8,72.2,1013.9,0.1,11.7,0.1,2.4,0.1,0
2022-10-31,2022,10,31,Post-Monsoon,Himachal Pradesh,31.1,77.17,3,72,Normal,28.3,74.6,1008.4,1.4,10.9,102.0,34.0,29.2,79.1,1008.9,1.1,11.5,0.9,0.3,0.9,0
2022-10-31,2022,10,31,Post-Monsoon,West Bengal (Gangetic),22.57,88.36,3,72,Normal,27.4,66.3,1015.5,0.0,12.3,253.0,38.0,26.1,66.6,1014.0,0.9,12.0,1.3,0.9,1.3,0
2022-10-31,2022,10,31,Post-Monsoon,Maharashtra (Mumbai/Konkan),18.98,72.83,4,96,Normal,24.1,76.0,1014.4,5.3,2.7,319.0,66.0,24.9,80.3,1014.1,2.4,4.4,0.8,2.9,0.8,0
2022-10-31,2022,10,31,Post-Monsoon,Himachal Pradesh,31.1,77.17,4,96,Normal,28.8,74.6,1008.5,0.6,7.7,164.0,83.0,29.2,78.6,1008.9,1.1,11.5,0.4,0.5,0.4,0
2022-10-31,2022,10,31,Post-Monsoon,Gujarat Coastal,21.64,69.6,5,120,Normal,27.6,66.4,1016.4,18.5,16.8,323.0,37.0,26.9,62.2,1016.0,10.9,16.2,0.7,7.6,7.6,0
2022-10-31,2022,10,31,Post-Monsoon,Odisha Coastal,20.27,85.84,7,168,Normal,26.1,67.9,1013.7,1.3,14.7,268.0,49.0,25.5,65.1,1013.0,1.1,11.3,0.6,0.2,0.6,0
2022-10-31,2022,10,31,Post-Monsoon,Maharashtra (Mumbai/Konkan),18.98,72.83,8,192,Normal,23.6,76.0,1012.5,0.0,3.5,332.0,14.0,24.9,72.3,1014.1,2.4,4.4,1.3,2.4,1.3,0
2022-10-31,2022,10,31,Post-Monsoon,Rajasthan (West),26.91,70.9,8,192,Normal,24.8,72.8,1012.3,0.0,9.5,10.0,61.0,24.8,63.9,1013.9,0.1,11.7,0.0,0.1,0.0,0
2022-10-31,2022,10,31,Post-Monsoon,West Bengal (Gangetic),22.57,88.36,8,192,Normal,26.7,66.3,1013.3,0.0,16.8,195.0,34.0,26.1,64.3,1014.0,0.9,12.0,0.6,0.9,0.6,0
2022-10-31,2022,10,31,Post-Monsoon,Assam & Meghalaya,26.14,91.73,9,216,Normal,29.2,80.6,1008.5,5.7,6.9,43.0,85.0,26.8,73.4,1011.4,0.8,7.6,2.4,4.9,2.4,0
2022-10-31,2022,10,31,Post-Monsoon,Odisha Coastal,20.27,85.84,10,240,Normal,24.6,67.9,1011.3,6.7,9.7,285.0,74.0,25.5,62.6,1013.0,1.1,11.3,0.9,5.6,0.9,0
2022-10-31,2022,10,31,Post-Monsoon,Kerala Coast,9.93,76.26,10,240,Normal,21.0,64.2,1013.1,3.2,16.6,55.0,39.0,21.7,61.3,1010.4,5.1,11.6,0.7,1.9,1.9,0
2022-11-07,2022,11,7,Post-Monsoon,Rajasthan (West),26.91,70.9,1,24,Normal,24.3,74.2,1015.2,0.0,8.2,358.0,17.0,23.3,79.2,1014.7,1.6,8.3,1.0,1.6,1.0,0
2022-11-07,2022,11,7,Post-Monsoon,West Bengal (Gangetic),22.57,88.36,1,24,Normal,22.9,94.2,1012.6,4.0,11.4,187.0,12.0,22.7,96.1,1012.8,4.3,11.6,0.2,0.3,0.2,0
2022-11-07,2022,11,7,Post-Monsoon,Odisha Coastal,20.27,85.84,3,72,Cyclone,24.3,74.6,986.0,28.1,37.8,320.0,33.0,25.9,73.2,986.8,91.1,36.2,1.6,63.0,63.0,1
2022-11-07,2022,11,7,Post-Monsoon,Kerala Coast,9.93,76.26,4,96,Normal,21.4,66.0,1010.5,5.1,15.1,264.0,78.0,25.2,62.9,1009.9,4.5,12.6,3.8,0.6,3.8,1
2022-11-07,2022,11,7,Post-Monsoon,Maharashtra (Mumbai/Konkan),18.98,72.83,4,96,Normal,25.9,61.7,1009.0,0.0,10.6,336.0,40.0,25.1,69.2,1008.4,4.4,12.6,0.8,4.4,0.8,0
2022-11-07,2022,11,7,Post-Monsoon,West Bengal (Gangetic),22.57,88.36,4,96,Normal,20.7,94.2,1014.1,12.6,15.4,172.0,60.0,22.7,103.1,1012.8,4.3,11.6,2.0,8.3,2.0,0
2022-11-07,2022,11,7,Post-Monsoon,Maharashtra (Mumbai/Konkan),18.98,72.83,5,120,Normal,25.9,61.7,1007.4,1.6,14.1,329.0,40.0,25.1,63.8,1008.4,4.4,12.6,0.8,2.8,0.8,0
2022-11-07,2022,11,7,Post-Monsoon,Assam & Meghalaya,26.14,91.73,5,120,Normal,19.7,71.1,1011.8,0.0,13.2,134.0,85.0,20.9,71.9,1012.9,2.4,14.1,1.2,2.4,1.2,0
2022-11-07,2022,11,7,Post-Monsoon,Odisha Coastal,20.27,85.84,6,144,Cyclone,23.2,74.6,984.4,159.3,29.8,125.0,44.0,25.9,72.4,986.8,91.1,36.2,2.7,68.2,68.2,1
2022-11-07,2022,11,7,Post-Monsoon,Gujarat Coastal,21.64,69.6,6,144,Normal,25.8,72.5,1017.2,8.0,11.8,140.0,27.0,25.6,72.1,1013.7,0.5,11.9,0.2,7.5,0.2,1
2022-11-07,2022,11,7,Post-Monsoon,Himachal Pradesh,31.1,77.17,6,144,Normal,24.8,43.4,1011.0,0.0,15.5,223.0,53.0,25.9,42.4,1013.6,3.2,11.2,1.1,3.2,1.1,0
2022-11-07,2022,11,7,Post-Monsoon,Assam & Meghalaya,26.14,91.73,6,144,Normal,19.8,71.1,1012.0,0.9,18.0,329.0,37.0,20.9,74.8,1012.9,2.4,14.1,1.1,1.5,1.1,0
2022-11-07,2022,11,7,Post-Monsoon,Rajasthan (West),26.91,70.9,7,168,Normal,20.7,74.2,1015.7,10.3,9.2,253.0,94.0,23.3,71.5,1014.7,1.6,8.3,2.6,8.7,2.6,0
2022-11-07,2022,11,7,Post-Monsoon,Himachal Pradesh,31.1,77.17,7,168,Normal,27.0,43.4,1015.3,4.9,14.5,165.0,82.0,25.9,50.3,1013.6,3.2,11.2,1.1,1.7,1.1,0
2022-11-07,2022,11,7,Post-Monsoon,Gujarat Coastal,21.64,69.6,9,216,Normal,24.5,72.5,1012.8,0.0,16.8,121.0,91.0,25.6,72.5,1013.7,0.5,11.9,1.1,0.5,1.1,0
2022-11-07,2022,11,7,Post-Monsoon,Kerala Coast,9.93,76.26,10,240,Normal,29.2,66.0,1012.2,3.5,17.0,287.0,18.0,25.2,68.2,1009.9,4.5,12.6,4.0,1.0,4.0,1
2022-11-14,2022,11,14,Post-Monsoon,Gujarat Coastal,21.64,69.6,3,72,Cyclone,28.2,85.2,986.6,65.6,29.7,4.0,35.0,25.9,85.5,988.1,89.4,28.8,2.3,23.8,23.8,1
2022-11-14,2022,11,14,Post-Monsoon,Assam & Meghalaya,26.14,91.73,3,72,Normal,30.7,75.4,1013.7,3.7,19.9,35.0,72.0,27.8,75.0,1014.6,1.2,15.4,2.9,2.5,2.9,0
2022-11-14,2022,11,14,Post-Monsoon,Maharashtra (Mumbai/Konkan),18.98,72.83,4,96,Normal,28.0,70.2,1010.9,0.0,12.6,259.0,82.0,27.3,66.2,1011.4,6.6,13.2,0.7,6.6,6.6,0
2022-11-14,2022,11,14,Post-Monsoon,Himachal Pradesh,31.1,77.17,5,120,Normal,31.0,86.5,1012.2,0.0,13.7,14.0,52.0,29.6,84.7,1013.8,0.0,12.7,1.4,0.0,1.4,0
2022-11-14,2022,11,14,Post-Monsoon,Odisha Coastal,20.27,85.84,6,144,Normal,22.9,72.0,1011.8,1.2,15.1,22.0,86.0,26.0,73.7,1012.4,4.3,15.2,3.1,3.1,3.1,1
2022-11-14,2022,11,14,Post-Monsoon,Assam & Meghalaya,26.14,91.73,6,144,Normal,26.4,75.4,1014.5,1.7,17.2,232.0,72.0,27.8,80.8,1014.6,1.2,15.4,1.4,0.5,1.4,0
2022-11-14,2022,11,14,Post-Monsoon,Gujarat Coastal,21.64,69.6,7,168,Cyclone,27.2,85.2,984.8,0.0,27.4,106.0,78.0,25.9,82.3,988.1,89.4,28.8,1.3,89.4,89.4,1
2022-11-14,2022,11,14,Post-Monsoon,Rajasthan (West),26.91,70.9,7,168,Normal,21.6,74.9,1009.6,0.8,8.3,290.0,56.0,24.1,71.0,1010.3,0.3,12.9,2.5,0.5,2.5,0
2022-11-14,2022,11,14,Post-Monsoon,West Bengal (Gangetic),22.57,88.36,8,192,Normal,25.9,64.8,1013.6,1.3,10.1,295.0,60.0,27.9,64.0,1013.5,9.9,8.5,2.0,8.6,8.6,0
2022-11-14,2022,11,14,Post-Monsoon,Odisha Coastal,20.27,85.84,9,216,Normal,22.6,72.0,1006.5,5.7,11.2,94.0,21.0,26.0,70.6,1012.4,4.3,15.2,3.4,1.4,3.4,1
2022-11-14,2022,11,14,Post-Monsoon,Kerala Coast,9.93,76.26,9,216,Normal,27.3,75.4,1016.8,21.6,8.2,106.0,85.0,28.7,81.4,1017.1,9.1,10.2,1.4,12.5,12.5,0
2022-11-14,2022,11,14,Post-Monsoon,Maharashtra (Mumbai/Konkan),18.98,72.83,9,216,Normal,29.2,70.2,1009.9,9.7,18.0,178.0,66.0,27.3,66.3,1011.4,6.6,13.2,1.9,3.1,3.1,0
2022-11-14,2022,11,14,Post-Monsoon,Rajasthan (West),26.91,70.9,9,216,Normal,17.2,74.9,1007.2,14.0,19.8,1.0,42.0,24.1,80.2,1010.3,0.3,12.9,6.9,13.7,6.9,1
2022-11-14,2022,11,14,Post-Monsoon,West Bengal (Gangetic),22.57,88.36,9,216,Normal,32.6,64.8,1013.2,6.1,12.3,91.0,89.0,27.9,69.8,1013.5,9.9,8.5,4.7,3.8,3.8,1
2022-11-14,2022,11,14,Post-Monsoon,Kerala Coast,9.93,76.26,10,240,Normal,32.1,75.4,1017.8,4.6,4.5,118.0,94.0,28.7,68.0,1017.1,9.1,10.2,3.4,4.5,4.5,1
2022-11-14,2022,11,14,Post-Monsoon,Himachal Pradesh,31.1,77.17,10,240,Normal,33.3,86.5,1013.7,2.6,10.9,62.0,11.0,29.6,92.9,1013.8,0.0,12.7,3.7,2.6,3.7,1
2022-11-21,2022,11,21,Post-Monsoon,Gujarat Coastal,21.64,69.6,1,24,Normal,25.3,62.6,1013.3,20.2,9.7,245.0,75.0,24.5,50.2,1014.0,17.2,10.9,0.8,3.0,3.0,0
2022-11-21,2022,11,21,Post-Monsoon,Odisha Coastal,20.27,85.84,2,48,Normal,29.0,81.7,1017.9,12.9,10.8,217.0,34.0,28.9,73.5,1016.9,11.7,8.8,0.1,1.2,1.2,0
2022-11-21,2022,11,21,Post-Monsoon,Himachal Pradesh,31.1,77.17,2,48,Normal,24.6,63.8,1011.7,2.5,14.9,353.0,64.0,25.7,66.4,1011.9,2.2,13.8,1.1,0.3,1.1,0
2022-11-21,2022,11,21,Post-Monsoon,Odisha Coastal,20.27,85.84,3,72,Normal,30.5,81.7,1015.9,2.7,9.5,329.0,58.0,28.9,83.2,1016.9,11.7,8.8,1.6,9.0,9.0,0
2022-11-21,2022,11,21,Post-Monsoon,Rajasthan (West),26.91,70.9,3,72,Normal,26.2,74.5,1016.2,0.0,9.3,127.0,52.0,25.7,79.2,1016.1,0.4,11.7,0.5,0.4,0.5,0
2022-11-21,2022,11,21,Post-Monsoon,Kerala Coast,9.93,76.26,4,96,Normal,24.8,72.7,1012.5,0.0,4.0,99.0,68.0,24.6,73.0,1012.3,1.9,7.0,0.2,1.9,0.2,0
2022-11-21,2022,11,21,Post-Monsoon,Maharashtra (Mumbai/Konkan),18.98,72.83,4,96,Normal,28.0,65.6,1014.4,0.0,12.1,276.0,38.0,26.9,66.2,1013.5,7.2,8.9,1.1,7.2,7.2,0
2022-11-21,2022,11,21,Post-Monsoon,Assam & Meghalaya,26.14,91.73,4,96,Normal,23.6,68.6,1012.7,0.9,11.7,78.0,20.0,23.6,72.2,1011.7,4.5,11.0,0.0,3.6,0.0,0
2022-11-21,2022,11,21,Post-Monsoon,Kerala Coast,9.93,76.26,5,120,Normal,21.6,72.7,1013.2,0.0,7.3,31.0,56.0,24.6,79.0,1012.3,1.9,7.0,3.0,1.9,3.0,0
2022-11-21,2022,11,21,Post-Monsoon,Himachal Pradesh,31.1,77.17,5,120,Normal,25.7,63.8,1012.1,1.7,17.0,167.0,29.0,25.7,55.2,1011.9,2.2,13.8,0.0,0.5,0.0,0
2022-11-21,2022,11,21,Post-Monsoon,Gujarat Coastal,21.64,69.6,7,168,Normal,25.0,62.6,1013.5,2.7,8.7,130.0,38.0,24.5,60.1,1014.0,17.2,10.9,0.5,14.5,14.5,0
2022-11-21,2022,11,21,Post-Monsoon,West Bengal (Gangetic),22.57,88.36,7,168,Normal,27.9,66.0,1016.1,28.3,14.0,272.0,39.0,25.6,67.2,1016.0,11.3,15.0,2.3,17.0,17.0,0
2022-11-21,2022,11,21,Post-Monsoon,Maharashtra (Mumbai/Konkan),18.98,72.83,8,192,Normal,28.2,65.6,1012.5,14.6,6.2,64.0,30.0,26.9,66.8,1013.5,7.2,8.9,1.3,7.4,7.4,0
2022-11-21,2022,11,21,Post-Monsoon,Rajasthan (West),26.91,70.9,8,192,Normal,24.1,74.5,1014.9,0.0,13.3,262.0,66.0,25.7,76.4,1016.1,0.4,11.7,1.6,0.4,1.6,0
2022-11-21,2022,11,21,Post-Monsoon,West Bengal (Gangetic),22.57,88.36,8,192,Normal,29.1,66.0,1013.6,15.0,14.9,343.0,91.0,25.6,71.2,1016.0,11.3,15.0,3.5,3.7,3.7,1
2022-11-21,2022,11,21,Post-Monsoon,Assam & Meghalaya,26.14,91.73,8,192,Normal,24.3,68.6,1011.7,0.0,10.7,22.0,43.0,23.6,73.6,1011.7,4.5,11.0,0.7,4.5,0.7,0
2022-11-28,2022,11,28,Post-Monsoon,Rajasthan (West),26.91,70.9,1,24,Normal,26.2,58.4,1012.6,5.1,9.9,1.0,84.0,25.9,63.0,1012.8,0.2,10.0,0.3,4.9,0.3,0
2022-11-28,2022,11,28,Post-Monsoon,Assam & Meghalaya,26.14,91.73,1,24,Normal,25.0,75.5,1012.2,2.4,8.0,279.0,57.0,25.8,75.3,1012.7,0.2,6.6,0.8,2.2,0.8,0
2022-11-28,2022,11,28,Post-Monsoon,Maharashtra (Mumbai/Konkan),18.98,72.83,2,48,Normal,27.8,69.4,1013.6,1.2,9.1,119.0,50.0,25.6,76.0,1015.2,2.5,9.5,2.2,1.3,2.2,0
2022-11-28,2022,11,28,Post-Monsoon,Rajasthan (West),26.91,70.9,2,48,Normal,27.3,58.4,1011.3,0.0,9.4,229.0,58.0,25.9,60.4,1012.8,0.2,10.0,1.4,0.2,1.4,0
2022-11-28,2022,11,28,Post-Monsoon,Kerala Coast,9.93,76.26,3,72,Normal,23.0,57.1,1013.2,1.2,13.3,164.0,11.0,23.7,48.6,1013.3,2.3,12.8,0.7,1.1,0.7,0
2022-11-28,2022,11,28,Post-Monsoon,West Bengal (Gangetic),22.57,88.36,4,96,Normal,26.0,76.8,1010.3,15.9,12.1,242.0,90.0,24.8,74.5,1011.8,7.1,13.5,1.2,8.8,8.8,0
2022-11-28,2022,11,28,Post-Monsoon,Odisha Coastal,20.27,85.84,5,120,Normal,20.5,53.6,1016.9,0.0,13.7,48.0,14.0,21.3,59.6,1016.0,1.6,14.4,0.8,1.6,0.8,0
2022-11-28,2022,11,28,Post-Monsoon,Gujarat Coastal,21.64,69.6,5,120,Normal,27.7,73.9,1015.1,6.9,11.0,58.0,84.0,27.7,76.9,1014.3,2.6,11.1,0.0,4.3,0.0,0
2022-11-28,2022,11,28,Post-Monsoon,Kerala Coast,9.93,76.26,6,144,Normal,20.8,57.1,1012.8,0.0,12.0,100.0,70.0,23.7,53.8,1013.3,2.3,12.8,2.9,2.3,2.9,0
2022-11-28,2022,11,28,Post-Monsoon,Himachal Pradesh,31.1,77.17,6,144,Normal,25.0,67.2,1012.3,4.3,9.1,305.0,45.0,27.4,68.3,1014.2,0.6,11.0,2.4,3.7,2.4,0
2022-11-28,2022,11,28,Post-Monsoon,Assam & Meghalaya,26.14,91.73,7,168,Normal,27.4,75.5,1013.0,2.8,12.4,327.0,64.0,25.8,75.2,1012.7,0.2,6.6,1.6,2.6,1.6,0
2022-11-28,2022,11,28,Post-Monsoon,Maharashtra (Mumbai/Konkan),18.98,72.83,8,192,Normal,28.0,69.4,1014.7,10.1,6.8,256.0,11.0,25.6,60.2,1015.2,2.5,9.5,2.4,7.6,2.4,0
2022-11-28,2022,11,28,Post-Monsoon,Gujarat Coastal,21.64,69.6,8,192,Normal,25.7,73.9,1014.0,10.4,3.8,248.0,36.0,27.7,72.1,1014.3,2.6,11.1,2.0,7.8,2.0,1
2022-11-28,2022,11,28,Post-Monsoon,Odisha Coastal,20.27,85.84,9,216,Normal,19.8,53.6,1018.0,0.0,11.7,130.0,88.0,21.3,50.0,1016.0,1.6,14.4,1.5,1.6,1.5,0
2022-11-28,2022,11,28,Post-Monsoon,Himachal Pradesh,31.1,77.17,9,216,Normal,31.1,67.2,1012.8,0.0,4.2,270.0,70.0,27.4,73.2,1014.2,0.6,11.0,3.7,0.6,3.7,1
2022-11-28,2022,11,28,Post-Monsoon,West Bengal (Gangetic),22.57,88.36,9,216,Normal,20.9,76.8,1014.4,0.0,13.3,78.0,68.0,24.8,74.8,1011.8,7.1,13.5,3.9,7.1,7.1,1
2022-12-05,2022,12,5,Post-Monsoon,Odisha Coastal,20.27,85.84,1,24,Normal,27.4,72.0,1015.5,2.4,14.9,58.0,66.0,27.3,73.3,1013.8,1.6,15.3,0.1,0.8,0.1,0
2022-12-05,2022,12,5,Post-Monsoon,Himachal Pradesh,31.1,77.17,1,24,Normal,29.0,60.2,1009.8,0.5,8.5,340.0,83.0,29.6,68.1,1010.4,0.1,7.8,0.6,0.4,0.6,0
2022-12-05,2022,12,5,Post-Monsoon,West Bengal (Gangetic),22.57,88.36,2,48,Normal,23.4,74.3,1014.2,1.2,8.1,250.0,30.0,23.8,76.7,1015.0,7.9,11.0,0.4,6.7,6.7,0
2022-12-05,2022,12,5,Post-Monsoon,Kerala Coast,9.93,76.26,5,120,Normal,24.0,66.7,1009.4,12.7,12.3,200.0,39.0,25.0,64.9,1010.3,7.4,12.6,1.0,5.3,5.3,0
2022-12-05,2022,12,5,Post-Monsoon,Gujarat Coastal,21.64,69.6,5,120,Normal,25.0,59.1,1013.1,2.8,6.9,17.0,33.0,24.3,58.7,1011.6,10.3,7.6,0.7,7.5,7.5,0
2022-12-05,2022,12,5,Post-Monsoon,West Bengal (Gangetic),22.57,88.36,5,120,Normal,22.0,74.3,1013.3,3.0,11.2,231.0,26.0,23.8,74.5,1015.0,7.9,11.0,1.8,4.9,4.9,0
2022-12-05,2022,12,5,Post-Monsoon,Maharashtra (Mumbai/Konkan),18.98,72.83,6,144,Normal,24.1,77.4,1014.9,11.6,12.5,327.0,49.0,22.7,81.5,1012.5,1.8,10.8,1.4,9.8,1.4,0
2022-12-05,2022,12,5,Post-Monsoon,Odisha Coastal,20.27,85.84,7,168,Normal,25.6,72.0,1012.6,17.0,15.4,153.0,61.0,27.3,72.3,1013.8,1.6,15.3,1.7,15.4,1.7,0
2022-12-05,2022,12,5,Post-Monsoon,Kerala Coast,9.93,76.26,7,168,Normal,26.1,66.7,1011.4,0.0,14.0,198.0,74.0,25.0,67.0,1010.3,7.4,12.6,1.1,7.4,7.4,0
2022-12-05,2022,12,5,Post-Monsoon,Assam & Meghalaya,26.14,91.73,7,168,Normal,30.2,47.5,1017.8,0.0,5.3,343.0,73.0,27.0,51.5,1016.9,0.0,8.8,3.2,0.0,3.2,1
2022-12-05,2022,12,5,Post-Monsoon,Maharashtra (Mumbai/Konkan),18.98,72.83,8,192,Normal,21.3,77.4,1015.7,0.1,9.6,133.0,41.0,22.7,82.2,1012.5,1.8,10.8,1.4,1.7,1.4,1
2022-12-05,2022,12,5,Post-Monsoon,Rajasthan (West),26.91,70.9,8,192,Normal,27.8,60.2,1013.3,7.8,20.1,158.0,19.0,26.7,60.2,1012.3,0.7,17.9,1.1,7.1,1.1,0
2022-12-05,2022,12,5,Post-Monsoon,Himachal Pradesh,31.1,77.17,8,192,Normal,29.9,60.2,1012.2,5.3,7.0,158.0,89.0,29.6,57.0,1010.4,0.1,7.8,0.3,5.2,0.3,0
2022-12-05,2022,12,5,Post-Monsoon,Assam & Meghalaya,26.14,91.73,8,192,Normal,20.6,47.5,1016.3,0.9,8.7,54.0,80.0,27.0,45.7,1016.9,0.0,8.8,6.4,0.9,6.4,1
2022-12-05,2022,12,5,Post-Monsoon,Gujarat Coastal,21.64,69.6,9,216,Normal,21.3,59.1,1010.8,9.4,3.6,101.0,94.0,24.3,62.2,1011.6,10.3,7.6,3.0,0.9,0.9,0
2022-12-05,2022,12,5,Post-Monsoon,Rajasthan (West),26.91,70.9,10,240,Normal,30.0,60.2,1014.9,0.0,17.1,115.0,34.0,26.7,58.0,1012.3,0.7,17.9,3.3,0.7,3.3,1
2022-12-12,2022,12,12,Post-Monsoon,Odisha Coastal,20.27,85.84,1,24,Normal,25.5,71.1,1011.6,7.6,12.1,254.0,14.0,25.5,71.0,1012.0,5.5,13.9,0.0,2.1,2.1,0
2022-12-12,2022,12,12,Post-Monsoon,Kerala Coast,9.93,76.26,1,24,Normal,26.9,70.7,1015.4,2.9,11.7,210.0,66.0,28.4,73.3,1014.9,0.2,11.1,1.5,2.7,1.5,0
2022-12-12,2022,12,12,Post-Monsoon,Rajasthan (West),26.91,70.9,1,24,Normal,28.9,51.9,1015.5,0.0,9.1,343.0,43.0,29.6,49.3,1015.8,0.2,10.7,0.7,0.2,0.7,0
2022-12-12,2022,12,12,Post-Monsoon,West Bengal (Gangetic),22.57,88.36,2,48,Normal,24.6,67.0,1014.8,16.0,17.0,222.0,16.0,26.1,67.0,1014.4,7.4,16.1,1.5,8.6,8.6,0
2022-12-12,2022,12,12,Post-Monsoon,Rajasthan (West),26.91,70.9,3,72,Normal,31.5,51.9,1015.6,2.8,13.9,104.0,36.0,29.6,51.7,1015.8,0.2,10.7,1.9,2.6,1.9,0
2022-12-12,2022,12,12,Post-Monsoon,Assam & Meghalaya,26.14,91.73,3,72,Normal,27.5,73.2,1012.5,0.0,8.7,175.0,46.0,27.8,65.1,1011.1,0.0,8.5,0.3,0.0,0.3,0
2022-12-12,2022,12,12,Post-Monsoon,Odisha Coastal,20.27,85.84,4,96,Normal,23.4,71.1,1011.6,12.3,15.9,41.0,53.0,25.5,65.8,1012.0,5.5,13.9,2.1,6.8,6.8,0
2022-12-12,2022,12,12,Post-Monsoon,Himachal Pradesh,31.1,77.17,4,96,Normal,21.0,71.1,1015.1,0.0,13.6,336.0,72.0,21.5,69.7,1014.1,1.8,12.8,0.5,1.8,0.5,0
2022-12-12,2022,12,12,Post-Monsoon,Maharashtra (Mumbai/Konkan),18.98,72.83,5,120,Normal,27.4,60.7,1013.5,20.8,20.7,323.0,89.0,26.4,64.0,1013.4,6.0,16.1,1.0,14.8,14.8,0
2022-12-12,2022,12,12,Post-Monsoon,Gujarat Coastal,21.64,69.6,6,144,Normal,24.9,70.9,1016.1,22.3,17.5,155.0,64.0,24.9,66.9,1013.7,7.5,16.6,0.0,14.8,14.8,0
2022-12-12,2022,12,12,Post-Monsoon,Assam & Meghalaya,26.14,91.73,6,144,Normal,28.6,73.2,1012.7,6.7,10.9,153.0,62.0,27.8,80.1,1011.1,0.0,8.5,0.8,6.7,0.8,0
2022-12-12,2022,12,12,Post-Monsoon,Kerala Coast,9.93,76.26,7,168,Normal,30.9,70.7,1014.0,0.0,17.2,212.0,12.0,28.4,63.8,1014.9,0.2,11.1,2.5,0.2,2.5,0
2022-12-12,2022,12,12,Post-Monsoon,Himachal Pradesh,31.1,77.17,7,168,Normal,21.5,71.1,1010.4,11.1,10.4,28.0,16.0,21.5,77.5,1014.1,1.8,12.8,0.0,9.3,0.0,1
2022-12-12,2022,12,12,Post-Monsoon,Maharashtra (Mumbai/Konkan),18.98,72.83,8,192,Normal,25.1,60.7,1014.3,11.5,17.9,319.0,56.0,26.4,59.1,1013.4,6.0,16.1,1.3,5.5,5.5,0
2022-12-12,2022,12,12,Post-Monsoon,Gujarat Coastal,21.64,69.6,9,216,Normal,27.6,70.9,1010.1,23.3,12.8,129.0,69.0,24.9,71.0,1013.7,7.5,16.6,2.7,15.8,15.8,1
2022-12-12,2022,12,12,Post-Monsoon,West Bengal (Gangetic),22.57,88.36,9,216,Normal,25.8,67.0,1014.4,0.0,18.4,217.0,64.0,26.1,70.5,1014.4,7.4,16.1,0.3,7.4,7.4,0
2022-12-19,2022,12,19,Post-Monsoon,Maharashtra (Mumbai/Konkan),18.98,72.83,1,24,Normal,28.0,78.7,1012.5,1.2,11.9,359.0,85.0,27.9,83.6,1012.7,1.0,11.9,0.1,0.2,0.1,0
2022-12-19,2022,12,19,Post-Monsoon,Himachal Pradesh,31.1,77.17,1,24,Normal,21.7,66.4,1015.1,0.7,6.5,111.0,15.0,22.3,68.6,1014.8,0.5,5.6,0.6,0.2,0.6,0
2022-12-19,2022,12,19,Post-Monsoon,West Bengal (Gangetic),22.57,88.36,1,24,Cyclone,26.9,71.0,991.6,45.5,36.7,338.0,75.0,27.0,72.2,992.1,99.0,36.7,0.1,53.5,53.5,1
2022-12-19,2022,12,19,Post-Monsoon,Kerala Coast,9.93,76.26,2,48,Normal,26.9,71.6,1012.7,5.2,13.3,52.0,78.0,25.9,73.4,1012.8,4.3,13.5,1.0,0.9,1.0,0
2022-12-19,2022,12,19,Post-Monsoon,Gujarat Coastal,21.64,69.6,2,48,Normal,27.8,68.2,1014.4,0.0,12.9,9.0,71.0,26.6,71.5,1014.8,2.4,9.3,1.2,2.4,1.2,0
2022-12-19,2022,12,19,Post-Monsoon,Rajasthan (West),26.91,70.9,2,48,Normal,26.5,68.4,1013.4,0.0,17.4,153.0,58.0,25.8,68.5,1013.7,0.0,15.5,0.7,0.0,0.7,0
2022-12-19,2022,12,19,Post-Monsoon,Assam & Meghalaya,26.14,91.73,2,48,Normal,25.5,60.0,1012.2,1.4,6.1,193.0,66.0,27.6,60.3,1011.7,0.4,8.7,2.1,1.0,2.1,0
2022-12-19,2022,12,19,Post-Monsoon,Odisha Coastal,20.27,85.84,3,72,Normal,31.2,70.8,1014.7,0.0,7.4,314.0,21.0,31.3,66.5,1014.4,9.7,7.8,0.1,9.7,9.7,0
2022-12-19,2022,12,19,Post-Monsoon,Maharashtra (Mumbai/Konkan),18.98,72.83,3,72,Normal,26.9,78.7,1013.3,0.2,14.6,271.0,34.0,27.9,83.3,1012.7,1.0,11.9,1.0,0.8,1.0,0
2022-12-19,2022,12,19,Post-Monsoon,Odisha Coastal,20.27,85.84,4,96,Normal,30.6,70.8,1015.2,8.5,5.9,28.0,11.0,31.3,67.5,1014.4,9.7,7.8,0.7,1.2,1.2,0
2022-12-19,2022,12,19,Post-Monsoon,West Bengal (Gangetic),22.57,88.36,4,96,Cyclone,28.0,71.0,992.5,213.0,34.8,280.0,16.0,27.0,65.5,992.1,99.0,36.7,1.0,114.0,114.0,1
2022-12-19,2022,12,19,Post-Monsoon,Assam & Meghalaya,26.14,91.73,4,96,Normal,27.9,60.0,1011.9,0.0,10.9,102.0,91.0,27.6,62.2,1011.7,0.4,8.7,0.3,0.4,0.3,0
2022-12-19,2022,12,19,Post-Monsoon,Gujarat Coastal,21.64,69.6,7,168,Normal,27.6,68.2,1015.2,7.5,9.9,158.0,41.0,26.6,66.2,1014.8,2.4,9.3,1.0,5.1,1.0,0
2022-12-19,2022,12,19,Post-Monsoon,Himachal Pradesh,31.1,77.17,7,168,Normal,21.5,66.4,1014.4,5.6,9.4,297.0,15.0,22.3,63.0,1014.8,0.5,5.6,0.8,5.1,0.8,0
2022-12-19,2022,12,19,Post-Monsoon,Rajasthan (West),26.91,70.9,9,216,Normal,24.1,68.4,1011.1,19.6,5.6,354.0,52.0,25.8,69.9,1013.7,0.0,15.5,1.7,19.6,1.7,1
2022-12-19,2022,12,19,Post-Monsoon,Kerala Coast,9.93,76.26,10,240,Normal,27.3,71.6,1013.5,0.0,16.0,135.0,81.0,25.9,72.2,1012.8,4.3,13.5,1.4,4.3,1.4,0
2022-12-26,2022,12,26,Post-Monsoon,Maharashtra (Mumbai/Konkan),18.98,72.83,2,48,Normal,23.5,66.7,1013.2,0.0,7.8,282.0,59.0,23.5,70.8,1013.4,0.4,8.3,0.0,0.4,0.0,0
2022-12-26,2022,12,26,Post-Monsoon,West Bengal (Gangetic),22.57,88.36,2,48,Normal,28.6,66.1,1011.0,0.0,9.7,287.0,86.0,28.1,63.4,1011.1,4.1,10.8,0.5,4.1,0.5,0
2022-12-26,2022,12,26,Post-Monsoon,Odisha Coastal,20.27,85.84,3,72,Normal,24.8,60.4,1016.5,26.1,8.9,40.0,13.0,25.0,55.9,1016.9,13.9,9.5,0.2,12.2,12.2,0
2022-12-26,2022,12,26,Post-Monsoon,Maharashtra (Mumbai/Konkan),18.98,72.83,3,72,Normal,24.5,66.7,1013.6,1.4,10.4,37.0,84.0,23.5,70.1,1013.4,0.4,8.3,1.0,1.0,1.0,0
2022-12-26,2022,12,26,Post-Monsoon,Rajasthan (West),26.91,70.9,4,96,Normal,26.4,63.9,1015.8,3.4,19.0,57.0,44.0,27.7,65.5,1014.9,0.0,13.7,1.3,3.4,1.3,0
2022-12-26,2022,12,26,Post-Monsoon,Himachal Pradesh,31.1,77.17,4,96,Normal,25.8,70.6,1012.2,0.0,14.2,194.0,34.0,25.1,70.0,1012.4,0.6,15.0,0.7,0.6,0.7,0
2022-12-26,2022,12,26,Post-Monsoon,Gujarat Coastal,21.64,69.6,5,120,Normal,29.5,71.4,1010.6,0.7,6.4,100.0,43.0,29.1,68.6,1012.8,0.5,8.7,0.4,0.2,0.4,0
2022-12-26,2022,12,26,Post-Monsoon,Assam & Meghalaya,26.14,91.73,5,120,Normal,19.1,64.0,1014.5,13.4,13.5,12.0,31.0,19.9,72.2,1016.0,4.9,10.7,0.8,8.5,0.8,0
2022-12-26,2022,12,26,Post-Monsoon,Kerala Coast,9.93,76.26,6,144,Normal,26.1,79.7,1010.3,1.1,1.0,211.0,41.0,23.1,75.2,1011.0,1.1,6.2,3.0,0.0,3.0,0
2022-12-26,2022,12,26,Post-Monsoon,Gujarat Coastal,21.64,69.6,7,168,Normal,28.6,71.4,1009.7,0.0,5.6,257.0,19.0,29.1,74.5,1012.8,0.5,8.7,0.5,0.5,0.5,1
2022-12-26,2022,12,26,Post-Monsoon,Odisha Coastal,20.27,85.84,9,216,Normal,23.0,60.4,1017.3,11.2,12.2,136.0,47.0,25.0,66.3,1016.9,13.9,9.5,2.0,2.7,2.7,0
2022-12-26,2022,12,26,Post-Monsoon,Kerala Coast,9.93,76.26,10,240,Normal,22.1,79.7,1012.5,0.0,17.7,285.0,92.0,23.1,70.9,1011.0,1.1,6.2,1.0,1.1,1.0,1
2022-12-26,2022,12,26,Post-Monsoon,Rajasthan (West),26.91,70.9,10,240,Normal,27.7,63.9,1013.7,10.9,17.9,131.0,93.0,27.7,68.0,1014.9,0.0,13.7,0.0,10.9,0.0,0
2022-12-26,2022,12,26,Post-Monsoon,Himachal Pradesh,31.1,77.17,10,240,Normal,23.2,70.6,1009.4,0.2,17.2,58.0,61.0,25.1,64.2,1012.4,0.6,15.0,1.9,0.4,1.9,0
2022-12-26,2022,12,26,Post-Monsoon,West Bengal (Gangetic),22.57,88.36,10,240,Normal,31.9,66.1,1012.5,1.5,9.2,196.0,71.0,28.1,64.6,1011.1,4.1,10.8,3.8,2.6,3.8,1
2022-12-26,2022,12,26,Post-Monsoon,Assam & Meghalaya,26.14,91.73,10,240,Normal,20.4,64.0,1012.5,0.0,2.9,14.0,51.0,19.9,61.0,1016.0,4.9,10.7,0.5,4.9,0.5,1
2023-01-02,2023,1,2,Winter,West Bengal (Gangetic),22.57,88.36,1,24,Normal,20.9,53.0,1017.2,0.0,9.5,62.0,77.0,19.1,64.0,1017.4,0.2,9.7,1.8,0.2,1.8,0
2023-01-02,2023,1,2,Winter,Maharashtra (Mumbai/Konkan),18.98,72.83,2,48,Normal,21.1,55.8,1016.2,1.7,6.4,175.0,63.0,20.8,48.6,1015.4,1.0,8.5,0.3,0.7,0.3,0
2023-01-02,2023,1,2,Winter,Gujarat Coastal,21.64,69.6,3,72,Normal,22.3,62.4,1012.7,0.0,6.0,341.0,86.0,21.0,61.1,1014.9,1.7,7.5,1.3,1.7,1.3,0
2023-01-02,2023,1,2,Winter,Himachal Pradesh,31.1,77.17,3,72,Normal,23.1,49.1,1017.5,4.5,10.1,299.0,23.0,22.4,53.3,1016.1,0.0,9.9,0.7,4.5,0.7,0
2023-01-02,2023,1,2,Winter,Kerala Coast,9.93,76.26,4,96,Normal,20.0,60.3,1012.0,0.5,7.9,132.0,85.0,23.5,56.6,1012.3,0.0,11.2,3.5,0.5,3.5,1
2023-01-02,2023,1,2,Winter,Rajasthan (West),26.91,70.9,4,96,Normal,23.7,61.1,1016.8,1.3,11.7,296.0,37.0,22.9,61.4,1015.7,1.7,9.3,0.8,0.4,0.8,0
2023-01-02,2023,1,2,Winter,Himachal Pradesh,31.1,77.17,4,96,Normal,18.6,49.1,1017.1,0.3,11.2,149.0,88.0,22.4,44.9,1016.1,0.0,9.9,3.8,0.3,3.8,1
2023-01-02,2023,1,2,Winter,Odisha Coastal,20.27,85.84,5,120,Normal,25.7,56.5,1010.7,8.3,7.5,27.0,34.0,23.2,52.8,1011.9,0.0,7.2,2.5,8.3,2.5,0
2023-01-02,2023,1,2,Winter,Assam & Meghalaya,26.14,91.73,5,120,Normal,21.3,62.9,1020.9,0.0,7.2,349.0,92.0,22.5,57.1,1019.7,1.2,7.4,1.2,1.2,1.2,0
2023-01-02,2023,1,2,Winter,Rajasthan (West),26.91,70.9,7,168,Normal,27.9,61.1,1019.5,1.0,14.9,19.0,86.0,22.9,59.7,1015.7,1.7,9.3,5.0,0.7,5.0,1
2023-01-02,2023,1,2,Winter,Assam & Meghalaya,26.14,91.73,7,168,Normal,22.5,62.9,1021.4,0.0,8.5,273.0,83.0,22.5,60.0,1019.7,1.2,7.4,0.0,1.2,0.0,0
2023-01-02,2023,1,2,Winter,Maharashtra (Mumbai/Konkan),18.98,72.83,8,192,Normal,18.8,55.8,1014.8,5.9,9.8,341.0,31.0,20.8,54.0,1015.4,1.0,8.5,2.0,4.9,2.0,0
2023-01-02,2023,1,2,Winter,Gujarat Coastal,21.64,69.6,8,192,Normal,20.8,62.4,1015.1,9.7,4.9,289.0,54.0,21.0,67.4,1014.9,1.7,7.5,0.2,8.0,0.2,0
2023-01-02,2023,1,2,Winter,West Bengal (Gangetic),22.57,88.36,8,192,Normal,18.7,53.0,1016.2,0.0,16.5,337.0,61.0,19.1,47.3,1017.4,0.2,9.7,0.4,0.2,0.4,0
2023-01-02,2023,1,2,Winter,Odisha Coastal,20.27,85.84,10,240,Normal,22.1,56.5,1009.8,0.0,15.5,138.0,31.0,23.2,53.7,1011.9,0.0,7.2,1.1,0.0,1.1,1
2023-01-02,2023,1,2,Winter,Kerala Coast,9.93,76.26,10,240,Normal,25.0,60.3,1010.4,3.3,5.2,71.0,57.0,23.5,57.4,1012.3,0.0,11.2,1.5,3.3,1.5,0
2023-01-09,2023,1,9,Winter,Gujarat Coastal,21.64,69.6,1,24,Normal,19.1,61.6,1016.5,0.0,12.1,204.0,81.0,19.4,68.6,1017.0,0.1,11.1,0.3,0.1,0.3,0
2023-01-09,2023,1,9,Winter,Himachal Pradesh,31.1,77.17,1,24,Normal,22.9,63.3,1016.7,4.6,5.4,121.0,68.0,21.7,60.0,1016.5,1.7,6.7,1.2,2.9,1.2,0
2023-01-09,2023,1,9,Winter,West Bengal (Gangetic),22.57,88.36,2,48,Normal,17.8,71.1,1017.7,4.9,8.0,29.0,70.0,16.4,68.4,1018.0,0.4,7.2,1.4,4.5,1.4,0
2023-01-09,2023,1,9,Winter,Kerala Coast,9.93,76.26,3,72,Normal,23.5,63.6,1017.4,1.6,8.2,108.0,66.0,24.2,65.1,1017.3,0.4,8.6,0.7,1.2,0.7,0
2023-01-09,2023,1,9,Winter,Rajasthan (West),26.91,70.9,3,72,Normal,14.2,50.2,1014.3,0.0,9.9,237.0,83.0,14.3,55.1,1014.3,1.4,10.8,0.1,1.4,0.1,0
2023-01-09,2023,1,9,Winter,Assam & Meghalaya,26.14,91.73,3,72,Normal,24.6,45.8,1016.2,1.0,6.2,176.0,42.0,22.5,52.3,1016.0,0.7,8.6,2.1,0.3,2.1,0
2023-01-09,2023,1,9,Winter,Odisha Coastal,20.27,85.84,4,96,Normal,16.4,49.0,1015.5,0.0,8.3,260.0,80.0,20.0,49.6,1016.2,0.5,9.1,3.6,0.5,3.6,1
2023-01-09,2023,1,9,Winter,Assam & Meghalaya,26.14,91.73,5,120,Normal,25.0,45.8,1016.6,0.0,6.5,338.0,18.0,22.5,37.4,1016.0,0.7,8.6,2.5,0.7,2.5,0
2023-01-09,2023,1,9,Winter,Maharashtra (Mumbai/Konkan),18.98,72.83,6,144,Normal,26.9,62.6,1015.3,3.9,4.4,180.0,17.0,24.4,68.7,1014.4,0.9,10.3,2.5,3.0,2.5,0
2023-01-09,2023,1,9,Winter,Kerala Coast,9.93,76.26,7,168,Normal,21.4,63.6,1014.6,3.8,12.0,37.0,82.0,24.2,60.9,1017.3,0.4,8.6,2.8,3.4,2.8,0
2023-01-09,2023,1,9,Winter,Rajasthan (West),26.91,70.9,7,168,Normal,11.2,50.2,1014.5,4.6,11.3,275.0,36.0,14.3,48.9,1014.3,1.4,10.8,3.1,3.2,3.1,1
2023-01-09,2023,1,9,Winter,Odisha Coastal,20.27,85.84,8,192,Normal,22.6,49.0,1015.8,0.5,8.4,90.0,58.0,20.0,52.3,1016.2,0.5,9.1,2.6,0.0,2.6,0
2023-01-09,2023,1,9,Winter,Maharashtra (Mumbai/Konkan),18.98,72.83,8,192,Normal,23.3,62.6,1013.9,3.8,11.4,18.0,80.0,24.4,65.6,1014.4,0.9,10.3,1.1,2.9,1.1,0
2023-01-09,2023,1,9,Winter,West Bengal (Gangetic),22.57,88.36,9,216,Normal,18.8,71.1,1018.4,10.9,6.7,269.0,58.0,16.4,73.5,1018.0,0.4,7.2,2.4,10.5,2.4,0
2023-01-09,2023,1,9,Winter,Gujarat Coastal,21.64,69.6,10,240,Normal,21.9,61.6,1015.3,3.7,12.5,340.0,61.0,19.4,57.6,1017.0,0.1,11.1,2.5,3.6,2.5,0
2023-01-09,2023,1,9,Winter,Himachal Pradesh,31.1,77.17,10,240,Normal,20.7,63.3,1016.2,9.5,9.2,204.0,17.0,21.7,59.5,1016.5,1.7,6.7,1.0,7.8,1.0,0
2023-01-16,2023,1,16,Winter,Gujarat Coastal,21.64,69.6,1,24,Normal,23.6,59.2,1017.0,4.5,8.1,126.0,48.0,24.8,60.5,1017.3,0.7,9.0,1.2,3.8,1.2,0
2023-01-16,2023,1,16,Winter,Rajasthan (West),26.91,70.9,1,24,Normal,19.5,69.6,1016.0,0.0,8.2,200.0,92.0,18.6,67.7,1016.0,0.2,5.0,0.9,0.2,0.9,0
2023-01-16,2023,1,16,Winter,Himachal Pradesh,31.1,77.17,1,24,Normal,20.2,53.9,1019.2,5.2,11.8,207.0,80.0,20.0,48.6,1018.9,1.1,11.5,0.2,4.1,0.2,0
2023-01-16,2023,1,16,Winter,Odisha Coastal,20.27,85.84,3,72,Normal,19.4,69.9,1014.6,2.2,12.8,64.0,91.0,19.8,70.9,1014.4,0.5,10.8,0.4,1.7,0.4,0
2023-01-16,2023,1,16,Winter,Himachal Pradesh,31.1,77.17,3,72,Normal,18.4,53.9,1018.9,0.0,12.8,231.0,11.0,20.0,56.8,1018.9,1.1,11.5,1.6,1.1,1.6,0
2023-01-16,2023,1,16,Winter,Maharashtra (Mumbai/Konkan),18.98,72.83,4,96,Normal,21.1,61.4,1018.8,0.0,8.6,352.0,18.0,19.2,67.5,1018.6,0.6,8.2,1.9,0.6,1.9,0
2023-01-16,2023,1,16,Winter,Rajasthan (West),26.91,70.9,4,96,Normal,18.2,69.6,1015.6,0.0,7.6,310.0,19.0,18.6,66.5,1016.0,0.2,5.0,0.4,0.2,0.4,0
2023-01-16,2023,1,16,Winter,West Bengal (Gangetic),22.57,88.36,4,96,Normal,20.0,43.4,1017.0,0.0,8.5,82.0,33.0,20.6,45.4,1018.3,0.5,6.2,0.6,0.5,0.6,0
2023-01-16,2023,1,16,Winter,Assam & Meghalaya,26.14,91.73,5,120,Normal,21.7,62.3,1017.4,3.9,18.3,277.0,17.0,22.5,59.2,1018.1,0.4,12.4,0.8,3.5,0.8,0
2023-01-16,2023,1,16,Winter,Odisha Coastal,20.27,85.84,6,144,Normal,18.4,69.9,1014.6,0.0,13.7,161.0,66.0,19.8,72.1,1014.4,0.5,10.8,1.4,0.5,1.4,0
2023-01-16,2023,1,16,Winter,Kerala Coast,9.93,76.26,6,144,Normal,21.8,64.7,1012.7,11.5,9.2,102.0,33.0,24.0,65.4,1014.1,0.1,9.1,2.2,11.4,2.2,0
2023-01-16,2023,1,16,Winter,Assam & Meghalaya,26.14,91.73,7,168,Normal,22.5,62.3,1016.1,0.0,15.7,329.0,42.0,22.5,57.1,1018.1,0.4,12.4,0.0,0.4,0.0,0
2023-01-16,2023,1,16,Winter,Kerala Coast,9.93,76.26,9,216,Normal,24.5,64.7,1013.2,5.4,6.8,34.0,28.0,24.0,62.3,1014.1,0.1,9.1,0.5,5.3,0.5,0
2023-01-16,2023,1,16,Winter,Maharashtra (Mumbai/Konkan),18.98,72.83,9,216,Normal,19.2,61.4,1018.8,7.3,8.3,231.0,22.0,19.2,59.7,1018.6,0.6,8.2,0.0,6.7,0.0,0
2023-01-16,2023,1,16,Winter,West Bengal (Gangetic),22.57,88.36,9,216,Normal,20.8,43.4,1017.1,0.0,4.3,285.0,64.0,20.6,48.5,1018.3,0.5,6.2,0.2,0.5,0.2,0
2023-01-16,2023,1,16,Winter,Gujarat Coastal,21.64,69.6,10,240,Normal,28.6,59.2,1016.0,7.5,13.5,87.0,31.0,24.8,56.5,1017.3,0.7,9.0,3.8,6.8,3.8,1
2023-01-23,2023,1,23,Winter,Kerala Coast,9.93,76.26,1,24,Normal,14.8,69.8,1014.9,0.0,10.8,188.0,47.0,15.4,74.1,1015.9,0.2,12.2,0.6,0.2,0.6,0
2023-01-23,2023,1,23,Winter,Assam & Meghalaya,26.14,91.73,2,48,Normal,10.9,54.7,1014.2,0.0,7.1,74.0,89.0,10.6,55.8,1013.2,1.2,6.4,0.3,1.2,0.3,0
2023-01-23,2023,1,23,Winter,Rajasthan (West),26.91,70.9,3,72,Normal,21.4,59.1,1015.6,0.0,7.3,161.0,12.0,21.2,64.3,1014.8,2.9,8.7,0.2,2.9,0.2,0
2023-01-23,2023,1,23,Winter,Himachal Pradesh,31.1,77.17,3,72,Normal,20.9,65.7,1015.1,0.0,5.2,230.0,84.0,20.8,62.8,1015.2,0.5,5.3,0.1,0.5,0.1,0
2023-01-23,2023,1,23,Winter,Gujarat Coastal,21.64,69.6,4,96,Normal,11.7,69.6,1017.0,0.7,8.5,263.0,69.0,15.6,72.4,1017.4,0.7,8.2,3.9,0.0,3.9,1
2023-01-23,2023,1,23,Winter,West Bengal (Gangetic),22.57,88.36,4,96,Normal,14.1,61.5,1015.3,0.0,5.5,212.0,84.0,15.4,68.4,1015.4,0.8,7.7,1.3,0.8,1.3,0
2023-01-23,2023,1,23,Winter,Maharashtra (Mumbai/Konkan),18.98,72.83,5,120,Normal,20.3,53.2,1017.1,0.0,7.6,257.0,34.0,21.7,55.1,1015.5,0.9,9.7,1.4,0.9,1.4,0
2023-01-23,2023,1,23,Winter,Rajasthan (West),26.91,70.9,5,120,Normal,21.9,59.1,1015.6,5.1,6.9,341.0,76.0,21.2,59.3,1014.8,2.9,8.7,0.7,2.2,0.7,0
2023-01-23,2023,1,23,Winter,Odisha Coastal,20.27,85.84,6,144,Normal,23.5,65.5,1010.7,0.0,18.0,229.0,50.0,23.2,71.5,1011.6,1.0,9.8,0.3,1.0,0.3,1
2023-01-23,2023,1,23,Winter,Himachal Pradesh,31.1,77.17,6,144,Normal,18.8,65.7,1014.3,0.0,8.1,296.0,17.0,20.8,70.2,1015.2,0.5,5.3,2.0,0.5,2.0,0
2023-01-23,2023,1,23,Winter,West Bengal (Gangetic),22.57,88.36,6,144,Normal,15.5,61.5,1016.0,0.0,8.7,339.0,93.0,15.4,65.8,1015.4,0.8,7.7,0.1,0.8,0.1,0
2023-01-23,2023,1,23,Winter,Assam & Meghalaya,26.14,91.73,6,144,Normal,9.3,54.7,1011.8,0.0,5.8,293.0,53.0,10.6,57.4,1013.2,1.2,6.4,1.3,1.2,1.3,0
2023-01-23,2023,1,23,Winter,Odisha Coastal,20.27,85.84,9,216,Normal,23.2,65.5,1012.0,0.0,5.6,196.0,41.0,23.2,65.7,1011.6,1.0,9.8,0.0,1.0,0.0,0
2023-01-23,2023,1,23,Winter,Maharashtra (Mumbai/Konkan),18.98,72.83,9,216,Normal,17.9,53.2,1014.2,0.0,9.1,292.0,39.0,21.7,46.1,1015.5,0.9,9.7,3.8,0.9,3.8,1
2023-01-23,2023,1,23,Winter,Kerala Coast,9.93,76.26,10,240,Normal,16.9,69.8,1013.6,0.0,11.4,191.0,63.0,15.4,67.6,1015.9,0.2,12.2,1.5,0.2,1.5,0
2023-01-23,2023,1,23,Winter,Gujarat Coastal,21.64,69.6,10,240,Normal,15.3,69.6,1022.8,0.0,13.1,135.0,88.0,15.6,69.0,1017.4,0.7,8.2,0.3,0.7,0.3,1
2023-01-30,2023,1,30,Winter,Maharashtra (Mumbai/Konkan),18.98,72.83,1,24,Normal,22.1,69.9,1013.9,2.5,11.3,319.0,74.0,22.9,75.3,1013.8,1.6,11.3,0.8,0.9,0.8,0
2023-01-30,2023,1,30,Winter,Gujarat Coastal,21.64,69.6,1,24,Normal,16.0,64.9,1017.8,0.0,9.0,172.0,72.0,16.0,68.5,1017.9,2.0,10.8,0.0,2.0,0.0,0
2023-01-30,2023,1,30,Winter,Gujarat Coastal,21.64,69.6,3,72,Normal,18.3,64.9,1017.4,5.6,9.3,240.0,31.0,16.0,67.1,1017.9,2.0,10.8,2.3,3.6,2.3,0
2023-01-30,2023,1,30,Winter,West Bengal (Gangetic),22.57,88.36,3,72,Normal,22.9,65.0,1012.6,0.0,5.6,196.0,35.0,24.0,65.9,1013.3,0.6,7.8,1.1,0.6,1.1,0
2023-01-30,2023,1,30,Winter,Assam & Meghalaya,26.14,91.73,4,96,Normal,14.2,53.6,1017.7,7.2,4.3,184.0,80.0,15.5,58.2,1017.0,6.2,8.5,1.3,1.0,1.0,0
2023-01-30,2023,1,30,Winter,Himachal Pradesh,31.1,77.17,5,120,Normal,26.7,64.5,1013.1,15.0,7.6,257.0,52.0,26.8,70.9,1011.8,3.2,7.8,0.1,11.8,0.1,0
2023-01-30,2023,1,30,Winter,Odisha Coastal,20.27,85.84,6,144,Normal,26.3,57.7,1019.9,0.0,6.4,164.0,22.0,25.9,54.5,1017.2,0.0,5.7,0.4,0.0,0.4,0
2023-01-30,2023,1,30,Winter,Rajasthan (West),26.91,70.9,6,144,Normal,16.3,56.7,1017.7,7.8,4.8,160.0,52.0,16.1,53.8,1017.3,0.7,7.2,0.2,7.1,0.2,0
2023-01-30,2023,1,30,Winter,Himachal Pradesh,31.1,77.17,6,144,Normal,27.2,64.5,1011.0,0.0,9.3,283.0,30.0,26.8,61.9,1011.8,3.2,7.8,0.4,3.2,0.4,0
2023-01-30,2023,1,30,Winter,Odisha Coastal,20.27,85.84,7,168,Normal,30.9,57.7,1018.8,0.0,2.5,29.0,41.0,25.9,55.9,1017.2,0.0,5.7,5.0,0.0,5.0,1
2023-01-30,2023,1,30,Winter,Kerala Coast,9.93,76.26,7,168,Normal,16.0,50.8,1014.3,2.8,3.4,102.0,36.0,16.3,48.6,1014.2,0.4,6.4,0.3,2.4,0.3,0
2023-01-30,2023,1,30,Winter,Rajasthan (West),26.91,70.9,8,192,Normal,15.9,56.7,1017.5,0.0,10.3,165.0,77.0,16.1,50.3,1017.3,0.7,7.2,0.2,0.7,0.2,0
2023-01-30,2023,1,30,Winter,Maharashtra (Mumbai/Konkan),18.98,72.83,9,216,Normal,18.0,69.9,1014.8,10.0,10.5,278.0,21.0,22.9,78.2,1013.8,1.6,11.3,4.9,8.4,4.9,1
2023-01-30,2023,1,30,Winter,Kerala Coast,9.93,76.26,10,240,Normal,18.8,50.8,1013.6,0.0,1.4,67.0,66.0,16.3,55.2,1014.2,0.4,6.4,2.5,0.4,2.5,0
2023-01-30,2023,1,30,Winter,West Bengal (Gangetic),22.57,88.36,10,240,Normal,20.5,65.0,1009.9,12.6,4.7,83.0,90.0,24.0,70.4,1013.3,0.6,7.8,3.5,12.0,3.5,1
2023-01-30,2023,1,30,Winter,Assam & Meghalaya,26.14,91.73,10,240,Normal,17.6,53.6,1020.9,0.0,10.2,18.0,15.0,15.5,56.9,1017.0,6.2,8.5,2.1,6.2,6.2,1
2023-02-06,2023,2,6,Winter,Kerala Coast,9.93,76.26,1,24,Normal,18.3,51.8,1012.5,0.1,9.5,113.0,61.0,18.8,54.5,1013.1,1.6,8.1,0.5,1.5,0.5,0
2023-02-06,2023,2,6,Winter,Assam & Meghalaya,26.14,91.73,1,24,Normal,23.7,67.4,1018.0,5.6,8.0,183.0,93.0,22.3,55.6,1018.1,1.6,8.6,1.4,4.0,1.4,0
2023-02-06,2023,2,6,Winter,Odisha Coastal,20.27,85.84,2,48,Normal,15.1,60.6,1013.3,3.7,10.6,63.0,39.0,15.9,64.3,1014.4,0.7,10.1,0.8,3.0,0.8,0
2023-02-06,2023,2,6,Winter,Gujarat Coastal,21.64,69.6,4,96,Normal,22.6,56.9,1015.2,7.3,3.8,346.0,63.0,25.2,61.6,1015.6,2.7,4.8,2.6,4.6,2.6,0
2023-02-06,2023,2,6,Winter,Rajasthan (West),26.91,70.9,5,120,Normal,18.6,62.6,1013.4,9.8,2.1,302.0,46.0,17.8,58.3,1012.4,0.4,6.7,0.8,9.4,0.8,0
2023-02-06,2023,2,6,Winter,Himachal Pradesh,31.1,77.17,5,120,Normal,12.5,61.6,1017.0,3.6,9.5,133.0,20.0,13.4,57.2,1015.8,0.6,10.8,0.9,3.0,0.9,0
2023-02-06,2023,2,6,Winter,Maharashtra (Mumbai/Konkan),18.98,72.83,6,144,Normal,22.9,68.8,1013.8,6.1,3.8,42.0,63.0,21.2,58.9,1014.7,1.3,7.2,1.7,4.8,1.7,0
2023-02-06,2023,2,6,Winter,Assam & Meghalaya,26.14,91.73,6,144,Normal,25.5,67.4,1015.3,3.7,1.9,264.0,22.0,22.3,69.5,1018.1,1.6,8.6,3.2,2.1,3.2,1
2023-02-06,2023,2,6,Winter,Rajasthan (West),26.91,70.9,7,168,Normal,18.5,62.6,1009.0,0.0,12.6,232.0,77.0,17.8,62.9,1012.4,0.4,6.7,0.7,0.4,0.7,1
2023-02-06,2023,2,6,Winter,Gujarat Coastal,21.64,69.6,8,192,Normal,27.5,56.9,1015.2,3.2,4.1,47.0,89.0,25.2,60.6,1015.6,2.7,4.8,2.3,0.5,2.3,0
2023-02-06,2023,2,6,Winter,Odisha Coastal,20.27,85.84,9,216,Normal,18.1,60.6,1018.3,7.6,11.9,295.0,60.0,15.9,68.6,1014.4,0.7,10.1,2.2,6.9,2.2,1
2023-02-06,2023,2,6,Winter,Maharashtra (Mumbai/Konkan),18.98,72.83,9,216,Normal,24.3,68.8,1012.8,8.5,14.0,16.0,13.0,21.2,70.2,1014.7,1.3,7.2,3.1,7.2,3.1,1
2023-02-06,2023,2,6,Winter,West Bengal (Gangetic),22.57,88.36,9,216,Normal,21.9,70.2,1014.7,1.1,8.2,298.0,62.0,24.4,73.2,1015.3,0.2,9.4,2.5,0.9,2.5,0
2023-02-06,2023,2,6,Winter,Kerala Coast,9.93,76.26,10,240,Normal,17.1,51.8,1012.9,6.9,10.5,64.0,85.0,18.8,44.8,1013.1,1.6,8.1,1.7,5.3,1.7,0
2023-02-06,2023,2,6,Winter,Himachal Pradesh,31.1,77.17,10,240,Normal,13.2,61.6,1013.9,0.0,7.1,49.0,89.0,13.4,65.0,1015.8,0.6,10.8,0.2,0.6,0.2,0
2023-02-06,2023,2,6,Winter,West Bengal (Gangetic),22.57,88.36,10,240,Normal,23.2,70.2,1016.4,6.7,4.1,280.0,17.0,24.4,76.8,1015.3,0.2,9.4,1.2,6.5,1.2,0
2023-02-13,2023,2,13,Winter,Rajasthan (West),26.91,70.9,1,24,Normal,20.9,39.1,1015.5,0.0,5.7,261.0,61.0,20.5,38.7,1015.4,0.3,6.9,0.4,0.3,0.4,0
2023-02-13,2023,2,13,Winter,Odisha Coastal,20.27,85.84,3,72,Normal,19.7,58.2,1016.1,0.0,8.0,101.0,32.0,19.3,62.7,1016.9,1.8,7.0,0.4,1.8,0.4,0
2023-02-13,2023,2,13,Winter,Kerala Coast,9.93,76.26,3,72,Normal,18.5,55.9,1018.3,0.6,3.3,129.0,72.0,17.7,55.6,1018.2,1.4,4.8,0.8,0.8,0.8,0
2023-02-13,2023,2,13,Winter,Gujarat Coastal,21.64,69.6,3,72,Normal,20.9,65.0,1014.2,3.9,10.5,299.0,16.0,20.2,64.9,1015.5,0.9,7.5,0.7,3.0,0.7,0
2023-02-13,2023,2,13,Winter,Assam & Meghalaya,26.14,91.73,3,72,Normal,22.8,51.8,1017.7,2.2,10.3,242.0,66.0,21.3,53.5,1017.7,0.2,10.1,1.5,2.0,1.5,0
2023-02-13,2023,2,13,Winter,West Bengal (Gangetic),22.57,88.36,4,96,Normal,24.7,67.9,1013.8,8.9,6.8,161.0,61.0,22.1,65.6,1013.4,0.9,7.3,2.6,8.0,2.6,0
2023-02-13,2023,2,13,Winter,Odisha Coastal,20.27,85.84,5,120,Normal,21.2,58.2,1015.3,0.0,6.2,8.0,17.0,19.3,59.3,1016.9,1.8,7.0,1.9,1.8,1.9,0
2023-02-13,2023,2,13,Winter,Himachal Pradesh,31.1,77.17,5,120,Normal,26.9,57.8,1012.6,5.8,9.2,171.0,52.0,24.6,50.4,1013.3,0.2,8.6,2.3,5.6,2.3,0
2023-02-13,2023,2,13,Winter,Gujarat Coastal,21.64,69.6,6,144,Normal,24.4,65.0,1017.0,0.0,11.0,210.0,15.0,20.2,64.7,1015.5,0.9,7.5,4.2,0.9,4.2,1
2023-02-13,2023,2,13,Winter,Himachal Pradesh,31.1,77.17,6,144,Normal,25.3,57.8,1011.9,0.0,14.2,221.0,38.0,24.6,52.9,1013.3,0.2,8.6,0.7,0.2,0.7,0
2023-02-13,2023,2,13,Winter,Assam & Meghalaya,26.14,91.73,6,144,Normal,20.1,51.8,1018.8,0.0,13.6,311.0,23.0,21.3,54.0,1017.7,0.2,10.1,1.2,0.2,1.2,0
2023-02-13,2023,2,13,Winter,Maharashtra (Mumbai/Konkan),18.98,72.83,7,168,Normal,22.8,58.7,1019.2,0.0,10.1,135.0,84.0,22.6,62.8,1017.8,0.1,8.1,0.2,0.1,0.2,0
2023-02-13,2023,2,13,Winter,Rajasthan (West),26.91,70.9,7,168,Normal,19.8,39.1,1010.7,6.7,9.9,228.0,75.0,20.5,36.1,1015.4,0.3,6.9,0.7,6.4,0.7,1
2023-02-13,2023,2,13,Winter,Kerala Coast,9.93,76.26,8,192,Normal,13.8,55.9,1019.3,2.2,1.9,115.0,70.0,17.7,59.5,1018.2,1.4,4.8,3.9,0.8,3.9,1
2023-02-13,2023,2,13,Winter,Maharashtra (Mumbai/Konkan),18.98,72.83,8,192,Normal,22.2,58.7,1019.5,0.0,8.5,285.0,68.0,22.6,58.4,1017.8,0.1,8.1,0.4,0.1,0.4,0
2023-02-13,2023,2,13,Winter,West Bengal (Gangetic),22.57,88.36,8,192,Normal,19.1,67.9,1014.6,0.0,10.1,87.0,67.0,22.1,72.6,1013.4,0.9,7.3,3.0,0.9,3.0,0
2023-02-20,2023,2,20,Winter,Kerala Coast,9.93,76.26,2,48,Normal,19.2,64.4,1016.5,0.0,9.5,107.0,17.0,19.3,59.4,1016.3,0.5,6.5,0.1,0.5,0.1,0
2023-02-20,2023,2,20,Winter,Maharashtra (Mumbai/Konkan),18.98,72.83,3,72,Normal,22.1,55.1,1019.8,0.0,5.8,201.0,68.0,24.2,52.7,1018.3,0.2,4.4,2.1,0.2,2.1,0
2023-02-20,2023,2,20,Winter,Gujarat Coastal,21.64,69.6,3,72,Normal,21.6,67.5,1014.6,3.8,4.1,169.0,57.0,19.1,69.9,1015.6,0.3,6.1,2.5,3.5,2.5,0
2023-02-20,2023,2,20,Winter,Rajasthan (West),26.91,70.9,4,96,Normal,24.7,64.1,1018.2,1.4,3.8,86.0,89.0,23.1,67.0,1017.7,0.6,7.4,1.6,0.8,1.6,0
2023-02-20,2023,2,20,Winter,Himachal Pradesh,31.1,77.17,4,96,Normal,27.3,76.3,1018.7,0.5,7.6,8.0,30.0,25.9,77.1,1017.6,0.5,9.1,1.4,0.0,1.4,0
2023-02-20,2023,2,20,Winter,West Bengal (Gangetic),22.57,88.36,4,96,Normal,22.0,57.4,1016.4,6.4,7.3,304.0,32.0,22.4,45.7,1015.8,1.1,8.1,0.4,5.3,0.4,0
2023-02-20,2023,2,20,Winter,Himachal Pradesh,31.1,77.17,5,120,Normal,25.0,76.3,1017.5,0.0,10.5,71.0,46.0,25.9,80.1,1017.6,0.5,9.1,0.9,0.5,0.9,0
2023-02-20,2023,2,20,Winter,Odisha Coastal,20.27,85.84,6,144,Normal,20.7,62.7,1016.0,1.2,7.1,214.0,86.0,22.5,65.5,1015.2,1.8,8.0,1.8,0.6,1.8,0
2023-02-20,2023,2,20,Winter,Assam & Meghalaya,26.14,91.73,6,144,Normal,21.2,53.9,1018.8,0.0,10.1,38.0,49.0,20.0,50.8,1018.1,0.4,7.8,1.2,0.4,1.2,0
2023-02-20,2023,2,20,Winter,Odisha Coastal,20.27,85.84,7,168,Normal,24.1,62.7,1014.3,4.0,9.4,282.0,79.0,22.5,63.0,1015.2,1.8,8.0,1.6,2.2,1.6,0
2023-02-20,2023,2,20,Winter,Gujarat Coastal,21.64,69.6,8,192,Normal,16.5,67.5,1016.4,0.0,8.2,253.0,68.0,19.1,67.7,1015.6,0.3,6.1,2.6,0.3,2.6,0
2023-02-20,2023,2,20,Winter,Rajasthan (West),26.91,70.9,9,216,Normal,19.7,64.1,1016.4,0.3,7.0,2.0,31.0,23.1,62.7,1017.7,0.6,7.4,3.4,0.3,3.4,1
2023-02-20,2023,2,20,Winter,West Bengal (Gangetic),22.57,88.36,9,216,Normal,22.6,57.4,1016.1,0.6,12.9,9.0,76.0,22.4,53.5,1015.8,1.1,8.1,0.2,0.5,0.2,0
2023-02-20,2023,2,20,Winter,Assam & Meghalaya,26.14,91.73,9,216,Normal,21.2,53.9,1017.6,6.4,9.6,284.0,27.0,20.0,50.5,1018.1,0.4,7.8,1.2,6.0,1.2,0
2023-02-20,2023,2,20,Winter,Kerala Coast,9.93,76.26,10,240,Normal,17.5,64.4,1015.9,0.0,6.3,333.0,29.0,19.3,67.3,1016.3,0.5,6.5,1.8,0.5,1.8,0
2023-02-20,2023,2,20,Winter,Maharashtra (Mumbai/Konkan),18.98,72.83,10,240,Normal,24.4,55.1,1020.4,0.0,4.4,359.0,71.0,24.2,60.0,1018.3,0.2,4.4,0.2,0.2,0.2,0
2023-02-27,2023,2,27,Winter,West Bengal (Gangetic),22.57,88.36,1,24,Normal,19.6,52.4,1015.0,0.0,12.7,323.0,40.0,20.2,53.3,1015.2,0.3,9.7,0.6,0.3,0.6,0
2023-02-27,2023,2,27,Winter,Maharashtra (Mumbai/Konkan),18.98,72.83,3,72,Normal,19.1,69.9,1017.3,2.8,3.5,70.0,88.0,20.7,75.0,1016.3,0.5,5.4,1.6,2.3,1.6,0
2023-02-27,2023,2,27,Winter,Rajasthan (West),26.91,70.9,4,96,Normal,17.1,49.8,1015.6,0.0,10.4,226.0,37.0,19.3,47.0,1015.7,0.3,8.9,2.2,0.3,2.2,0
2023-02-27,2023,2,27,Winter,Rajasthan (West),26.91,70.9,5,120,Normal,19.3,49.8,1014.2,0.6,11.2,327.0,19.0,19.3,56.6,1015.7,0.3,8.9,0.0,0.3,0.0,0
2023-02-27,2023,2,27,Winter,Himachal Pradesh,31.1,77.17,5,120,Western Disturbance,14.0,54.7,1016.7,33.8,8.8,126.0,24.0,17.0,50.9,1014.9,12.8,9.6,3.0,21.0,21.0,1
2023-02-27,2023,2,27,Winter,Kerala Coast,9.93,76.26,6,144,Normal,14.2,57.0,1013.7,0.0,8.6,289.0,92.0,13.1,59.6,1014.0,0.4,7.8,1.1,0.4,1.1,0
2023-02-27,2023,2,27,Winter,Kerala Coast,9.93,76.26,7,168,Normal,9.7,57.0,1015.2,4.7,5.7,125.0,61.0,13.1,63.9,1014.0,0.4,7.8,3.4,4.3,3.4,1
2023-02-27,2023,2,27,Winter,Himachal Pradesh,31.1,77.17,7,168,Western Disturbance,16.0,54.7,1014.6,0.0,6.2,141.0,15.0,17.0,48.8,1014.9,12.8,9.6,1.0,12.8,12.8,0
2023-02-27,2023,2,27,Winter,Maharashtra (Mumbai/Konkan),18.98,72.83,8,192,Normal,20.1,69.9,1015.9,7.6,4.2,216.0,45.0,20.7,67.6,1016.3,0.5,5.4,0.6,7.1,0.6,0
2023-02-27,2023,2,27,Winter,Gujarat Coastal,21.64,69.6,8,192,Normal,18.2,61.5,1014.2,5.4,6.7,168.0,73.0,21.2,62.9,1014.7,2.8,8.4,3.0,2.6,3.0,0
2023-02-27,2023,2,27,Winter,Assam & Meghalaya,26.14,91.73,8,192,Normal,18.7,36.3,1019.7,0.0,5.0,189.0,37.0,20.1,33.8,1017.0,1.6,9.4,1.4,1.6,1.4,0
2023-02-27,2023,2,27,Winter,Odisha Coastal,20.27,85.84,9,216,Normal,18.3,55.6,1019.2,0.0,5.1,312.0,63.0,20.0,51.4,1018.5,2.4,5.0,1.7,2.4,1.7,0
2023-02-27,2023,2,27,Winter,West Bengal (Gangetic),22.57,88.36,9,216,Normal,18.6,52.4,1018.4,0.0,5.0,74.0,13.0,20.2,51.3,1015.2,0.3,9.7,1.6,0.3,1.6,1
2023-02-27,2023,2,27,Winter,Assam & Meghalaya,26.14,91.73,9,216,Normal,19.7,36.3,1013.9,0.0,8.2,313.0,49.0,20.1,41.3,1017.0,1.6,9.4,0.4,1.6,0.4,1
2023-02-27,2023,2,27,Winter,Odisha Coastal,20.27,85.84,10,240,Normal,22.7,55.6,1020.5,8.3,1.0,326.0,14.0,20.0,55.7,1018.5,2.4,5.0,2.7,5.9,2.7,0
2023-02-27,2023,2,27,Winter,Gujarat Coastal,21.64,69.6,10,240,Normal,22.2,61.5,1013.3,9.5,9.7,261.0,48.0,21.2,60.0,1014.7,2.8,8.4,1.0,6.7,1.0,0
2023-03-06,2023,3,6,Pre-Monsoon,Kerala Coast,9.93,76.26,1,24,Normal,35.7,41.7,1004.9,1.8,13.9,263.0,22.0,36.1,41.6,1005.2,0.0,13.0,0.4,1.8,0.4,0
2023-03-06,2023,3,6,Pre-Monsoon,Maharashtra (Mumbai/Konkan),18.98,72.83,1,24,Normal,31.4,38.4,1008.7,3.4,7.0,221.0,88.0,32.5,38.5,1009.3,1.3,8.5,1.1,2.1,1.1,0
2023-03-06,2023,3,6,Pre-Monsoon,Gujarat Coastal,21.64,69.6,3,72,Normal,31.9,57.1,1014.3,6.5,12.5,83.0,84.0,31.6,54.6,1012.9,0.5,11.3,0.3,6.0,0.3,0
2023-03-06,2023,3,6,Pre-Monsoon,Odisha Coastal,20.27,85.84,4,96,Normal,36.8,47.1,1006.0,0.0,20.5,38.0,32.0,36.9,42.7,1007.5,0.8,17.1,0.1,0.8,0.1,0
2023-03-06,2023,3,6,Pre-Monsoon,Rajasthan (West),26.91,70.9,5,120,Normal,31.9,44.6,1006.4,0.0,12.2,174.0,79.0,33.4,44.0,1007.5,1.8,12.8,1.5,1.8,1.5,0
2023-03-06,2023,3,6,Pre-Monsoon,Himachal Pradesh,31.1,77.17,5,120,Normal,43.2,31.6,1014.9,9.2,11.5,90.0,49.0,41.4,36.7,1016.8,2.2,10.9,1.8,7.0,1.8,0
2023-03-06,2023,3,6,Pre-Monsoon,Himachal Pradesh,31.1,77.17,6,144,Normal,40.8,31.6,1016.3,10.2,11.6,49.0,11.0,41.4,32.6,1016.8,2.2,10.9,0.6,8.0,0.6,0
2023-03-06,2023,3,6,Pre-Monsoon,Assam & Meghalaya,26.14,91.73,6,144,Normal,40.6,52.1,1007.0,0.0,11.4,222.0,78.0,40.7,57.5,1008.8,0.5,12.3,0.1,0.5,0.1,0
2023-03-06,2023,3,6,Pre-Monsoon,Gujarat Coastal,21.64,69.6,7,168,Normal,31.1,57.1,1012.1,4.2,9.8,127.0,41.0,31.6,51.9,1012.9,0.5,11.3,0.5,3.7,0.5,0
2023-03-06,2023,3,6,Pre-Monsoon,West Bengal (Gangetic),22.57,88.36,7,168,Normal,36.3,37.1,1015.5,0.0,3.9,198.0,59.0,34.7,41.8,1016.4,0.4,8.3,1.6,0.4,1.6,0
2023-03-06,2023,3,6,Pre-Monsoon,Assam & Meghalaya,26.14,91.73,7,168,Normal,41.2,52.1,1010.2,0.0,13.0,68.0,20.0,40.7,57.5,1008.8,0.5,12.3,0.5,0.5,0.5,0
2023-03-06,2023,3,6,Pre-Monsoon,Kerala Coast,9.93,76.26,8,192,Normal,33.7,41.7,1006.6,0.2,11.2,91.0,44.0,36.1,45.1,1005.2,0.0,13.0,2.4,0.2,2.4,0
2023-03-06,2023,3,6,Pre-Monsoon,West Bengal (Gangetic),22.57,88.36,8,192,Normal,38.1,37.1,1019.2,0.0,5.4,270.0,57.0,34.7,36.0,1016.4,0.4,8.3,3.4,0.4,3.4,1
2023-03-06,2023,3,6,Pre-Monsoon,Odisha Coastal,20.27,85.84,9,216,Normal,35.7,47.1,1010.3,0.8,23.2,278.0,25.0,36.9,45.0,1007.5,0.8,17.1,1.2,0.0,1.2,0
2023-03-06,2023,3,6,Pre-Monsoon,Maharashtra (Mumbai/Konkan),18.98,72.83,9,216,Normal,31.7,38.4,1009.3,4.9,9.8,341.0,53.0,32.5,34.5,1009.3,1.3,8.5,0.8,3.6,0.8,0
2023-03-06,2023,3,6,Pre-Monsoon,Rajasthan (West),26.91,70.9,10,240,Normal,38.2,44.6,1012.8,1.5,10.1,118.0,68.0,33.4,47.7,1007.5,1.8,12.8,4.8,0.3,4.8,1
2023-03-13,2023,3,13,Pre-Monsoon,Rajasthan (West),26.91,70.9,1,24,Normal,35.7,69.7,1009.9,1.7,13.0,224.0,14.0,35.2,76.3,1009.6,1.0,11.4,0.5,0.7,0.5,0
2023-03-13,2023,3,13,Pre-Monsoon,Himachal Pradesh,31.1,77.17,1,24,Normal,31.4,50.4,1012.0,6.4,12.0,122.0,80.0,31.2,47.5,1011.5,3.0,14.5,0.2,3.4,0.2,0
2023-03-13,2023,3,13,Pre-Monsoon,Odisha Coastal,20.27,85.84,2,48,Normal,32.8,53.9,1013.0,0.0,8.3,128.0,18.0,33.0,53.3,1012.0,0.2,12.8,0.2,0.2,0.2,0
2023-03-13,2023,3,13,Pre-Monsoon,Maharashtra (Mumbai/Konkan),18.98,72.83,2,48,Normal,41.1,67.7,1008.9,0.4,12.1,34.0,46.0,41.4,68.2,1008.9,1.5,9.3,0.3,1.1,0.3,0
2023-03-13,2023,3,13,Pre-Monsoon,Gujarat Coastal,21.64,69.6,3,72,Normal,39.1,58.3,1010.5,0.0,9.5,286.0,85.0,38.5,54.3,1010.1,1.0,10.8,0.6,1.0,0.6,0
2023-03-13,2023,3,13,Pre-Monsoon,Himachal Pradesh,31.1,77.17,3,72,Normal,30.2,50.4,1011.6,13.6,14.9,137.0,30.0,31.2,62.3,1011.5,3.0,14.5,1.0,10.6,1.0,0
2023-03-13,2023,3,13,Pre-Monsoon,Odisha Coastal,20.27,85.84,4,96,Normal,31.2,53.9,1012.9,0.0,12.9,81.0,87.0,33.0,50.0,1012.0,0.2,12.8,1.8,0.2,1.8,0
2023-03-13,2023,3,13,Pre-Monsoon,Maharashtra (Mumbai/Konkan),18.98,72.83,4,96,Normal,37.9,67.7,1010.0,0.0,10.1,59.0,88.0,41.4,61.2,1008.9,1.5,9.3,3.5,1.5,3.5,1
2023-03-13,2023,3,13,Pre-Monsoon,West Bengal (Gangetic),22.57,88.36,4,96,Normal,33.1,39.5,1009.0,3.3,7.6,315.0,92.0,35.3,38.4,1008.4,4.1,8.4,2.2,0.8,2.2,0
2023-03-13,2023,3,13,Pre-Monsoon,Kerala Coast,9.93,76.26,5,120,Normal,36.7,58.2,1009.2,0.0,11.7,166.0,94.0,36.6,59.9,1008.1,1.4,8.1,0.1,1.4,0.1,0
2023-03-13,2023,3,13,Pre-Monsoon,West Bengal (Gangetic),22.57,88.36,6,144,Normal,36.2,39.5,1010.0,0.0,5.3,112.0,64.0,35.3,34.8,1008.4,4.1,8.4,0.9,4.1,0.9,0
2023-03-13,2023,3,13,Pre-Monsoon,Assam & Meghalaya,26.14,91.73,6,144,Normal,35.5,61.2,1013.0,1.3,6.3,261.0,71.0,34.9,60.7,1012.9,1.6,8.7,0.6,0.3,0.6,0
2023-03-13,2023,3,13,Pre-Monsoon,Kerala Coast,9.93,76.26,8,192,Normal,44.6,58.2,1007.4,0.0,12.8,147.0,81.0,36.6,51.8,1008.1,1.4,8.1,8.0,1.4,8.0,1
2023-03-13,2023,3,13,Pre-Monsoon,Assam & Meghalaya,26.14,91.73,8,192,Normal,34.5,61.2,1012.8,0.5,4.1,127.0,74.0,34.9,57.0,1012.9,1.6,8.7,0.4,1.1,0.4,0
2023-03-13,2023,3,13,Pre-Monsoon,Gujarat Coastal,21.64,69.6,9,216,Normal,41.0,58.3,1009.0,1.5,14.8,357.0,43.0,38.5,58.6,1010.1,1.0,10.8,2.5,0.5,2.5,0
2023-03-13,2023,3,13,Pre-Monsoon,Rajasthan (West),26.91,70.9,9,216,Normal,33.5,69.7,1011.2,0.0,15.1,138.0,31.0,35.2,68.6,1009.6,1.0,11.4,1.7,1.0,1.7,0
2023-03-20,2023,3,20,Pre-Monsoon,Maharashtra (Mumbai/Konkan),18.98,72.83,1,24,Normal,32.1,46.7,1010.1,0.0,13.0,213.0,80.0,30.4,51.2,1009.2,1.8,12.0,1.7,1.8,1.7,0
2023-03-20,2023,3,20,Pre-Monsoon,Gujarat Coastal,21.64,69.6,1,24,Normal,38.5,65.5,1011.3,3.2,8.9,344.0,54.0,38.8,65.1,1011.3,7.1,9.2,0.3,3.9,3.9,0
2023-03-20,2023,3,20,Pre-Monsoon,Rajasthan (West),26.91,70.9,1,24,Normal,33.1,53.5,1006.0,1.1,11.6,219.0,37.0,33.2,53.1,1007.0,0.5,12.3,0.1,0.6,0.1,0
2023-03-20,2023,3,20,Pre-Monsoon,Odisha Coastal,20.27,85.84,3,72,Normal,35.0,55.6,1007.5,0.0,18.8,272.0,17.0,33.2,54.0,1006.8,0.8,16.6,1.8,0.8,1.8,0
2023-03-20,2023,3,20,Pre-Monsoon,Kerala Coast,9.93,76.26,3,72,Normal,33.9,49.9,1008.9,4.9,10.0,286.0,56.0,36.6,47.7,1010.6,1.6,11.7,2.7,3.3,2.7,0
2023-03-20,2023,3,20,Pre-Monsoon,Assam & Meghalaya,26.14,91.73,3,72,Normal,36.9,57.5,1008.5,3.8,10.4,261.0,43.0,37.0,59.1,1007.3,0.9,10.7,0.1,2.9,0.1,0
2023-03-20,2023,3,20,Pre-Monsoon,Kerala Coast,9.93,76.26,5,120,Normal,32.5,49.9,1008.8,0.0,11.9,214.0,78.0,36.6,48.3,1010.6,1.6,11.7,4.1,1.6,4.1,1
2023-03-20,2023,3,20,Pre-Monsoon,Gujarat Coastal,21.64,69.6,5,120,Normal,36.4,65.5,1011.7,0.0,10.8,245.0,94.0,38.8,64.5,1011.3,7.1,9.2,2.4,7.1,7.1,0
2023-03-20,2023,3,20,Pre-Monsoon,West Bengal (Gangetic),22.57,88.36,5,120,Heat Wave,45.0,58.2,1014.6,0.0,10.6,30.0,39.0,43.9,60.9,1015.4,2.5,9.5,1.1,2.5,1.1,0
2023-03-20,2023,3,20,Pre-Monsoon,Assam & Meghalaya,26.14,91.73,6,144,Normal,38.3,57.5,1008.1,0.0,15.6,330.0,78.0,37.0,55.6,1007.3,0.9,10.7,1.3,0.9,1.3,0
2023-03-20,2023,3,20,Pre-Monsoon,Rajasthan (West),26.91,70.9,7,168,Normal,33.4,53.5,1006.4,0.0,16.3,94.0,85.0,33.2,58.6,1007.0,0.5,12.3,0.2,0.5,0.2,0
2023-03-20,2023,3,20,Pre-Monsoon,Odisha Coastal,20.27,85.84,9,216,Normal,35.0,55.6,1007.9,0.0,20.7,220.0,63.0,33.2,57.2,1006.8,0.8,16.6,1.8,0.8,1.8,0
2023-03-20,2023,3,20,Pre-Monsoon,Maharashtra (Mumbai/Konkan),18.98,72.83,9,216,Normal,38.6,46.7,1007.5,14.0,14.5,39.0,55.0,30.4,45.9,1009.2,1.8,12.0,8.2,12.2,8.2,1
2023-03-20,2023,3,20,Pre-Monsoon,Himachal Pradesh,31.1,77.17,9,216,Normal,38.2,45.5,1007.1,4.9,9.0,299.0,34.0,38.8,49.6,1006.7,2.6,11.7,0.6,2.3,0.6,0
2023-03-20,2023,3,20,Pre-Monsoon,Himachal Pradesh,31.1,77.17,10,240,Normal,41.5,45.5,1003.7,0.0,17.9,77.0,33.0,38.8,41.1,1006.7,2.6,11.7,2.7,2.6,2.7,0
2023-03-20,2023,3,20,Pre-Monsoon,West Bengal (Gangetic),22.57,88.36,10,240,Heat Wave,51.4,58.2,1014.3,0.1,1.0,276.0,32.0,43.9,55.6,1015.4,2.5,9.5,7.5,2.4,7.5,1
2023-03-27,2023,3,27,Pre-Monsoon,Kerala Coast,9.93,76.26,1,24,Normal,38.1,53.4,1012.2,0.0,10.6,347.0,83.0,37.7,49.5,1012.2,2.3,9.8,0.4,2.3,0.4,0
2023-03-27,2023,3,27,Pre-Monsoon,Assam & Meghalaya,26.14,91.73,1,24,Normal,40.4,45.2,1009.8,0.0,9.6,288.0,62.0,41.6,42.1,1010.0,2.7,11.1,1.2,2.7,1.2,0
2023-03-27,2023,3,27,Pre-Monsoon,Himachal Pradesh,31.1,77.17,2,48,Normal,33.6,61.1,1010.1,0.0,11.2,267.0,94.0,32.2,63.8,1009.1,3.1,11.1,1.4,3.1,1.4,0
2023-03-27,2023,3,27,Pre-Monsoon,Himachal Pradesh,31.1,77.17,3,72,Normal,32.2,61.1,1007.9,3.7,11.7,147.0,40.0,32.2,64.3,1009.1,3.1,11.1,0.0,0.6,0.0,0
2023-03-27,2023,3,27,Pre-Monsoon,Gujarat Coastal,21.64,69.6,4,96,Normal,35.1,49.6,1013.4,0.0,11.5,171.0,18.0,35.4,49.0,1012.9,0.1,12.2,0.3,0.1,0.3,0
2023-03-27,2023,3,27,Pre-Monsoon,Rajasthan (West),26.91,70.9,4,96,Normal,34.1,63.1,1006.4,0.0,11.7,289.0,73.0,32.9,62.8,1007.0,3.0,7.1,1.2,3.0,1.2,0
2023-03-27,2023,3,27,Pre-Monsoon,Odisha Coastal,20.27,85.84,6,144,Normal,33.5,59.0,1013.0,3.1,8.7,55.0,83.0,34.9,55.2,1013.6,6.4,11.9,1.4,3.3,3.3,0
2023-03-27,2023,3,27,Pre-Monsoon,West Bengal (Gangetic),22.57,88.36,6,144,Normal,36.7,60.7,1010.8,7.4,6.5,253.0,33.0,35.0,57.7,1010.9,2.2,10.4,1.7,5.2,1.7,0
2023-03-27,2023,3,27,Pre-Monsoon,Maharashtra (Mumbai/Konkan),18.98,72.83,7,168,Normal,27.1,32.7,1007.6,8.8,12.0,349.0,83.0,30.4,36.7,1007.5,8.2,11.5,3.3,0.6,0.6,1
2023-03-27,2023,3,27,Pre-Monsoon,Odisha Coastal,20.27,85.84,9,216,Normal,34.3,59.0,1014.1,0.0,10.4,277.0,52.0,34.9,56.6,1013.6,6.4,11.9,0.6,6.4,6.4,0
2023-03-27,2023,3,27,Pre-Monsoon,Kerala Coast,9.93,76.26,9,216,Normal,36.5,53.4,1007.1,0.0,2.8,62.0,68.0,37.7,51.8,1012.2,2.3,9.8,1.2,2.3,1.2,1
2023-03-27,2023,3,27,Pre-Monsoon,Gujarat Coastal,21.64,69.6,9,216,Normal,35.0,49.6,1012.7,0.0,16.9,359.0,51.0,35.4,49.2,1012.9,0.1,12.2,0.4,0.1,0.4,0
2023-03-27,2023,3,27,Pre-Monsoon,Rajasthan (West),26.91,70.9,9,216,Normal,35.7,63.1,1004.5,0.0,4.6,296.0,73.0,32.9,56.8,1007.0,3.0,7.1,2.8,3.0,2.8,0
2023-03-27,2023,3,27,Pre-Monsoon,West Bengal (Gangetic),22.57,88.36,9,216,Normal,36.6,60.7,1012.0,5.7,10.1,106.0,10.0,35.0,61.5,1010.9,2.2,10.4,1.6,3.5,1.6,0
2023-03-27,2023,3,27,Pre-Monsoon,Assam & Meghalaya,26.14,91.73,9,216,Normal,42.1,45.2,1005.9,11.8,8.3,193.0,93.0,41.6,36.3,1010.0,2.7,11.1,0.5,9.1,0.5,1
2023-03-27,2023,3,27,Pre-Monsoon,Maharashtra (Mumbai/Konkan),18.98,72.83,10,240,Normal,33.9,32.7,1008.1,18.7,3.7,332.0,69.0,30.4,32.8,1007.5,8.2,11.5,3.5,10.5,10.5,1
2023-04-03,2023,4,3,Pre-Monsoon,Gujarat Coastal,21.64,69.6,1,24,Normal,36.9,48.2,1014.1,4.9,12.8,232.0,79.0,35.4,50.5,1014.2,4.7,11.2,1.5,0.2,1.5,0
2023-04-03,2023,4,3,Pre-Monsoon,Rajasthan (West),26.91,70.9,1,24,Normal,38.9,66.6,1003.8,0.0,5.7,157.0,80.0,37.7,65.7,1004.6,1.1,5.4,1.2,1.1,1.2,0
2023-04-03,2023,4,3,Pre-Monsoon,West Bengal (Gangetic),22.57,88.36,1,24,Normal,33.4,48.9,1014.6,2.4,17.5,100.0,67.0,33.7,50.2,1014.1,5.1,16.2,0.3,2.7,2.7,0
2023-04-03,2023,4,3,Pre-Monsoon,Rajasthan (West),26.91,70.9,2,48,Normal,37.2,66.6,1004.8,2.7,5.9,239.0,73.0,37.7,58.6,1004.6,1.1,5.4,0.5,1.6,0.5,0
2023-04-03,2023,4,3,Pre-Monsoon,Himachal Pradesh,31.1,77.17,3,72,Normal,37.7,38.9,1005.6,3.9,12.6,231.0,53.0,38.1,42.3,1007.7,2.6,10.8,0.4,1.3,0.4,0
2023-04-03,2023,4,3,Pre-Monsoon,Assam & Meghalaya,26.14,91.73,3,72,Normal,39.5,55.1,1009.9,1.4,9.2,281.0,51.0,38.4,58.9,1011.0,3.0,8.1,1.1,1.6,1.1,0
2023-04-03,2023,4,3,Pre-Monsoon,Assam & Meghalaya,26.14,91.73,4,96,Normal,38.5,55.1,1010.5,3.5,8.5,100.0,30.0,38.4,52.6,1011.0,3.0,8.1,0.1,0.5,0.1,0
2023-04-03,2023,4,3,Pre-Monsoon,Kerala Coast,9.93,76.26,5,120,Normal,35.1,48.0,1009.1,7.2,10.6,308.0,64.0,37.4,54.7,1009.0,2.1,8.2,2.3,5.1,2.3,0
2023-04-03,2023,4,3,Pre-Monsoon,Maharashtra (Mumbai/Konkan),18.98,72.83,5,120,Normal,32.8,53.0,1012.7,6.4,5.4,62.0,64.0,33.2,58.4,1012.1,3.0,8.1,0.4,3.4,0.4,0
2023-04-03,2023,4,3,Pre-Monsoon,Odisha Coastal,20.27,85.84,6,144,Normal,33.6,41.3,1009.2,3.3,6.9,153.0,38.0,33.2,37.4,1009.2,3.6,7.6,0.4,0.3,0.4,0
2023-04-03,2023,4,3,Pre-Monsoon,Odisha Coastal,20.27,85.84,7,168,Normal,36.8,41.3,1009.6,2.5,4.2,167.0,26.0,33.2,35.6,1009.2,3.6,7.6,3.6,1.1,3.6,1
2023-04-03,2023,4,3,Pre-Monsoon,West Bengal (Gangetic),22.57,88.36,7,168,Normal,35.6,48.9,1011.1,25.9,17.0,238.0,20.0,33.7,47.9,1014.1,5.1,16.2,1.9,20.8,20.8,1
2023-04-03,2023,4,3,Pre-Monsoon,Maharashtra (Mumbai/Konkan),18.98,72.83,8,192,Normal,33.8,53.0,1011.2,4.3,7.3,42.0,81.0,33.2,57.1,1012.1,3.0,8.1,0.6,1.3,0.6,0
2023-04-03,2023,4,3,Pre-Monsoon,Himachal Pradesh,31.1,77.17,8,192,Normal,36.4,38.9,1006.0,1.2,7.0,19.0,27.0,38.1,40.7,1007.7,2.6,10.8,1.7,1.4,1.7,0
2023-04-03,2023,4,3,Pre-Monsoon,Gujarat Coastal,21.64,69.6,9,216,Normal,34.1,48.2,1011.7,5.3,16.0,251.0,27.0,35.4,53.2,1014.2,4.7,11.2,1.3,0.6,1.3,0
2023-04-03,2023,4,3,Pre-Monsoon,Kerala Coast,9.93,76.26,10,240,Normal,39.1,48.0,1008.0,13.0,15.3,250.0,75.0,37.4,51.4,1009.0,2.1,8.2,1.7,10.9,1.7,1
2023-04-10,2023,4,10,Pre-Monsoon,Kerala Coast,9.93,76.26,1,24,Heat Wave,43.6,62.0,1010.7,4.9,3.7,258.0,76.0,43.6,56.3,1011.4,2.8,4.7,0.0,2.1,0.0,0
2023-04-10,2023,4,10,Pre-Monsoon,Himachal Pradesh,31.1,77.17,1,24,Normal,34.3,48.6,1008.6,0.0,12.3,353.0,76.0,35.6,43.4,1009.5,1.3,11.1,1.3,1.3,1.3,0
2023-04-10,2023,4,10,Pre-Monsoon,Odisha Coastal,20.27,85.84,2,48,Normal,32.7,47.1,1008.2,0.0,11.8,250.0,56.0,32.1,43.7,1008.6,0.4,12.8,0.6,0.4,0.6,0
2023-04-10,2023,4,10,Pre-Monsoon,Assam & Meghalaya,26.14,91.73,2,48,Normal,32.7,47.4,1011.0,4.6,6.9,160.0,60.0,31.7,44.6,1011.4,1.8,8.8,1.0,2.8,1.0,0
2023-04-10,2023,4,10,Pre-Monsoon,Kerala Coast,9.93,76.26,3,72,Heat Wave,43.8,62.0,1011.0,0.0,8.8,32.0,32.0,43.6,62.7,1011.4,2.8,4.7,0.2,2.8,0.2,0
2023-04-10,2023,4,10,Pre-Monsoon,Rajasthan (West),26.91,70.9,3,72,Normal,31.2,39.7,1008.6,3.8,9.1,82.0,65.0,34.1,37.2,1009.6,2.7,8.2,2.9,1.1,2.9,0
2023-04-10,2023,4,10,Pre-Monsoon,Maharashtra (Mumbai/Konkan),18.98,72.83,4,96,Normal,37.1,57.3,1007.4,3.5,9.1,174.0,58.0,38.2,56.2,1008.4,2.9,8.2,1.1,0.6,1.1,0
2023-04-10,2023,4,10,Pre-Monsoon,West Bengal (Gangetic),22.57,88.36,4,96,Normal,38.4,44.5,1012.0,0.2,16.2,227.0,50.0,38.9,36.6,1011.4,2.1,13.5,0.5,1.9,0.5,0
2023-04-10,2023,4,10,Pre-Monsoon,Himachal Pradesh,31.1,77.17,5,120,Normal,32.3,48.6,1008.7,7.6,10.5,171.0,19.0,35.6,49.4,1009.5,1.3,11.1,3.3,6.3,3.3,1
2023-04-10,2023,4,10,Pre-Monsoon,Gujarat Coastal,21.64,69.6,6,144,Normal,31.1,44.1,1011.3,0.0,12.7,296.0,37.0,30.6,50.3,1009.0,1.5,7.5,0.5,1.5,0.5,0
2023-04-10,2023,4,10,Pre-Monsoon,Odisha Coastal,20.27,85.84,8,192,Normal,35.7,47.1,1011.5,0.0,12.6,157.0,34.0,32.1,41.2,1008.6,0.4,12.8,3.6,0.4,3.6,1
2023-04-10,2023,4,10,Pre-Monsoon,Gujarat Coastal,21.64,69.6,8,192,Normal,28.0,44.1,1009.1,0.0,10.2,255.0,54.0,30.6,38.8,1009.0,1.5,7.5,2.6,1.5,2.6,0
2023-04-10,2023,4,10,Pre-Monsoon,Assam & Meghalaya,26.14,91.73,8,192,Normal,32.9,47.4,1011.3,4.1,15.2,357.0,71.0,31.7,48.2,1011.4,1.8,8.8,1.2,2.3,1.2,0
2023-04-10,2023,4,10,Pre-Monsoon,West Bengal (Gangetic),22.57,88.36,9,216,Normal,40.6,44.5,1010.0,0.0,11.4,334.0,28.0,38.9,43.6,1011.4,2.1,13.5,1.7,2.1,1.7,0
2023-04-10,2023,4,10,Pre-Monsoon,Maharashtra (Mumbai/Konkan),18.98,72.83,10,240,Normal,33.2,57.3,1009.1,1.7,4.8,231.0,17.0,38.2,55.2,1008.4,2.9,8.2,5.0,1.2,5.0,1
2023-04-10,2023,4,10,Pre-Monsoon,Rajasthan (West),26.91,70.9,10,240,Normal,36.7,39.7,1007.2,29.7,10.0,182.0,67.0,34.1,40.9,1009.6,2.7,8.2,2.6,27.0,2.6,1
2023-04-17,2023,4,17,Pre-Monsoon,Odisha Coastal,20.27,85.84,1,24,Normal,37.0,61.5,1008.7,2.7,7.6,162.0,44.0,37.1,58.6,1008.9,0.2,7.2,0.1,2.5,0.1,0
2023-04-17,2023,4,17,Pre-Monsoon,Gujarat Coastal,21.64,69.6,1,24,Cyclone,37.8,50.9,1012.6,7.2,3.3,12.0,75.0,37.5,45.4,1012.5,2.6,8.0,0.3,4.6,0.3,0
2023-04-17,2023,4,17,Pre-Monsoon,Himachal Pradesh,31.1,77.17,1,24,Normal,33.9,41.2,1011.6,2.5,9.9,333.0,87.0,33.5,44.1,1011.4,0.2,10.0,0.4,2.3,0.4,0
2023-04-17,2023,4,17,Pre-Monsoon,Maharashtra (Mumbai/Konkan),18.98,72.83,2,48,Normal,31.9,51.5,1013.8,0.0,11.9,248.0,16.0,33.4,54.3,1012.9,1.2,12.8,1.5,1.2,1.5,0
2023-04-17,2023,4,17,Pre-Monsoon,Himachal Pradesh,31.1,77.17,3,72,Normal,33.7,41.2,1012.3,1.6,7.3,16.0,12.0,33.5,40.5,1011.4,0.2,10.0,0.2,1.4,0.2,0
2023-04-17,2023,4,17,Pre-Monsoon,Rajasthan (West),26.91,70.9,4,96,Normal,35.7,33.7,1010.2,0.7,8.5,149.0,20.0,37.2,30.1,1010.8,0.1,11.9,1.5,0.6,1.5,0
2023-04-17,2023,4,17,Pre-Monsoon,Assam & Meghalaya,26.14,91.73,4,96,Normal,34.3,57.4,1012.5,15.2,9.1,46.0,23.0,34.6,58.0,1012.0,9.7,8.4,0.3,5.5,5.5,0
2023-04-17,2023,4,17,Pre-Monsoon,Kerala Coast,9.93,76.26,5,120,Normal,40.1,58.6,1006.1,0.0,12.6,158.0,38.0,36.8,51.0,1005.8,0.9,10.3,3.3,0.9,3.3,1
2023-04-17,2023,4,17,Pre-Monsoon,West Bengal (Gangetic),22.57,88.36,5,120,Normal,32.9,50.4,1012.3,0.5,4.2,220.0,16.0,35.4,47.2,1012.1,0.4,7.0,2.5,0.1,2.5,0
2023-04-17,2023,4,17,Pre-Monsoon,Assam & Meghalaya,26.14,91.73,5,120,Normal,31.1,57.4,1012.4,19.8,8.0,186.0,46.0,34.6,55.7,1012.0,9.7,8.4,3.5,10.1,10.1,1
2023-04-17,2023,4,17,Pre-Monsoon,West Bengal (Gangetic),22.57,88.36,6,144,Normal,33.9,50.4,1014.3,0.0,1.8,85.0,39.0,35.4,54.6,1012.1,0.4,7.0,1.5,0.4,1.5,0
2023-04-17,2023,4,17,Pre-Monsoon,Kerala Coast,9.93,76.26,7,168,Normal,39.3,58.6,1004.8,0.0,8.2,355.0,17.0,36.8,66.0,1005.8,0.9,10.3,2.5,0.9,2.5,0
2023-04-17,2023,4,17,Pre-Monsoon,Gujarat Coastal,21.64,69.6,7,168,Cyclone,36.7,50.9,1015.8,0.0,7.0,22.0,62.0,37.5,41.8,1012.5,2.6,8.0,0.8,2.6,0.8,1
2023-04-17,2023,4,17,Pre-Monsoon,Rajasthan (West),26.91,70.9,7,168,Normal,35.8,33.7,1009.7,6.8,11.0,297.0,20.0,37.2,38.3,1010.8,0.1,11.9,1.4,6.7,1.4,0
2023-04-17,2023,4,17,Pre-Monsoon,Odisha Coastal,20.27,85.84,8,192,Normal,39.0,61.5,1008.0,0.0,4.3,152.0,12.0,37.1,59.9,1008.9,0.2,7.2,1.9,0.2,1.9,0
2023-04-17,2023,4,17,Pre-Monsoon,Maharashtra (Mumbai/Konkan),18.98,72.83,8,192,Normal,34.6,51.5,1014.8,0.0,16.3,203.0,14.0,33.4,53.2,1012.9,1.2,12.8,1.2,1.2,1.2,0
2023-04-24,2023,4,24,Pre-Monsoon,Rajasthan (West),26.91,70.9,1,24,Normal,39.8,45.1,1006.2,0.5,7.5,17.0,19.0,39.9,43.3,1007.4,1.2,5.5,0.1,0.7,0.1,0
2023-04-24,2023,4,24,Pre-Monsoon,Kerala Coast,9.93,76.26,2,48,Normal,34.6,56.0,1016.7,0.7,8.6,105.0,84.0,34.8,59.7,1017.2,0.7,11.0,0.2,0.0,0.2,0
2023-04-24,2023,4,24,Pre-Monsoon,Odisha Coastal,20.27,85.84,3,72,Cyclone,31.0,62.5,1012.4,0.0,6.3,329.0,24.0,31.5,68.9,1011.8,5.6,7.4,0.5,5.6,5.6,0
2023-04-24,2023,4,24,Pre-Monsoon,West Bengal (Gangetic),22.57,88.36,3,72,Normal,32.0,58.9,1014.8,0.0,7.3,136.0,72.0,32.9,66.0,1013.9,5.9,6.4,0.9,5.9,5.9,0
2023-04-24,2023,4,24,Pre-Monsoon,Assam & Meghalaya,26.14,91.73,3,72,Normal,36.0,64.3,1009.4,0.0,10.2,221.0,84.0,36.5,67.0,1011.1,0.0,9.5,0.5,0.0,0.5,0
2023-04-24,2023,4,24,Pre-Monsoon,Kerala Coast,9.93,76.26,4,96,Normal,35.6,56.0,1018.3,6.3,13.0,276.0,21.0,34.8,58.0,1017.2,0.7,11.0,0.8,5.6,0.8,0
2023-04-24,2023,4,24,Pre-Monsoon,Maharashtra (Mumbai/Konkan),18.98,72.83,4,96,Normal,36.1,64.0,1013.5,5.8,8.6,96.0,49.0,34.8,61.3,1013.3,1.6,13.3,1.3,4.2,1.3,0
2023-04-24,2023,4,24,Pre-Monsoon,Rajasthan (West),26.91,70.9,4,96,Normal,38.7,45.1,1007.0,0.2,5.1,33.0,79.0,39.9,42.0,1007.4,1.2,5.5,1.2,1.0,1.2,0
2023-04-24,2023,4,24,Pre-Monsoon,West Bengal (Gangetic),22.57,88.36,4,96,Normal,30.6,58.9,1013.5,1.3,4.8,132.0,57.0,32.9,60.4,1013.9,5.9,6.4,2.3,4.6,4.6,0
2023-04-24,2023,4,24,Pre-Monsoon,Odisha Coastal,20.27,85.84,5,120,Cyclone,30.1,62.5,1010.8,0.0,7.9,43.0,86.0,31.5,64.0,1011.8,5.6,7.4,1.4,5.6,5.6,0
2023-04-24,2023,4,24,Pre-Monsoon,Gujarat Coastal,21.64,69.6,5,120,Heat Wave,44.2,44.4,1012.5,10.3,7.8,227.0,31.0,42.4,38.8,1012.9,5.2,9.1,1.8,5.1,5.1,0
2023-04-24,2023,4,24,Pre-Monsoon,Assam & Meghalaya,26.14,91.73,5,120,Normal,35.4,64.3,1012.7,0.0,10.6,303.0,68.0,36.5,67.6,1011.1,0.0,9.5,1.1,0.0,1.1,0
2023-04-24,2023,4,24,Pre-Monsoon,Himachal Pradesh,31.1,77.17,6,144,Normal,26.9,55.1,1011.3,0.5,11.2,133.0,10.0,29.1,64.3,1012.3,0.6,11.7,2.2,0.1,2.2,0
2023-04-24,2023,4,24,Pre-Monsoon,Maharashtra (Mumbai/Konkan),18.98,72.83,9,216,Normal,36.4,64.0,1010.6,0.0,13.9,24.0,62.0,34.8,62.2,1013.3,1.6,13.3,1.6,1.6,1.6,0
2023-04-24,2023,4,24,Pre-Monsoon,Himachal Pradesh,31.1,77.17,9,216,Normal,31.4,55.1,1012.5,0.0,19.0,294.0,35.0,29.1,54.8,1012.3,0.6,11.7,2.3,0.6,2.3,1
2023-04-24,2023,4,24,Pre-Monsoon,Gujarat Coastal,21.64,69.6,10,240,Heat Wave,44.7,44.4,1014.9,19.9,11.5,335.0,92.0,42.4,37.4,1012.9,5.2,9.1,2.3,14.7,14.7,0
2023-05-01,2023,5,1,Pre-Monsoon,Rajasthan (West),26.91,70.9,1,24,Normal,34.1,49.8,1011.3,1.4,8.1,111.0,21.0,34.5,47.2,1011.1,1.2,8.2,0.4,0.2,0.4,0
2023-05-01,2023,5,1,Pre-Monsoon,Maharashtra (Mumbai/Konkan),18.98,72.83,2,48,Normal,36.6,44.9,1010.0,0.0,9.3,134.0,62.0,35.6,43.4,1010.8,0.7,9.8,1.0,0.7,1.0,0
2023-05-01,2023,5,1,Pre-Monsoon,Himachal Pradesh,31.1,77.17,2,48,Normal,38.7,41.9,1012.1,0.0,6.0,221.0,11.0,37.7,38.9,1012.3,4.3,6.1,1.0,4.3,1.0,0
2023-05-01,2023,5,1,Pre-Monsoon,Odisha Coastal,20.27,85.84,3,72,Normal,34.8,51.1,1009.6,0.0,10.1,329.0,14.0,35.6,53.5,1009.4,0.6,10.5,0.8,0.6,0.8,0
2023-05-01,2023,5,1,Pre-Monsoon,Assam & Meghalaya,26.14,91.73,3,72,Normal,32.1,50.1,1009.1,5.7,12.5,359.0,93.0,33.1,49.6,1009.7,4.1,12.1,1.0,1.6,1.0,0
2023-05-01,2023,5,1,Pre-Monsoon,Himachal Pradesh,31.1,77.17,5,120,Normal,38.2,41.9,1014.8,0.0,1.0,351.0,29.0,37.7,42.6,1012.3,4.3,6.1,0.5,4.3,0.5,0
2023-05-01,2023,5,1,Pre-Monsoon,West Bengal (Gangetic),22.57,88.36,5,120,Normal,36.1,48.7,1009.4,2.6,1.9,277.0,44.0,34.9,51.5,1009.2,1.5,5.9,1.2,1.1,1.2,0
2023-05-01,2023,5,1,Pre-Monsoon,Maharashtra (Mumbai/Konkan),18.98,72.83,6,144,Normal,36.7,44.9,1009.6,0.5,12.2,64.0,41.0,35.6,44.9,1010.8,0.7,9.8,1.1,0.2,1.1,0
2023-05-01,2023,5,1,Pre-Monsoon,West Bengal (Gangetic),22.57,88.36,6,144,Normal,33.7,48.7,1010.4,0.0,3.7,137.0,58.0,34.9,52.9,1009.2,1.5,5.9,1.2,1.5,1.2,0
2023-05-01,2023,5,1,Pre-Monsoon,Kerala Coast,9.93,76.26,8,192,Normal,30.9,49.1,1013.2,0.0,13.8,187.0,65.0,32.9,51.6,1013.0,0.1,11.3,2.0,0.1,2.0,0
2023-05-01,2023,5,1,Pre-Monsoon,Kerala Coast,9.93,76.26,9,216,Normal,29.4,49.1,1012.2,0.0,10.6,271.0,33.0,32.9,42.6,1013.0,0.1,11.3,3.5,0.1,3.5,1
2023-05-01,2023,5,1,Pre-Monsoon,Gujarat Coastal,21.64,69.6,9,216,Normal,37.1,51.8,1007.1,8.3,17.5,57.0,13.0,36.3,56.3,1007.4,5.3,11.3,0.8,3.0,3.0,0
2023-05-01,2023,5,1,Pre-Monsoon,Assam & Meghalaya,26.14,91.73,9,216,Normal,38.0,50.1,1011.1,0.0,17.2,186.0,42.0,33.1,54.4,1009.7,4.1,12.1,4.9,4.1,4.9,1
2023-05-01,2023,5,1,Pre-Monsoon,Odisha Coastal,20.27,85.84,10,240,Normal,36.1,51.1,1010.2,0.0,7.8,314.0,61.0,35.6,45.0,1009.4,0.6,10.5,0.5,0.6,0.5,0
2023-05-01,2023,5,1,Pre-Monsoon,Gujarat Coastal,21.64,69.6,10,240,Normal,36.8,51.8,1006.8,11.8,11.0,258.0,23.0,36.3,53.8,1007.4,5.3,11.3,0.5,6.5,6.5,0
2023-05-01,2023,5,1,Pre-Monsoon,Rajasthan (West),26.91,70.9,10,240,Normal,34.2,49.8,1017.0,0.0,4.4,62.0,94.0,34.5,52.1,1011.1,1.2,8.2,0.3,1.2,0.3,1
2023-05-08,2023,5,8,Pre-Monsoon,Kerala Coast,9.93,76.26,1,24,Normal,40.9,56.9,1010.8,4.2,9.7,164.0,21.0,40.4,60.3,1010.3,0.3,9.9,0.5,3.9,0.5,0
2023-05-08,2023,5,8,Pre-Monsoon,Gujarat Coastal,21.64,69.6,1,24,Normal,31.3,44.1,1011.9,4.2,12.3,274.0,16.0,31.8,49.6,1011.3,2.7,12.2,0.5,1.5,0.5,0
2023-05-08,2023,5,8,Pre-Monsoon,Rajasthan (West),26.91,70.9,1,24,Normal,40.0,71.9,1008.7,0.5,10.1,328.0,70.0,40.1,77.9,1008.9,0.7,9.8,0.1,0.2,0.1,0
2023-05-08,2023,5,8,Pre-Monsoon,Odisha Coastal,20.27,85.84,2,48,Normal,36.7,53.7,1008.4,5.8,7.5,196.0,24.0,34.4,52.7,1009.0,2.2,8.8,2.3,3.6,2.3,0
2023-05-08,2023,5,8,Pre-Monsoon,Kerala Coast,9.93,76.26,2,48,Normal,38.0,56.9,1009.7,3.9,10.9,86.0,44.0,40.4,58.3,1010.3,0.3,9.9,2.4,3.6,2.4,0
2023-05-08,2023,5,8,Pre-Monsoon,Himachal Pradesh,31.1,77.17,4,96,Normal,40.7,53.6,1012.2,1.8,11.7,134.0,69.0,38.3,56.9,1011.4,0.5,11.5,2.4,1.3,2.4,0
2023-05-08,2023,5,8,Pre-Monsoon,Odisha Coastal,20.27,85.84,5,120,Normal,36.0,53.7,1009.7,0.0,8.3,268.0,91.0,34.4,58.1,1009.0,2.2,8.8,1.6,2.2,1.6,0
2023-05-08,2023,5,8,Pre-Monsoon,Maharashtra (Mumbai/Konkan),18.98,72.83,5,120,Normal,43.4,51.5,1011.1,12.1,6.6,259.0,51.0,41.1,55.0,1010.6,0.8,6.5,2.3,11.3,2.3,0
2023-05-08,2023,5,8,Pre-Monsoon,Himachal Pradesh,31.1,77.17,5,120,Normal,39.5,53.6,1011.8,4.3,11.9,281.0,51.0,38.3,53.0,1011.4,0.5,11.5,1.2,3.8,1.2,0
2023-05-08,2023,5,8,Pre-Monsoon,West Bengal (Gangetic),22.57,88.36,5,120,Normal,31.3,49.2,1008.6,0.0,9.1,317.0,69.0,33.2,46.1,1007.0,3.2,9.9,1.9,3.2,1.9,0
2023-05-08,2023,5,8,Pre-Monsoon,Maharashtra (Mumbai/Konkan),18.98,72.83,6,144,Normal,40.1,51.5,1011.5,7.0,10.5,352.0,49.0,41.1,53.3,1010.6,0.8,6.5,1.0,6.2,1.0,0
2023-05-08,2023,5,8,Pre-Monsoon,West Bengal (Gangetic),22.57,88.36,6,144,Normal,33.9,49.2,1007.0,11.3,11.1,213.0,58.0,33.2,54.3,1007.0,3.2,9.9,0.7,8.1,0.7,0
2023-05-08,2023,5,8,Pre-Monsoon,Assam & Meghalaya,26.14,91.73,7,168,Normal,32.3,34.8,1014.8,0.0,15.4,235.0,42.0,32.9,29.8,1014.5,1.8,14.2,0.6,1.8,0.6,0
2023-05-08,2023,5,8,Pre-Monsoon,Rajasthan (West),26.91,70.9,8,192,Normal,40.6,71.9,1005.0,4.7,10.2,278.0,72.0,40.1,76.2,1008.9,0.7,9.8,0.5,4.0,0.5,1
2023-05-08,2023,5,8,Pre-Monsoon,Gujarat Coastal,21.64,69.6,9,216,Normal,31.4,44.1,1011.6,0.1,12.3,337.0,94.0,31.8,53.7,1011.3,2.7,12.2,0.4,2.6,0.4,0
2023-05-08,2023,5,8,Pre-Monsoon,Assam & Meghalaya,26.14,91.73,9,216,Normal,34.2,34.8,1015.0,13.2,15.7,265.0,91.0,32.9,36.2,1014.5,1.8,14.2,1.3,11.4,1.3,0
2023-05-15,2023,5,15,Pre-Monsoon,Rajasthan (West),26.91,70.9,1,24,Normal,33.0,37.7,1014.0,1.7,9.7,135.0,14.0,33.2,37.1,1013.9,0.6,8.9,0.2,1.1,0.2,0
2023-05-15,2023,5,15,Pre-Monsoon,West Bengal (Gangetic),22.57,88.36,1,24,Normal,31.5,39.3,1009.1,10.1,18.1,347.0,80.0,32.1,45.2,1008.9,7.5,16.5,0.6,2.6,2.6,0
2023-05-15,2023,5,15,Pre-Monsoon,Gujarat Coastal,21.64,69.6,2,48,Normal,38.0,49.3,1011.3,1.1,6.1,113.0,14.0,37.4,50.1,1009.8,0.5,5.7,0.6,0.6,0.6,0
2023-05-15,2023,5,15,Pre-Monsoon,Odisha Coastal,20.27,85.84,3,72,Normal,36.0,61.1,1012.3,3.8,9.5,11.0,72.0,37.1,55.9,1012.5,4.1,8.8,1.1,0.3,1.1,0
2023-05-15,2023,5,15,Pre-Monsoon,Kerala Coast,9.93,76.26,4,96,Normal,29.7,38.0,1006.5,0.0,15.4,140.0,71.0,30.0,38.4,1007.5,0.1,12.2,0.3,0.1,0.3,0
2023-05-15,2023,5,15,Pre-Monsoon,Assam & Meghalaya,26.14,91.73,4,96,Normal,42.8,34.1,1009.5,0.0,14.6,238.0,56.0,41.1,33.5,1008.9,0.8,14.7,1.7,0.8,1.7,0
2023-05-15,2023,5,15,Pre-Monsoon,Gujarat Coastal,21.64,69.6,5,120,Normal,36.1,49.3,1009.9,0.0,6.2,282.0,60.0,37.4,44.6,1009.8,0.5,5.7,1.3,0.5,1.3,0
2023-05-15,2023,5,15,Pre-Monsoon,Himachal Pradesh,31.1,77.17,5,120,Normal,39.2,47.1,1012.2,6.0,13.6,94.0,22.0,37.2,44.7,1011.5,2.3,12.0,2.0,3.7,2.0,0
2023-05-15,2023,5,15,Pre-Monsoon,Maharashtra (Mumbai/Konkan),18.98,72.83,6,144,Normal,35.2,58.3,1018.3,2.6,6.9,32.0,37.0,36.7,59.4,1015.8,1.0,5.8,1.5,1.6,1.5,0
2023-05-15,2023,5,15,Pre-Monsoon,Himachal Pradesh,31.1,77.17,6,144,Normal,40.2,47.1,1009.9,0.0,13.2,91.0,31.0,37.2,45.4,1011.5,2.3,12.0,3.0,2.3,3.0,0
2023-05-15,2023,5,15,Pre-Monsoon,Kerala Coast,9.93,76.26,8,192,Normal,29.7,38.0,1006.0,4.0,11.6,337.0,78.0,30.0,37.5,1007.5,0.1,12.2,0.3,3.9,0.3,0
2023-05-15,2023,5,15,Pre-Monsoon,Rajasthan (West),26.91,70.9,8,192,Normal,29.7,37.7,1012.0,4.0,13.0,81.0,90.0,33.2,38.0,1013.9,0.6,8.9,3.5,3.4,3.5,1
2023-05-15,2023,5,15,Pre-Monsoon,Odisha Coastal,20.27,85.84,10,240,Normal,36.7,61.1,1006.8,0.0,3.0,185.0,87.0,37.1,57.4,1012.5,4.1,8.8,0.4,4.1,0.4,1
2023-05-15,2023,5,15,Pre-Monsoon,Maharashtra (Mumbai/Konkan),18.98,72.83,10,240,Normal,36.3,58.3,1016.6,0.0,6.1,311.0,88.0,36.7,56.0,1015.8,1.0,5.8,0.4,1.0,0.4,0
2023-05-15,2023,5,15,Pre-Monsoon,West Bengal (Gangetic),22.57,88.36,10,240,Normal,33.1,39.3,1009.6,0.0,14.8,16.0,31.0,32.1,41.6,1008.9,7.5,16.5,1.0,7.5,7.5,0
2023-05-15,2023,5,15,Pre-Monsoon,Assam & Meghalaya,26.14,91.73,10,240,Normal,42.8,34.1,1010.7,0.0,12.5,33.0,70.0,41.1,32.9,1008.9,0.8,14.7,1.7,0.8,1.7,0
2023-05-22,2023,5,22,Pre-Monsoon,Assam & Meghalaya,26.14,91.73,1,24,Normal,31.3,38.2,1008.0,0.0,17.3,254.0,90.0,31.6,35.0,1008.9,1.0,17.3,0.3,1.0,0.3,0
2023-05-22,2023,5,22,Pre-Monsoon,Odisha Coastal,20.27,85.84,2,48,Normal,32.5,58.1,1006.4,8.7,14.1,35.0,80.0,31.9,65.7,1006.5,5.0,13.2,0.6,3.7,0.6,0
2023-05-22,2023,5,22,Pre-Monsoon,Rajasthan (West),26.91,70.9,2,48,Normal,35.7,39.2,1011.1,4.2,10.7,220.0,23.0,35.7,40.3,1012.2,3.3,9.1,0.0,0.9,0.0,0
2023-05-22,2023,5,22,Pre-Monsoon,Kerala Coast,9.93,76.26,3,72,Normal,38.3,66.4,1012.7,1.4,13.9,295.0,67.0,38.6,67.0,1012.4,1.2,12.5,0.3,0.2,0.3,0
2023-05-22,2023,5,22,Pre-Monsoon,Maharashtra (Mumbai/Konkan),18.98,72.83,3,72,Normal,34.4,44.4,1007.3,0.0,5.9,188.0,59.0,36.5,42.2,1007.4,0.1,6.3,2.1,0.1,2.1,0
2023-05-22,2023,5,22,Pre-Monsoon,Gujarat Coastal,21.64,69.6,3,72,Normal,38.2,51.2,1009.8,8.8,16.3,284.0,70.0,38.2,47.8,1009.4,1.0,15.4,0.0,7.8,0.0,0
2023-05-22,2023,5,22,Pre-Monsoon,Gujarat Coastal,21.64,69.6,4,96,Normal,38.8,51.2,1009.3,3.8,13.4,141.0,89.0,38.2,49.4,1009.4,1.0,15.4,0.6,2.8,0.6,0
2023-05-22,2023,5,22,Pre-Monsoon,West Bengal (Gangetic),22.57,88.36,4,96,Normal,30.4,57.8,1012.2,6.0,8.3,331.0,66.0,33.7,60.0,1013.3,0.6,8.7,3.3,5.4,3.3,1
2023-05-22,2023,5,22,Pre-Monsoon,Odisha Coastal,20.27,85.84,5,120,Normal,33.2,58.1,1005.5,1.2,12.4,189.0,10.0,31.9,61.8,1006.5,5.0,13.2,1.3,3.8,1.3,0
2023-05-22,2023,5,22,Pre-Monsoon,West Bengal (Gangetic),22.57,88.36,5,120,Normal,34.9,57.8,1012.9,1.3,10.1,214.0,44.0,33.7,56.9,1013.3,0.6,8.7,1.2,0.7,1.2,0
2023-05-22,2023,5,22,Pre-Monsoon,Assam & Meghalaya,26.14,91.73,5,120,Normal,31.9,38.2,1008.4,0.0,15.2,238.0,44.0,31.6,39.3,1008.9,1.0,17.3,0.3,1.0,0.3,0
2023-05-22,2023,5,22,Pre-Monsoon,Maharashtra (Mumbai/Konkan),18.98,72.83,6,144,Normal,35.4,44.4,1007.7,4.0,3.9,317.0,78.0,36.5,46.5,1007.4,0.1,6.3,1.1,3.9,1.1,0
2023-05-22,2023,5,22,Pre-Monsoon,Rajasthan (West),26.91,70.9,6,144,Normal,36.7,39.2,1012.3,0.0,7.3,71.0,61.0,35.7,49.3,1012.2,3.3,9.1,1.0,3.3,1.0,0
2023-05-22,2023,5,22,Pre-Monsoon,Himachal Pradesh,31.1,77.17,6,144,Normal,32.8,56.9,1012.6,0.0,14.5,105.0,49.0,33.3,54.1,1012.4,1.5,8.3,0.5,1.5,0.5,0
2023-05-22,2023,5,22,Pre-Monsoon,Kerala Coast,9.93,76.26,9,216,Normal,42.2,66.4,1013.5,8.9,12.0,281.0,73.0,38.6,63.6,1012.4,1.2,12.5,3.6,7.7,3.6,1
2023-05-22,2023,5,22,Pre-Monsoon,Himachal Pradesh,31.1,77.17,10,240,Normal,30.4,56.9,1009.1,3.4,5.1,107.0,41.0,33.3,58.0,1012.4,1.5,8.3,2.9,1.9,2.9,1
2023-05-29,2023,5,29,Pre-Monsoon,Maharashtra (Mumbai/Konkan),18.98,72.83,2,48,Normal,33.1,49.4,1014.2,3.0,10.9,213.0,39.0,34.3,49.4,1014.3,0.5,10.2,1.2,2.5,1.2,0
2023-05-29,2023,5,29,Pre-Monsoon,West Bengal (Gangetic),22.57,88.36,2,48,Normal,32.3,51.9,1005.9,3.6,8.8,259.0,20.0,32.1,54.5,1006.9,1.4,11.1,0.2,2.2,0.2,0
2023-05-29,2023,5,29,Pre-Monsoon,Gujarat Coastal,21.64,69.6,3,72,Normal,38.1,49.4,1006.1,1.1,3.2,220.0,36.0,37.3,53.1,1006.7,0.7,4.1,0.8,0.4,0.8,0
2023-05-29,2023,5,29,Pre-Monsoon,Gujarat Coastal,21.64,69.6,4,96,Normal,37.0,49.4,1005.6,0.0,2.6,313.0,80.0,37.3,50.5,1006.7,0.7,4.1,0.3,0.7,0.3,0
2023-05-29,2023,5,29,Pre-Monsoon,Kerala Coast,9.93,76.26,5,120,Normal,36.1,48.7,1012.4,2.4,11.6,335.0,44.0,37.6,44.6,1009.3,1.0,11.0,1.5,1.4,1.5,1
2023-05-29,2023,5,29,Pre-Monsoon,Maharashtra (Mumbai/Konkan),18.98,72.83,5,120,Normal,35.0,49.4,1017.2,4.1,6.7,59.0,13.0,34.3,48.9,1014.3,0.5,10.2,0.7,3.6,0.7,0
2023-05-29,2023,5,29,Pre-Monsoon,Odisha Coastal,20.27,85.84,6,144,Normal,37.6,67.6,1008.1,1.6,9.9,126.0,11.0,35.5,66.7,1011.0,0.6,11.2,2.1,1.0,2.1,0
2023-05-29,2023,5,29,Pre-Monsoon,Rajasthan (West),26.91,70.9,7,168,Normal,38.9,64.9,1013.8,0.0,18.2,18.0,48.0,37.1,63.1,1013.8,0.1,14.0,1.8,0.1,1.8,0
2023-05-29,2023,5,29,Pre-Monsoon,Himachal Pradesh,31.1,77.17,7,168,Normal,39.4,42.3,1011.0,2.4,9.8,305.0,63.0,37.7,39.4,1011.0,6.3,7.8,1.7,3.9,3.9,0
2023-05-29,2023,5,29,Pre-Monsoon,West Bengal (Gangetic),22.57,88.36,7,168,Normal,29.1,51.9,1010.4,5.4,14.4,199.0,15.0,32.1,53.8,1006.9,1.4,11.1,3.0,4.0,3.0,1
2023-05-29,2023,5,29,Pre-Monsoon,Kerala Coast,9.93,76.26,8,192,Normal,34.8,48.7,1010.3,10.5,7.8,163.0,66.0,37.6,54.1,1009.3,1.0,11.0,2.8,9.5,2.8,0
2023-05-29,2023,5,29,Pre-Monsoon,Himachal Pradesh,31.1,77.17,8,192,Normal,37.3,42.3,1012.9,0.0,6.6,255.0,27.0,37.7,44.7,1011.0,6.3,7.8,0.4,6.3,6.3,0
2023-05-29,2023,5,29,Pre-Monsoon,Assam & Meghalaya,26.14,91.73,8,192,Normal,35.7,65.6,1010.6,10.3,12.7,36.0,15.0,36.4,60.3,1011.0,1.1,9.8,0.7,9.2,0.7,0
2023-05-29,2023,5,29,Pre-Monsoon,Odisha Coastal,20.27,85.84,10,240,Normal,33.6,67.6,1008.2,10.1,5.6,253.0,62.0,35.5,61.4,1011.0,0.6,11.2,1.9,9.5,1.9,0
2023-05-29,2023,5,29,Pre-Monsoon,Rajasthan (West),26.91,70.9,10,240,Normal,36.4,64.9,1011.6,10.6,10.1,10.0,61.0,37.1,71.9,1013.8,0.1,14.0,0.7,10.5,0.7,0
2023-05-29,2023,5,29,Pre-Monsoon,Assam & Meghalaya,26.14,91.73,10,240,Normal,38.9,65.6,1010.0,0.0,17.1,349.0,47.0,36.4,60.2,1011.0,1.1,9.8,2.5,1.1,2.5,1
2023-06-05,2023,6,5,Monsoon,Kerala Coast,9.93,76.26,1,24,Normal,28.3,69.2,1007.6,18.7,13.9,86.0,45.0,29.2,76.0,1006.3,18.5,12.5,0.9,0.2,0.2,0
2023-06-05,2023,6,5,Monsoon,Maharashtra (Mumbai/Konkan),18.98,72.83,1,24,Normal,26.2,91.6,1003.9,5.1,18.5,249.0,76.0,26.8,89.0,1004.4,16.8,16.4,0.6,11.7,11.7,0
2023-06-05,2023,6,5,Monsoon,Gujarat Coastal,21.64,69.6,1,24,Normal,29.1,81.8,1004.9,0.0,16.8,126.0,85.0,30.0,83.2,1004.8,1.5,17.2,0.9,1.5,0.9,0
2023-06-05,2023,6,5,Monsoon,West Bengal (Gangetic),22.57,88.36,1,24,Normal,31.5,82.5,1001.2,0.0,11.1,157.0,18.0,29.4,79.6,1001.2,2.6,12.7,2.1,2.6,2.1,0
2023-06-05,2023,6,5,Monsoon,Assam & Meghalaya,26.14,91.73,1,24,Normal,26.2,90.1,1005.9,27.9,17.8,256.0,80.0,26.5,91.3,1006.1,19.4,17.6,0.3,8.5,8.5,0
2023-06-05,2023,6,5,Monsoon,Rajasthan (West),26.91,70.9,2,48,Normal,27.6,83.2,1006.1,2.5,13.9,81.0,36.0,26.5,86.4,1005.6,4.7,14.5,1.1,2.2,1.1,0
2023-06-05,2023,6,5,Monsoon,Himachal Pradesh,31.1,77.17,5,120,Normal,28.7,72.3,1005.1,21.7,20.3,145.0,49.0,28.1,65.7,1003.2,16.1,19.1,0.6,5.6,5.6,0
2023-06-05,2023,6,5,Monsoon,West Bengal (Gangetic),22.57,88.36,5,120,Normal,31.5,82.5,1000.2,3.7,13.3,294.0,66.0,29.4,81.0,1001.2,2.6,12.7,2.1,1.1,2.1,0
2023-06-05,2023,6,5,Monsoon,Odisha Coastal,20.27,85.84,6,144,Normal,28.5,83.7,1007.3,0.0,9.3,38.0,21.0,28.2,74.0,1006.7,29.1,8.0,0.3,29.1,29.1,1
2023-06-05,2023,6,5,Monsoon,Rajasthan (West),26.91,70.9,6,144,Normal,28.6,83.2,1006.8,7.6,12.7,190.0,19.0,26.5,83.1,1005.6,4.7,14.5,2.1,2.9,2.1,0
2023-06-05,2023,6,5,Monsoon,Kerala Coast,9.93,76.26,7,168,Normal,29.3,69.2,1008.3,38.9,13.0,50.0,28.0,29.2,73.7,1006.3,18.5,12.5,0.1,20.4,20.4,1
2023-06-05,2023,6,5,Monsoon,Assam & Meghalaya,26.14,91.73,7,168,Normal,28.8,90.1,1006.8,7.4,16.6,32.0,67.0,26.5,90.9,1006.1,19.4,17.6,2.3,12.0,12.0,0
2023-06-05,2023,6,5,Monsoon,Himachal Pradesh,31.1,77.17,8,192,Normal,22.5,72.3,1002.0,0.0,18.8,216.0,51.0,28.1,72.3,1003.2,16.1,19.1,5.6,16.1,16.1,1
2023-06-05,2023,6,5,Monsoon,Odisha Coastal,20.27,85.84,10,240,Normal,26.2,83.7,1008.1,9.8,15.4,107.0,94.0,28.2,76.2,1006.7,29.1,8.0,2.0,19.3,19.3,1
2023-06-05,2023,6,5,Monsoon,Maharashtra (Mumbai/Konkan),18.98,72.83,10,240,Normal,24.5,91.6,1002.4,0.0,17.0,210.0,69.0,26.8,86.7,1004.4,16.8,16.4,2.3,16.8,16.8,0
2023-06-05,2023,6,5,Monsoon,Gujarat Coastal,21.64,69.6,10,240,Normal,30.2,81.8,1003.8,0.0,19.6,41.0,57.0,30.0,79.0,1004.8,1.5,17.2,0.2,1.5,0.2,0
2023-06-12,2023,6,12,Monsoon,Odisha Coastal,20.27,85.84,1,24,Normal,27.8,76.4,999.3,8.6,12.0,319.0,50.0,27.8,78.0,999.4,8.0,11.5,0.0,0.6,0.6,0
2023-06-12,2023,6,12,Monsoon,Gujarat Coastal,21.64,69.6,1,24,Normal,28.5,75.6,1004.7,26.6,14.2,88.0,20.0,28.4,75.0,1006.1,27.2,14.2,0.1,0.6,0.6,0
2023-06-12,2023,6,12,Monsoon,Himachal Pradesh,31.1,77.17,3,72,Normal,28.2,90.5,1002.9,3.4,17.0,79.0,48.0,27.8,90.6,1002.6,3.0,14.0,0.4,0.4,0.4,0
2023-06-12,2023,6,12,Monsoon,Assam & Meghalaya,26.14,91.73,3,72,Normal,25.7,80.3,997.7,0.0,10.2,258.0,70.0,27.3,77.7,998.6,1.9,10.2,1.6,1.9,1.6,0
2023-06-12,2023,6,12,Monsoon,Himachal Pradesh,31.1,77.17,4,96,Normal,30.0,90.5,1001.8,6.4,12.6,47.0,48.0,27.8,94.1,1002.6,3.0,14.0,2.2,3.4,2.2,0
2023-06-12,2023,6,12,Monsoon,West Bengal (Gangetic),22.57,88.36,5,120,Normal,30.1,77.9,1003.6,5.7,9.6,230.0,68.0,29.8,75.6,1001.7,0.9,9.6,0.3,4.8,0.3,0
2023-06-12,2023,6,12,Monsoon,Maharashtra (Mumbai/Konkan),18.98,72.83,6,144,Normal,26.4,93.7,1001.9,0.0,17.4,13.0,82.0,26.2,93.3,1000.0,13.7,14.0,0.2,13.7,13.7,0
2023-06-12,2023,6,12,Monsoon,Gujarat Coastal,21.64,69.6,6,144,Normal,29.8,75.6,1006.4,55.2,15.6,233.0,92.0,28.4,73.7,1006.1,27.2,14.2,1.4,28.0,28.0,1
2023-06-12,2023,6,12,Monsoon,Kerala Coast,9.93,76.26,7,168,Normal,27.4,92.1,1003.7,0.0,13.1,208.0,23.0,26.5,96.4,1001.7,3.2,14.6,0.9,3.2,0.9,0
2023-06-12,2023,6,12,Monsoon,Maharashtra (Mumbai/Konkan),18.98,72.83,7,168,Normal,25.1,93.7,999.4,23.0,15.8,251.0,59.0,26.2,91.6,1000.0,13.7,14.0,1.1,9.3,9.3,0
2023-06-12,2023,6,12,Monsoon,Rajasthan (West),26.91,70.9,7,168,Normal,30.4,96.4,998.9,0.0,18.9,343.0,35.0,31.1,101.0,998.1,2.2,17.5,0.7,2.2,0.7,0
2023-06-12,2023,6,12,Monsoon,Odisha Coastal,20.27,85.84,8,192,Normal,28.8,76.4,998.5,0.0,15.7,300.0,89.0,27.8,80.5,999.4,8.0,11.5,1.0,8.0,8.0,0
2023-06-12,2023,6,12,Monsoon,West Bengal (Gangetic),22.57,88.36,8,192,Normal,30.9,77.9,1000.7,0.0,12.4,359.0,37.0,29.8,74.3,1001.7,0.9,9.6,1.1,0.9,1.1,0
2023-06-12,2023,6,12,Monsoon,Kerala Coast,9.93,76.26,9,216,Normal,25.0,92.1,1002.5,0.0,7.1,132.0,36.0,26.5,87.9,1001.7,3.2,14.6,1.5,3.2,1.5,1
2023-06-12,2023,6,12,Monsoon,Rajasthan (West),26.91,70.9,10,240,Normal,32.5,96.4,995.8,2.9,18.7,246.0,21.0,31.1,94.9,998.1,2.2,17.5,1.4,0.7,1.4,0
2023-06-12,2023,6,12,Monsoon,Assam & Meghalaya,26.14,91.73,10,240,Normal,30.4,80.3,997.0,0.0,17.6,237.0,50.0,27.3,85.7,998.6,1.9,10.2,3.1,1.9,3.1,1
2023-06-19,2023,6,19,Monsoon,Gujarat Coastal,21.64,69.6,1,24,Normal,28.5,80.5,1003.1,6.6,12.8,111.0,70.0,29.7,79.7,1003.5,10.0,13.7,1.2,3.4,3.4,0
2023-06-19,2023,6,19,Monsoon,Odisha Coastal,20.27,85.84,2,48,Normal,27.2,92.7,1002.2,0.0,13.8,127.0,51.0,28.6,92.8,1003.1,0.7,16.4,1.4,0.7,1.4,0
2023-06-19,2023,6,19,Monsoon,Gujarat Coastal,21.64,69.6,2,48,Normal,29.4,80.5,1003.3,4.3,12.8,166.0,12.0,29.7,74.0,1003.5,10.0,13.7,0.3,5.7,5.7,0
2023-06-19,2023,6,19,Monsoon,Odisha Coastal,20.27,85.84,3,72,Normal,29.1,92.7,1003.2,3.7,17.1,113.0,10.0,28.6,93.4,1003.1,0.7,16.4,0.5,3.0,0.5,0
2023-06-19,2023,6,19,Monsoon,West Bengal (Gangetic),22.57,88.36,3,72,Normal,28.4,100.0,1006.8,5.4,11.6,278.0,37.0,28.9,110.7,1007.9,6.0,10.4,0.5,0.6,0.6,0
2023-06-19,2023,6,19,Monsoon,Himachal Pradesh,31.1,77.17,4,96,Normal,29.9,78.2,1004.6,5.1,7.3,195.0,34.0,30.2,78.2,1003.7,3.8,8.6,0.3,1.3,0.3,0
2023-06-19,2023,6,19,Monsoon,Kerala Coast,9.93,76.26,5,120,Normal,27.4,68.0,1003.9,9.6,17.1,358.0,77.0,27.5,72.0,1002.0,3.7,15.4,0.1,5.9,0.1,0
2023-06-19,2023,6,19,Monsoon,Maharashtra (Mumbai/Konkan),18.98,72.83,5,120,Normal,27.5,79.9,1004.4,3.6,18.9,343.0,72.0,28.5,76.3,1004.6,12.5,20.8,1.0,8.9,8.9,0
2023-06-19,2023,6,19,Monsoon,Assam & Meghalaya,26.14,91.73,5,120,Normal,25.2,76.7,1003.1,21.1,23.9,167.0,20.0,29.4,78.5,1003.0,21.5,18.4,4.2,0.4,0.4,1
2023-06-19,2023,6,19,Monsoon,Assam & Meghalaya,26.14,91.73,6,144,Normal,28.0,76.7,1002.6,12.4,18.5,324.0,79.0,29.4,79.2,1003.0,21.5,18.4,1.4,9.1,9.1,0
2023-06-19,2023,6,19,Monsoon,Maharashtra (Mumbai/Konkan),18.98,72.83,7,168,Normal,26.7,79.9,1002.8,2.4,13.1,344.0,27.0,28.5,85.5,1004.6,12.5,20.8,1.8,10.1,10.1,1
2023-06-19,2023,6,19,Monsoon,Rajasthan (West),26.91,70.9,7,168,Normal,28.4,80.8,1007.3,0.7,11.4,224.0,84.0,26.7,76.0,1005.4,1.9,16.7,1.7,1.2,1.7,0
2023-06-19,2023,6,19,Monsoon,Himachal Pradesh,31.1,77.17,7,168,Normal,30.1,78.2,1003.9,0.0,11.0,327.0,94.0,30.2,80.6,1003.7,3.8,8.6,0.1,3.8,0.1,0
2023-06-19,2023,6,19,Monsoon,Rajasthan (West),26.91,70.9,9,216,Normal,29.6,80.8,1004.9,8.5,20.0,348.0,53.0,26.7,76.0,1005.4,1.9,16.7,2.9,6.6,2.9,0
2023-06-19,2023,6,19,Monsoon,West Bengal (Gangetic),22.57,88.36,9,216,Normal,34.7,100.0,1007.2,18.6,13.5,43.0,20.0,28.9,100.0,1007.9,6.0,10.4,5.8,12.6,12.6,1
2023-06-19,2023,6,19,Monsoon,Kerala Coast,9.93,76.26,10,240,Normal,22.4,68.0,1001.6,19.3,16.9,275.0,53.0,27.5,68.4,1002.0,3.7,15.4,5.1,15.6,5.1,1
2023-06-26,2023,6,26,Monsoon,Maharashtra (Mumbai/Konkan),18.98,72.83,2,48,Normal,28.0,62.8,1002.2,9.9,18.4,204.0,86.0,28.2,62.0,1002.7,9.6,17.6,0.2,0.3,0.3,0
2023-06-26,2023,6,26,Monsoon,Rajasthan (West),26.91,70.9,2,48,Normal,28.4,78.7,1004.4,1.3,17.1,1.0,14.0,29.3,73.1,1004.2,1.9,16.1,0.9,0.6,0.9,0
2023-06-26,2023,6,26,Monsoon,Himachal Pradesh,31.1,77.17,2,48,Normal,27.7,86.9,1001.7,5.8,18.1,184.0,80.0,29.2,90.8,1001.5,3.8,16.5,1.5,2.0,1.5,0
2023-06-26,2023,6,26,Monsoon,West Bengal (Gangetic),22.57,88.36,2,48,Normal,27.1,87.9,1001.7,9.5,14.3,299.0,56.0,27.0,86.3,1002.0,10.2,14.6,0.1,0.7,0.7,0
2023-06-26,2023,6,26,Monsoon,Assam & Meghalaya,26.14,91.73,2,48,Normal,28.5,81.7,1005.7,2.8,13.1,0.0,10.0,26.7,90.1,1005.3,7.1,13.2,1.8,4.3,4.3,0
2023-06-26,2023,6,26,Monsoon,Odisha Coastal,20.27,85.84,4,96,Normal,29.2,80.5,1011.0,12.2,20.7,16.0,68.0,28.3,80.5,1008.9,23.7,17.4,0.9,11.5,11.5,0
2023-06-26,2023,6,26,Monsoon,Kerala Coast,9.93,76.26,4,96,Normal,26.2,73.1,1003.3,1.3,8.3,294.0,69.0,27.2,64.9,1002.7,6.5,11.8,1.0,5.2,5.2,0
2023-06-26,2023,6,26,Monsoon,West Bengal (Gangetic),22.57,88.36,4,96,Normal,24.4,87.9,1001.9,5.6,15.4,302.0,56.0,27.0,90.0,1002.0,10.2,14.6,2.6,4.6,4.6,0
2023-06-26,2023,6,26,Monsoon,Assam & Meghalaya,26.14,91.73,4,96,Normal,26.8,81.7,1005.1,12.2,14.0,257.0,56.0,26.7,79.3,1005.3,7.1,13.2,0.1,5.1,5.1,0
2023-06-26,2023,6,26,Monsoon,Maharashtra (Mumbai/Konkan),18.98,72.83,5,120,Normal,33.1,62.8,1003.8,5.5,22.3,89.0,28.0,28.2,51.7,1002.7,9.6,17.6,4.9,4.1,4.1,1
2023-06-26,2023,6,26,Monsoon,Kerala Coast,9.93,76.26,6,144,Normal,26.6,73.1,1001.8,6.3,15.4,1.0,94.0,27.2,78.3,1002.7,6.5,11.8,0.6,0.2,0.2,0
2023-06-26,2023,6,26,Monsoon,Gujarat Coastal,21.64,69.6,6,144,Normal,33.0,68.6,1008.3,23.0,7.8,200.0,51.0,30.2,75.0,1008.4,9.7,12.5,2.8,13.3,13.3,0
2023-06-26,2023,6,26,Monsoon,Gujarat Coastal,21.64,69.6,7,168,Normal,31.6,68.6,1011.8,7.1,14.0,162.0,22.0,30.2,73.5,1008.4,9.7,12.5,1.4,2.6,2.6,1
2023-06-26,2023,6,26,Monsoon,Odisha Coastal,20.27,85.84,9,216,Normal,23.8,80.5,1011.0,54.1,16.8,332.0,93.0,28.3,77.7,1008.9,23.7,17.4,4.5,30.4,30.4,1
2023-06-26,2023,6,26,Monsoon,Rajasthan (West),26.91,70.9,9,216,Normal,30.2,78.7,1004.6,15.2,9.9,66.0,90.0,29.3,89.8,1004.2,1.9,16.1,0.9,13.3,0.9,0
2023-06-26,2023,6,26,Monsoon,Himachal Pradesh,31.1,77.17,10,240,Normal,30.0,86.9,998.2,3.3,21.6,316.0,53.0,29.2,74.6,1001.5,3.8,16.5,0.8,0.5,0.8,1
2023-07-03,2023,7,3,Monsoon,West Bengal (Gangetic),22.57,88.36,1,24,Active Monsoon,31.0,85.5,1006.3,5.6,11.1,192.0,71.0,30.7,85.1,1007.0,6.8,11.9,0.3,1.2,1.2,0
2023-07-03,2023,7,3,Monsoon,Assam & Meghalaya,26.14,91.73,2,48,Active Monsoon,26.2,87.5,1004.3,49.8,14.6,113.0,81.0,27.5,88.4,1004.6,38.1,16.6,1.3,11.7,11.7,0
2023-07-03,2023,7,3,Monsoon,Kerala Coast,9.93,76.26,3,72,Active Monsoon,24.3,83.9,1002.1,0.9,13.9,35.0,63.0,24.9,81.1,1003.1,4.2,13.2,0.6,3.3,0.6,0
2023-07-03,2023,7,3,Monsoon,Maharashtra (Mumbai/Konkan),18.98,72.83,3,72,Active Monsoon,31.5,75.5,1001.4,37.4,17.7,273.0,36.0,31.5,82.7,1003.8,32.5,15.8,0.0,4.9,4.9,0
2023-07-03,2023,7,3,Monsoon,Himachal Pradesh,31.1,77.17,3,72,Active Monsoon,27.5,78.1,1004.5,1.8,10.2,295.0,78.0,28.4,67.3,1004.3,2.3,11.8,0.9,0.5,0.9,0
2023-07-03,2023,7,3,Monsoon,Kerala Coast,9.93,76.26,4,96,Active Monsoon,25.7,83.9,1003.5,0.0,11.4,73.0,43.0,24.9,82.6,1003.1,4.2,13.2,0.8,4.2,0.8,0
2023-07-03,2023,7,3,Monsoon,Assam & Meghalaya,26.14,91.73,6,144,Active Monsoon,30.5,87.5,1004.1,57.3,17.3,262.0,29.0,27.5,91.1,1004.6,38.1,16.6,3.0,19.2,19.2,0
2023-07-03,2023,7,3,Monsoon,Gujarat Coastal,21.64,69.6,7,168,Active Monsoon,26.3,79.3,996.0,0.0,12.8,126.0,34.0,28.3,77.6,996.9,0.8,14.8,2.0,0.8,2.0,0
2023-07-03,2023,7,3,Monsoon,Rajasthan (West),26.91,70.9,7,168,Active Monsoon,29.8,81.8,1008.3,0.0,10.1,59.0,71.0,30.6,79.5,1008.9,0.9,17.6,0.8,0.9,0.8,1
2023-07-03,2023,7,3,Monsoon,Maharashtra (Mumbai/Konkan),18.98,72.83,8,192,Active Monsoon,28.1,75.5,1007.6,38.2,13.5,68.0,41.0,31.5,74.1,1003.8,32.5,15.8,3.4,5.7,5.7,1
2023-07-03,2023,7,3,Monsoon,Rajasthan (West),26.91,70.9,8,192,Active Monsoon,30.9,81.8,1010.2,0.0,16.0,150.0,45.0,30.6,88.4,1008.9,0.9,17.6,0.3,0.9,0.3,0
2023-07-03,2023,7,3,Monsoon,Himachal Pradesh,31.1,77.17,8,192,Active Monsoon,29.0,78.1,1001.2,7.5,18.2,358.0,25.0,28.4,79.2,1004.3,2.3,11.8,0.6,5.2,0.6,1
2023-07-03,2023,7,3,Monsoon,West Bengal (Gangetic),22.57,88.36,8,192,Active Monsoon,31.9,85.5,1009.0,29.1,7.3,49.0,40.0,30.7,92.2,1007.0,6.8,11.9,1.2,22.3,22.3,1
2023-07-03,2023,7,3,Monsoon,Odisha Coastal,20.27,85.84,9,216,Active Monsoon,21.6,77.9,1008.7,9.9,9.4,211.0,29.0,27.2,81.7,1009.7,2.0,11.8,5.6,7.9,5.6,1
2023-07-03,2023,7,3,Monsoon,Gujarat Coastal,21.64,69.6,9,216,Active Monsoon,27.8,79.3,994.9,0.0,13.0,212.0,33.0,28.3,80.9,996.9,0.8,14.8,0.5,0.8,0.5,0
2023-07-03,2023,7,3,Monsoon,Odisha Coastal,20.27,85.84,10,240,Active Monsoon,27.6,77.9,1010.6,8.0,8.3,169.0,21.0,27.2,78.4,1009.7,2.0,11.8,0.4,6.0,0.4,0
2023-07-10,2023,7,10,Monsoon,Rajasthan (West),26.91,70.9,3,72,Active Monsoon,27.9,84.2,998.6,3.4,12.5,107.0,92.0,28.2,79.1,999.0,1.7,12.4,0.3,1.7,0.3,0
2023-07-10,2023,7,10,Monsoon,Odisha Coastal,20.27,85.84,4,96,Active Monsoon,30.3,87.5,1003.0,0.0,17.1,284.0,81.0,28.3,93.4,1002.0,4.6,15.5,2.0,4.6,2.0,0
2023-07-10,2023,7,10,Monsoon,Kerala Coast,9.93,76.26,4,96,Active Monsoon,29.1,84.5,1004.2,23.6,19.3,223.0,48.0,29.4,82.9,1004.6,21.1,17.8,0.3,2.5,2.5,0
2023-07-10,2023,7,10,Monsoon,Gujarat Coastal,21.64,69.6,4,96,Monsoon Depression,25.8,84.0,995.3,19.7,20.1,246.0,79.0,28.4,80.1,994.7,10.0,18.9,2.6,9.7,9.7,0
2023-07-10,2023,7,10,Monsoon,Rajasthan (West),26.91,70.9,4,96,Active Monsoon,27.9,84.2,998.5,4.4,9.4,227.0,30.0,28.2,81.5,999.0,1.7,12.4,0.3,2.7,0.3,0
2023-07-10,2023,7,10,Monsoon,Assam & Meghalaya,26.14,91.73,4,96,Active Monsoon,27.3,89.0,999.1,29.6,4.4,63.0,90.0,29.1,90.5,998.9,21.9,7.1,1.8,7.7,7.7,0
2023-07-10,2023,7,10,Monsoon,Odisha Coastal,20.27,85.84,6,144,Active Monsoon,27.7,87.5,1001.6,0.0,15.8,78.0,88.0,28.3,89.9,1002.0,4.6,15.5,0.6,4.6,0.6,0
2023-07-10,2023,7,10,Monsoon,Himachal Pradesh,31.1,77.17,6,144,Active Monsoon,33.5,68.7,1002.4,4.9,20.4,100.0,82.0,29.8,56.6,1000.1,2.4,20.5,3.7,2.5,3.7,1
2023-07-10,2023,7,10,Monsoon,West Bengal (Gangetic),22.57,88.36,6,144,Active Monsoon,23.4,93.5,1003.5,14.7,13.7,315.0,12.0,26.1,86.1,1003.6,20.8,17.9,2.7,6.1,6.1,0
2023-07-10,2023,7,10,Monsoon,Assam & Meghalaya,26.14,91.73,6,144,Active Monsoon,27.0,89.0,996.1,24.3,5.5,37.0,71.0,29.1,89.2,998.9,21.9,7.1,2.1,2.4,2.4,0
2023-07-10,2023,7,10,Monsoon,Gujarat Coastal,21.64,69.6,7,168,Monsoon Depression,26.9,84.0,995.2,0.0,21.0,188.0,57.0,28.4,81.2,994.7,10.0,18.9,1.5,10.0,10.0,0
2023-07-10,2023,7,10,Monsoon,Maharashtra (Mumbai/Konkan),18.98,72.83,9,216,Active Monsoon,28.8,90.9,1003.9,5.4,9.7,300.0,85.0,27.3,89.6,1006.7,15.4,17.0,1.5,10.0,10.0,1
2023-07-10,2023,7,10,Monsoon,Himachal Pradesh,31.1,77.17,9,216,Active Monsoon,28.8,68.7,1000.2,0.0,25.8,192.0,18.0,29.8,66.8,1000.1,2.4,20.5,1.0,2.4,1.0,0
2023-07-10,2023,7,10,Monsoon,Kerala Coast,9.93,76.26,10,240,Active Monsoon,26.6,84.5,1003.5,0.0,18.9,283.0,60.0,29.4,81.5,1004.6,21.1,17.8,2.8,21.1,21.1,1
2023-07-10,2023,7,10,Monsoon,Maharashtra (Mumbai/Konkan),18.98,72.83,10,240,Active Monsoon,26.7,90.9,1003.9,21.5,21.3,205.0,35.0,27.3,94.5,1006.7,15.4,17.0,0.6,6.1,6.1,0
2023-07-10,2023,7,10,Monsoon,West Bengal (Gangetic),22.57,88.36,10,240,Active Monsoon,26.5,93.5,1002.5,26.8,12.1,57.0,69.0,26.1,95.2,1003.6,20.8,17.9,0.4,6.0,6.0,0
2023-07-17,2023,7,17,Monsoon,Odisha Coastal,20.27,85.84,1,24,Active Monsoon,26.8,91.0,1000.8,18.5,13.1,300.0,84.0,26.3,88.0,1000.3,18.0,14.6,0.5,0.5,0.5,0
2023-07-17,2023,7,17,Monsoon,West Bengal (Gangetic),22.57,88.36,2,48,Active Monsoon,26.8,83.1,997.8,2.6,14.3,244.0,89.0,27.0,92.3,997.7,0.7,13.8,0.2,1.9,0.2,0
2023-07-17,2023,7,17,Monsoon,Himachal Pradesh,31.1,77.17,3,72,Active Monsoon,25.3,84.7,1000.5,8.2,10.0,69.0,42.0,27.7,83.7,1002.0,2.5,9.5,2.4,5.7,2.4,0
2023-07-17,2023,7,17,Monsoon,Kerala Coast,9.93,76.26,5,120,Active Monsoon,27.4,84.8,1003.1,0.0,17.8,218.0,71.0,27.0,80.3,1003.4,3.7,15.1,0.4,3.7,0.4,0
2023-07-17,2023,7,17,Monsoon,Gujarat Coastal,21.64,69.6,5,120,Active Monsoon,26.0,71.5,1002.6,27.9,15.2,162.0,91.0,26.0,72.2,1002.0,20.7,14.7,0.0,7.2,7.2,0
2023-07-17,2023,7,17,Monsoon,Rajasthan (West),26.91,70.9,5,120,Active Monsoon,28.0,75.1,1002.3,6.8,13.1,196.0,35.0,27.3,78.6,1000.8,6.9,13.6,0.7,0.1,0.1,0
2023-07-17,2023,7,17,Monsoon,Odisha Coastal,20.27,85.84,6,144,Active Monsoon,26.1,91.0,995.8,35.9,21.4,97.0,53.0,26.3,93.5,1000.3,18.0,14.6,0.2,17.9,17.9,1
2023-07-17,2023,7,17,Monsoon,Assam & Meghalaya,26.14,91.73,6,144,Active Monsoon,27.5,88.1,1005.9,1.2,7.6,344.0,87.0,27.8,88.7,1006.1,4.1,10.8,0.3,2.9,0.3,0
2023-07-17,2023,7,17,Monsoon,Himachal Pradesh,31.1,77.17,7,168,Active Monsoon,25.0,84.7,1001.4,8.2,13.7,202.0,45.0,27.7,88.5,1002.0,2.5,9.5,2.7,5.7,2.7,0
2023-07-17,2023,7,17,Monsoon,Kerala Coast,9.93,76.26,8,192,Active Monsoon,27.9,84.8,1007.1,0.0,18.1,192.0,19.0,27.0,87.1,1003.4,3.7,15.1,0.9,3.7,0.9,1
2023-07-17,2023,7,17,Monsoon,Maharashtra (Mumbai/Konkan),18.98,72.83,8,192,Active Monsoon,30.2,78.1,1004.0,11.5,14.3,221.0,33.0,28.0,82.4,1006.6,1.0,13.9,2.2,10.5,2.2,0
2023-07-17,2023,7,17,Monsoon,Gujarat Coastal,21.64,69.6,8,192,Active Monsoon,27.5,71.5,1002.6,55.8,16.0,223.0,34.0,26.0,71.6,1002.0,20.7,14.7,1.5,35.1,35.1,1
2023-07-17,2023,7,17,Monsoon,Rajasthan (West),26.91,70.9,9,216,Active Monsoon,26.4,75.1,1002.8,1.9,15.8,250.0,85.0,27.3,72.9,1000.8,6.9,13.6,0.9,5.0,5.0,0
2023-07-17,2023,7,17,Monsoon,Assam & Meghalaya,26.14,91.73,9,216,Active Monsoon,29.0,88.1,1007.6,8.1,9.1,56.0,76.0,27.8,92.5,1006.1,4.1,10.8,1.2,4.0,1.2,0
2023-07-17,2023,7,17,Monsoon,Maharashtra (Mumbai/Konkan),18.98,72.83,10,240,Active Monsoon,26.8,78.1,1009.9,11.7,16.5,213.0,59.0,28.0,73.0,1006.6,1.0,13.9,1.2,10.7,1.2,1
2023-07-17,2023,7,17,Monsoon,West Bengal (Gangetic),22.57,88.36,10,240,Active Monsoon,25.6,83.1,998.0,3.8,9.1,27.0,92.0,27.0,80.0,997.7,0.7,13.8,1.4,3.1,1.4,0
2023-07-24,2023,7,24,Monsoon,West Bengal (Gangetic),22.57,88.36,1,24,Active Monsoon,29.2,86.1,1010.8,9.3,18.3,328.0,57.0,28.4,88.1,1011.9,12.3,17.3,0.8,3.0,3.0,0
2023-07-24,2023,7,24,Monsoon,Odisha Coastal,20.27,85.84,3,72,Active Monsoon,32.1,94.2,1003.5,33.6,17.6,159.0,38.0,31.6,92.6,1003.8,18.9,15.7,0.5,14.7,14.7,0
2023-07-24,2023,7,24,Monsoon,West Bengal (Gangetic),22.57,88.36,3,72,Active Monsoon,25.9,86.1,1011.8,17.8,18.2,119.0,20.0,28.4,83.7,1011.9,12.3,17.3,2.5,5.5,5.5,0
2023-07-24,2023,7,24,Monsoon,Rajasthan (West),26.91,70.9,4,96,Active Monsoon,27.6,85.1,1002.2,5.8,10.5,145.0,29.0,29.7,81.8,1002.1,2.9,12.6,2.1,2.9,2.1,0
2023-07-24,2023,7,24,Monsoon,Assam & Meghalaya,26.14,91.73,4,96,Active Monsoon,30.5,68.4,999.0,3.2,16.7,342.0,16.0,27.9,67.6,1000.8,1.7,14.6,2.6,1.5,2.6,0
2023-07-24,2023,7,24,Monsoon,Kerala Coast,9.93,76.26,5,120,Active Monsoon,31.5,77.5,1000.8,0.0,21.8,166.0,60.0,30.0,79.9,1001.0,9.6,19.0,1.5,9.6,9.6,0
2023-07-24,2023,7,24,Monsoon,Maharashtra (Mumbai/Konkan),18.98,72.83,5,120,Active Monsoon,28.6,77.9,997.7,15.7,26.3,68.0,75.0,28.2,79.8,996.0,10.1,18.0,0.4,5.6,5.6,1
2023-07-24,2023,7,24,Monsoon,Maharashtra (Mumbai/Konkan),18.98,72.83,6,144,Active Monsoon,27.4,77.9,997.6,6.8,18.8,250.0,60.0,28.2,74.0,996.0,10.1,18.0,0.8,3.3,3.3,0
2023-07-24,2023,7,24,Monsoon,Gujarat Coastal,21.64,69.6,6,144,Active Monsoon,25.4,88.7,1005.8,16.0,6.2,333.0,42.0,26.7,85.2,1005.8,11.5,12.8,1.3,4.5,4.5,0
2023-07-24,2023,7,24,Monsoon,Rajasthan (West),26.91,70.9,6,144,Active Monsoon,33.2,85.1,1000.6,0.0,9.9,113.0,34.0,29.7,81.1,1002.1,2.9,12.6,3.5,2.9,3.5,1
2023-07-24,2023,7,24,Monsoon,Himachal Pradesh,31.1,77.17,6,144,Active Monsoon,28.5,80.8,1005.7,9.7,14.3,62.0,58.0,29.1,83.5,1006.5,2.5,11.6,0.6,7.2,0.6,0
2023-07-24,2023,7,24,Monsoon,Gujarat Coastal,21.64,69.6,7,168,Active Monsoon,27.1,88.7,1006.1,50.2,13.4,256.0,61.0,26.7,92.7,1005.8,11.5,12.8,0.4,38.7,38.7,1
2023-07-24,2023,7,24,Monsoon,Assam & Meghalaya,26.14,91.73,7,168,Active Monsoon,25.7,68.4,998.8,5.0,19.6,358.0,55.0,27.9,69.6,1000.8,1.7,14.6,2.2,3.3,2.2,0
2023-07-24,2023,7,24,Monsoon,Himachal Pradesh,31.1,77.17,8,192,Active Monsoon,27.8,80.8,1006.7,8.7,12.6,279.0,58.0,29.1,78.5,1006.5,2.5,11.6,1.3,6.2,1.3,0
2023-07-24,2023,7,24,Monsoon,Odisha Coastal,20.27,85.84,9,216,Active Monsoon,33.0,94.2,1004.5,39.3,18.6,196.0,47.0,31.6,95.9,1003.8,18.9,15.7,1.4,20.4,20.4,1
2023-07-24,2023,7,24,Monsoon,Kerala Coast,9.93,76.26,10,240,Active Monsoon,28.3,77.5,1003.1,9.0,18.1,105.0,37.0,30.0,90.4,1001.0,9.6,19.0,1.7,0.6,0.6,0
2023-07-31,2023,7,31,Monsoon,Odisha Coastal,20.27,85.84,1,24,Active Monsoon,27.0,82.7,1003.7,3.9,16.8,249.0,57.0,27.3,81.9,1004.1,3.6,14.6,0.3,0.3,0.3,0
2023-07-31,2023,7,31,Monsoon,Rajasthan (West),26.91,70.9,1,24,Active Monsoon,24.7,73.3,1004.4,4.1,19.1,269.0,45.0,25.4,82.9,1003.5,1.9,17.7,0.7,2.2,0.7,0
2023-07-31,2023,7,31,Monsoon,Himachal Pradesh,31.1,77.17,1,24,Active Monsoon,27.0,74.7,1005.0,3.0,15.1,322.0,61.0,27.4,76.6,1005.9,2.1,16.8,0.4,0.9,0.4,0
2023-07-31,2023,7,31,Monsoon,West Bengal (Gangetic),22.57,88.36,1,24,Active Monsoon,26.4,77.6,1005.4,65.3,13.8,98.0,61.0,26.8,78.0,1005.6,36.0,14.6,0.4,29.3,29.3,1
2023-07-31,2023,7,31,Monsoon,Kerala Coast,9.93,76.26,3,72,Active Monsoon,29.6,73.5,999.9,4.0,13.6,92.0,49.0,28.7,75.4,999.8,20.5,11.0,0.9,16.5,16.5,0
2023-07-31,2023,7,31,Monsoon,West Bengal (Gangetic),22.57,88.36,3,72,Active Monsoon,27.8,77.6,1005.4,78.7,14.5,74.0,91.0,26.8,77.6,1005.6,36.0,14.6,1.0,42.7,42.7,1
2023-07-31,2023,7,31,Monsoon,Rajasthan (West),26.91,70.9,5,120,Active Monsoon,23.1,73.3,1002.8,10.5,19.1,197.0,16.0,25.4,74.3,1003.5,1.9,17.7,2.3,8.6,2.3,0
2023-07-31,2023,7,31,Monsoon,Odisha Coastal,20.27,85.84,6,144,Active Monsoon,24.3,82.7,1002.3,16.2,14.9,300.0,55.0,27.3,85.9,1004.1,3.6,14.6,3.0,12.6,3.0,0
2023-07-31,2023,7,31,Monsoon,Himachal Pradesh,31.1,77.17,6,144,Active Monsoon,27.2,74.7,1005.8,0.0,20.1,237.0,52.0,27.4,72.0,1005.9,2.1,16.8,0.2,2.1,0.2,0
2023-07-31,2023,7,31,Monsoon,Assam & Meghalaya,26.14,91.73,7,168,Active Monsoon,28.4,91.2,1008.0,0.8,15.7,284.0,90.0,27.6,84.4,1009.9,7.7,13.3,0.8,6.9,6.9,0
2023-07-31,2023,7,31,Monsoon,Kerala Coast,9.93,76.26,8,192,Active Monsoon,31.2,73.5,1002.9,17.7,6.5,210.0,25.0,28.7,76.6,999.8,20.5,11.0,2.5,2.8,2.8,1
2023-07-31,2023,7,31,Monsoon,Maharashtra (Mumbai/Konkan),18.98,72.83,8,192,Active Monsoon,28.2,81.7,1003.1,45.7,8.7,306.0,66.0,28.5,73.0,1003.2,20.3,12.1,0.3,25.4,25.4,1
2023-07-31,2023,7,31,Monsoon,Gujarat Coastal,21.64,69.6,8,192,Active Monsoon,26.3,80.7,997.3,45.1,14.9,31.0,11.0,30.4,77.4,1000.9,29.4,16.3,4.1,15.7,15.7,1
2023-07-31,2023,7,31,Monsoon,Maharashtra (Mumbai/Konkan),18.98,72.83,10,240,Active Monsoon,32.1,81.7,1002.5,0.0,8.1,136.0,12.0,28.5,82.1,1003.2,20.3,12.1,3.6,20.3,20.3,1
2023-07-31,2023,7,31,Monsoon,Gujarat Coastal,21.64,69.6,10,240,Active Monsoon,29.9,80.7,1001.4,13.3,17.1,143.0,45.0,30.4,80.0,1000.9,29.4,16.3,0.5,16.1,16.1,0
2023-07-31,2023,7,31,Monsoon,Assam & Meghalaya,26.14,91.73,10,240,Active Monsoon,32.8,91.2,1006.1,11.2,17.5,345.0,90.0,27.6,89.7,1009.9,7.7,13.3,5.2,3.5,3.5,1
2023-08-07,2023,8,7,Monsoon,Gujarat Coastal,21.64,69.6,1,24,Active Monsoon,23.4,72.5,1002.2,2.5,19.2,239.0,66.0,23.0,69.8,1002.6,2.6,17.8,0.4,0.1,0.4,0
2023-08-07,2023,8,7,Monsoon,West Bengal (Gangetic),22.57,88.36,1,24,Active Monsoon,29.6,81.0,1008.1,24.4,12.2,71.0,61.0,30.0,78.2,1007.7,15.9,14.9,0.4,8.5,8.5,0
2023-08-07,2023,8,7,Monsoon,Kerala Coast,9.93,76.26,2,48,Active Monsoon,28.0,89.5,1002.4,23.5,14.2,236.0,43.0,27.8,88.1,1002.3,20.7,11.6,0.2,2.8,2.8,0
2023-08-07,2023,8,7,Monsoon,Maharashtra (Mumbai/Konkan),18.98,72.83,2,48,Active Monsoon,29.5,84.0,1009.0,4.6,12.9,236.0,47.0,28.9,78.7,1009.5,3.2,11.4,0.6,1.4,0.6,0
2023-08-07,2023,8,7,Monsoon,Odisha Coastal,20.27,85.84,4,96,Active Monsoon,31.9,82.7,1007.3,0.4,11.9,75.0,12.0,29.9,79.8,1004.4,4.6,12.3,2.0,4.2,2.0,0
2023-08-07,2023,8,7,Monsoon,Himachal Pradesh,31.1,77.17,4,96,Active Monsoon,30.7,78.9,1005.3,10.4,18.3,5.0,32.0,28.3,76.1,1004.8,5.6,14.1,2.4,4.8,4.8,0
2023-08-07,2023,8,7,Monsoon,Gujarat Coastal,21.64,69.6,5,120,Active Monsoon,22.1,72.5,1003.4,1.4,15.8,88.0,13.0,23.0,70.1,1002.6,2.6,17.8,0.9,1.2,0.9,0
2023-08-07,2023,8,7,Monsoon,Himachal Pradesh,31.1,77.17,5,120,Active Monsoon,28.0,78.9,1005.8,7.6,15.1,198.0,46.0,28.3,81.0,1004.8,5.6,14.1,0.3,2.0,2.0,0
2023-08-07,2023,8,7,Monsoon,Kerala Coast,9.93,76.26,6,144,Active Monsoon,26.7,89.5,1003.2,17.5,14.9,304.0,83.0,27.8,90.1,1002.3,20.7,11.6,1.1,3.2,3.2,0
2023-08-07,2023,8,7,Monsoon,West Bengal (Gangetic),22.57,88.36,6,144,Active Monsoon,29.3,81.0,1007.5,24.5,12.9,313.0,92.0,30.0,74.2,1007.7,15.9,14.9,0.7,8.6,8.6,0
2023-08-07,2023,8,7,Monsoon,Rajasthan (West),26.91,70.9,7,168,Active Monsoon,24.6,71.7,1005.4,0.0,11.4,282.0,32.0,26.2,65.2,1004.7,0.2,11.0,1.6,0.2,1.6,0
2023-08-07,2023,8,7,Monsoon,Odisha Coastal,20.27,85.84,9,216,Active Monsoon,30.1,82.7,1003.7,25.3,12.3,100.0,91.0,29.9,83.4,1004.4,4.6,12.3,0.2,20.7,0.2,1
2023-08-07,2023,8,7,Monsoon,Assam & Meghalaya,26.14,91.73,9,216,Active Monsoon,30.8,89.4,1001.6,0.8,10.0,275.0,12.0,27.9,84.8,1001.1,4.0,12.3,2.9,3.2,2.9,0
2023-08-07,2023,8,7,Monsoon,Maharashtra (Mumbai/Konkan),18.98,72.83,10,240,Active Monsoon,32.1,84.0,1010.6,0.0,1.0,18.0,57.0,28.9,83.1,1009.5,3.2,11.4,3.2,3.2,3.2,1
2023-08-07,2023,8,7,Monsoon,Rajasthan (West),26.91,70.9,10,240,Active Monsoon,28.8,71.7,1003.4,5.6,17.4,323.0,49.0,26.2,66.8,1004.7,0.2,11.0,2.6,5.4,2.6,0
2023-08-07,2023,8,7,Monsoon,Assam & Meghalaya,26.14,91.73,10,240,Active Monsoon,22.7,89.4,1006.0,0.0,14.7,97.0,51.0,27.9,95.3,1001.1,4.0,12.3,5.2,4.0,5.2,1
2023-08-14,2023,8,14,Monsoon,Kerala Coast,9.93,76.26,1,24,Heavy Rainfall,30.2,78.7,1002.4,50.5,13.0,262.0,47.0,30.6,80.2,1002.1,80.1,12.9,0.4,29.6,29.6,1
2023-08-14,2023,8,14,Monsoon,West Bengal (Gangetic),22.57,88.36,1,24,Active Monsoon,24.6,86.9,1008.0,6.3,13.7,39.0,90.0,26.1,89.5,1008.5,2.5,13.9,1.5,3.8,1.5,0
2023-08-14,2023,8,14,Monsoon,Kerala Coast,9.93,76.26,3,72,Heavy Rainfall,30.1,78.7,1000.4,74.7,10.5,298.0,59.0,30.6,82.8,1002.1,80.1,12.9,0.5,5.4,5.4,0
2023-08-14,2023,8,14,Monsoon,Rajasthan (West),26.91,70.9,3,72,Active Monsoon,28.0,80.4,1005.7,4.4,12.8,160.0,78.0,28.5,82.4,1004.8,2.4,11.6,0.5,2.0,0.5,0
2023-08-14,2023,8,14,Monsoon,Himachal Pradesh,31.1,77.17,3,72,Active Monsoon,28.5,82.9,1000.7,7.2,13.4,332.0,41.0,29.4,91.2,1001.7,6.0,15.2,0.9,1.2,1.2,0
2023-08-14,2023,8,14,Monsoon,West Bengal (Gangetic),22.57,88.36,3,72,Active Monsoon,24.9,86.9,1008.2,0.0,15.2,7.0,25.0,26.1,94.1,1008.5,2.5,13.9,1.2,2.5,1.2,0
2023-08-14,2023,8,14,Monsoon,Odisha Coastal,20.27,85.84,4,96,Active Monsoon,28.6,84.5,1006.0,16.8,13.6,56.0,32.0,27.5,82.8,1006.8,14.0,16.0,1.1,2.8,2.8,0
2023-08-14,2023,8,14,Monsoon,Maharashtra (Mumbai/Konkan),18.98,72.83,4,96,Active Monsoon,28.6,77.2,1004.1,0.0,16.4,3.0,58.0,27.6,74.8,1006.0,1.4,16.8,1.0,1.4,1.0,0
2023-08-14,2023,8,14,Monsoon,Assam & Meghalaya,26.14,91.73,4,96,Active Monsoon,28.3,78.8,1001.7,3.8,15.9,263.0,61.0,31.0,77.3,1001.1,1.8,14.0,2.7,2.0,2.7,0
2023-08-14,2023,8,14,Monsoon,Gujarat Coastal,21.64,69.6,7,168,Active Monsoon,26.7,93.0,1006.7,21.0,15.1,108.0,70.0,28.5,99.6,1004.3,4.6,18.6,1.8,16.4,1.8,0
2023-08-14,2023,8,14,Monsoon,Odisha Coastal,20.27,85.84,8,192,Active Monsoon,26.2,84.5,1006.5,5.9,14.7,82.0,52.0,27.5,85.2,1006.8,14.0,16.0,1.3,8.1,8.1,0
2023-08-14,2023,8,14,Monsoon,Maharashtra (Mumbai/Konkan),18.98,72.83,8,192,Active Monsoon,26.7,77.2,1002.4,3.8,15.7,46.0,36.0,27.6,73.7,1006.0,1.4,16.8,0.9,2.4,0.9,1
2023-08-14,2023,8,14,Monsoon,Gujarat Coastal,21.64,69.6,9,216,Active Monsoon,32.3,93.0,1005.0,9.9,17.3,217.0,76.0,28.5,88.6,1004.3,4.6,18.6,3.8,5.3,3.8,1
2023-08-14,2023,8,14,Monsoon,Rajasthan (West),26.91,70.9,9,216,Active Monsoon,28.4,80.4,1006.2,4.9,14.5,215.0,64.0,28.5,74.9,1004.8,2.4,11.6,0.1,2.5,0.1,0
2023-08-14,2023,8,14,Monsoon,Himachal Pradesh,31.1,77.17,10,240,Active Monsoon,29.6,82.9,1002.3,10.0,21.0,312.0,13.0,29.4,83.2,1001.7,6.0,15.2,0.2,4.0,4.0,0
2023-08-14,2023,8,14,Monsoon,Assam & Meghalaya,26.14,91.73,10,240,Active Monsoon,35.1,78.8,1000.5,0.0,13.3,147.0,15.0,31.0,81.8,1001.1,1.8,14.0,4.1,1.8,4.1,1
2023-08-21,2023,8,21,Monsoon,Kerala Coast,9.93,76.26,1,24,Active Monsoon,28.1,82.4,1004.0,7.6,18.0,281.0,50.0,26.8,86.4,1004.4,16.2,18.5,1.3,8.6,8.6,0
2023-08-21,2023,8,21,Monsoon,Rajasthan (West),26.91,70.9,1,24,Active Monsoon,29.1,81.0,1005.4,3.8,19.4,106.0,35.0,28.4,83.1,1005.6,6.6,19.8,0.7,2.8,2.8,0
2023-08-21,2023,8,21,Monsoon,West Bengal (Gangetic),22.57,88.36,1,24,Active Monsoon,29.1,74.4,1006.4,0.0,18.2,235.0,48.0,28.7,73.3,1006.3,0.6,17.1,0.4,0.6,0.4,0
2023-08-21,2023,8,21,Monsoon,Odisha Coastal,20.27,85.84,2,48,Active Monsoon,27.5,78.3,995.3,2.7,14.6,96.0,39.0,26.5,85.7,997.5,2.3,14.8,1.0,0.4,1.0,0
2023-08-21,2023,8,21,Monsoon,Himachal Pradesh,31.1,77.17,2,48,Active Monsoon,29.9,87.7,1008.9,6.4,14.5,129.0,67.0,29.9,88.1,1009.2,2.9,14.7,0.0,3.5,0.0,0
2023-08-21,2023,8,21,Monsoon,Odisha Coastal,20.27,85.84,3,72,Active Monsoon,25.1,78.3,997.0,3.1,14.5,324.0,59.0,26.5,88.7,997.5,2.3,14.8,1.4,0.8,1.4,0
2023-08-21,2023,8,21,Monsoon,Maharashtra (Mumbai/Konkan),18.98,72.83,3,72,Active Monsoon,28.2,85.5,1001.9,7.8,7.6,82.0,44.0,26.6,83.1,1001.3,12.2,8.7,1.6,4.4,4.4,0
2023-08-21,2023,8,21,Monsoon,Gujarat Coastal,21.64,69.6,3,72,Heavy Rainfall,27.1,75.9,1003.7,178.3,10.8,60.0,92.0,27.8,74.2,1003.3,91.3,11.0,0.7,87.0,87.0,1
2023-08-21,2023,8,21,Monsoon,Assam & Meghalaya,26.14,91.73,3,72,Active Monsoon,27.0,77.3,1001.9,24.9,12.3,358.0,28.0,27.0,71.7,1002.6,22.6,13.2,0.0,2.3,2.3,0
2023-08-21,2023,8,21,Monsoon,Himachal Pradesh,31.1,77.17,4,96,Active Monsoon,30.4,87.7,1009.0,1.8,17.1,229.0,78.0,29.9,82.4,1009.2,2.9,14.7,0.5,1.1,0.5,0
2023-08-21,2023,8,21,Monsoon,Rajasthan (West),26.91,70.9,5,120,Active Monsoon,31.6,81.0,1005.2,22.4,22.8,78.0,63.0,28.4,82.4,1005.6,6.6,19.8,3.2,15.8,15.8,1
2023-08-21,2023,8,21,Monsoon,Assam & Meghalaya,26.14,91.73,7,168,Active Monsoon,23.9,77.3,1000.9,73.2,13.0,175.0,28.0,27.0,79.3,1002.6,22.6,13.2,3.1,50.6,50.6,1
2023-08-21,2023,8,21,Monsoon,Kerala Coast,9.93,76.26,9,216,Active Monsoon,25.8,82.4,1008.1,0.0,13.8,81.0,35.0,26.8,88.7,1004.4,16.2,18.5,1.0,16.2,16.2,1
2023-08-21,2023,8,21,Monsoon,Maharashtra (Mumbai/Konkan),18.98,72.83,9,216,Active Monsoon,30.8,85.5,999.2,23.2,1.0,177.0,12.0,26.6,87.4,1001.3,12.2,8.7,4.2,11.0,11.0,1
2023-08-21,2023,8,21,Monsoon,Gujarat Coastal,21.64,69.6,9,216,Heavy Rainfall,27.0,75.9,1002.6,0.0,16.1,106.0,45.0,27.8,79.6,1003.3,91.3,11.0,0.8,91.3,91.3,1
2023-08-21,2023,8,21,Monsoon,West Bengal (Gangetic),22.57,88.36,9,216,Active Monsoon,31.8,74.4,1005.8,0.0,16.3,104.0,30.0,28.7,78.8,1006.3,0.6,17.1,3.1,0.6,3.1,1
2023-08-28,2023,8,28,Monsoon,West Bengal (Gangetic),22.57,88.36,1,24,Active Monsoon,29.3,78.2,1006.5,0.5,12.4,146.0,27.0,28.6,75.1,1006.2,0.7,12.8,0.7,0.2,0.7,0
2023-08-28,2023,8,28,Monsoon,Rajasthan (West),26.91,70.9,2,48,Active Monsoon,26.6,89.2,1000.2,1.7,13.6,295.0,79.0,28.1,88.0,999.9,0.0,15.1,1.5,1.7,1.5,0
2023-08-28,2023,8,28,Monsoon,Assam & Meghalaya,26.14,91.73,2,48,Active Monsoon,27.1,75.8,1009.6,4.9,11.0,33.0,41.0,27.8,80.0,1010.5,5.5,9.8,0.7,0.6,0.6,0
2023-08-28,2023,8,28,Monsoon,Himachal Pradesh,31.1,77.17,3,72,Active Monsoon,27.9,95.6,1001.2,0.0,9.4,272.0,27.0,28.0,100.7,1001.1,0.3,11.6,0.1,0.3,0.1,0
2023-08-28,2023,8,28,Monsoon,Gujarat Coastal,21.64,69.6,4,96,Active Monsoon,28.4,75.3,1005.2,0.0,10.9,337.0,80.0,27.9,78.3,1004.8,1.5,8.4,0.5,1.5,0.5,0
2023-08-28,2023,8,28,Monsoon,Kerala Coast,9.93,76.26,5,120,Active Monsoon,32.2,82.9,1003.0,54.1,15.9,108.0,94.0,30.5,80.7,1001.8,63.7,16.0,1.7,9.6,9.6,0
2023-08-28,2023,8,28,Monsoon,Maharashtra (Mumbai/Konkan),18.98,72.83,5,120,Active Monsoon,28.0,76.5,1003.1,0.0,16.2,136.0,86.0,30.7,72.2,1002.6,12.1,13.9,2.7,12.1,12.1,0
2023-08-28,2023,8,28,Monsoon,Odisha Coastal,20.27,85.84,6,144,Active Monsoon,28.5,98.3,1006.3,40.6,16.8,175.0,24.0,28.3,98.3,1005.7,20.6,16.9,0.2,20.0,20.0,0
2023-08-28,2023,8,28,Monsoon,Rajasthan (West),26.91,70.9,6,144,Active Monsoon,26.8,89.2,999.0,0.0,14.2,318.0,90.0,28.1,84.1,999.9,0.0,15.1,1.3,0.0,1.3,0
2023-08-28,2023,8,28,Monsoon,Maharashtra (Mumbai/Konkan),18.98,72.83,7,168,Active Monsoon,30.3,76.5,1001.6,0.0,15.9,337.0,57.0,30.7,73.9,1002.6,12.1,13.9,0.4,12.1,12.1,0
2023-08-28,2023,8,28,Monsoon,West Bengal (Gangetic),22.57,88.36,7,168,Active Monsoon,29.6,78.2,1007.3,5.5,15.2,334.0,56.0,28.6,77.6,1006.2,0.7,12.8,1.0,4.8,1.0,0
2023-08-28,2023,8,28,Monsoon,Assam & Meghalaya,26.14,91.73,7,168,Active Monsoon,25.9,75.8,1011.5,0.0,3.3,51.0,15.0,27.8,78.2,1010.5,5.5,9.8,1.9,5.5,5.5,0
2023-08-28,2023,8,28,Monsoon,Odisha Coastal,20.27,85.84,8,192,Active Monsoon,27.0,98.3,1004.9,0.0,18.6,190.0,52.0,28.3,97.4,1005.7,20.6,16.9,1.3,20.6,20.6,1
2023-08-28,2023,8,28,Monsoon,Kerala Coast,9.93,76.26,8,192,Active Monsoon,33.2,82.9,1001.3,80.2,17.1,56.0,29.0,30.5,80.1,1001.8,63.7,16.0,2.7,16.5,16.5,0
2023-08-28,2023,8,28,Monsoon,Gujarat Coastal,21.64,69.6,10,240,Active Monsoon,25.8,75.3,1005.8,12.4,4.1,212.0,48.0,27.9,75.2,1004.8,1.5,8.4,2.1,10.9,2.1,0
2023-08-28,2023,8,28,Monsoon,Himachal Pradesh,31.1,77.17,10,240,Active Monsoon,27.7,95.6,998.9,0.0,11.5,88.0,60.0,28.0,100.2,1001.1,0.3,11.6,0.3,0.3,0.3,0
2023-09-04,2023,9,4,Monsoon,Gujarat Coastal,21.64,69.6,1,24,Normal,27.2,81.0,999.7,10.9,12.6,87.0,16.0,27.5,77.0,1000.1,9.6,12.6,0.3,1.3,1.3,0
2023-09-04,2023,9,4,Monsoon,Assam & Meghalaya,26.14,91.73,1,24,Normal,28.8,81.0,1008.1,0.0,13.8,299.0,78.0,28.9,80.6,1008.0,2.0,12.2,0.1,2.0,0.1,0
2023-09-04,2023,9,4,Monsoon,Kerala Coast,9.93,76.26,2,48,Normal,27.2,80.8,1001.9,0.0,17.6,88.0,36.0,27.4,76.4,1002.7,2.9,15.1,0.2,2.9,0.2,0
2023-09-04,2023,9,4,Monsoon,Odisha Coastal,20.27,85.84,4,96,Normal,29.2,78.7,1006.4,36.4,13.0,15.0,13.0,27.4,79.7,1007.1,12.6,13.7,1.8,23.8,23.8,1
2023-09-04,2023,9,4,Monsoon,West Bengal (Gangetic),22.57,88.36,4,96,Normal,26.8,88.8,1003.8,0.0,17.5,202.0,18.0,26.1,86.3,1005.2,3.6,17.3,0.7,3.6,0.7,0
2023-09-04,2023,9,4,Monsoon,Himachal Pradesh,31.1,77.17,5,120,Normal,33.2,81.0,1006.7,16.4,13.3,345.0,40.0,30.9,80.4,1006.5,8.5,10.6,2.3,7.9,7.9,0
2023-09-04,2023,9,4,Monsoon,Gujarat Coastal,21.64,69.6,6,144,Normal,29.7,81.0,1000.9,22.4,9.5,272.0,46.0,27.5,82.0,1000.1,9.6,12.6,2.2,12.8,12.8,0
2023-09-04,2023,9,4,Monsoon,Himachal Pradesh,31.1,77.17,6,144,Normal,28.7,81.0,1007.2,13.5,11.8,198.0,42.0,30.9,83.3,1006.5,8.5,10.6,2.2,5.0,5.0,0
2023-09-04,2023,9,4,Monsoon,Odisha Coastal,20.27,85.84,7,168,Normal,22.9,78.7,1006.3,0.0,11.4,336.0,53.0,27.4,78.4,1007.1,12.6,13.7,4.5,12.6,12.6,1
2023-09-04,2023,9,4,Monsoon,Maharashtra (Mumbai/Konkan),18.98,72.83,7,168,Normal,24.4,75.6,1001.1,11.7,15.5,282.0,31.0,26.9,72.2,1001.7,14.0,14.5,2.5,2.3,2.3,0
2023-09-04,2023,9,4,Monsoon,Assam & Meghalaya,26.14,91.73,8,192,Normal,28.2,81.0,1007.0,0.0,13.3,262.0,49.0,28.9,80.5,1008.0,2.0,12.2,0.7,2.0,0.7,0
2023-09-04,2023,9,4,Monsoon,Rajasthan (West),26.91,70.9,9,216,Normal,28.4,81.7,1002.7,18.5,20.9,107.0,77.0,27.7,80.5,1001.3,7.9,20.2,0.7,10.6,10.6,0
2023-09-04,2023,9,4,Monsoon,West Bengal (Gangetic),22.57,88.36,9,216,Normal,27.5,88.8,1005.8,35.5,15.2,275.0,67.0,26.1,93.8,1005.2,3.6,17.3,1.4,31.9,1.4,1
2023-09-04,2023,9,4,Monsoon,Kerala Coast,9.93,76.26,10,240,Normal,30.3,80.8,1003.8,8.0,17.1,78.0,14.0,27.4,75.9,1002.7,2.9,15.1,2.9,5.1,2.9,0
2023-09-04,2023,9,4,Monsoon,Maharashtra (Mumbai/Konkan),18.98,72.83,10,240,Normal,28.1,75.6,1002.5,5.8,14.6,213.0,63.0,26.9,72.1,1001.7,14.0,14.5,1.2,8.2,8.2,0
2023-09-04,2023,9,4,Monsoon,Rajasthan (West),26.91,70.9,10,240,Normal,28.4,81.7,998.9,9.7,17.5,210.0,56.0,27.7,84.5,1001.3,7.9,20.2,0.7,1.8,1.8,0
2023-09-11,2023,9,11,Monsoon,Gujarat Coastal,21.64,69.6,1,24,Normal,30.2,89.0,1001.7,0.0,13.4,346.0,79.0,29.1,90.2,1001.3,0.3,11.6,1.1,0.3,1.1,0
2023-09-11,2023,9,11,Monsoon,Himachal Pradesh,31.1,77.17,1,24,Normal,24.5,87.3,1001.9,1.0,9.5,96.0,63.0,25.7,85.2,1002.2,0.4,10.4,1.2,0.6,1.2,0
2023-09-11,2023,9,11,Monsoon,Rajasthan (West),26.91,70.9,2,48,Normal,27.2,82.4,1001.1,3.5,9.4,212.0,86.0,27.8,88.3,999.9,1.2,10.3,0.6,2.3,0.6,0
2023-09-11,2023,9,11,Monsoon,West Bengal (Gangetic),22.57,88.36,2,48,Normal,27.8,85.1,1004.5,24.1,8.9,164.0,56.0,27.3,88.8,1003.9,26.6,9.3,0.5,2.5,2.5,0
2023-09-11,2023,9,11,Monsoon,Kerala Coast,9.93,76.26,4,96,Normal,28.0,81.7,1008.9,20.5,9.9,154.0,75.0,28.5,85.8,1007.6,13.6,10.9,0.5,6.9,6.9,0
2023-09-11,2023,9,11,Monsoon,West Bengal (Gangetic),22.57,88.36,4,96,Normal,23.9,85.1,1004.3,51.5,5.6,20.0,59.0,27.3,79.6,1003.9,26.6,9.3,3.4,24.9,24.9,1
2023-09-11,2023,9,11,Monsoon,Assam & Meghalaya,26.14,91.73,4,96,Normal,30.0,83.5,999.3,9.8,14.1,20.0,27.0,30.5,86.4,1000.2,7.5,13.1,0.5,2.3,2.3,0
2023-09-11,2023,9,11,Monsoon,Maharashtra (Mumbai/Konkan),18.98,72.83,5,120,Normal,29.2,84.9,1004.5,0.0,14.8,170.0,90.0,25.5,84.3,1004.0,1.2,16.5,3.7,1.2,3.7,1
2023-09-11,2023,9,11,Monsoon,Gujarat Coastal,21.64,69.6,5,120,Normal,28.5,89.0,999.9,1.4,9.3,237.0,70.0,29.1,85.8,1001.3,0.3,11.6,0.6,1.1,0.6,0
2023-09-11,2023,9,11,Monsoon,Odisha Coastal,20.27,85.84,6,144,Normal,31.3,75.8,1008.9,16.2,7.2,115.0,65.0,29.5,78.0,1006.7,10.2,9.5,1.8,6.0,6.0,0
2023-09-11,2023,9,11,Monsoon,Kerala Coast,9.93,76.26,6,144,Normal,30.5,81.7,1007.4,18.2,9.3,184.0,54.0,28.5,84.1,1007.6,13.6,10.9,2.0,4.6,4.6,0
2023-09-11,2023,9,11,Monsoon,Maharashtra (Mumbai/Konkan),18.98,72.83,7,168,Normal,26.1,84.9,1003.6,4.3,21.4,289.0,44.0,25.5,85.1,1004.0,1.2,16.5,0.6,3.1,0.6,0
2023-09-11,2023,9,11,Monsoon,Himachal Pradesh,31.1,77.17,8,192,Normal,31.6,87.3,1002.6,0.0,11.4,90.0,48.0,25.7,81.6,1002.2,0.4,10.4,5.9,0.4,5.9,1
2023-09-11,2023,9,11,Monsoon,Assam & Meghalaya,26.14,91.73,9,216,Normal,39.1,83.5,1002.2,5.2,17.8,348.0,44.0,30.5,84.9,1000.2,7.5,13.1,8.6,2.3,2.3,1
2023-09-11,2023,9,11,Monsoon,Odisha Coastal,20.27,85.84,10,240,Normal,31.5,75.8,1007.3,21.3,11.9,173.0,41.0,29.5,67.1,1006.7,10.2,9.5,2.0,11.1,11.1,0
2023-09-11,2023,9,11,Monsoon,Rajasthan (West),26.91,70.9,10,240,Normal,26.7,82.4,997.0,14.6,10.8,278.0,75.0,27.8,80.2,999.9,1.2,10.3,1.1,13.4,1.1,0
2023-09-18,2023,9,18,Monsoon,Maharashtra (Mumbai/Konkan),18.98,72.83,1,24,Normal,27.6,89.8,1004.9,0.0,14.9,89.0,20.0,28.3,91.9,1004.3,0.6,13.9,0.7,0.6,0.7,0
2023-09-18,2023,9,18,Monsoon,Himachal Pradesh,31.1,77.17,1,24,Normal,23.8,81.4,1008.7,0.9,12.5,62.0,60.0,26.7,84.3,1008.3,1.6,14.6,2.9,0.7,2.9,0
2023-09-18,2023,9,18,Monsoon,Assam & Meghalaya,26.14,91.73,1,24,Normal,27.6,78.5,1008.7,0.1,10.5,275.0,81.0,28.6,80.1,1007.6,9.9,9.9,1.0,9.8,9.8,0
2023-09-18,2023,9,18,Monsoon,Rajasthan (West),26.91,70.9,2,48,Normal,27.7,86.3,1009.6,8.9,14.2,110.0,94.0,27.7,91.6,1010.4,3.4,16.4,0.0,5.5,0.0,0
2023-09-18,2023,9,18,Monsoon,Kerala Coast,9.93,76.26,3,72,Normal,27.2,83.0,1004.2,0.0,18.0,275.0,77.0,27.0,84.8,1004.0,0.1,19.3,0.2,0.1,0.2,0
2023-09-18,2023,9,18,Monsoon,Himachal Pradesh,31.1,77.17,4,96,Normal,27.2,81.4,1009.2,0.0,12.1,204.0,88.0,26.7,77.5,1008.3,1.6,14.6,0.5,1.6,0.5,0
2023-09-18,2023,9,18,Monsoon,Assam & Meghalaya,26.14,91.73,5,120,Normal,27.8,78.5,1005.5,6.2,10.8,193.0,62.0,28.6,78.9,1007.6,9.9,9.9,0.8,3.7,3.7,0
2023-09-18,2023,9,18,Monsoon,Gujarat Coastal,21.64,69.6,6,144,Normal,29.3,87.9,1005.4,0.0,12.7,196.0,22.0,28.4,89.1,1005.0,5.6,12.6,0.9,5.6,5.6,0
2023-09-18,2023,9,18,Monsoon,Odisha Coastal,20.27,85.84,7,168,Normal,29.8,76.7,1007.8,0.0,18.3,157.0,54.0,30.0,80.1,1006.8,0.9,11.8,0.2,0.9,0.2,0
2023-09-18,2023,9,18,Monsoon,Kerala Coast,9.93,76.26,7,168,Normal,22.5,83.0,1005.2,4.4,22.0,113.0,25.0,27.0,89.0,1004.0,0.1,19.3,4.5,4.3,4.5,1
2023-09-18,2023,9,18,Monsoon,West Bengal (Gangetic),22.57,88.36,7,168,Normal,26.4,86.0,1004.3,19.9,12.6,168.0,14.0,26.7,84.0,1003.7,14.8,11.7,0.3,5.1,5.1,0
2023-09-18,2023,9,18,Monsoon,West Bengal (Gangetic),22.57,88.36,8,192,Normal,29.7,86.0,1007.1,21.2,8.3,344.0,49.0,26.7,84.9,1003.7,14.8,11.7,3.0,6.4,6.4,1
2023-09-18,2023,9,18,Monsoon,Odisha Coastal,20.27,85.84,9,216,Normal,30.9,76.7,1007.5,6.2,13.7,210.0,33.0,30.0,79.3,1006.8,0.9,11.8,0.9,5.3,0.9,0
2023-09-18,2023,9,18,Monsoon,Maharashtra (Mumbai/Konkan),18.98,72.83,10,240,Normal,30.0,89.8,998.7,13.2,21.0,159.0,54.0,28.3,81.4,1004.3,0.6,13.9,1.7,12.6,1.7,1
2023-09-18,2023,9,18,Monsoon,Gujarat Coastal,21.64,69.6,10,240,Normal,28.5,87.9,1005.8,0.0,7.1,49.0,30.0,28.4,83.9,1005.0,5.6,12.6,0.1,5.6,5.6,0
2023-09-18,2023,9,18,Monsoon,Rajasthan (West),26.91,70.9,10,240,Normal,28.3,86.3,1012.0,10.7,20.2,306.0,94.0,27.7,89.6,1010.4,3.4,16.4,0.6,7.3,0.6,0
2023-09-25,2023,9,25,Monsoon,Odisha Coastal,20.27,85.84,1,24,Normal,29.0,82.2,1002.6,16.6,12.4,283.0,33.0,29.1,85.4,1002.5,10.9,13.1,0.1,5.7,5.7,0
2023-09-25,2023,9,25,Monsoon,Maharashtra (Mumbai/Konkan),18.98,72.83,1,24,Normal,26.3,81.3,1005.3,1.0,13.9,338.0,18.0,26.5,79.5,1005.2,3.3,13.9,0.2,2.3,0.2,0
2023-09-25,2023,9,25,Monsoon,Kerala Coast,9.93,76.26,2,48,Normal,26.4,83.1,1000.4,0.8,10.8,257.0,91.0,26.5,86.1,1001.1,6.6,11.5,0.1,5.8,5.8,0
2023-09-25,2023,9,25,Monsoon,Maharashtra (Mumbai/Konkan),18.98,72.83,3,72,Normal,28.6,81.3,1004.8,0.0,13.8,266.0,91.0,26.5,79.0,1005.2,3.3,13.9,2.1,3.3,2.1,0
2023-09-25,2023,9,25,Monsoon,Rajasthan (West),26.91,70.9,3,72,Normal,29.4,85.9,1008.2,2.2,9.7,264.0,66.0,29.4,74.4,1009.2,0.4,8.0,0.0,1.8,0.0,0
2023-09-25,2023,9,25,Monsoon,West Bengal (Gangetic),22.57,88.36,3,72,Normal,27.0,68.3,1000.6,6.6,12.7,352.0,78.0,27.1,61.6,1000.3,6.9,12.3,0.1,0.3,0.3,0
2023-09-25,2023,9,25,Monsoon,Himachal Pradesh,31.1,77.17,4,96,Normal,30.0,86.2,1001.9,3.7,9.1,270.0,55.0,27.9,88.5,1003.8,21.5,8.5,2.1,17.8,17.8,0
2023-09-25,2023,9,25,Monsoon,West Bengal (Gangetic),22.57,88.36,5,120,Normal,25.9,68.3,999.3,6.2,14.5,10.0,82.0,27.1,75.8,1000.3,6.9,12.3,1.2,0.7,0.7,0
2023-09-25,2023,9,25,Monsoon,Odisha Coastal,20.27,85.84,6,144,Normal,30.9,82.2,1002.6,2.1,9.3,206.0,49.0,29.1,80.9,1002.5,10.9,13.1,1.8,8.8,8.8,0
2023-09-25,2023,9,25,Monsoon,Rajasthan (West),26.91,70.9,7,168,Normal,27.8,85.9,1007.6,0.0,6.7,263.0,68.0,29.4,86.2,1009.2,0.4,8.0,1.6,0.4,1.6,0
2023-09-25,2023,9,25,Monsoon,Assam & Meghalaya,26.14,91.73,7,168,Normal,26.2,79.5,1007.1,1.7,2.9,65.0,81.0,26.9,75.3,1007.7,3.3,12.2,0.7,1.6,0.7,1
2023-09-25,2023,9,25,Monsoon,Gujarat Coastal,21.64,69.6,8,192,Normal,22.8,78.6,1002.3,0.0,13.2,146.0,76.0,27.7,83.4,1003.3,7.7,11.8,4.9,7.7,7.7,1
2023-09-25,2023,9,25,Monsoon,Himachal Pradesh,31.1,77.17,9,216,Normal,33.2,86.2,1004.6,31.8,10.3,168.0,61.0,27.9,76.6,1003.8,21.5,8.5,5.3,10.3,10.3,1
2023-09-25,2023,9,25,Monsoon,Kerala Coast,9.93,76.26,10,240,Normal,24.0,83.1,1002.0,0.0,11.2,262.0,66.0,26.5,85.0,1001.1,6.6,11.5,2.5,6.6,6.6,0
2023-09-25,2023,9,25,Monsoon,Gujarat Coastal,21.64,69.6,10,240,Normal,25.1,78.6,1002.6,0.0,6.7,112.0,70.0,27.7,80.2,1003.3,7.7,11.8,2.6,7.7,7.7,0
2023-09-25,2023,9,25,Monsoon,Assam & Meghalaya,26.14,91.73,10,240,Normal,27.1,79.5,1007.4,10.3,8.9,262.0,78.0,26.9,75.4,1007.7,3.3,12.2,0.2,7.0,0.2,0
2023-10-02,2023,10,2,Post-Monsoon,Maharashtra (Mumbai/Konkan),18.98,72.83,1,24,Normal,26.1,94.7,1013.8,0.1,13.0,85.0,62.0,26.6,101.7,1013.3,4.0,11.4,0.5,3.9,0.5,0
2023-10-02,2023,10,2,Post-Monsoon,West Bengal (Gangetic),22.57,88.36,1,24,Normal,25.0,78.0,1011.6,7.0,13.3,256.0,27.0,25.3,76.7,1011.4,6.3,13.6,0.3,0.7,0.7,0
2023-10-02,2023,10,2,Post-Monsoon,Odisha Coastal,20.27,85.84,3,72,Normal,24.0,59.8,1009.8,41.0,8.2,107.0,69.0,25.1,55.2,1012.5,30.9,11.7,1.1,10.1,10.1,0
2023-10-02,2023,10,2,Post-Monsoon,Gujarat Coastal,21.64,69.6,3,72,Normal,22.3,77.7,1012.5,21.3,11.9,161.0,50.0,25.1,75.1,1012.6,8.5,10.9,2.8,12.8,12.8,0
2023-10-02,2023,10,2,Post-Monsoon,Himachal Pradesh,31.1,77.17,3,72,Normal,31.9,62.9,1013.3,0.0,15.1,325.0,15.0,30.7,60.3,1012.2,1.0,14.0,1.2,1.0,1.2,0
2023-10-02,2023,10,2,Post-Monsoon,West Bengal (Gangetic),22.57,88.36,3,72,Normal,25.4,78.0,1010.9,0.0,11.5,102.0,17.0,25.3,81.8,1011.4,6.3,13.6,0.1,6.3,6.3,0
2023-10-02,2023,10,2,Post-Monsoon,Kerala Coast,9.93,76.26,4,96,Normal,27.0,71.0,1014.7,5.6,1.0,289.0,58.0,26.9,75.1,1015.5,7.8,1.7,0.1,2.2,2.2,0
2023-10-02,2023,10,2,Post-Monsoon,Rajasthan (West),26.91,70.9,4,96,Normal,25.9,62.5,1013.9,0.0,11.5,322.0,93.0,25.7,54.8,1012.2,1.2,11.1,0.2,1.2,0.2,0
2023-10-02,2023,10,2,Post-Monsoon,Maharashtra (Mumbai/Konkan),18.98,72.83,5,120,Normal,25.8,94.7,1012.5,6.9,15.9,331.0,27.0,26.6,93.9,1013.3,4.0,11.4,0.8,2.9,0.8,0
2023-10-02,2023,10,2,Post-Monsoon,Rajasthan (West),26.91,70.9,5,120,Normal,24.1,62.5,1012.3,0.0,12.1,36.0,69.0,25.7,67.0,1012.2,1.2,11.1,1.6,1.2,1.6,0
2023-10-02,2023,10,2,Post-Monsoon,Assam & Meghalaya,26.14,91.73,5,120,Normal,24.2,86.5,1009.8,8.3,2.5,134.0,88.0,26.2,92.3,1010.0,1.1,8.2,2.0,7.2,2.0,0
2023-10-02,2023,10,2,Post-Monsoon,Gujarat Coastal,21.64,69.6,6,144,Normal,25.3,77.7,1013.1,0.0,14.6,173.0,16.0,25.1,83.2,1012.6,8.5,10.9,0.2,8.5,8.5,0
2023-10-02,2023,10,2,Post-Monsoon,Odisha Coastal,20.27,85.84,9,216,Normal,25.2,59.8,1013.1,41.6,8.4,245.0,53.0,25.1,56.1,1012.5,30.9,11.7,0.1,10.7,10.7,0
2023-10-02,2023,10,2,Post-Monsoon,Himachal Pradesh,31.1,77.17,9,216,Normal,34.5,62.9,1012.1,0.0,11.6,168.0,84.0,30.7,59.8,1012.2,1.0,14.0,3.8,1.0,3.8,1
2023-10-02,2023,10,2,Post-Monsoon,Assam & Meghalaya,26.14,91.73,9,216,Normal,22.5,86.5,1009.9,0.0,12.8,117.0,49.0,26.2,87.5,1010.0,1.1,8.2,3.7,1.1,3.7,1
2023-10-02,2023,10,2,Post-Monsoon,Kerala Coast,9.93,76.26,10,240,Normal,26.5,71.0,1015.9,10.7,2.2,38.0,68.0,26.9,69.7,1015.5,7.8,1.7,0.4,2.9,2.9,0
2023-10-09,2023,10,9,Post-Monsoon,Kerala Coast,9.93,76.26,2,48,Normal,24.0,67.0,1013.3,0.0,12.9,29.0,56.0,25.4,72.2,1012.5,0.0,13.1,1.4,0.0,1.4,0
2023-10-09,2023,10,9,Post-Monsoon,Rajasthan (West),26.91,70.9,2,48,Normal,21.1,71.7,1010.1,0.0,13.6,202.0,33.0,21.3,74.5,1009.8,0.4,11.3,0.2,0.4,0.2,0
2023-10-09,2023,10,9,Post-Monsoon,Himachal Pradesh,31.1,77.17,2,48,Normal,26.7,78.5,1013.2,3.9,9.8,332.0,25.0,26.0,78.7,1011.7,2.2,9.7,0.7,1.7,0.7,0
2023-10-09,2023,10,9,Post-Monsoon,Odisha Coastal,20.27,85.84,3,72,Normal,27.7,69.9,1011.6,4.8,13.5,116.0,88.0,27.5,72.2,1012.9,6.5,10.9,0.2,1.7,1.7,0
2023-10-09,2023,10,9,Post-Monsoon,Assam & Meghalaya,26.14,91.73,3,72,Normal,23.2,60.0,1011.9,0.0,18.7,349.0,76.0,23.7,60.5,1011.4,0.0,18.2,0.5,0.0,0.5,0
2023-10-09,2023,10,9,Post-Monsoon,Kerala Coast,9.93,76.26,4,96,Normal,23.8,67.0,1013.0,0.0,15.2,181.0,33.0,25.4,63.4,1012.5,0.0,13.1,1.6,0.0,1.6,0
2023-10-09,2023,10,9,Post-Monsoon,Himachal Pradesh,31.1,77.17,4,96,Normal,25.3,78.5,1010.4,1.4,6.4,222.0,29.0,26.0,73.9,1011.7,2.2,9.7,0.7,0.8,0.7,0
2023-10-09,2023,10,9,Post-Monsoon,West Bengal (Gangetic),22.57,88.36,5,120,Normal,20.1,83.1,1014.0,1.6,13.5,29.0,16.0,23.7,80.6,1012.8,5.1,9.3,3.6,3.5,3.5,1
2023-10-09,2023,10,9,Post-Monsoon,Odisha Coastal,20.27,85.84,6,144,Normal,28.3,69.9,1013.2,9.5,14.5,340.0,76.0,27.5,73.8,1012.9,6.5,10.9,0.8,3.0,3.0,0
2023-10-09,2023,10,9,Post-Monsoon,Maharashtra (Mumbai/Konkan),18.98,72.83,6,144,Normal,23.7,67.2,1014.0,11.7,3.8,281.0,87.0,23.7,66.9,1013.0,2.7,6.4,0.0,9.0,0.0,0
2023-10-09,2023,10,9,Post-Monsoon,Gujarat Coastal,21.64,69.6,7,168,Normal,21.2,69.9,1009.9,1.2,9.2,98.0,42.0,23.0,62.7,1010.9,0.5,11.4,1.8,0.7,1.8,0
2023-10-09,2023,10,9,Post-Monsoon,Rajasthan (West),26.91,70.9,7,168,Normal,19.5,71.7,1008.2,0.0,11.5,191.0,81.0,21.3,69.1,1009.8,0.4,11.3,1.8,0.4,1.8,0
2023-10-09,2023,10,9,Post-Monsoon,Maharashtra (Mumbai/Konkan),18.98,72.83,9,216,Normal,20.6,67.2,1013.3,0.0,9.6,33.0,38.0,23.7,66.2,1013.0,2.7,6.4,3.1,2.7,3.1,1
2023-10-09,2023,10,9,Post-Monsoon,Gujarat Coastal,21.64,69.6,10,240,Normal,27.3,69.9,1010.2,1.0,5.3,224.0,27.0,23.0,72.0,1010.9,0.5,11.4,4.3,0.5,4.3,1
2023-10-09,2023,10,9,Post-Monsoon,West Bengal (Gangetic),22.57,88.36,10,240,Normal,27.5,83.1,1015.8,0.0,13.8,78.0,36.0,23.7,85.2,1012.8,5.1,9.3,3.8,5.1,5.1,1
2023-10-09,2023,10,9,Post-Monsoon,Assam & Meghalaya,26.14,91.73,10,240,Normal,28.6,60.0,1011.6,0.0,14.4,312.0,45.0,23.7,61.4,1011.4,0.0,18.2,4.9,0.0,4.9,1
2023-10-16,2023,10,16,Post-Monsoon,Odisha Coastal,20.27,85.84,1,24,Normal,22.3,72.6,1012.9,0.0,7.3,9.0,44.0,22.5,66.9,1012.9,4.2,6.6,0.2,4.2,0.2,0
2023-10-16,2023,10,16,Post-Monsoon,Himachal Pradesh,31.1,77.17,1,24,Normal,29.8,58.3,1013.6,2.6,6.3,332.0,37.0,29.9,56.6,1013.1,1.0,7.4,0.1,1.6,0.1,0
2023-10-16,2023,10,16,Post-Monsoon,Odisha Coastal,20.27,85.84,2,48,Normal,23.2,72.6,1012.2,0.0,5.9,336.0,30.0,22.5,75.8,1012.9,4.2,6.6,0.7,4.2,0.7,0
2023-10-16,2023,10,16,Post-Monsoon,Gujarat Coastal,21.64,69.6,2,48,Normal,23.4,77.2,1013.3,8.1,14.9,213.0,68.0,24.2,80.8,1015.8,7.0,14.5,0.8,1.1,1.1,0
2023-10-16,2023,10,16,Post-Monsoon,Rajasthan (West),26.91,70.9,2,48,Normal,27.4,70.2,1011.5,0.0,6.7,207.0,34.0,26.8,69.7,1011.3,0.4,7.7,0.6,0.4,0.6,0
2023-10-16,2023,10,16,Post-Monsoon,Himachal Pradesh,31.1,77.17,2,48,Normal,27.7,58.3,1012.2,8.7,4.5,82.0,55.0,29.9,59.8,1013.1,1.0,7.4,2.2,7.7,2.2,0
2023-10-16,2023,10,16,Post-Monsoon,Kerala Coast,9.93,76.26,5,120,Normal,28.4,86.2,1011.5,16.7,10.0,342.0,26.0,28.4,81.6,1012.6,25.5,8.4,0.0,8.8,8.8,0
2023-10-16,2023,10,16,Post-Monsoon,Maharashtra (Mumbai/Konkan),18.98,72.83,6,144,Normal,31.2,70.4,1008.0,13.3,14.9,316.0,73.0,26.3,66.6,1009.4,14.5,12.4,4.9,1.2,1.2,1
2023-10-16,2023,10,16,Post-Monsoon,West Bengal (Gangetic),22.57,88.36,6,144,Cyclone,24.1,60.3,984.7,135.5,24.7,311.0,40.0,26.7,62.9,987.6,80.9,33.5,2.6,54.6,54.6,1
2023-10-16,2023,10,16,Post-Monsoon,Kerala Coast,9.93,76.26,7,168,Normal,28.8,86.2,1011.2,38.5,10.2,207.0,75.0,28.4,86.7,1012.6,25.5,8.4,0.4,13.0,13.0,0
2023-10-16,2023,10,16,Post-Monsoon,Maharashtra (Mumbai/Konkan),18.98,72.83,7,168,Normal,27.1,70.4,1010.2,5.4,8.1,230.0,22.0,26.3,67.2,1009.4,14.5,12.4,0.8,9.1,9.1,0
2023-10-16,2023,10,16,Post-Monsoon,West Bengal (Gangetic),22.57,88.36,7,168,Cyclone,25.9,60.3,982.5,0.0,37.2,46.0,31.0,26.7,54.7,987.6,80.9,33.5,0.8,80.9,80.9,1
2023-10-16,2023,10,16,Post-Monsoon,Assam & Meghalaya,26.14,91.73,8,192,Normal,25.3,66.5,1015.3,5.3,16.2,278.0,47.0,25.2,60.4,1013.1,2.0,13.0,0.1,3.3,0.1,0
2023-10-16,2023,10,16,Post-Monsoon,Gujarat Coastal,21.64,69.6,9,216,Normal,28.6,77.2,1014.5,0.0,8.6,312.0,72.0,24.2,70.1,1015.8,7.0,14.5,4.4,7.0,7.0,1
2023-10-16,2023,10,16,Post-Monsoon,Rajasthan (West),26.91,70.9,9,216,Normal,29.6,70.2,1009.8,6.3,10.8,55.0,71.0,26.8,71.1,1011.3,0.4,7.7,2.8,5.9,2.8,0
2023-10-16,2023,10,16,Post-Monsoon,Assam & Meghalaya,26.14,91.73,9,216,Normal,24.1,66.5,1014.6,20.1,5.4,113.0,72.0,25.2,66.3,1013.1,2.0,13.0,1.1,18.1,1.1,1
2023-10-23,2023,10,23,Post-Monsoon,Maharashtra (Mumbai/Konkan),18.98,72.83,1,24,Normal,28.7,75.5,1010.3,3.5,10.2,74.0,47.0,26.9,69.9,1010.2,1.0,8.8,1.8,2.5,1.8,0
2023-10-23,2023,10,23,Post-Monsoon,Gujarat Coastal,21.64,69.6,1,24,Normal,28.7,72.3,1012.9,3.1,12.2,340.0,12.0,29.8,72.7,1014.0,5.3,10.4,1.1,2.2,2.2,0
2023-10-23,2023,10,23,Post-Monsoon,Kerala Coast,9.93,76.26,2,48,Normal,23.3,76.3,1012.9,35.1,10.3,84.0,11.0,22.8,75.8,1013.0,30.1,11.0,0.5,5.0,5.0,0
2023-10-23,2023,10,23,Post-Monsoon,Rajasthan (West),26.91,70.9,2,48,Normal,26.3,56.7,1015.0,0.0,7.1,249.0,21.0,25.3,58.3,1015.1,2.3,9.5,1.0,2.3,1.0,0
2023-10-23,2023,10,23,Post-Monsoon,Kerala Coast,9.93,76.26,3,72,Normal,22.3,76.3,1013.3,19.2,10.0,156.0,20.0,22.8,68.8,1013.0,30.1,11.0,0.5,10.9,10.9,0
2023-10-23,2023,10,23,Post-Monsoon,West Bengal (Gangetic),22.57,88.36,3,72,Normal,26.8,79.0,1009.6,23.8,12.6,339.0,69.0,27.0,74.9,1010.0,12.7,9.2,0.2,11.1,11.1,0
2023-10-23,2023,10,23,Post-Monsoon,Odisha Coastal,20.27,85.84,4,96,Normal,26.8,76.0,1009.7,0.0,15.5,304.0,24.0,25.4,70.5,1009.3,3.6,14.3,1.4,3.6,1.4,0
2023-10-23,2023,10,23,Post-Monsoon,Rajasthan (West),26.91,70.9,4,96,Normal,25.8,56.7,1014.3,10.3,12.5,46.0,94.0,25.3,55.6,1015.1,2.3,9.5,0.5,8.0,0.5,0
2023-10-23,2023,10,23,Post-Monsoon,Assam & Meghalaya,26.14,91.73,4,96,Normal,29.6,80.4,1014.2,2.6,14.8,213.0,50.0,29.7,75.4,1014.3,0.1,13.1,0.1,2.5,0.1,0
2023-10-23,2023,10,23,Post-Monsoon,Gujarat Coastal,21.64,69.6,6,144,Normal,30.3,72.3,1013.2,13.4,12.7,278.0,31.0,29.8,70.7,1014.0,5.3,10.4,0.5,8.1,8.1,0
2023-10-23,2023,10,23,Post-Monsoon,Himachal Pradesh,31.1,77.17,6,144,Normal,23.6,81.8,1015.7,0.0,15.2,184.0,54.0,27.5,83.7,1015.8,1.2,9.3,3.9,1.2,3.9,1
2023-10-23,2023,10,23,Post-Monsoon,West Bengal (Gangetic),22.57,88.36,6,144,Normal,25.9,79.0,1010.1,15.8,7.6,151.0,82.0,27.0,73.7,1010.0,12.7,9.2,1.1,3.1,3.1,0
2023-10-23,2023,10,23,Post-Monsoon,Odisha Coastal,20.27,85.84,7,168,Normal,24.7,76.0,1008.0,2.7,10.8,301.0,31.0,25.4,80.5,1009.3,3.6,14.3,0.7,0.9,0.7,0
2023-10-23,2023,10,23,Post-Monsoon,Maharashtra (Mumbai/Konkan),18.98,72.83,8,192,Normal,25.7,75.5,1011.9,8.3,10.6,238.0,51.0,26.9,77.2,1010.2,1.0,8.8,1.2,7.3,1.2,0
2023-10-23,2023,10,23,Post-Monsoon,Assam & Meghalaya,26.14,91.73,8,192,Normal,29.8,80.4,1019.0,0.0,12.0,302.0,74.0,29.7,74.5,1014.3,0.1,13.1,0.1,0.1,0.1,1
2023-10-23,2023,10,23,Post-Monsoon,Himachal Pradesh,31.1,77.17,9,216,Normal,31.2,81.8,1017.4,0.0,6.9,292.0,63.0,27.5,81.5,1015.8,1.2,9.3,3.7,1.2,3.7,1
2023-10-30,2023,10,30,Post-Monsoon,Himachal Pradesh,31.1,77.17,1,24,Normal,27.2,76.7,1013.5,6.0,10.9,233.0,14.0,27.2,76.7,1014.0,2.7,10.7,0.0,3.3,0.0,0
2023-10-30,2023,10,30,Post-Monsoon,Odisha Coastal,20.27,85.84,2,48,Normal,28.3,60.8,1013.1,3.6,16.3,218.0,44.0,27.3,56.6,1013.3,2.4,15.5,1.0,1.2,1.0,0
2023-10-30,2023,10,30,Post-Monsoon,Kerala Coast,9.93,76.26,2,48,Normal,27.8,74.9,1012.2,13.0,6.9,268.0,44.0,27.5,77.1,1013.1,18.6,10.5,0.3,5.6,5.6,0
2023-10-30,2023,10,30,Post-Monsoon,Maharashtra (Mumbai/Konkan),18.98,72.83,3,72,Normal,26.5,72.8,1013.5,8.5,13.5,199.0,92.0,26.4,67.7,1013.2,11.7,13.4,0.1,3.2,3.2,0
2023-10-30,2023,10,30,Post-Monsoon,Rajasthan (West),26.91,70.9,3,72,Normal,27.9,69.6,1013.4,8.5,13.2,15.0,25.0,26.4,69.1,1013.2,1.6,12.2,1.5,6.9,1.5,0
2023-10-30,2023,10,30,Post-Monsoon,Maharashtra (Mumbai/Konkan),18.98,72.83,4,96,Normal,27.2,72.8,1011.6,3.4,13.4,158.0,85.0,26.4,69.1,1013.2,11.7,13.4,0.8,8.3,8.3,0
2023-10-30,2023,10,30,Post-Monsoon,Gujarat Coastal,21.64,69.6,4,96,Normal,30.2,65.4,1015.7,5.9,9.9,63.0,57.0,28.4,61.2,1016.3,8.4,9.3,1.8,2.5,2.5,0
2023-10-30,2023,10,30,Post-Monsoon,West Bengal (Gangetic),22.57,88.36,4,96,Normal,30.8,68.5,1016.9,6.5,14.3,271.0,26.0,26.4,64.3,1015.6,17.0,10.9,4.4,10.5,10.5,1
2023-10-30,2023,10,30,Post-Monsoon,Assam & Meghalaya,26.14,91.73,4,96,Normal,25.4,62.9,1017.1,2.7,10.8,155.0,15.0,23.8,63.3,1016.9,0.2,10.6,1.6,2.5,1.6,0
2023-10-30,2023,10,30,Post-Monsoon,Kerala Coast,9.93,76.26,5,120,Normal,28.2,74.9,1011.6,35.4,11.6,234.0,50.0,27.5,78.9,1013.1,18.6,10.5,0.7,16.8,16.8,0
2023-10-30,2023,10,30,Post-Monsoon,Odisha Coastal,20.27,85.84,6,144,Normal,24.6,60.8,1014.8,14.9,14.7,134.0,16.0,27.3,59.2,1013.3,2.4,15.5,2.7,12.5,2.7,0
2023-10-30,2023,10,30,Post-Monsoon,West Bengal (Gangetic),22.57,88.36,6,144,Normal,27.1,68.5,1015.1,47.4,8.0,141.0,93.0,26.4,73.3,1015.6,17.0,10.9,0.7,30.4,30.4,1
2023-10-30,2023,10,30,Post-Monsoon,Assam & Meghalaya,26.14,91.73,6,144,Normal,26.7,62.9,1017.7,0.6,8.5,282.0,77.0,23.8,60.3,1016.9,0.2,10.6,2.9,0.4,2.9,0
2023-10-30,2023,10,30,Post-Monsoon,Gujarat Coastal,21.64,69.6,7,168,Normal,28.5,65.4,1016.4,27.9,4.5,327.0,91.0,28.4,70.2,1016.3,8.4,9.3,0.1,19.5,19.5,0
2023-10-30,2023,10,30,Post-Monsoon,Rajasthan (West),26.91,70.9,7,168,Normal,25.4,69.6,1011.1,4.8,16.4,204.0,24.0,26.4,73.7,1013.2,1.6,12.2,1.0,3.2,1.0,0
2023-10-30,2023,10,30,Post-Monsoon,Himachal Pradesh,31.1,77.17,10,240,Normal,26.3,76.7,1011.9,7.5,7.6,309.0,24.0,27.2,75.7,1014.0,2.7,10.7,0.9,4.8,0.9,0
2023-11-06,2023,11,6,Post-Monsoon,Himachal Pradesh,31.1,77.17,1,24,Normal,24.5,66.9,1012.7,0.5,15.2,292.0,66.0,25.5,62.8,1012.4,0.4,15.6,1.0,0.1,1.0,0
2023-11-06,2023,11,6,Post-Monsoon,Kerala Coast,9.93,76.26,2,48,Normal,20.5,58.3,1013.8,14.8,11.9,229.0,40.0,23.2,60.6,1014.0,6.5,12.6,2.7,8.3,8.3,0
2023-11-06,2023,11,6,Post-Monsoon,Maharashtra (Mumbai/Konkan),18.98,72.83,2,48,Normal,29.1,68.0,1013.1,2.8,12.7,322.0,54.0,27.7,61.7,1014.2,2.2,10.3,1.4,0.6,1.4,0
2023-11-06,2023,11,6,Post-Monsoon,Gujarat Coastal,21.64,69.6,2,48,Normal,30.1,62.7,1011.6,0.8,3.5,312.0,55.0,27.8,61.8,1012.0,0.9,4.7,2.3,0.1,2.3,0
2023-11-06,2023,11,6,Post-Monsoon,West Bengal (Gangetic),22.57,88.36,2,48,Normal,25.7,67.2,1015.5,7.9,11.0,279.0,86.0,26.3,61.1,1014.2,1.7,9.7,0.6,6.2,0.6,0
2023-11-06,2023,11,6,Post-Monsoon,Maharashtra (Mumbai/Konkan),18.98,72.83,3,72,Normal,27.7,68.0,1014.1,2.8,10.0,70.0,90.0,27.7,68.6,1014.2,2.2,10.3,0.0,0.6,0.0,0
2023-11-06,2023,11,6,Post-Monsoon,Assam & Meghalaya,26.14,91.73,4,96,Normal,28.3,85.7,1012.0,8.0,13.8,226.0,73.0,27.7,82.7,1012.1,0.9,12.2,0.6,7.1,0.6,0
2023-11-06,2023,11,6,Post-Monsoon,Odisha Coastal,20.27,85.84,5,120,Normal,26.1,59.2,1014.2,0.0,17.0,211.0,66.0,26.0,63.2,1014.2,3.2,15.3,0.1,3.2,0.1,0
2023-11-06,2023,11,6,Post-Monsoon,Himachal Pradesh,31.1,77.17,5,120,Normal,26.1,66.9,1012.6,0.0,18.8,145.0,38.0,25.5,60.9,1012.4,0.4,15.6,0.6,0.4,0.6,0
2023-11-06,2023,11,6,Post-Monsoon,Assam & Meghalaya,26.14,91.73,5,120,Normal,26.9,85.7,1011.2,0.0,11.1,241.0,28.0,27.7,76.2,1012.1,0.9,12.2,0.8,0.9,0.8,0
2023-11-06,2023,11,6,Post-Monsoon,Kerala Coast,9.93,76.26,6,144,Normal,25.0,58.3,1013.3,10.7,9.4,198.0,89.0,23.2,63.5,1014.0,6.5,12.6,1.8,4.2,4.2,0
2023-11-06,2023,11,6,Post-Monsoon,Rajasthan (West),26.91,70.9,6,144,Normal,29.8,57.7,1011.9,1.3,5.9,135.0,75.0,28.9,57.2,1013.4,0.3,11.1,0.9,1.0,0.9,0
2023-11-06,2023,11,6,Post-Monsoon,Rajasthan (West),26.91,70.9,7,168,Normal,34.4,57.7,1016.9,0.0,9.8,340.0,92.0,28.9,61.6,1013.4,0.3,11.1,5.5,0.3,5.5,1
2023-11-06,2023,11,6,Post-Monsoon,Odisha Coastal,20.27,85.84,8,192,Normal,25.8,59.2,1014.7,0.0,12.5,246.0,70.0,26.0,52.1,1014.2,3.2,15.3,0.2,3.2,0.2,0
2023-11-06,2023,11,6,Post-Monsoon,West Bengal (Gangetic),22.57,88.36,8,192,Normal,25.7,67.2,1014.4,8.5,13.3,96.0,42.0,26.3,70.6,1014.2,1.7,9.7,0.6,6.8,0.6,0
2023-11-06,2023,11,6,Post-Monsoon,Gujarat Coastal,21.64,69.6,9,216,Normal,26.9,62.7,1013.9,3.0,1.8,263.0,50.0,27.8,58.8,1012.0,0.9,4.7,0.9,2.1,0.9,0
2023-11-13,2023,11,13,Post-Monsoon,Gujarat Coastal,21.64,69.6,1,24,Normal,26.9,66.6,1011.1,0.0,11.8,323.0,42.0,28.1,62.3,1011.9,1.4,10.6,1.2,1.4,1.2,0
2023-11-13,2023,11,13,Post-Monsoon,Rajasthan (West),26.91,70.9,1,24,Normal,26.8,67.0,1011.7,4.6,8.9,62.0,31.0,26.1,67.6,1012.6,2.4,10.6,0.7,2.2,0.7,0
2023-11-13,2023,11,13,Post-Monsoon,Himachal Pradesh,31.1,77.17,1,24,Normal,25.7,73.5,1012.9,2.4,12.3,55.0,86.0,24.5,68.1,1012.5,2.5,11.8,1.2,0.1,1.2,0
2023-11-13,2023,11,13,Post-Monsoon,Kerala Coast,9.93,76.26,2,48,Normal,25.0,64.8,1010.9,2.7,9.6,278.0,56.0,25.1,63.0,1011.3,3.1,10.6,0.1,0.4,0.1,0
2023-11-13,2023,11,13,Post-Monsoon,West Bengal (Gangetic),22.57,88.36,2,48,Cyclone,25.5,77.4,991.2,52.5,34.5,283.0,30.0,23.8,70.1,990.4,88.1,36.0,1.7,35.6,35.6,1
2023-11-13,2023,11,13,Post-Monsoon,Assam & Meghalaya,26.14,91.73,2,48,Normal,24.1,56.3,1010.8,0.0,17.8,72.0,30.0,23.0,49.0,1010.6,2.4,15.5,1.1,2.4,1.1,0
2023-11-13,2023,11,13,Post-Monsoon,Assam & Meghalaya,26.14,91.73,3,72,Normal,22.1,56.3,1010.7,7.3,16.1,16.0,16.0,23.0,55.5,1010.6,2.4,15.5,0.9,4.9,0.9,0
2023-11-13,2023,11,13,Post-Monsoon,Odisha Coastal,20.27,85.84,4,96,Normal,23.1,79.9,1013.5,0.0,10.5,120.0,93.0,24.0,85.8,1014.3,2.4,9.2,0.9,2.4,0.9,0
2023-11-13,2023,11,13,Post-Monsoon,Kerala Coast,9.93,76.26,4,96,Normal,23.3,64.8,1010.6,0.0,8.5,107.0,85.0,25.1,63.6,1011.3,3.1,10.6,1.8,3.1,1.8,0
2023-11-13,2023,11,13,Post-Monsoon,Maharashtra (Mumbai/Konkan),18.98,72.83,4,96,Normal,27.4,64.8,1016.3,19.6,12.7,12.0,66.0,28.6,65.3,1016.0,13.8,11.8,1.2,5.8,5.8,0
2023-11-13,2023,11,13,Post-Monsoon,West Bengal (Gangetic),22.57,88.36,4,96,Cyclone,25.6,77.4,991.2,275.9,40.4,57.0,29.0,23.8,76.1,990.4,88.1,36.0,1.8,187.8,187.8,1
2023-11-13,2023,11,13,Post-Monsoon,Odisha Coastal,20.27,85.84,6,144,Normal,20.2,79.9,1014.2,11.4,8.5,88.0,66.0,24.0,89.3,1014.3,2.4,9.2,3.8,9.0,3.8,1
2023-11-13,2023,11,13,Post-Monsoon,Rajasthan (West),26.91,70.9,7,168,Normal,28.3,67.0,1010.1,0.0,7.3,154.0,47.0,26.1,73.4,1012.6,2.4,10.6,2.2,2.4,2.2,0
2023-11-13,2023,11,13,Post-Monsoon,Maharashtra (Mumbai/Konkan),18.98,72.83,9,216,Normal,23.3,64.8,1015.7,16.8,7.7,35.0,69.0,28.6,69.9,1016.0,13.8,11.8,5.3,3.0,3.0,1
2023-11-13,2023,11,13,Post-Monsoon,Gujarat Coastal,21.64,69.6,9,216,Normal,24.6,66.6,1012.8,2.7,5.2,191.0,94.0,28.1,69.5,1011.9,1.4,10.6,3.5,1.3,3.5,1
2023-11-13,2023,11,13,Post-Monsoon,Himachal Pradesh,31.1,77.17,9,216,Normal,27.2,73.5,1014.0,8.9,10.4,73.0,15.0,24.5,77.8,1012.5,2.5,11.8,2.7,6.4,2.7,0
2023-11-20,2023,11,20,Post-Monsoon,Maharashtra (Mumbai/Konkan),18.98,72.83,1,24,Normal,24.5,68.9,1015.3,5.5,7.5,259.0,82.0,23.8,61.1,1014.7,9.3,8.2,0.7,3.8,3.8,0
2023-11-20,2023,11,20,Post-Monsoon,Rajasthan (West),26.91,70.9,1,24,Normal,26.8,72.9,1016.6,0.3,13.4,150.0,73.0,26.4,75.8,1016.6,0.2,14.3,0.4,0.1,0.4,0
2023-11-20,2023,11,20,Post-Monsoon,Kerala Coast,9.93,76.26,2,48,Normal,21.4,85.0,1014.2,2.4,12.1,273.0,69.0,22.9,90.8,1014.1,5.3,13.1,1.5,2.9,2.9,0
2023-11-20,2023,11,20,Post-Monsoon,Rajasthan (West),26.91,70.9,2,48,Normal,27.4,72.9,1016.7,0.0,15.1,55.0,23.0,26.4,69.5,1016.6,0.2,14.3,1.0,0.2,1.0,0
2023-11-20,2023,11,20,Post-Monsoon,Himachal Pradesh,31.1,77.17,2,48,Normal,22.1,74.1,1013.4,4.9,14.2,22.0,49.0,23.1,77.2,1012.6,2.4,14.3,1.0,2.5,1.0,0
2023-11-20,2023,11,20,Post-Monsoon,Odisha Coastal,20.27,85.84,3,72,Normal,27.3,69.8,1013.9,12.9,20.8,346.0,93.0,27.0,72.0,1014.9,5.9,20.4,0.3,7.0,7.0,0
2023-11-20,2023,11,20,Post-Monsoon,Maharashtra (Mumbai/Konkan),18.98,72.83,3,72,Normal,23.6,68.9,1016.6,11.0,8.4,27.0,55.0,23.8,70.7,1014.7,9.3,8.2,0.2,1.7,1.7,0
2023-11-20,2023,11,20,Post-Monsoon,Gujarat Coastal,21.64,69.6,3,72,Normal,25.0,65.8,1015.7,0.0,16.0,150.0,24.0,26.1,68.9,1013.5,2.5,16.7,1.1,2.5,1.1,0
2023-11-20,2023,11,20,Post-Monsoon,Assam & Meghalaya,26.14,91.73,4,96,Normal,25.6,75.8,1014.9,0.0,10.2,78.0,36.0,26.1,75.1,1014.6,0.0,10.7,0.5,0.0,0.5,0
2023-11-20,2023,11,20,Post-Monsoon,Himachal Pradesh,31.1,77.17,5,120,Normal,19.3,74.1,1010.7,4.8,12.2,275.0,56.0,23.1,76.7,1012.6,2.4,14.3,3.8,2.4,3.8,1
2023-11-20,2023,11,20,Post-Monsoon,West Bengal (Gangetic),22.57,88.36,5,120,Normal,24.5,82.5,1011.1,0.0,3.0,173.0,80.0,22.1,83.7,1012.2,2.1,5.6,2.4,2.1,2.4,0
2023-11-20,2023,11,20,Post-Monsoon,Kerala Coast,9.93,76.26,6,144,Normal,26.8,85.0,1014.7,12.4,18.0,235.0,79.0,22.9,85.8,1014.1,5.3,13.1,3.9,7.1,7.1,1
2023-11-20,2023,11,20,Post-Monsoon,Gujarat Coastal,21.64,69.6,6,144,Normal,24.6,65.8,1013.7,0.0,23.2,141.0,42.0,26.1,71.5,1013.5,2.5,16.7,1.5,2.5,1.5,0
2023-11-20,2023,11,20,Post-Monsoon,Odisha Coastal,20.27,85.84,9,216,Normal,24.1,69.8,1012.6,9.3,17.6,336.0,28.0,27.0,68.8,1014.9,5.9,20.4,2.9,3.4,3.4,0
2023-11-20,2023,11,20,Post-Monsoon,Assam & Meghalaya,26.14,91.73,9,216,Normal,27.5,75.8,1014.7,0.0,14.5,319.0,20.0,26.1,68.6,1014.6,0.0,10.7,1.4,0.0,1.4,0
2023-11-20,2023,11,20,Post-Monsoon,West Bengal (Gangetic),22.57,88.36,10,240,Normal,23.1,82.5,1014.4,0.0,6.6,112.0,32.0,22.1,84.6,1012.2,2.1,5.6,1.0,2.1,1.0,0
2023-11-27,2023,11,27,Post-Monsoon,Odisha Coastal,20.27,85.84,1,24,Normal,26.0,77.6,1011.8,4.2,11.0,176.0,67.0,26.1,77.5,1011.7,4.4,11.2,0.1,0.2,0.1,0
2023-11-27,2023,11,27,Post-Monsoon,Maharashtra (Mumbai/Konkan),18.98,72.83,1,24,Normal,25.8,69.9,1014.8,12.7,5.4,242.0,23.0,26.2,69.5,1014.9,9.6,6.3,0.4,3.1,3.1,0
2023-11-27,2023,11,27,Post-Monsoon,West Bengal (Gangetic),22.57,88.36,1,24,Normal,24.4,67.6,1013.5,6.7,9.6,105.0,71.0,25.0,65.1,1011.8,6.8,9.9,0.6,0.1,0.1,0
2023-11-27,2023,11,27,Post-Monsoon,Kerala Coast,9.93,76.26,3,72,Normal,29.4,83.4,1013.9,0.0,11.2,184.0,24.0,26.7,72.2,1014.4,0.1,10.3,2.7,0.1,2.7,0
2023-11-27,2023,11,27,Post-Monsoon,Gujarat Coastal,21.64,69.6,4,96,Cyclone,30.5,64.3,994.7,37.4,36.7,136.0,61.0,28.0,63.4,992.9,84.5,31.2,2.5,47.1,47.1,1
2023-11-27,2023,11,27,Post-Monsoon,Rajasthan (West),26.91,70.9,4,96,Normal,25.6,75.4,1014.8,5.8,8.4,343.0,51.0,24.9,77.2,1012.8,1.2,10.2,0.7,4.6,0.7,0
2023-11-27,2023,11,27,Post-Monsoon,West Bengal (Gangetic),22.57,88.36,4,96,Normal,26.9,67.6,1010.2,0.0,8.7,123.0,29.0,25.0,65.4,1011.8,6.8,9.9,1.9,6.8,6.8,0
2023-11-27,2023,11,27,Post-Monsoon,Kerala Coast,9.93,76.26,5,120,Normal,26.7,83.4,1013.8,1.6,9.1,102.0,25.0,26.7,84.4,1014.4,0.1,10.3,0.0,1.5,0.0,0
2023-11-27,2023,11,27,Post-Monsoon,Maharashtra (Mumbai/Konkan),18.98,72.83,5,120,Normal,25.4,69.9,1014.9,4.1,3.2,239.0,23.0,26.2,74.0,1014.9,9.6,6.3,0.8,5.5,5.5,0
2023-11-27,2023,11,27,Post-Monsoon,Gujarat Coastal,21.64,69.6,5,120,Cyclone,28.9,64.3,993.9,0.0,36.5,117.0,22.0,28.0,63.1,992.9,84.5,31.2,0.9,84.5,84.5,1
2023-11-27,2023,11,27,Post-Monsoon,Rajasthan (West),26.91,70.9,5,120,Normal,26.6,75.4,1013.3,0.0,10.4,51.0,51.0,24.9,70.1,1012.8,1.2,10.2,1.7,1.2,1.7,0
2023-11-27,2023,11,27,Post-Monsoon,Himachal Pradesh,31.1,77.17,6,144,Normal,31.0,73.6,1013.6,0.0,17.4,221.0,80.0,28.9,72.1,1014.3,1.5,13.8,2.1,1.5,2.1,0
2023-11-27,2023,11,27,Post-Monsoon,Himachal Pradesh,31.1,77.17,7,168,Normal,32.1,73.6,1015.6,0.0,16.5,78.0,48.0,28.9,68.4,1014.3,1.5,13.8,3.2,1.5,3.2,1
2023-11-27,2023,11,27,Post-Monsoon,Assam & Meghalaya,26.14,91.73,7,168,Normal,26.4,63.7,1011.1,0.0,11.7,150.0,21.0,26.6,63.7,1011.7,0.3,10.2,0.2,0.3,0.2,0
2023-11-27,2023,11,27,Post-Monsoon,Assam & Meghalaya,26.14,91.73,8,192,Normal,28.9,63.7,1009.1,2.7,8.2,15.0,57.0,26.6,67.5,1011.7,0.3,10.2,2.3,2.4,2.3,0
2023-11-27,2023,11,27,Post-Monsoon,Odisha Coastal,20.27,85.84,10,240,Normal,28.8,77.6,1013.7,0.0,10.4,319.0,79.0,26.1,77.8,1011.7,4.4,11.2,2.7,4.4,2.7,0
2023-12-04,2023,12,4,Post-Monsoon,Maharashtra (Mumbai/Konkan),18.98,72.83,2,48,Normal,26.1,77.8,1011.8,0.0,12.6,194.0,13.0,25.8,76.8,1011.0,4.0,11.5,0.3,4.0,0.3,0
2023-12-04,2023,12,4,Post-Monsoon,Gujarat Coastal,21.64,69.6,2,48,Normal,30.6,66.0,1015.4,7.4,9.0,354.0,94.0,30.5,69.2,1015.0,5.2,7.4,0.1,2.2,2.2,0
2023-12-04,2023,12,4,Post-Monsoon,Rajasthan (West),26.91,70.9,3,72,Normal,23.0,73.9,1013.7,4.7,2.9,254.0,36.0,23.7,75.1,1013.6,1.1,3.5,0.7,3.6,0.7,0
2023-12-04,2023,12,4,Post-Monsoon,Himachal Pradesh,31.1,77.17,3,72,Normal,26.2,60.8,1015.8,9.6,13.7,104.0,61.0,25.6,69.9,1015.6,3.0,11.8,0.6,6.6,0.6,0
2023-12-04,2023,12,4,Post-Monsoon,Assam & Meghalaya,26.14,91.73,3,72,Normal,22.7,66.7,1010.4,1.9,10.7,276.0,41.0,23.7,68.8,1010.3,0.4,15.9,1.0,1.5,1.0,0
2023-12-04,2023,12,4,Post-Monsoon,West Bengal (Gangetic),22.57,88.36,4,96,Normal,28.2,60.9,1014.7,0.0,12.1,319.0,57.0,28.0,58.5,1013.9,3.6,12.8,0.2,3.6,0.2,0
2023-12-04,2023,12,4,Post-Monsoon,Odisha Coastal,20.27,85.84,5,120,Cyclone,28.6,55.6,983.8,0.0,34.9,333.0,20.0,28.8,55.2,986.5,40.1,38.5,0.2,40.1,40.1,1
2023-12-04,2023,12,4,Post-Monsoon,Assam & Meghalaya,26.14,91.73,5,120,Normal,25.5,66.7,1010.3,5.3,14.8,143.0,31.0,23.7,67.1,1010.3,0.4,15.9,1.8,4.9,1.8,0
2023-12-04,2023,12,4,Post-Monsoon,Odisha Coastal,20.27,85.84,6,144,Cyclone,28.5,55.6,981.4,20.0,41.3,72.0,76.0,28.8,59.0,986.5,40.1,38.5,0.3,20.1,20.1,1
2023-12-04,2023,12,4,Post-Monsoon,Himachal Pradesh,31.1,77.17,6,144,Normal,26.4,60.8,1015.4,1.0,9.8,14.0,77.0,25.6,63.7,1015.6,3.0,11.8,0.8,2.0,0.8,0
2023-12-04,2023,12,4,Post-Monsoon,Kerala Coast,9.93,76.26,8,192,Normal,25.5,77.4,1019.2,11.0,11.9,88.0,29.0,26.4,84.7,1017.2,16.2,10.3,0.9,5.2,5.2,0
2023-12-04,2023,12,4,Post-Monsoon,Maharashtra (Mumbai/Konkan),18.98,72.83,8,192,Normal,26.1,77.8,1012.8,11.5,8.5,121.0,52.0,25.8,72.9,1011.0,4.0,11.5,0.3,7.5,0.3,0
2023-12-04,2023,12,4,Post-Monsoon,Gujarat Coastal,21.64,69.6,8,192,Normal,30.8,66.0,1012.4,7.6,11.5,178.0,24.0,30.5,62.4,1015.0,5.2,7.4,0.3,2.4,2.4,0
2023-12-04,2023,12,4,Post-Monsoon,West Bengal (Gangetic),22.57,88.36,9,216,Normal,26.2,60.9,1012.5,3.3,12.7,37.0,72.0,28.0,64.7,1013.9,3.6,12.8,1.8,0.3,1.8,0
2023-12-04,2023,12,4,Post-Monsoon,Kerala Coast,9.93,76.26,10,240,Normal,30.0,77.4,1019.2,25.4,4.6,324.0,71.0,26.4,75.3,1017.2,16.2,10.3,3.6,9.2,9.2,1
2023-12-04,2023,12,4,Post-Monsoon,Rajasthan (West),26.91,70.9,10,240,Normal,21.2,73.9,1014.4,3.1,1.0,116.0,41.0,23.7,71.9,1013.6,1.1,3.5,2.5,2.0,2.5,0
2023-12-11,2023,12,11,Post-Monsoon,Odisha Coastal,20.27,85.84,1,24,Normal,24.2,62.1,1010.1,0.0,9.2,273.0,57.0,25.3,67.2,1010.0,5.1,10.5,1.1,5.1,5.1,0
2023-12-11,2023,12,11,Post-Monsoon,Himachal Pradesh,31.1,77.17,1,24,Normal,26.1,71.7,1011.2,0.0,8.8,24.0,88.0,27.6,74.8,1010.5,2.7,9.2,1.5,2.7,1.5,0
2023-12-11,2023,12,11,Post-Monsoon,Assam & Meghalaya,26.14,91.73,2,48,Normal,25.7,82.6,1013.2,0.8,17.7,87.0,73.0,27.8,79.1,1014.8,0.7,15.5,2.1,0.1,2.1,0
2023-12-11,2023,12,11,Post-Monsoon,Assam & Meghalaya,26.14,91.73,3,72,Normal,27.7,82.6,1016.4,0.0,13.5,337.0,19.0,27.8,85.4,1014.8,0.7,15.5,0.1,0.7,0.1,0
2023-12-11,2023,12,11,Post-Monsoon,Odisha Coastal,20.27,85.84,4,96,Normal,23.5,62.1,1008.9,6.0,9.4,274.0,11.0,25.3,62.2,1010.0,5.1,10.5,1.8,0.9,0.9,0
2023-12-11,2023,12,11,Post-Monsoon,Gujarat Coastal,21.64,69.6,6,144,Normal,28.9,53.8,1012.4,4.1,7.6,332.0,36.0,25.9,57.2,1013.4,0.3,8.9,3.0,3.8,3.0,0
2023-12-11,2023,12,11,Post-Monsoon,Gujarat Coastal,21.64,69.6,7,168,Normal,22.7,53.8,1014.4,0.0,5.5,297.0,83.0,25.9,48.5,1013.4,0.3,8.9,3.2,0.3,3.2,1
2023-12-11,2023,12,11,Post-Monsoon,Kerala Coast,9.93,76.26,8,192,Normal,25.4,72.4,1012.3,0.9,22.5,305.0,15.0,26.0,75.4,1011.6,0.1,17.7,0.6,0.8,0.6,0
2023-12-11,2023,12,11,Post-Monsoon,Rajasthan (West),26.91,70.9,8,192,Normal,29.6,77.8,1014.7,7.9,13.4,60.0,29.0,25.6,80.2,1014.4,0.3,13.1,4.0,7.6,4.0,1
2023-12-11,2023,12,11,Post-Monsoon,Himachal Pradesh,31.1,77.17,8,192,Normal,27.8,71.7,1013.4,7.7,8.7,293.0,18.0,27.6,66.6,1010.5,2.7,9.2,0.2,5.0,0.2,0
2023-12-11,2023,12,11,Post-Monsoon,West Bengal (Gangetic),22.57,88.36,8,192,Normal,28.0,63.5,1011.0,15.5,11.0,46.0,75.0,27.0,68.5,1009.3,6.9,11.5,1.0,8.6,8.6,0
2023-12-11,2023,12,11,Post-Monsoon,Maharashtra (Mumbai/Konkan),18.98,72.83,9,216,Normal,21.0,62.1,1013.1,4.7,9.0,38.0,72.0,23.7,63.7,1012.3,2.7,14.2,2.7,2.0,2.7,0
2023-12-11,2023,12,11,Post-Monsoon,Rajasthan (West),26.91,70.9,9,216,Normal,21.8,77.8,1016.4,0.0,10.2,206.0,76.0,25.6,74.8,1014.4,0.3,13.1,3.8,0.3,3.8,1
2023-12-11,2023,12,11,Post-Monsoon,West Bengal (Gangetic),22.57,88.36,9,216,Normal,27.3,63.5,1008.7,2.7,7.8,184.0,45.0,27.0,67.3,1009.3,6.9,11.5,0.3,4.2,4.2,0
2023-12-11,2023,12,11,Post-Monsoon,Kerala Coast,9.93,76.26,10,240,Normal,25.3,72.4,1009.5,0.0,24.0,60.0,75.0,26.0,79.9,1011.6,0.1,17.7,0.7,0.1,0.7,0
2023-12-11,2023,12,11,Post-Monsoon,Maharashtra (Mumbai/Konkan),18.98,72.83,10,240,Normal,30.9,62.1,1012.0,0.0,17.6,357.0,49.0,23.7,63.3,1012.3,2.7,14.2,7.2,2.7,7.2,1
2023-12-18,2023,12,18,Post-Monsoon,Odisha Coastal,20.27,85.84,1,24,Normal,26.7,66.3,1011.4,6.6,7.3,75.0,36.0,26.9,68.4,1010.7,10.9,6.2,0.2,4.3,4.3,0
2023-12-18,2023,12,18,Post-Monsoon,Maharashtra (Mumbai/Konkan),18.98,72.83,1,24,Normal,28.5,61.1,1013.0,18.8,5.4,238.0,26.0,28.3,69.5,1012.3,11.7,5.6,0.2,7.1,7.1,0
2023-12-18,2023,12,18,Post-Monsoon,Himachal Pradesh,31.1,77.17,2,48,Normal,26.1,63.6,1011.0,0.0,13.4,131.0,93.0,27.4,64.3,1010.9,0.1,12.6,1.3,0.1,1.3,0
2023-12-18,2023,12,18,Post-Monsoon,Assam & Meghalaya,26.14,91.73,2,48,Normal,27.4,75.7,1015.4,0.0,16.1,342.0,44.0,28.5,74.8,1015.2,0.9,14.5,1.1,0.9,1.1,0
2023-12-18,2023,12,18,Post-Monsoon,Gujarat Coastal,21.64,69.6,3,72,Cyclone,29.5,55.2,991.8,0.0,15.9,135.0,83.0,27.2,60.5,993.4,83.5,16.9,2.3,83.5,83.5,1
2023-12-18,2023,12,18,Post-Monsoon,Himachal Pradesh,31.1,77.17,3,72,Normal,26.8,63.6,1011.8,1.4,14.6,65.0,21.0,27.4,65.8,1010.9,0.1,12.6,0.6,1.3,0.6,0
2023-12-18,2023,12,18,Post-Monsoon,Assam & Meghalaya,26.14,91.73,3,72,Normal,27.7,75.7,1015.7,0.0,13.0,55.0,18.0,28.5,72.2,1015.2,0.9,14.5,0.8,0.9,0.8,0
2023-12-18,2023,12,18,Post-Monsoon,Maharashtra (Mumbai/Konkan),18.98,72.83,5,120,Normal,29.2,61.1,1012.3,10.8,10.5,29.0,34.0,28.3,64.7,1012.3,11.7,5.6,0.9,0.9,0.9,0
2023-12-18,2023,12,18,Post-Monsoon,Odisha Coastal,20.27,85.84,6,144,Normal,23.4,66.3,1010.6,33.1,6.7,4.0,80.0,26.9,67.2,1010.7,10.9,6.2,3.5,22.2,22.2,1
2023-12-18,2023,12,18,Post-Monsoon,Kerala Coast,9.93,76.26,6,144,Normal,23.4,71.3,1010.2,4.7,14.0,128.0,66.0,22.9,78.6,1011.4,2.5,12.7,0.5,2.2,0.5,0
2023-12-18,2023,12,18,Post-Monsoon,West Bengal (Gangetic),22.57,88.36,6,144,Normal,27.7,75.1,1012.7,4.4,15.8,274.0,33.0,29.4,76.2,1013.5,2.5,11.5,1.7,1.9,1.7,0
2023-12-18,2023,12,18,Post-Monsoon,Rajasthan (West),26.91,70.9,7,168,Normal,27.2,88.2,1014.4,3.0,10.1,220.0,25.0,25.2,87.0,1013.3,0.8,15.0,2.0,2.2,2.0,0
2023-12-18,2023,12,18,Post-Monsoon,Kerala Coast,9.93,76.26,8,192,Normal,17.4,71.3,1011.7,0.0,7.8,267.0,30.0,22.9,72.4,1011.4,2.5,12.7,5.5,2.5,5.5,1
2023-12-18,2023,12,18,Post-Monsoon,Gujarat Coastal,21.64,69.6,8,192,Cyclone,33.8,55.2,997.0,116.4,14.3,39.0,55.0,27.2,49.5,993.4,83.5,16.9,6.6,32.9,32.9,1
2023-12-18,2023,12,18,Post-Monsoon,West Bengal (Gangetic),22.57,88.36,8,192,Normal,26.4,75.1,1012.9,0.0,10.4,136.0,57.0,29.4,80.8,1013.5,2.5,11.5,3.0,2.5,3.0,0
2023-12-18,2023,12,18,Post-Monsoon,Rajasthan (West),26.91,70.9,10,240,Normal,27.1,88.2,1015.8,0.0,5.0,77.0,44.0,25.2,91.3,1013.3,0.8,15.0,1.9,0.8,1.9,1
2023-12-25,2023,12,25,Post-Monsoon,West Bengal (Gangetic),22.57,88.36,1,24,Normal,29.4,74.7,1015.3,0.5,9.8,249.0,49.0,28.9,74.9,1014.5,0.6,11.7,0.5,0.1,0.5,0
2023-12-25,2023,12,25,Post-Monsoon,Maharashtra (Mumbai/Konkan),18.98,72.83,2,48,Normal,28.2,61.2,1011.2,0.8,14.1,52.0,44.0,26.9,66.8,1012.2,0.5,12.6,1.3,0.3,1.3,0
2023-12-25,2023,12,25,Post-Monsoon,Himachal Pradesh,31.1,77.17,2,48,Normal,28.7,75.5,1013.5,4.2,9.7,337.0,32.0,28.5,74.4,1013.1,1.9,11.1,0.2,2.3,0.2,0
2023-12-25,2023,12,25,Post-Monsoon,Gujarat Coastal,21.64,69.6,3,72,Normal,24.7,62.8,1017.8,2.5,18.2,46.0,45.0,26.4,57.5,1016.7,11.2,20.4,1.7,8.7,8.7,0
2023-12-25,2023,12,25,Post-Monsoon,Kerala Coast,9.93,76.26,5,120,Normal,24.4,71.7,1008.0,0.0,13.4,118.0,50.0,25.2,74.3,1010.7,2.5,14.7,0.8,2.5,0.8,0
2023-12-25,2023,12,25,Post-Monsoon,Rajasthan (West),26.91,70.9,5,120,Normal,26.6,84.8,1013.9,0.0,20.4,327.0,86.0,27.6,87.8,1017.4,0.9,14.1,1.0,0.9,1.0,1
2023-12-25,2023,12,25,Post-Monsoon,Odisha Coastal,20.27,85.84,6,144,Normal,28.1,69.6,1010.0,4.1,7.6,142.0,83.0,27.8,77.1,1011.6,4.8,7.4,0.3,0.7,0.3,0
2023-12-25,2023,12,25,Post-Monsoon,Odisha Coastal,20.27,85.84,7,168,Normal,23.4,69.6,1012.2,0.0,8.0,83.0,76.0,27.8,69.2,1011.6,4.8,7.4,4.4,4.8,4.4,1
2023-12-25,2023,12,25,Post-Monsoon,Kerala Coast,9.93,76.26,7,168,Normal,22.2,71.7,1011.7,4.5,10.9,15.0,51.0,25.2,65.2,1010.7,2.5,14.7,3.0,2.0,3.0,0
2023-12-25,2023,12,25,Post-Monsoon,West Bengal (Gangetic),22.57,88.36,7,168,Normal,34.5,74.7,1011.7,7.2,13.9,239.0,22.0,28.9,77.3,1014.5,0.6,11.7,5.6,6.6,5.6,1
2023-12-25,2023,12,25,Post-Monsoon,Maharashtra (Mumbai/Konkan),18.98,72.83,8,192,Normal,28.8,61.2,1014.6,2.7,7.5,145.0,60.0,26.9,64.6,1012.2,0.5,12.6,1.9,2.2,1.9,0
2023-12-25,2023,12,25,Post-Monsoon,Assam & Meghalaya,26.14,91.73,8,192,Normal,29.1,82.8,1012.4,0.0,17.1,208.0,75.0,27.7,85.1,1011.9,0.9,14.1,1.4,0.9,1.4,0
2023-12-25,2023,12,25,Post-Monsoon,Gujarat Coastal,21.64,69.6,9,216,Normal,23.6,62.8,1014.9,16.3,19.8,282.0,27.0,26.4,62.7,1016.7,11.2,20.4,2.8,5.1,5.1,0
2023-12-25,2023,12,25,Post-Monsoon,Rajasthan (West),26.91,70.9,9,216,Normal,27.6,84.8,1015.0,0.0,10.6,198.0,31.0,27.6,90.8,1017.4,0.9,14.1,0.0,0.9,0.0,0
2023-12-25,2023,12,25,Post-Monsoon,Assam & Meghalaya,26.14,91.73,9,216,Normal,24.9,82.8,1009.8,0.0,13.0,136.0,25.0,27.7,93.9,1011.9,0.9,14.1,2.8,0.9,2.8,0
2023-12-25,2023,12,25,Post-Monsoon,Himachal Pradesh,31.1,77.17,10,240,Normal,26.9,75.5,1014.0,4.3,8.4,289.0,10.0,28.5,74.1,1013.1,1.9,11.1,1.6,2.4,1.6,0
2024-01-01,2024,1,1,Winter,Gujarat Coastal,21.64,69.6,2,48,Normal,20.4,65.0,1014.1,0.0,9.0,259.0,53.0,19.5,68.8,1015.8,0.8,9.9,0.9,0.8,0.9,0
2024-01-01,2024,1,1,Winter,Himachal Pradesh,31.1,77.17,2,48,Normal,21.6,52.5,1015.6,0.0,9.6,41.0,57.0,22.4,55.4,1014.5,1.8,8.8,0.8,1.8,0.8,0
2024-01-01,2024,1,1,Winter,West Bengal (Gangetic),22.57,88.36,2,48,Normal,15.8,72.3,1016.6,0.0,6.8,167.0,36.0,15.4,66.2,1015.5,0.3,6.4,0.4,0.3,0.4,0
2024-01-01,2024,1,1,Winter,Odisha Coastal,20.27,85.84,3,72,Normal,17.2,70.4,1021.3,0.0,10.7,331.0,10.0,17.2,72.9,1021.4,1.0,11.4,0.0,1.0,0.0,0
2024-01-01,2024,1,1,Winter,West Bengal (Gangetic),22.57,88.36,3,72,Normal,16.5,72.3,1014.8,0.0,7.5,34.0,94.0,15.4,76.4,1015.5,0.3,6.4,1.1,0.3,1.1,0
2024-01-01,2024,1,1,Winter,Assam & Meghalaya,26.14,91.73,3,72,Normal,17.0,62.2,1017.3,0.0,7.6,38.0,29.0,16.4,66.6,1016.9,4.1,7.6,0.6,4.1,0.6,0
2024-01-01,2024,1,1,Winter,Odisha Coastal,20.27,85.84,4,96,Normal,16.8,70.4,1022.0,5.5,11.3,177.0,23.0,17.2,64.0,1021.4,1.0,11.4,0.4,4.5,0.4,0
2024-01-01,2024,1,1,Winter,Rajasthan (West),26.91,70.9,4,96,Normal,20.9,62.2,1015.2,0.0,5.6,157.0,44.0,20.5,60.0,1014.7,1.3,8.7,0.4,1.3,0.4,0
2024-01-01,2024,1,1,Winter,Assam & Meghalaya,26.14,91.73,4,96,Normal,15.2,62.2,1016.5,0.0,5.1,208.0,81.0,16.4,66.1,1016.9,4.1,7.6,1.2,4.1,1.2,0
2024-01-01,2024,1,1,Winter,Kerala Coast,9.93,76.26,5,120,Normal,23.8,62.8,1012.0,0.0,10.6,127.0,55.0,20.8,60.4,1013.2,0.8,10.2,3.0,0.8,3.0,0
2024-01-01,2024,1,1,Winter,Gujarat Coastal,21.64,69.6,5,120,Normal,20.9,65.0,1017.1,0.0,6.8,63.0,45.0,19.5,60.8,1015.8,0.8,9.9,1.4,0.8,1.4,0
2024-01-01,2024,1,1,Winter,Rajasthan (West),26.91,70.9,5,120,Normal,20.4,62.2,1014.9,0.6,7.3,346.0,43.0,20.5,63.6,1014.7,1.3,8.7,0.1,0.7,0.1,0
2024-01-01,2024,1,1,Winter,Maharashtra (Mumbai/Konkan),18.98,72.83,6,144,Normal,24.9,58.7,1017.1,6.4,1.6,159.0,13.0,24.1,60.0,1017.5,1.6,6.6,0.8,4.8,0.8,0
2024-01-01,2024,1,1,Winter,Kerala Coast,9.93,76.26,9,216,Normal,23.4,62.8,1015.1,0.0,2.7,47.0,13.0,20.8,67.9,1013.2,0.8,10.2,2.6,0.8,2.6,1
2024-01-01,2024,1,1,Winter,Maharashtra (Mumbai/Konkan),18.98,72.83,9,216,Normal,26.3,58.7,1019.4,0.0,16.7,116.0,31.0,24.1,63.5,1017.5,1.6,6.6,2.2,1.6,2.2,1
2024-01-01,2024,1,1,Winter,Himachal Pradesh,31.1,77.17,10,240,Normal,25.6,52.5,1013.0,0.0,6.0,307.0,38.0,22.4,46.0,1014.5,1.8,8.8,3.2,1.8,3.2,1
2024-01-08,2024,1,8,Winter,Assam & Meghalaya,26.14,91.73,1,24,Normal,14.4,59.5,1016.2,2.7,9.8,265.0,74.0,14.3,60.9,1015.7,0.1,10.2,0.1,2.6,0.1,0
2024-01-08,2024,1,8,Winter,Kerala Coast,9.93,76.26,2,48,Normal,10.4,63.7,1014.6,0.0,9.6,280.0,50.0,11.6,58.9,1014.7,0.2,7.3,1.2,0.2,1.2,0
2024-01-08,2024,1,8,Winter,Maharashtra (Mumbai/Konkan),18.98,72.83,3,72,Normal,17.2,55.5,1017.1,0.0,4.0,88.0,69.0,18.2,53.3,1018.2,2.0,4.8,1.0,2.0,1.0,0
2024-01-08,2024,1,8,Winter,Rajasthan (West),26.91,70.9,3,72,Normal,21.1,50.2,1014.1,0.0,9.1,188.0,76.0,21.1,44.4,1014.1,0.2,8.6,0.0,0.2,0.0,0
2024-01-08,2024,1,8,Winter,Himachal Pradesh,31.1,77.17,4,96,Normal,24.1,65.8,1014.2,4.8,7.7,312.0,75.0,25.1,67.3,1015.6,2.3,7.9,1.0,2.5,1.0,0
2024-01-08,2024,1,8,Winter,Maharashtra (Mumbai/Konkan),18.98,72.83,5,120,Normal,18.4,55.5,1019.6,0.0,6.0,95.0,64.0,18.2,53.9,1018.2,2.0,4.8,0.2,2.0,0.2,0
2024-01-08,2024,1,8,Winter,Odisha Coastal,20.27,85.84,6,144,Normal,20.3,63.2,1021.3,0.0,6.4,208.0,56.0,19.7,59.0,1021.7,0.1,7.8,0.6,0.1,0.6,0
2024-01-08,2024,1,8,Winter,Kerala Coast,9.93,76.26,6,144,Normal,10.1,63.7,1015.0,2.0,9.2,38.0,24.0,11.6,68.7,1014.7,0.2,7.3,1.5,1.8,1.5,0
2024-01-08,2024,1,8,Winter,Assam & Meghalaya,26.14,91.73,7,168,Normal,13.3,59.5,1015.7,0.0,7.8,286.0,16.0,14.3,60.0,1015.7,0.1,10.2,1.0,0.1,1.0,0
2024-01-08,2024,1,8,Winter,West Bengal (Gangetic),22.57,88.36,8,192,Normal,12.3,61.9,1016.3,0.0,8.2,337.0,81.0,16.7,65.0,1018.3,0.4,8.0,4.4,0.4,4.4,1
2024-01-08,2024,1,8,Winter,Odisha Coastal,20.27,85.84,9,216,Normal,18.6,63.2,1021.6,5.7,7.9,114.0,65.0,19.7,69.6,1021.7,0.1,7.8,1.1,5.6,1.1,0
2024-01-08,2024,1,8,Winter,Gujarat Coastal,21.64,69.6,9,216,Normal,17.7,61.1,1017.2,0.0,15.7,151.0,36.0,17.8,58.3,1015.2,2.6,9.9,0.1,2.6,0.1,0
2024-01-08,2024,1,8,Winter,West Bengal (Gangetic),22.57,88.36,9,216,Normal,19.0,61.9,1019.1,0.0,14.0,115.0,59.0,16.7,62.6,1018.3,0.4,8.0,2.3,0.4,2.3,0
2024-01-08,2024,1,8,Winter,Gujarat Coastal,21.64,69.6,10,240,Normal,12.3,61.1,1015.3,0.0,1.0,303.0,58.0,17.8,65.0,1015.2,2.6,9.9,5.5,2.6,5.5,1
2024-01-08,2024,1,8,Winter,Rajasthan (West),26.91,70.9,10,240,Normal,21.3,50.2,1013.9,0.0,11.1,269.0,58.0,21.1,45.7,1014.1,0.2,8.6,0.2,0.2,0.2,0
2024-01-08,2024,1,8,Winter,Himachal Pradesh,31.1,77.17,10,240,Normal,26.9,65.8,1017.1,2.4,8.6,93.0,66.0,25.1,67.3,1015.6,2.3,7.9,1.8,0.1,1.8,0
2024-01-15,2024,1,15,Winter,Gujarat Coastal,21.64,69.6,1,24,Normal,16.4,55.1,1013.9,0.8,9.1,158.0,72.0,16.3,55.7,1014.0,0.2,8.3,0.1,0.6,0.1,0
2024-01-15,2024,1,15,Winter,Kerala Coast,9.93,76.26,2,48,Normal,19.6,54.7,1015.6,0.0,7.3,144.0,25.0,19.5,56.7,1016.2,0.0,8.3,0.1,0.0,0.1,0
2024-01-15,2024,1,15,Winter,Maharashtra (Mumbai/Konkan),18.98,72.83,2,48,Normal,20.7,51.0,1018.2,0.2,11.8,358.0,61.0,20.6,44.7,1018.2,0.4,10.2,0.1,0.2,0.1,0
2024-01-15,2024,1,15,Winter,Assam & Meghalaya,26.14,91.73,4,96,Normal,14.3,48.6,1018.5,0.0,7.5,27.0,90.0,14.9,48.4,1019.1,0.5,6.7,0.6,0.5,0.6,0
2024-01-15,2024,1,15,Winter,Rajasthan (West),26.91,70.9,5,120,Normal,25.4,48.7,1016.8,12.3,8.8,10.0,37.0,24.0,43.5,1018.3,0.3,11.2,1.4,12.0,1.4,0
2024-01-15,2024,1,15,Winter,Himachal Pradesh,31.1,77.17,5,120,Normal,24.2,64.2,1013.8,2.3,10.2,36.0,22.0,25.1,58.7,1013.4,0.0,9.1,0.9,2.3,0.9,0
2024-01-15,2024,1,15,Winter,Rajasthan (West),26.91,70.9,6,144,Normal,23.1,48.7,1016.4,4.5,14.1,295.0,16.0,24.0,52.0,1018.3,0.3,11.2,0.9,4.2,0.9,0
2024-01-15,2024,1,15,Winter,Maharashtra (Mumbai/Konkan),18.98,72.83,7,168,Normal,24.0,51.0,1017.7,3.9,8.6,78.0,33.0,20.6,53.2,1018.2,0.4,10.2,3.4,3.5,3.4,1
2024-01-15,2024,1,15,Winter,West Bengal (Gangetic),22.57,88.36,7,168,Normal,14.5,65.0,1017.3,0.0,5.0,186.0,30.0,18.0,63.8,1019.5,3.0,5.6,3.5,3.0,3.5,1
2024-01-15,2024,1,15,Winter,Assam & Meghalaya,26.14,91.73,7,168,Normal,12.6,48.6,1014.1,0.0,7.4,160.0,16.0,14.9,53.1,1019.1,0.5,6.7,2.3,0.5,2.3,1
2024-01-15,2024,1,15,Winter,Gujarat Coastal,21.64,69.6,8,192,Normal,16.0,55.1,1011.6,9.5,11.4,246.0,30.0,16.3,61.1,1014.0,0.2,8.3,0.3,9.3,0.3,0
2024-01-15,2024,1,15,Winter,Himachal Pradesh,31.1,77.17,8,192,Normal,23.2,64.2,1012.7,10.6,11.5,116.0,16.0,25.1,63.2,1013.4,0.0,9.1,1.9,10.6,1.9,0
2024-01-15,2024,1,15,Winter,Odisha Coastal,20.27,85.84,9,216,Normal,16.6,66.9,1015.0,4.2,11.7,135.0,13.0,16.2,68.0,1015.5,2.7,6.8,0.4,1.5,0.4,0
2024-01-15,2024,1,15,Winter,West Bengal (Gangetic),22.57,88.36,9,216,Normal,20.6,65.0,1020.6,2.2,5.4,267.0,84.0,18.0,59.1,1019.5,3.0,5.6,2.6,0.8,2.6,0
2024-01-15,2024,1,15,Winter,Odisha Coastal,20.27,85.84,10,240,Normal,17.2,66.9,1014.8,2.1,8.5,196.0,70.0,16.2,64.2,1015.5,2.7,6.8,1.0,0.6,1.0,0
2024-01-15,2024,1,15,Winter,Kerala Coast,9.93,76.26,10,240,Normal,20.7,54.7,1011.8,0.0,6.5,328.0,88.0,19.5,58.8,1016.2,0.0,8.3,1.2,0.0,1.2,1
2024-01-22,2024,1,22,Winter,Gujarat Coastal,21.64,69.6,1,24,Normal,14.4,70.7,1016.3,0.9,8.4,251.0,92.0,13.9,71.1,1016.2,1.0,8.9,0.5,0.1,0.5,0
2024-01-22,2024,1,22,Winter,West Bengal (Gangetic),22.57,88.36,1,24,Normal,20.9,60.7,1017.0,4.8,8.9,57.0,34.0,20.3,64.9,1017.1,1.8,9.2,0.6,3.0,0.6,0
2024-01-22,2024,1,22,Winter,Kerala Coast,9.93,76.26,4,96,Normal,17.3,68.1,1011.3,3.1,4.4,234.0,48.0,17.0,72.9,1013.7,2.0,8.1,0.3,1.1,0.3,0
2024-01-22,2024,1,22,Winter,Maharashtra (Mumbai/Konkan),18.98,72.83,4,96,Normal,23.9,49.0,1014.4,0.7,8.6,147.0,50.0,23.5,51.5,1014.1,0.1,7.7,0.4,0.6,0.4,0
2024-01-22,2024,1,22,Winter,Rajasthan (West),26.91,70.9,5,120,Normal,17.3,72.2,1019.6,1.4,12.6,7.0,16.0,19.0,70.4,1018.8,0.6,7.2,1.7,0.8,1.7,0
2024-01-22,2024,1,22,Winter,Himachal Pradesh,31.1,77.17,6,144,Normal,24.5,50.5,1016.7,12.9,9.6,61.0,21.0,24.5,54.8,1017.0,2.7,8.1,0.0,10.2,0.0,0
2024-01-22,2024,1,22,Winter,Assam & Meghalaya,26.14,91.73,6,144,Normal,26.9,58.3,1016.3,3.2,4.4,277.0,19.0,25.4,55.6,1016.5,0.0,6.1,1.5,3.2,1.5,0
2024-01-22,2024,1,22,Winter,Odisha Coastal,20.27,85.84,7,168,Normal,13.3,71.1,1016.0,2.4,13.1,170.0,57.0,14.4,73.7,1018.9,0.9,10.6,1.1,1.5,1.1,0
2024-01-22,2024,1,22,Winter,Kerala Coast,9.93,76.26,7,168,Normal,15.1,68.1,1012.6,0.0,5.6,16.0,27.0,17.0,65.2,1013.7,2.0,8.1,1.9,2.0,1.9,0
2024-01-22,2024,1,22,Winter,West Bengal (Gangetic),22.57,88.36,7,168,Normal,19.1,60.7,1018.2,11.2,8.6,120.0,16.0,20.3,59.5,1017.1,1.8,9.2,1.2,9.4,1.2,0
2024-01-22,2024,1,22,Winter,Gujarat Coastal,21.64,69.6,8,192,Normal,10.6,70.7,1015.5,1.9,14.2,310.0,21.0,13.9,72.3,1016.2,1.0,8.9,3.3,0.9,3.3,1
2024-01-22,2024,1,22,Winter,Rajasthan (West),26.91,70.9,8,192,Normal,19.7,72.2,1014.4,5.4,1.2,86.0,92.0,19.0,70.5,1018.8,0.6,7.2,0.7,4.8,0.7,1
2024-01-22,2024,1,22,Winter,Maharashtra (Mumbai/Konkan),18.98,72.83,9,216,Normal,22.8,49.0,1010.6,14.7,3.5,324.0,11.0,23.5,50.6,1014.1,0.1,7.7,0.7,14.6,0.7,1
2024-01-22,2024,1,22,Winter,Odisha Coastal,20.27,85.84,10,240,Normal,12.8,71.1,1022.3,0.0,13.3,201.0,88.0,14.4,79.3,1018.9,0.9,10.6,1.6,0.9,1.6,1
2024-01-22,2024,1,22,Winter,Himachal Pradesh,31.1,77.17,10,240,Normal,25.2,50.5,1016.3,18.6,7.3,74.0,68.0,24.5,53.3,1017.0,2.7,8.1,0.7,15.9,0.7,0
2024-01-22,2024,1,22,Winter,Assam & Meghalaya,26.14,91.73,10,240,Normal,23.8,58.3,1015.5,11.5,11.2,243.0,18.0,25.4,59.9,1016.5,0.0,6.1,1.6,11.5,1.6,0
2024-01-29,2024,1,29,Winter,Himachal Pradesh,31.1,77.17,2,48,Normal,22.6,71.7,1014.8,0.0,4.8,264.0,89.0,24.1,68.2,1015.0,0.0,7.0,1.5,0.0,1.5,0
2024-01-29,2024,1,29,Winter,Maharashtra (Mumbai/Konkan),18.98,72.83,3,72,Normal,17.6,67.1,1016.2,0.0,10.8,159.0,58.0,17.9,62.8,1016.1,1.8,7.5,0.3,1.8,0.3,0
2024-01-29,2024,1,29,Winter,West Bengal (Gangetic),22.57,88.36,3,72,Normal,17.9,67.0,1017.8,0.4,6.2,263.0,15.0,18.3,65.3,1018.1,0.8,7.2,0.4,0.4,0.4,0
2024-01-29,2024,1,29,Winter,Odisha Coastal,20.27,85.84,4,96,Normal,25.9,54.0,1012.8,0.0,9.6,342.0,49.0,25.9,54.7,1014.4,0.5,7.4,0.0,0.5,0.0,0
2024-01-29,2024,1,29,Winter,Rajasthan (West),26.91,70.9,4,96,Normal,16.7,65.7,1014.9,0.0,6.3,303.0,85.0,17.2,65.6,1015.2,1.7,7.1,0.5,1.7,0.5,0
2024-01-29,2024,1,29,Winter,Assam & Meghalaya,26.14,91.73,4,96,Normal,15.6,56.9,1018.2,1.3,10.4,139.0,51.0,17.7,52.6,1019.3,1.1,9.7,2.1,0.2,2.1,0
2024-01-29,2024,1,29,Winter,Kerala Coast,9.93,76.26,6,144,Normal,11.3,40.1,1015.3,5.6,3.1,208.0,79.0,14.4,44.7,1016.9,0.1,4.0,3.1,5.5,3.1,1
2024-01-29,2024,1,29,Winter,Gujarat Coastal,21.64,69.6,6,144,Normal,17.0,57.2,1017.6,0.0,13.4,16.0,91.0,18.8,54.8,1015.8,0.0,8.7,1.8,0.0,1.8,0
2024-01-29,2024,1,29,Winter,Kerala Coast,9.93,76.26,7,168,Normal,16.6,40.1,1017.9,0.0,8.2,222.0,33.0,14.4,47.9,1016.9,0.1,4.0,2.2,0.1,2.2,0
2024-01-29,2024,1,29,Winter,Maharashtra (Mumbai/Konkan),18.98,72.83,7,168,Normal,19.0,67.1,1014.6,0.0,4.7,27.0,79.0,17.9,69.8,1016.1,1.8,7.5,1.1,1.8,1.1,0
2024-01-29,2024,1,29,Winter,Odisha Coastal,20.27,85.84,9,216,Normal,25.2,54.0,1013.9,0.0,7.3,276.0,44.0,25.9,55.5,1014.4,0.5,7.4,0.7,0.5,0.7,0
2024-01-29,2024,1,29,Winter,Rajasthan (West),26.91,70.9,9,216,Normal,19.2,65.7,1012.6,0.0,8.3,175.0,75.0,17.2,65.7,1015.2,1.7,7.1,2.0,1.7,2.0,0
2024-01-29,2024,1,29,Winter,West Bengal (Gangetic),22.57,88.36,9,216,Normal,20.2,67.0,1019.4,4.7,6.2,273.0,78.0,18.3,66.7,1018.1,0.8,7.2,1.9,3.9,1.9,0
2024-01-29,2024,1,29,Winter,Assam & Meghalaya,26.14,91.73,9,216,Normal,17.9,56.9,1018.2,0.0,7.0,312.0,34.0,17.7,55.8,1019.3,1.1,9.7,0.2,1.1,0.2,0
2024-01-29,2024,1,29,Winter,Gujarat Coastal,21.64,69.6,10,240,Normal,21.3,57.2,1011.6,0.0,12.5,265.0,20.0,18.8,58.1,1015.8,0.0,8.7,2.5,0.0,2.5,1
2024-01-29,2024,1,29,Winter,Himachal Pradesh,31.1,77.17,10,240,Normal,28.2,71.7,1018.3,0.0,8.2,339.0,23.0,24.1,67.2,1015.0,0.0,7.0,4.1,0.0,4.1,1
2024-02-05,2024,2,5,Winter,Assam & Meghalaya,26.14,91.73,1,24,Normal,18.1,55.2,1016.9,1.6,11.3,272.0,62.0,19.0,51.9,1017.0,1.2,9.5,0.9,0.4,0.9,0
2024-02-05,2024,2,5,Winter,Odisha Coastal,20.27,85.84,2,48,Normal,11.4,64.9,1015.3,0.2,7.6,220.0,94.0,11.4,61.9,1013.4,0.1,8.2,0.0,0.1,0.0,0
2024-02-05,2024,2,5,Winter,Maharashtra (Mumbai/Konkan),18.98,72.83,2,48,Normal,24.7,60.5,1016.4,3.3,12.1,11.0,34.0,24.8,56.6,1016.8,1.1,10.3,0.1,2.2,0.1,0
2024-02-05,2024,2,5,Winter,Himachal Pradesh,31.1,77.17,2,48,Normal,19.8,72.6,1016.5,6.1,4.6,242.0,15.0,19.3,65.8,1016.8,3.6,5.7,0.5,2.5,0.5,0
2024-02-05,2024,2,5,Winter,Gujarat Coastal,21.64,69.6,3,72,Normal,25.9,52.4,1016.9,6.2,9.5,264.0,62.0,24.0,54.3,1017.3,0.1,9.7,1.9,6.1,1.9,0
2024-02-05,2024,2,5,Winter,Rajasthan (West),26.91,70.9,3,72,Normal,12.7,62.4,1015.2,2.4,5.8,164.0,35.0,12.6,65.2,1015.0,0.2,5.3,0.1,2.2,0.1,0
2024-02-05,2024,2,5,Winter,Himachal Pradesh,31.1,77.17,3,72,Normal,18.4,72.6,1017.0,4.7,4.3,254.0,13.0,19.3,70.3,1016.8,3.6,5.7,0.9,1.1,0.9,0
2024-02-05,2024,2,5,Winter,West Bengal (Gangetic),22.57,88.36,3,72,Normal,16.0,71.3,1015.4,0.0,4.4,276.0,73.0,17.5,68.3,1014.7,0.2,6.2,1.5,0.2,1.5,0
2024-02-05,2024,2,5,Winter,Assam & Meghalaya,26.14,91.73,4,96,Normal,20.2,55.2,1014.9,0.0,7.4,317.0,42.0,19.0,59.2,1017.0,1.2,9.5,1.2,1.2,1.2,0
2024-02-05,2024,2,5,Winter,Kerala Coast,9.93,76.26,5,120,Normal,23.8,60.6,1013.1,16.0,9.1,28.0,76.0,23.1,58.4,1014.4,1.8,7.6,0.7,14.2,0.7,0
2024-02-05,2024,2,5,Winter,Maharashtra (Mumbai/Konkan),18.98,72.83,6,144,Normal,24.2,60.5,1016.4,0.0,9.5,44.0,27.0,24.8,59.7,1016.8,1.1,10.3,0.6,1.1,0.6,0
2024-02-05,2024,2,5,Winter,West Bengal (Gangetic),22.57,88.36,7,168,Normal,18.7,71.3,1016.9,0.8,5.2,123.0,14.0,17.5,66.1,1014.7,0.2,6.2,1.2,0.6,1.2,0
2024-02-05,2024,2,5,Winter,Kerala Coast,9.93,76.26,8,192,Normal,24.0,60.6,1014.3,1.2,6.2,224.0,63.0,23.1,62.6,1014.4,1.8,7.6,0.9,0.6,0.9,0
2024-02-05,2024,2,5,Winter,Rajasthan (West),26.91,70.9,8,192,Normal,12.8,62.4,1013.2,9.4,1.0,155.0,73.0,12.6,60.8,1015.0,0.2,5.3,0.2,9.2,0.2,0
2024-02-05,2024,2,5,Winter,Gujarat Coastal,21.64,69.6,9,216,Normal,24.7,52.4,1017.6,0.0,14.5,80.0,87.0,24.0,52.7,1017.3,0.1,9.7,0.7,0.1,0.7,0
2024-02-05,2024,2,5,Winter,Odisha Coastal,20.27,85.84,10,240,Normal,14.1,64.9,1014.5,3.9,7.3,110.0,18.0,11.4,62.2,1013.4,0.1,8.2,2.7,3.8,2.7,0
2024-02-12,2024,2,12,Winter,West Bengal (Gangetic),22.57,88.36,1,24,Normal,19.9,55.8,1013.7,2.8,8.5,150.0,20.0,18.8,57.0,1013.9,0.4,8.9,1.1,2.4,1.1,0
2024-02-12,2024,2,12,Winter,Gujarat Coastal,21.64,69.6,3,72,Normal,24.2,48.8,1014.7,8.1,6.9,321.0,29.0,24.8,49.8,1014.4,1.5,7.8,0.6,6.6,0.6,0
2024-02-12,2024,2,12,Winter,Kerala Coast,9.93,76.26,4,96,Normal,17.2,56.4,1013.1,2.4,4.2,3.0,60.0,16.0,53.8,1012.6,1.2,6.1,1.2,1.2,1.2,0
2024-02-12,2024,2,12,Winter,Kerala Coast,9.93,76.26,5,120,Normal,18.8,56.4,1009.8,4.0,8.8,224.0,89.0,16.0,58.6,1012.6,1.2,6.1,2.8,2.8,2.8,0
2024-02-12,2024,2,12,Winter,Rajasthan (West),26.91,70.9,5,120,Normal,16.6,56.1,1014.7,4.0,8.1,151.0,24.0,16.7,60.9,1013.3,0.3,6.0,0.1,3.7,0.1,0
2024-02-12,2024,2,12,Winter,West Bengal (Gangetic),22.57,88.36,5,120,Normal,18.2,55.8,1013.5,1.2,5.1,352.0,81.0,18.8,60.0,1013.9,0.4,8.9,0.6,0.8,0.6,0
2024-02-12,2024,2,12,Winter,Maharashtra (Mumbai/Konkan),18.98,72.83,6,144,Normal,20.7,53.1,1013.6,0.3,7.7,320.0,80.0,21.0,45.0,1014.8,2.4,8.0,0.3,2.1,0.3,0
2024-02-12,2024,2,12,Winter,Assam & Meghalaya,26.14,91.73,6,144,Normal,17.0,64.4,1018.0,6.3,9.7,171.0,30.0,16.5,59.8,1015.9,1.4,10.0,0.5,4.9,0.5,0
2024-02-12,2024,2,12,Winter,Maharashtra (Mumbai/Konkan),18.98,72.83,7,168,Normal,21.4,53.1,1014.9,4.8,1.1,248.0,81.0,21.0,49.5,1014.8,2.4,8.0,0.4,2.4,0.4,0
2024-02-12,2024,2,12,Winter,Himachal Pradesh,31.1,77.17,7,168,Western Disturbance,17.1,52.0,1017.0,15.8,10.1,107.0,24.0,18.4,51.5,1016.3,8.5,7.9,1.3,7.3,7.3,0
2024-02-12,2024,2,12,Winter,Gujarat Coastal,21.64,69.6,8,192,Normal,28.4,48.8,1014.0,0.0,9.2,216.0,49.0,24.8,52.6,1014.4,1.5,7.8,3.6,1.5,3.6,1
2024-02-12,2024,2,12,Winter,Himachal Pradesh,31.1,77.17,8,192,Western Disturbance,21.0,52.0,1015.9,15.2,5.6,144.0,69.0,18.4,47.2,1016.3,8.5,7.9,2.6,6.7,6.7,0
2024-02-12,2024,2,12,Winter,Odisha Coastal,20.27,85.84,9,216,Normal,20.2,49.9,1013.9,0.0,6.7,40.0,29.0,19.3,50.1,1016.0,0.6,9.4,0.9,0.6,0.9,0
2024-02-12,2024,2,12,Winter,Rajasthan (West),26.91,70.9,9,216,Normal,16.4,56.1,1012.8,0.0,8.7,229.0,27.0,16.7,61.4,1013.3,0.3,6.0,0.3,0.3,0.3,0
2024-02-12,2024,2,12,Winter,Odisha Coastal,20.27,85.84,10,240,Normal,21.1,49.9,1019.0,3.7,5.6,63.0,83.0,19.3,52.9,1016.0,0.6,9.4,1.8,3.1,1.8,0
2024-02-12,2024,2,12,Winter,Assam & Meghalaya,26.14,91.73,10,240,Normal,16.9,64.4,1016.6,2.5,8.0,279.0,64.0,16.5,65.8,1015.9,1.4,10.0,0.4,1.1,0.4,0
2024-02-19,2024,2,19,Winter,Kerala Coast,9.93,76.26,1,24,Normal,24.1,76.1,1013.5,4.6,5.1,326.0,54.0,25.0,75.3,1014.6,3.0,6.5,0.9,1.6,0.9,0
2024-02-19,2024,2,19,Winter,Maharashtra (Mumbai/Konkan),18.98,72.83,1,24,Normal,16.9,52.2,1017.5,0.0,8.1,202.0,85.0,16.6,49.2,1018.6,0.7,8.6,0.3,0.7,0.3,0
2024-02-19,2024,2,19,Winter,Rajasthan (West),26.91,70.9,1,24,Normal,19.8,70.0,1018.5,0.6,7.7,54.0,36.0,19.5,64.3,1016.3,1.3,7.0,0.3,0.7,0.3,0
2024-02-19,2024,2,19,Winter,Kerala Coast,9.93,76.26,2,48,Normal,23.1,76.1,1016.0,3.4,8.0,128.0,18.0,25.0,73.9,1014.6,3.0,6.5,1.9,0.4,1.9,0
2024-02-19,2024,2,19,Winter,Rajasthan (West),26.91,70.9,2,48,Normal,19.0,70.0,1015.9,1.5,5.1,330.0,18.0,19.5,69.0,1016.3,1.3,7.0,0.5,0.2,0.5,0
2024-02-19,2024,2,19,Winter,Himachal Pradesh,31.1,77.17,4,96,Western Disturbance,17.7,65.1,1014.4,59.6,1.8,311.0,31.0,22.1,63.2,1015.1,20.2,8.1,4.4,39.4,39.4,1
2024-02-19,2024,2,19,Winter,Gujarat Coastal,21.64,69.6,5,120,Normal,21.0,60.8,1014.0,5.6,11.3,157.0,19.0,19.6,63.9,1014.4,2.3,9.3,1.4,3.3,1.4,0
2024-02-19,2024,2,19,Winter,Maharashtra (Mumbai/Konkan),18.98,72.83,6,144,Normal,13.2,52.2,1017.9,0.0,11.7,172.0,91.0,16.6,49.1,1018.6,0.7,8.6,3.4,0.7,3.4,1
2024-02-19,2024,2,19,Winter,Assam & Meghalaya,26.14,91.73,6,144,Normal,24.3,54.8,1016.9,6.6,7.8,37.0,30.0,22.4,59.2,1015.7,0.7,6.2,1.9,5.9,1.9,0
2024-02-19,2024,2,19,Winter,Odisha Coastal,20.27,85.84,7,168,Normal,20.8,62.1,1018.8,4.8,8.0,230.0,88.0,22.1,60.4,1019.7,2.5,6.1,1.3,2.3,1.3,0
2024-02-19,2024,2,19,Winter,West Bengal (Gangetic),22.57,88.36,7,168,Normal,17.4,68.4,1015.8,8.9,10.2,118.0,43.0,19.3,66.9,1016.4,1.0,9.5,1.9,7.9,1.9,0
2024-02-19,2024,2,19,Winter,Odisha Coastal,20.27,85.84,9,216,Normal,20.9,62.1,1018.2,0.0,1.4,70.0,59.0,22.1,61.7,1019.7,2.5,6.1,1.2,2.5,1.2,0
2024-02-19,2024,2,19,Winter,Assam & Meghalaya,26.14,91.73,9,216,Normal,18.3,54.8,1016.5,0.4,7.5,182.0,41.0,22.4,50.5,1015.7,0.7,6.2,4.1,0.3,4.1,1
2024-02-19,2024,2,19,Winter,Gujarat Coastal,21.64,69.6,10,240,Normal,21.2,60.8,1015.3,6.9,10.5,264.0,14.0,19.6,63.8,1014.4,2.3,9.3,1.6,4.6,1.6,0
2024-02-19,2024,2,19,Winter,Himachal Pradesh,31.1,77.17,10,240,Western Disturbance,20.9,65.1,1013.4,55.4,3.4,180.0,44.0,22.1,75.8,1015.1,20.2,8.1,1.2,35.2,35.2,1
2024-02-19,2024,2,19,Winter,West Bengal (Gangetic),22.57,88.36,10,240,Normal,20.7,68.4,1014.5,0.2,12.7,67.0,80.0,19.3,72.2,1016.4,1.0,9.5,1.4,0.8,1.4,0
2024-02-26,2024,2,26,Winter,Odisha Coastal,20.27,85.84,1,24,Normal,16.0,53.1,1014.1,0.0,9.5,115.0,44.0,17.5,53.4,1015.1,1.8,11.0,1.5,1.8,1.5,0
2024-02-26,2024,2,26,Winter,Kerala Coast,9.93,76.26,2,48,Normal,24.2,51.4,1018.5,0.0,6.7,256.0,47.0,23.3,45.9,1017.1,1.8,8.1,0.9,1.8,0.9,0
2024-02-26,2024,2,26,Winter,Maharashtra (Mumbai/Konkan),18.98,72.83,2,48,Normal,22.3,66.1,1018.8,8.0,10.8,140.0,35.0,21.8,66.3,1018.3,4.7,10.9,0.5,3.3,0.5,0
2024-02-26,2024,2,26,Winter,Kerala Coast,9.93,76.26,3,72,Normal,22.4,51.4,1016.7,0.0,8.3,213.0,93.0,23.3,42.8,1017.1,1.8,8.1,0.9,1.8,0.9,0
2024-02-26,2024,2,26,Winter,Gujarat Coastal,21.64,69.6,3,72,Normal,18.4,60.6,1014.9,0.0,9.7,234.0,38.0,18.7,59.4,1014.9,0.6,5.8,0.3,0.6,0.3,0
2024-02-26,2024,2,26,Winter,Himachal Pradesh,31.1,77.17,3,72,Normal,22.0,58.7,1016.4,5.3,10.5,159.0,64.0,19.9,65.2,1016.8,2.5,9.0,2.1,2.8,2.1,0
2024-02-26,2024,2,26,Winter,West Bengal (Gangetic),22.57,88.36,4,96,Normal,16.3,59.7,1012.8,0.0,9.0,36.0,58.0,18.2,55.0,1012.8,2.4,9.7,1.9,2.4,1.9,0
2024-02-26,2024,2,26,Winter,Himachal Pradesh,31.1,77.17,6,144,Normal,20.6,58.7,1015.6,0.0,6.5,181.0,93.0,19.9,53.7,1016.8,2.5,9.0,0.7,2.5,0.7,0
2024-02-26,2024,2,26,Winter,West Bengal (Gangetic),22.57,88.36,6,144,Normal,19.2,59.7,1012.4,0.0,9.4,135.0,63.0,18.2,56.3,1012.8,2.4,9.7,1.0,2.4,1.0,0
2024-02-26,2024,2,26,Winter,Maharashtra (Mumbai/Konkan),18.98,72.83,7,168,Normal,24.9,66.1,1015.7,0.0,10.6,342.0,45.0,21.8,66.1,1018.3,4.7,10.9,3.1,4.7,3.1,1
2024-02-26,2024,2,26,Winter,Gujarat Coastal,21.64,69.6,7,168,Normal,19.8,60.6,1013.5,0.0,6.7,157.0,86.0,18.7,58.3,1014.9,0.6,5.8,1.1,0.6,1.1,0
2024-02-26,2024,2,26,Winter,Rajasthan (West),26.91,70.9,8,192,Normal,22.2,55.3,1014.1,2.9,2.3,314.0,74.0,20.4,52.9,1016.6,1.5,7.3,1.8,1.4,1.8,0
2024-02-26,2024,2,26,Winter,Odisha Coastal,20.27,85.84,9,216,Normal,16.8,53.1,1015.1,0.0,11.7,187.0,37.0,17.5,55.4,1015.1,1.8,11.0,0.7,1.8,0.7,0
2024-02-26,2024,2,26,Winter,Rajasthan (West),26.91,70.9,9,216,Normal,23.8,55.3,1018.3,0.0,13.8,217.0,30.0,20.4,53.6,1016.6,1.5,7.3,3.4,1.5,3.4,1
2024-02-26,2024,2,26,Winter,Assam & Meghalaya,26.14,91.73,9,216,Normal,19.6,61.7,1011.8,0.0,10.9,161.0,62.0,18.7,62.6,1017.5,2.1,6.7,0.9,2.1,0.9,1
2024-02-26,2024,2,26,Winter,Assam & Meghalaya,26.14,91.73,10,240,Normal,18.8,61.7,1017.1,0.7,2.6,253.0,47.0,18.7,59.4,1017.5,2.1,6.7,0.1,1.4,0.1,0
2024-03-04,2024,3,4,Pre-Monsoon,Gujarat Coastal,21.64,69.6,3,72,Normal,38.6,51.4,1013.4,0.0,7.2,310.0,40.0,37.1,46.1,1012.9,3.8,8.7,1.5,3.8,1.5,0
2024-03-04,2024,3,4,Pre-Monsoon,Rajasthan (West),26.91,70.9,3,72,Normal,36.0,47.8,1006.9,8.4,10.8,166.0,69.0,35.9,50.4,1007.2,12.5,14.8,0.1,4.1,4.1,0
2024-03-04,2024,3,4,Pre-Monsoon,West Bengal (Gangetic),22.57,88.36,3,72,Normal,32.7,45.9,1006.0,0.0,7.5,193.0,54.0,32.6,42.9,1006.7,1.5,8.2,0.1,1.5,0.1,0
2024-03-04,2024,3,4,Pre-Monsoon,Maharashtra (Mumbai/Konkan),18.98,72.83,4,96,Normal,36.3,40.4,1009.6,2.5,12.4,340.0,57.0,38.7,36.2,1009.8,0.2,15.7,2.4,2.3,2.4,0
2024-03-04,2024,3,4,Pre-Monsoon,Assam & Meghalaya,26.14,91.73,4,96,Normal,30.5,49.8,1010.7,2.3,3.1,134.0,40.0,30.3,50.8,1011.5,4.9,7.0,0.2,2.6,0.2,0
2024-03-04,2024,3,4,Pre-Monsoon,Odisha Coastal,20.27,85.84,5,120,Normal,37.3,53.3,1011.5,0.0,14.5,77.0,54.0,38.1,48.9,1013.5,3.4,10.6,0.8,3.4,0.8,0
2024-03-04,2024,3,4,Pre-Monsoon,Assam & Meghalaya,26.14,91.73,5,120,Normal,26.0,49.8,1012.5,4.5,9.0,75.0,73.0,30.3,46.4,1011.5,4.9,7.0,4.3,0.4,4.3,1
2024-03-04,2024,3,4,Pre-Monsoon,Maharashtra (Mumbai/Konkan),18.98,72.83,7,168,Normal,40.1,40.4,1008.8,4.1,19.8,232.0,86.0,38.7,37.9,1009.8,0.2,15.7,1.4,3.9,1.4,0
2024-03-04,2024,3,4,Pre-Monsoon,Odisha Coastal,20.27,85.84,8,192,Normal,35.8,53.3,1012.6,9.2,6.3,315.0,29.0,38.1,59.2,1013.5,3.4,10.6,2.3,5.8,2.3,0
2024-03-04,2024,3,4,Pre-Monsoon,Kerala Coast,9.93,76.26,8,192,Normal,36.1,51.0,1011.6,0.0,10.4,297.0,77.0,35.7,55.6,1012.3,0.8,7.6,0.4,0.8,0.4,0
2024-03-04,2024,3,4,Pre-Monsoon,Himachal Pradesh,31.1,77.17,8,192,Normal,42.2,55.1,1010.1,8.2,8.1,204.0,50.0,37.9,53.8,1008.8,0.3,10.9,4.3,7.9,4.3,1
2024-03-04,2024,3,4,Pre-Monsoon,West Bengal (Gangetic),22.57,88.36,8,192,Normal,38.9,45.9,1008.3,1.4,14.9,119.0,51.0,32.6,46.2,1006.7,1.5,8.2,6.3,0.1,6.3,1
2024-03-04,2024,3,4,Pre-Monsoon,Kerala Coast,9.93,76.26,9,216,Normal,34.9,51.0,1012.5,0.0,6.5,150.0,19.0,35.7,46.4,1012.3,0.8,7.6,0.8,0.8,0.8,0
2024-03-04,2024,3,4,Pre-Monsoon,Gujarat Coastal,21.64,69.6,9,216,Normal,34.8,51.4,1016.9,0.0,10.9,188.0,19.0,37.1,47.5,1012.9,3.8,8.7,2.3,3.8,2.3,1
2024-03-04,2024,3,4,Pre-Monsoon,Himachal Pradesh,31.1,77.17,9,216,Normal,36.9,55.1,1010.5,3.0,8.0,111.0,64.0,37.9,57.3,1008.8,0.3,10.9,1.0,2.7,1.0,0
2024-03-04,2024,3,4,Pre-Monsoon,Rajasthan (West),26.91,70.9,10,240,Normal,34.5,47.8,1007.8,8.5,17.7,319.0,53.0,35.9,49.9,1007.2,12.5,14.8,1.4,4.0,4.0,0
2024-03-11,2024,3,11,Pre-Monsoon,Maharashtra (Mumbai/Konkan),18.98,72.83,2,48,Normal,35.7,67.3,1009.7,3.0,8.4,222.0,60.0,36.0,63.5,1009.0,5.6,10.0,0.3,2.6,2.6,0
2024-03-11,2024,3,11,Pre-Monsoon,Gujarat Coastal,21.64,69.6,2,48,Normal,39.8,40.9,1010.8,0.0,8.6,0.0,73.0,40.3,35.4,1010.8,1.2,10.2,0.5,1.2,0.5,0
2024-03-11,2024,3,11,Pre-Monsoon,Himachal Pradesh,31.1,77.17,2,48,Normal,40.3,53.3,1008.4,4.1,13.5,201.0,85.0,39.3,59.7,1008.1,2.1,12.3,1.0,2.0,1.0,0
2024-03-11,2024,3,11,Pre-Monsoon,Odisha Coastal,20.27,85.84,3,72,Normal,36.7,42.1,1007.1,0.9,11.1,321.0,51.0,35.1,40.8,1008.3,2.8,12.9,1.6,1.9,1.6,0
2024-03-11,2024,3,11,Pre-Monsoon,Kerala Coast,9.93,76.26,3,72,Normal,33.7,66.3,1009.0,8.3,12.9,243.0,37.0,33.5,65.0,1008.4,5.2,10.7,0.2,3.1,3.1,0
2024-03-11,2024,3,11,Pre-Monsoon,Rajasthan (West),26.91,70.9,3,72,Normal,41.6,39.4,1006.0,0.5,14.3,191.0,80.0,40.7,36.5,1005.9,0.1,14.8,0.9,0.4,0.9,0
2024-03-11,2024,3,11,Pre-Monsoon,Odisha Coastal,20.27,85.84,4,96,Normal,35.3,42.1,1006.7,0.0,14.4,140.0,15.0,35.1,39.0,1008.3,2.8,12.9,0.2,2.8,0.2,0
2024-03-11,2024,3,11,Pre-Monsoon,Kerala Coast,9.93,76.26,4,96,Normal,32.8,66.3,1007.2,9.7,9.5,350.0,20.0,33.5,62.7,1008.4,5.2,10.7,0.7,4.5,4.5,0
2024-03-11,2024,3,11,Pre-Monsoon,Gujarat Coastal,21.64,69.6,4,96,Normal,41.3,40.9,1010.3,4.1,11.9,300.0,89.0,40.3,32.3,1010.8,1.2,10.2,1.0,2.9,1.0,0
2024-03-11,2024,3,11,Pre-Monsoon,Rajasthan (West),26.91,70.9,4,96,Normal,37.0,39.4,1005.4,0.0,13.2,300.0,93.0,40.7,45.1,1005.9,0.1,14.8,3.7,0.1,3.7,1
2024-03-11,2024,3,11,Pre-Monsoon,West Bengal (Gangetic),22.57,88.36,4,96,Normal,33.0,48.1,1006.3,0.0,10.7,215.0,44.0,35.9,46.4,1006.8,0.1,9.4,2.9,0.1,2.9,0
2024-03-11,2024,3,11,Pre-Monsoon,Maharashtra (Mumbai/Konkan),18.98,72.83,5,120,Normal,33.6,67.3,1008.8,10.0,11.4,285.0,49.0,36.0,68.1,1009.0,5.6,10.0,2.4,4.4,4.4,0
2024-03-11,2024,3,11,Pre-Monsoon,Himachal Pradesh,31.1,77.17,5,120,Normal,38.3,53.3,1008.1,5.8,16.2,70.0,10.0,39.3,53.5,1008.1,2.1,12.3,1.0,3.7,1.0,0
2024-03-11,2024,3,11,Pre-Monsoon,West Bengal (Gangetic),22.57,88.36,6,144,Normal,35.2,48.1,1007.8,0.0,7.8,174.0,67.0,35.9,45.8,1006.8,0.1,9.4,0.7,0.1,0.7,0
2024-03-11,2024,3,11,Pre-Monsoon,Assam & Meghalaya,26.14,91.73,7,168,Normal,29.9,41.7,1009.6,0.8,10.4,253.0,40.0,37.0,37.3,1010.4,1.1,10.3,7.1,0.3,7.1,1
2024-03-11,2024,3,11,Pre-Monsoon,Assam & Meghalaya,26.14,91.73,9,216,Normal,38.1,41.7,1009.1,0.0,14.3,327.0,79.0,37.0,35.5,1010.4,1.1,10.3,1.1,1.1,1.1,0
2024-03-18,2024,3,18,Pre-Monsoon,West Bengal (Gangetic),22.57,88.36,1,24,Normal,37.7,56.9,1008.6,6.0,8.3,253.0,33.0,37.6,60.9,1008.3,0.3,6.8,0.1,5.7,0.1,0
2024-03-18,2024,3,18,Pre-Monsoon,Himachal Pradesh,31.1,77.17,2,48,Normal,36.8,81.2,1009.2,0.9,12.7,266.0,43.0,38.4,84.9,1009.0,0.2,12.8,1.6,0.7,1.6,0
2024-03-18,2024,3,18,Pre-Monsoon,Maharashtra (Mumbai/Konkan),18.98,72.83,3,72,Normal,35.8,44.6,1008.7,2.9,16.6,19.0,72.0,36.3,47.9,1008.5,1.0,14.0,0.5,1.9,0.5,0
2024-03-18,2024,3,18,Pre-Monsoon,West Bengal (Gangetic),22.57,88.36,3,72,Normal,38.6,56.9,1009.4,2.9,6.6,60.0,55.0,37.6,61.9,1008.3,0.3,6.8,1.0,2.6,1.0,0
2024-03-18,2024,3,18,Pre-Monsoon,Odisha Coastal,20.27,85.84,4,96,Normal,36.9,52.2,1013.1,8.5,8.8,303.0,36.0,37.0,47.5,1013.2,3.5,8.6,0.1,5.0,0.1,0
2024-03-18,2024,3,18,Pre-Monsoon,Kerala Coast,9.93,76.26,4,96,Normal,32.9,50.6,1009.4,9.3,13.6,151.0,68.0,32.9,48.6,1008.9,4.6,8.2,0.0,4.7,0.0,0
2024-03-18,2024,3,18,Pre-Monsoon,Himachal Pradesh,31.1,77.17,4,96,Normal,40.6,81.2,1010.0,0.0,14.0,243.0,66.0,38.4,79.9,1009.0,0.2,12.8,2.2,0.2,2.2,0
2024-03-18,2024,3,18,Pre-Monsoon,Odisha Coastal,20.27,85.84,5,120,Normal,39.9,52.2,1014.6,0.0,9.5,8.0,71.0,37.0,57.2,1013.2,3.5,8.6,2.9,3.5,2.9,0
2024-03-18,2024,3,18,Pre-Monsoon,Rajasthan (West),26.91,70.9,5,120,Normal,37.8,36.6,1009.5,11.6,3.6,272.0,55.0,38.4,33.5,1008.1,5.1,8.3,0.6,6.5,6.5,0
2024-03-18,2024,3,18,Pre-Monsoon,Assam & Meghalaya,26.14,91.73,5,120,Normal,31.8,45.1,1012.5,0.0,2.4,71.0,81.0,31.5,53.3,1011.7,1.3,5.6,0.3,1.3,0.3,0
2024-03-18,2024,3,18,Pre-Monsoon,Gujarat Coastal,21.64,69.6,7,168,Cyclone,42.4,47.1,1008.6,0.0,17.3,292.0,47.0,37.6,51.1,1010.2,2.8,8.8,4.8,2.8,4.8,1
2024-03-18,2024,3,18,Pre-Monsoon,Assam & Meghalaya,26.14,91.73,7,168,Normal,27.4,45.1,1008.6,0.0,9.3,140.0,31.0,31.5,42.0,1011.7,1.3,5.6,4.1,1.3,4.1,1
2024-03-18,2024,3,18,Pre-Monsoon,Gujarat Coastal,21.64,69.6,8,192,Cyclone,36.2,47.1,1007.2,25.7,13.8,287.0,87.0,37.6,44.7,1010.2,2.8,8.8,1.4,22.9,1.4,1
2024-03-18,2024,3,18,Pre-Monsoon,Rajasthan (West),26.91,70.9,9,216,Normal,40.7,36.6,1010.3,4.1,3.6,305.0,75.0,38.4,41.5,1008.1,5.1,8.3,2.3,1.0,1.0,0
2024-03-18,2024,3,18,Pre-Monsoon,Kerala Coast,9.93,76.26,10,240,Normal,33.1,50.6,1006.8,11.6,2.5,216.0,61.0,32.9,56.6,1008.9,4.6,8.2,0.2,7.0,0.2,0
2024-03-18,2024,3,18,Pre-Monsoon,Maharashtra (Mumbai/Konkan),18.98,72.83,10,240,Normal,37.2,44.6,1010.5,0.0,11.7,42.0,88.0,36.3,38.3,1008.5,1.0,14.0,0.9,1.0,0.9,0
2024-03-25,2024,3,25,Pre-Monsoon,Gujarat Coastal,21.64,69.6,1,24,Normal,37.2,52.4,1008.2,0.0,9.5,25.0,53.0,37.2,49.6,1009.0,2.2,8.1,0.0,2.2,0.0,0
2024-03-25,2024,3,25,Pre-Monsoon,Gujarat Coastal,21.64,69.6,2,48,Normal,37.0,52.4,1008.6,0.0,7.3,80.0,10.0,37.2,55.2,1009.0,2.2,8.1,0.2,2.2,0.2,0
2024-03-25,2024,3,25,Pre-Monsoon,West Bengal (Gangetic),22.57,88.36,5,120,Normal,36.6,53.1,1012.5,0.0,15.7,274.0,88.0,37.2,55.6,1010.9,1.0,12.3,0.6,1.0,0.6,0
2024-03-25,2024,3,25,Pre-Monsoon,Assam & Meghalaya,26.14,91.73,5,120,Normal,36.1,53.5,1010.8,0.0,9.7,11.0,85.0,37.9,49.8,1011.6,0.4,11.2,1.8,0.4,1.8,0
2024-03-25,2024,3,25,Pre-Monsoon,Rajasthan (West),26.91,70.9,6,144,Normal,30.9,53.0,1012.1,4.0,11.6,114.0,74.0,33.3,50.3,1011.5,0.4,10.0,2.4,3.6,2.4,0
2024-03-25,2024,3,25,Pre-Monsoon,Himachal Pradesh,31.1,77.17,6,144,Normal,36.3,37.6,1013.6,10.7,6.6,241.0,27.0,34.9,43.5,1011.9,1.7,10.0,1.4,9.0,1.4,0
2024-03-25,2024,3,25,Pre-Monsoon,West Bengal (Gangetic),22.57,88.36,6,144,Normal,36.6,53.1,1011.5,0.0,15.7,233.0,75.0,37.2,57.0,1010.9,1.0,12.3,0.6,1.0,0.6,0
2024-03-25,2024,3,25,Pre-Monsoon,Maharashtra (Mumbai/Konkan),18.98,72.83,7,168,Normal,35.6,55.3,1012.4,1.3,6.5,100.0,47.0,35.6,58.9,1012.4,1.3,3.5,0.0,0.0,0.0,0
2024-03-25,2024,3,25,Pre-Monsoon,Himachal Pradesh,31.1,77.17,7,168,Normal,34.5,37.6,1009.9,2.3,8.0,25.0,52.0,34.9,48.1,1011.9,1.7,10.0,0.4,0.6,0.4,0
2024-03-25,2024,3,25,Pre-Monsoon,Assam & Meghalaya,26.14,91.73,7,168,Normal,43.1,53.5,1014.6,7.6,9.0,331.0,12.0,37.9,57.7,1011.6,0.4,11.2,5.2,7.2,5.2,1
2024-03-25,2024,3,25,Pre-Monsoon,Kerala Coast,9.93,76.26,8,192,Normal,42.1,44.9,1007.1,0.3,8.8,197.0,23.0,36.2,43.6,1006.3,5.1,7.2,5.9,4.8,4.8,1
2024-03-25,2024,3,25,Pre-Monsoon,Odisha Coastal,20.27,85.84,9,216,Normal,36.1,56.9,1009.4,13.4,3.5,312.0,72.0,33.0,49.2,1009.4,0.2,8.4,3.1,13.2,3.1,1
2024-03-25,2024,3,25,Pre-Monsoon,Odisha Coastal,20.27,85.84,10,240,Normal,31.3,56.9,1008.4,0.0,10.9,29.0,70.0,33.0,56.6,1009.4,0.2,8.4,1.7,0.2,1.7,0
2024-03-25,2024,3,25,Pre-Monsoon,Kerala Coast,9.93,76.26,10,240,Normal,34.8,44.9,1006.4,11.5,4.2,145.0,24.0,36.2,41.7,1006.3,5.1,7.2,1.4,6.4,6.4,0
2024-03-25,2024,3,25,Pre-Monsoon,Maharashtra (Mumbai/Konkan),18.98,72.83,10,240,Normal,30.0,55.3,1008.2,3.7,5.9,281.0,60.0,35.6,53.0,1012.4,1.3,3.5,5.6,2.4,5.6,1
2024-03-25,2024,3,25,Pre-Monsoon,Rajasthan (West),26.91,70.9,10,240,Normal,38.2,53.0,1011.3,9.0,18.8,298.0,85.0,33.3,53.0,1011.5,0.4,10.0,4.9,8.6,4.9,1
2024-04-01,2024,4,1,Pre-Monsoon,Maharashtra (Mumbai/Konkan),18.98,72.83,1,24,Normal,32.0,54.7,1008.1,0.0,8.0,79.0,42.0,31.7,51.2,1008.3,0.9,8.0,0.3,0.9,0.3,0
2024-04-01,2024,4,1,Pre-Monsoon,Gujarat Coastal,21.64,69.6,1,24,Normal,38.7,42.8,1008.8,0.3,11.7,49.0,19.0,38.3,43.3,1009.4,0.9,11.7,0.4,0.6,0.4,0
2024-04-01,2024,4,1,Pre-Monsoon,Kerala Coast,9.93,76.26,2,48,Normal,43.8,36.3,1009.2,1.7,8.8,81.0,46.0,42.0,38.6,1009.2,5.8,9.3,1.8,4.1,4.1,0
2024-04-01,2024,4,1,Pre-Monsoon,Rajasthan (West),26.91,70.9,2,48,Normal,34.7,48.4,1012.3,1.7,6.8,344.0,10.0,35.6,46.6,1011.9,1.1,10.0,0.9,0.6,0.9,0
2024-04-01,2024,4,1,Pre-Monsoon,Assam & Meghalaya,26.14,91.73,2,48,Normal,37.4,54.8,1008.4,13.4,10.4,9.0,91.0,37.4,52.0,1007.8,6.4,12.2,0.0,7.0,7.0,0
2024-04-01,2024,4,1,Pre-Monsoon,Odisha Coastal,20.27,85.84,4,96,Normal,35.2,45.3,1006.9,0.0,5.7,70.0,35.0,35.3,37.0,1007.6,2.7,8.8,0.1,2.7,0.1,0
2024-04-01,2024,4,1,Pre-Monsoon,Gujarat Coastal,21.64,69.6,4,96,Normal,37.7,42.8,1011.0,0.0,13.0,54.0,52.0,38.3,44.7,1009.4,0.9,11.7,0.6,0.9,0.6,0
2024-04-01,2024,4,1,Pre-Monsoon,Himachal Pradesh,31.1,77.17,4,96,Normal,35.2,45.8,1008.8,0.0,4.4,291.0,11.0,34.7,49.4,1006.9,4.2,10.2,0.5,4.2,0.5,0
2024-04-01,2024,4,1,Pre-Monsoon,Assam & Meghalaya,26.14,91.73,6,144,Normal,35.5,54.8,1008.4,3.5,11.8,7.0,10.0,37.4,55.3,1007.8,6.4,12.2,1.9,2.9,2.9,0
2024-04-01,2024,4,1,Pre-Monsoon,Kerala Coast,9.93,76.26,7,168,Normal,41.5,36.3,1010.9,0.0,4.6,164.0,52.0,42.0,40.0,1009.2,5.8,9.3,0.5,5.8,5.8,0
2024-04-01,2024,4,1,Pre-Monsoon,West Bengal (Gangetic),22.57,88.36,7,168,Normal,32.0,51.7,1014.9,2.5,7.7,99.0,78.0,31.7,48.0,1014.0,0.9,10.1,0.3,1.6,0.3,0
2024-04-01,2024,4,1,Pre-Monsoon,Rajasthan (West),26.91,70.9,8,192,Normal,40.6,48.4,1012.1,4.5,11.8,83.0,69.0,35.6,48.7,1011.9,1.1,10.0,5.0,3.4,5.0,1
2024-04-01,2024,4,1,Pre-Monsoon,Maharashtra (Mumbai/Konkan),18.98,72.83,9,216,Normal,30.4,54.7,1010.0,0.0,7.2,74.0,25.0,31.7,53.6,1008.3,0.9,8.0,1.3,0.9,1.3,0
2024-04-01,2024,4,1,Pre-Monsoon,Himachal Pradesh,31.1,77.17,9,216,Normal,36.2,45.8,1009.4,4.6,11.8,27.0,37.0,34.7,40.7,1006.9,4.2,10.2,1.5,0.4,1.5,0
2024-04-01,2024,4,1,Pre-Monsoon,West Bengal (Gangetic),22.57,88.36,9,216,Normal,32.6,51.7,1011.9,3.4,11.4,13.0,13.0,31.7,53.7,1014.0,0.9,10.1,0.9,2.5,0.9,0
2024-04-01,2024,4,1,Pre-Monsoon,Odisha Coastal,20.27,85.84,10,240,Normal,33.4,45.3,1008.0,11.4,1.9,287.0,40.0,35.3,42.1,1007.6,2.7,8.8,1.9,8.7,1.9,0
2024-04-08,2024,4,8,Pre-Monsoon,Kerala Coast,9.93,76.26,1,24,Normal,33.6,39.0,1007.1,1.0,8.5,254.0,44.0,32.8,45.3,1006.7,0.5,10.3,0.8,0.5,0.8,0
2024-04-08,2024,4,8,Pre-Monsoon,Gujarat Coastal,21.64,69.6,1,24,Normal,32.7,43.3,1010.5,0.0,13.1,316.0,26.0,32.8,41.7,1010.8,0.6,12.1,0.1,0.6,0.1,0
2024-04-08,2024,4,8,Pre-Monsoon,Odisha Coastal,20.27,85.84,2,48,Normal,33.3,63.4,1015.7,0.0,13.5,123.0,20.0,33.5,60.2,1015.4,1.5,10.4,0.2,1.5,0.2,0
2024-04-08,2024,4,8,Pre-Monsoon,Kerala Coast,9.93,76.26,2,48,Normal,33.7,39.0,1007.9,0.0,9.6,130.0,32.0,32.8,36.9,1006.7,0.5,10.3,0.9,0.5,0.9,0
2024-04-08,2024,4,8,Pre-Monsoon,Himachal Pradesh,31.1,77.17,2,48,Normal,38.6,77.1,1007.8,0.0,11.6,48.0,90.0,38.0,81.0,1007.7,1.1,10.8,0.6,1.1,0.6,0
2024-04-08,2024,4,8,Pre-Monsoon,Maharashtra (Mumbai/Konkan),18.98,72.83,3,72,Normal,39.3,42.3,1008.6,0.0,10.3,346.0,76.0,37.9,43.1,1008.8,3.0,9.1,1.4,3.0,1.4,0
2024-04-08,2024,4,8,Pre-Monsoon,Himachal Pradesh,31.1,77.17,3,72,Normal,38.7,77.1,1006.8,2.4,10.0,347.0,45.0,38.0,74.3,1007.7,1.1,10.8,0.7,1.3,0.7,0
2024-04-08,2024,4,8,Pre-Monsoon,Odisha Coastal,20.27,85.84,4,96,Normal,31.3,63.4,1015.4,0.0,5.3,88.0,29.0,33.5,68.4,1015.4,1.5,10.4,2.2,1.5,2.2,0
2024-04-08,2024,4,8,Pre-Monsoon,Assam & Meghalaya,26.14,91.73,4,96,Normal,35.5,62.6,1011.8,0.0,9.0,315.0,75.0,35.7,65.3,1010.6,1.3,12.1,0.2,1.3,0.2,0
2024-04-08,2024,4,8,Pre-Monsoon,Assam & Meghalaya,26.14,91.73,5,120,Normal,36.0,62.6,1009.6,0.0,15.1,255.0,36.0,35.7,59.0,1010.6,1.3,12.1,0.3,1.3,0.3,0
2024-04-08,2024,4,8,Pre-Monsoon,Maharashtra (Mumbai/Konkan),18.98,72.83,6,144,Normal,36.8,42.3,1008.5,3.1,10.4,35.0,50.0,37.9,32.2,1008.8,3.0,9.1,1.1,0.1,1.1,0
2024-04-08,2024,4,8,Pre-Monsoon,West Bengal (Gangetic),22.57,88.36,6,144,Normal,32.2,40.3,1009.6,4.6,9.4,319.0,48.0,33.7,36.4,1008.7,6.1,13.0,1.5,1.5,1.5,0
2024-04-08,2024,4,8,Pre-Monsoon,Rajasthan (West),26.91,70.9,7,168,Normal,32.2,41.3,1009.0,15.5,11.1,256.0,54.0,32.6,38.8,1008.2,6.0,8.8,0.4,9.5,9.5,0
2024-04-08,2024,4,8,Pre-Monsoon,Rajasthan (West),26.91,70.9,8,192,Normal,33.4,41.3,1010.0,0.0,9.5,34.0,75.0,32.6,44.5,1008.2,6.0,8.8,0.8,6.0,6.0,0
2024-04-08,2024,4,8,Pre-Monsoon,Gujarat Coastal,21.64,69.6,10,240,Normal,34.6,43.3,1013.5,7.2,6.3,329.0,41.0,32.8,41.2,1010.8,0.6,12.1,1.8,6.6,1.8,0
2024-04-08,2024,4,8,Pre-Monsoon,West Bengal (Gangetic),22.57,88.36,10,240,Normal,27.7,40.3,1010.2,0.0,13.3,135.0,50.0,33.7,36.4,1008.7,6.1,13.0,6.0,6.1,6.1,1
2024-04-15,2024,4,15,Pre-Monsoon,Kerala Coast,9.93,76.26,1,24,Normal,28.8,48.9,1008.8,1.7,9.2,109.0,71.0,29.5,52.7,1008.4,0.6,8.3,0.7,1.1,0.7,0
2024-04-15,2024,4,15,Pre-Monsoon,Maharashtra (Mumbai/Konkan),18.98,72.83,1,24,Normal,36.0,55.4,1008.9,4.0,7.2,37.0,51.0,36.4,58.7,1008.7,2.8,8.3,0.4,1.2,0.4,0
2024-04-15,2024,4,15,Pre-Monsoon,Assam & Meghalaya,26.14,91.73,1,24,Normal,36.9,71.2,1012.3,0.0,8.5,53.0,47.0,35.5,62.4,1011.5,0.4,10.0,1.4,0.4,1.4,0
2024-04-15,2024,4,15,Pre-Monsoon,Odisha Coastal,20.27,85.84,2,48,Normal,30.1,42.1,1010.2,1.1,13.4,193.0,46.0,29.3,42.7,1011.6,3.4,12.3,0.8,2.3,0.8,0
2024-04-15,2024,4,15,Pre-Monsoon,Kerala Coast,9.93,76.26,4,96,Normal,28.8,48.9,1008.0,5.1,5.5,4.0,45.0,29.5,53.2,1008.4,0.6,8.3,0.7,4.5,0.7,0
2024-04-15,2024,4,15,Pre-Monsoon,West Bengal (Gangetic),22.57,88.36,4,96,Normal,39.8,46.7,1008.8,0.0,9.5,25.0,16.0,38.7,49.5,1009.1,0.4,9.0,1.1,0.4,1.1,0
2024-04-15,2024,4,15,Pre-Monsoon,Maharashtra (Mumbai/Konkan),18.98,72.83,5,120,Normal,35.3,55.4,1010.7,13.3,8.2,250.0,37.0,36.4,46.5,1008.7,2.8,8.3,1.1,10.5,1.1,0
2024-04-15,2024,4,15,Pre-Monsoon,Odisha Coastal,20.27,85.84,6,144,Normal,29.3,42.1,1011.3,7.9,10.5,346.0,71.0,29.3,51.5,1011.6,3.4,12.3,0.0,4.5,0.0,0
2024-04-15,2024,4,15,Pre-Monsoon,Gujarat Coastal,21.64,69.6,6,144,Normal,36.9,47.3,1010.2,9.0,12.0,306.0,86.0,35.6,44.1,1011.1,3.2,10.6,1.3,5.8,1.3,0
2024-04-15,2024,4,15,Pre-Monsoon,Himachal Pradesh,31.1,77.17,6,144,Normal,43.4,52.0,1005.6,5.8,12.3,40.0,53.0,37.9,55.8,1006.8,2.6,9.3,5.5,3.2,5.5,1
2024-04-15,2024,4,15,Pre-Monsoon,Assam & Meghalaya,26.14,91.73,6,144,Normal,35.6,71.2,1011.7,0.0,10.5,337.0,33.0,35.5,72.2,1011.5,0.4,10.0,0.1,0.4,0.1,0
2024-04-15,2024,4,15,Pre-Monsoon,Rajasthan (West),26.91,70.9,7,168,Normal,43.3,65.3,1010.4,0.0,1.1,56.0,88.0,40.9,76.2,1011.0,1.4,6.0,2.4,1.4,2.4,0
2024-04-15,2024,4,15,Pre-Monsoon,Gujarat Coastal,21.64,69.6,8,192,Normal,36.5,47.3,1011.4,10.1,9.3,6.0,37.0,35.6,48.9,1011.1,3.2,10.6,0.9,6.9,0.9,0
2024-04-15,2024,4,15,Pre-Monsoon,Himachal Pradesh,31.1,77.17,8,192,Normal,37.3,52.0,1007.9,11.7,10.3,278.0,45.0,37.9,55.2,1006.8,2.6,9.3,0.6,9.1,0.6,0
2024-04-15,2024,4,15,Pre-Monsoon,Rajasthan (West),26.91,70.9,10,240,Normal,43.5,65.3,1012.0,8.5,1.4,353.0,94.0,40.9,67.5,1011.0,1.4,6.0,2.6,7.1,2.6,0
2024-04-15,2024,4,15,Pre-Monsoon,West Bengal (Gangetic),22.57,88.36,10,240,Normal,34.9,46.7,1008.3,0.7,6.2,224.0,53.0,38.7,52.0,1009.1,0.4,9.0,3.8,0.3,3.8,1
2024-04-22,2024,4,22,Pre-Monsoon,Assam & Meghalaya,26.14,91.73,1,24,Normal,32.9,45.8,1011.5,1.7,8.0,89.0,75.0,31.8,45.7,1012.2,2.0,9.2,1.1,0.3,1.1,0
2024-04-22,2024,4,22,Pre-Monsoon,Gujarat Coastal,21.64,69.6,2,48,Normal,37.5,52.7,1007.6,2.9,14.7,196.0,66.0,37.4,57.5,1008.0,3.2,13.6,0.1,0.3,0.1,0
2024-04-22,2024,4,22,Pre-Monsoon,Maharashtra (Mumbai/Konkan),18.98,72.83,3,72,Normal,37.4,50.1,1012.8,0.0,9.7,347.0,70.0,37.1,47.9,1014.9,0.3,10.9,0.3,0.3,0.3,0
2024-04-22,2024,4,22,Pre-Monsoon,Gujarat Coastal,21.64,69.6,3,72,Normal,37.9,52.7,1008.1,3.1,14.3,21.0,44.0,37.4,50.7,1008.0,3.2,13.6,0.5,0.1,0.5,0
2024-04-22,2024,4,22,Pre-Monsoon,Himachal Pradesh,31.1,77.17,3,72,Normal,36.5,44.0,1009.7,3.6,13.6,163.0,71.0,35.8,45.3,1008.8,4.9,13.2,0.7,1.3,0.7,0
2024-04-22,2024,4,22,Pre-Monsoon,Rajasthan (West),26.91,70.9,4,96,Normal,35.2,49.2,1011.3,8.4,11.0,275.0,20.0,34.4,52.7,1010.1,0.6,10.4,0.8,7.8,0.8,0
2024-04-22,2024,4,22,Pre-Monsoon,Himachal Pradesh,31.1,77.17,5,120,Normal,35.1,44.0,1007.2,6.4,14.2,83.0,72.0,35.8,45.8,1008.8,4.9,13.2,0.7,1.5,0.7,0
2024-04-22,2024,4,22,Pre-Monsoon,West Bengal (Gangetic),22.57,88.36,5,120,Normal,34.5,52.4,1012.1,5.3,8.9,354.0,13.0,35.3,55.2,1011.9,1.4,10.3,0.8,3.9,0.8,0
2024-04-22,2024,4,22,Pre-Monsoon,Rajasthan (West),26.91,70.9,6,144,Normal,37.5,49.2,1009.8,0.0,7.8,152.0,83.0,34.4,56.6,1010.1,0.6,10.4,3.1,0.6,3.1,1
2024-04-22,2024,4,22,Pre-Monsoon,Assam & Meghalaya,26.14,91.73,6,144,Normal,34.6,45.8,1011.1,0.0,9.2,23.0,83.0,31.8,46.0,1012.2,2.0,9.2,2.8,2.0,2.8,0
2024-04-22,2024,4,22,Pre-Monsoon,Odisha Coastal,20.27,85.84,7,168,Normal,33.1,47.0,1000.9,0.0,7.2,315.0,32.0,36.3,48.9,1002.1,0.3,12.4,3.2,0.3,3.2,1
2024-04-22,2024,4,22,Pre-Monsoon,West Bengal (Gangetic),22.57,88.36,7,168,Normal,38.6,52.4,1011.6,2.7,7.0,146.0,56.0,35.3,52.6,1011.9,1.4,10.3,3.3,1.3,3.3,1
2024-04-22,2024,4,22,Pre-Monsoon,Maharashtra (Mumbai/Konkan),18.98,72.83,8,192,Normal,36.2,50.1,1015.1,7.8,8.2,159.0,93.0,37.1,49.9,1014.9,0.3,10.9,0.9,7.5,0.9,0
2024-04-22,2024,4,22,Pre-Monsoon,Kerala Coast,9.93,76.26,9,216,Normal,34.6,35.2,1015.6,11.9,11.0,87.0,71.0,37.5,35.7,1011.4,1.3,10.5,2.9,10.6,2.9,1
2024-04-22,2024,4,22,Pre-Monsoon,Odisha Coastal,20.27,85.84,10,240,Normal,35.3,47.0,999.6,0.0,13.6,8.0,71.0,36.3,43.1,1002.1,0.3,12.4,1.0,0.3,1.0,0
2024-04-22,2024,4,22,Pre-Monsoon,Kerala Coast,9.93,76.26,10,240,Normal,40.6,35.2,1008.3,3.2,8.1,226.0,58.0,37.5,41.0,1011.4,1.3,10.5,3.1,1.9,3.1,1
2024-04-29,2024,4,29,Pre-Monsoon,Gujarat Coastal,21.64,69.6,1,24,Normal,31.6,56.3,1007.9,2.1,11.0,35.0,58.0,30.7,60.4,1008.2,2.2,12.3,0.9,0.1,0.9,0
2024-04-29,2024,4,29,Pre-Monsoon,Himachal Pradesh,31.1,77.17,1,24,Normal,37.6,52.3,1010.8,0.0,14.6,44.0,14.0,38.2,58.9,1010.6,3.2,12.5,0.6,3.2,0.6,0
2024-04-29,2024,4,29,Pre-Monsoon,West Bengal (Gangetic),22.57,88.36,1,24,Normal,36.9,58.9,1007.1,0.0,7.7,90.0,84.0,36.9,58.2,1007.7,0.4,9.9,0.0,0.4,0.0,0
2024-04-29,2024,4,29,Pre-Monsoon,Kerala Coast,9.93,76.26,2,48,Normal,33.6,47.5,1007.3,0.0,6.5,256.0,83.0,33.7,43.7,1007.7,0.5,6.9,0.1,0.5,0.1,0
2024-04-29,2024,4,29,Pre-Monsoon,Maharashtra (Mumbai/Konkan),18.98,72.83,2,48,Normal,33.2,48.9,1008.3,0.0,13.0,219.0,31.0,34.2,55.0,1008.9,2.3,10.5,1.0,2.3,1.0,0
2024-04-29,2024,4,29,Pre-Monsoon,Assam & Meghalaya,26.14,91.73,2,48,Normal,35.7,48.4,1006.2,7.9,11.0,46.0,50.0,34.9,45.7,1005.7,4.2,10.2,0.8,3.7,0.8,0
2024-04-29,2024,4,29,Pre-Monsoon,Odisha Coastal,20.27,85.84,4,96,Normal,38.2,49.0,1010.2,0.0,8.7,52.0,42.0,40.2,48.9,1008.2,1.0,8.3,2.0,1.0,2.0,0
2024-04-29,2024,4,29,Pre-Monsoon,Assam & Meghalaya,26.14,91.73,4,96,Normal,35.4,48.4,1003.8,5.5,13.7,278.0,70.0,34.9,43.9,1005.7,4.2,10.2,0.5,1.3,0.5,0
2024-04-29,2024,4,29,Pre-Monsoon,Kerala Coast,9.93,76.26,5,120,Normal,31.1,47.5,1007.8,0.0,3.8,202.0,61.0,33.7,47.8,1007.7,0.5,6.9,2.6,0.5,2.6,0
2024-04-29,2024,4,29,Pre-Monsoon,Maharashtra (Mumbai/Konkan),18.98,72.83,5,120,Normal,32.6,48.9,1008.3,0.0,7.2,5.0,18.0,34.2,53.5,1008.9,2.3,10.5,1.6,2.3,1.6,0
2024-04-29,2024,4,29,Pre-Monsoon,Odisha Coastal,20.27,85.84,7,168,Normal,41.3,49.0,1007.0,11.2,2.3,314.0,26.0,40.2,48.1,1008.2,1.0,8.3,1.1,10.2,1.1,0
2024-04-29,2024,4,29,Pre-Monsoon,Himachal Pradesh,31.1,77.17,8,192,Normal,41.3,52.3,1009.9,0.0,14.1,84.0,31.0,38.2,51.0,1010.6,3.2,12.5,3.1,3.2,3.1,1
2024-04-29,2024,4,29,Pre-Monsoon,Rajasthan (West),26.91,70.9,9,216,Normal,35.2,61.8,1013.4,0.0,14.8,296.0,85.0,35.6,58.8,1012.1,0.2,13.1,0.4,0.2,0.4,0
2024-04-29,2024,4,29,Pre-Monsoon,Gujarat Coastal,21.64,69.6,10,240,Normal,23.9,56.3,1012.5,6.7,11.3,196.0,14.0,30.7,57.0,1008.2,2.2,12.3,6.8,4.5,6.8,1
2024-04-29,2024,4,29,Pre-Monsoon,Rajasthan (West),26.91,70.9,10,240,Normal,34.3,61.8,1011.1,0.0,9.8,178.0,25.0,35.6,65.7,1012.1,0.2,13.1,1.3,0.2,1.3,0
2024-04-29,2024,4,29,Pre-Monsoon,West Bengal (Gangetic),22.57,88.36,10,240,Normal,40.6,58.9,1007.8,9.1,3.3,98.0,35.0,36.9,57.9,1007.7,0.4,9.9,3.7,8.7,3.7,1
2024-05-06,2024,5,6,Pre-Monsoon,West Bengal (Gangetic),22.57,88.36,1,24,Normal,38.7,45.8,1014.2,2.0,9.2,335.0,39.0,38.4,45.4,1014.7,2.6,9.8,0.3,0.6,0.3,0
2024-05-06,2024,5,6,Pre-Monsoon,Maharashtra (Mumbai/Konkan),18.98,72.83,2,48,Normal,29.2,53.2,1006.5,7.2,6.7,330.0,65.0,28.3,57.2,1006.9,6.1,7.3,0.9,1.1,1.1,0
2024-05-06,2024,5,6,Pre-Monsoon,Rajasthan (West),26.91,70.9,2,48,Normal,38.6,40.5,1012.4,1.8,9.9,12.0,30.0,37.7,44.5,1012.6,3.3,9.6,0.9,1.5,0.9,0
2024-05-06,2024,5,6,Pre-Monsoon,Assam & Meghalaya,26.14,91.73,2,48,Normal,33.8,41.7,1008.3,0.0,7.6,62.0,35.0,34.2,43.9,1007.4,1.7,8.6,0.4,1.7,0.4,0
2024-05-06,2024,5,6,Pre-Monsoon,Kerala Coast,9.93,76.26,4,96,Normal,38.0,56.1,1011.9,1.5,9.1,355.0,24.0,37.7,59.3,1009.9,1.7,8.2,0.3,0.2,0.3,0
2024-05-06,2024,5,6,Pre-Monsoon,Gujarat Coastal,21.64,69.6,4,96,Cyclone,34.9,47.7,1005.0,23.2,12.3,161.0,13.0,34.9,54.8,1005.9,3.1,9.4,0.0,20.1,0.0,1
2024-05-06,2024,5,6,Pre-Monsoon,Himachal Pradesh,31.1,77.17,4,96,Normal,37.2,60.0,1009.3,0.0,11.0,164.0,75.0,34.0,65.7,1009.2,1.0,9.5,3.2,1.0,3.2,1
2024-05-06,2024,5,6,Pre-Monsoon,Maharashtra (Mumbai/Konkan),18.98,72.83,5,120,Normal,27.0,53.2,1005.3,0.0,11.8,184.0,51.0,28.3,48.4,1006.9,6.1,7.3,1.3,6.1,6.1,0
2024-05-06,2024,5,6,Pre-Monsoon,West Bengal (Gangetic),22.57,88.36,5,120,Normal,36.0,45.8,1013.4,0.6,12.6,147.0,83.0,38.4,42.9,1014.7,2.6,9.8,2.4,2.0,2.4,0
2024-05-06,2024,5,6,Pre-Monsoon,Odisha Coastal,20.27,85.84,6,144,Cyclone,36.3,51.8,1011.5,5.3,15.6,354.0,14.0,35.3,49.0,1011.9,1.3,10.8,1.0,4.0,1.0,0
2024-05-06,2024,5,6,Pre-Monsoon,Kerala Coast,9.93,76.26,6,144,Normal,37.8,56.1,1010.3,0.0,8.9,312.0,91.0,37.7,50.0,1009.9,1.7,8.2,0.1,1.7,0.1,0
2024-05-06,2024,5,6,Pre-Monsoon,Odisha Coastal,20.27,85.84,7,168,Cyclone,34.3,51.8,1011.8,21.3,9.3,155.0,88.0,35.3,57.8,1011.9,1.3,10.8,1.0,20.0,1.0,0
2024-05-06,2024,5,6,Pre-Monsoon,Assam & Meghalaya,26.14,91.73,8,192,Normal,34.5,41.7,1003.8,0.0,8.4,107.0,47.0,34.2,42.1,1007.4,1.7,8.6,0.3,1.7,0.3,1
2024-05-06,2024,5,6,Pre-Monsoon,Rajasthan (West),26.91,70.9,9,216,Normal,39.0,40.5,1016.4,0.0,16.5,108.0,58.0,37.7,42.0,1012.6,3.3,9.6,1.3,3.3,1.3,1
2024-05-06,2024,5,6,Pre-Monsoon,Gujarat Coastal,21.64,69.6,10,240,Cyclone,35.6,47.7,1002.5,13.2,8.0,30.0,75.0,34.9,53.0,1005.9,3.1,9.4,0.7,10.1,0.7,1
2024-05-06,2024,5,6,Pre-Monsoon,Himachal Pradesh,31.1,77.17,10,240,Normal,35.6,60.0,1006.7,8.4,9.5,78.0,19.0,34.0,59.1,1009.2,1.0,9.5,1.6,7.4,1.6,0
2024-05-13,2024,5,13,Pre-Monsoon,Odisha Coastal,20.27,85.84,1,24,Normal,35.2,46.7,1010.9,5.6,4.4,231.0,82.0,34.6,45.9,1009.7,0.0,5.6,0.6,5.6,0.6,0
2024-05-13,2024,5,13,Pre-Monsoon,Odisha Coastal,20.27,85.84,2,48,Normal,34.8,46.7,1008.7,0.0,7.1,106.0,55.0,34.6,46.5,1009.7,0.0,5.6,0.2,0.0,0.2,0
2024-05-13,2024,5,13,Pre-Monsoon,West Bengal (Gangetic),22.57,88.36,2,48,Normal,35.9,34.8,1009.6,0.8,11.0,317.0,62.0,36.6,27.8,1008.2,0.1,11.4,0.7,0.7,0.7,0
2024-05-13,2024,5,13,Pre-Monsoon,Assam & Meghalaya,26.14,91.73,3,72,Normal,30.2,45.5,1006.7,2.5,11.0,312.0,25.0,28.9,52.3,1007.1,1.5,12.1,1.3,1.0,1.3,0
2024-05-13,2024,5,13,Pre-Monsoon,Maharashtra (Mumbai/Konkan),18.98,72.83,4,96,Normal,36.3,36.1,1011.3,1.7,13.0,117.0,38.0,36.2,34.4,1010.8,1.0,13.0,0.1,0.7,0.1,0
2024-05-13,2024,5,13,Pre-Monsoon,Rajasthan (West),26.91,70.9,4,96,Normal,37.5,57.8,1014.7,10.3,11.6,356.0,72.0,35.8,58.5,1014.1,3.2,12.4,1.7,7.1,1.7,0
2024-05-13,2024,5,13,Pre-Monsoon,Kerala Coast,9.93,76.26,5,120,Normal,39.1,59.5,1010.6,0.0,13.7,136.0,58.0,37.6,59.7,1011.1,0.7,10.4,1.5,0.7,1.5,0
2024-05-13,2024,5,13,Pre-Monsoon,Gujarat Coastal,21.64,69.6,5,120,Normal,40.6,58.4,1010.2,4.5,10.7,344.0,67.0,39.3,55.3,1009.3,5.2,11.6,1.3,0.7,0.7,0
2024-05-13,2024,5,13,Pre-Monsoon,Rajasthan (West),26.91,70.9,5,120,Normal,34.3,57.8,1015.1,5.0,14.9,245.0,32.0,35.8,55.7,1014.1,3.2,12.4,1.5,1.8,1.5,0
2024-05-13,2024,5,13,Pre-Monsoon,Assam & Meghalaya,26.14,91.73,5,120,Normal,27.0,45.5,1006.5,1.3,16.9,39.0,18.0,28.9,40.7,1007.1,1.5,12.1,1.9,0.2,1.9,0
2024-05-13,2024,5,13,Pre-Monsoon,West Bengal (Gangetic),22.57,88.36,6,144,Normal,37.7,34.8,1010.5,0.0,9.5,350.0,92.0,36.6,30.4,1008.2,0.1,11.4,1.1,0.1,1.1,0
2024-05-13,2024,5,13,Pre-Monsoon,Himachal Pradesh,31.1,77.17,7,168,Normal,34.4,29.8,1006.7,0.5,7.6,322.0,11.0,33.2,25.1,1006.7,2.4,10.5,1.2,1.9,1.2,0
2024-05-13,2024,5,13,Pre-Monsoon,Kerala Coast,9.93,76.26,8,192,Normal,39.4,59.5,1013.4,1.9,1.8,254.0,38.0,37.6,62.5,1011.1,0.7,10.4,1.8,1.2,1.8,1
2024-05-13,2024,5,13,Pre-Monsoon,Maharashtra (Mumbai/Konkan),18.98,72.83,8,192,Normal,34.4,36.1,1006.7,6.4,13.1,238.0,27.0,36.2,33.7,1010.8,1.0,13.0,1.8,5.4,1.8,1
2024-05-13,2024,5,13,Pre-Monsoon,Gujarat Coastal,21.64,69.6,8,192,Normal,41.5,58.4,1009.0,0.0,10.8,284.0,87.0,39.3,56.8,1009.3,5.2,11.6,2.2,5.2,5.2,0
2024-05-13,2024,5,13,Pre-Monsoon,Himachal Pradesh,31.1,77.17,10,240,Normal,32.6,29.8,1004.0,17.7,2.9,161.0,60.0,33.2,28.9,1006.7,2.4,10.5,0.6,15.3,0.6,1
2024-05-20,2024,5,20,Pre-Monsoon,Odisha Coastal,20.27,85.84,2,48,Normal,37.9,39.6,1006.6,0.0,10.4,296.0,56.0,38.3,35.2,1006.9,0.3,14.8,0.4,0.3,0.4,0
2024-05-20,2024,5,20,Pre-Monsoon,Kerala Coast,9.93,76.26,2,48,Normal,35.9,52.5,1014.2,1.6,8.8,312.0,14.0,36.1,52.4,1014.1,0.4,8.6,0.2,1.2,0.2,0
2024-05-20,2024,5,20,Pre-Monsoon,Gujarat Coastal,21.64,69.6,2,48,Normal,37.0,37.3,1007.3,2.5,12.1,209.0,69.0,37.2,31.7,1008.1,0.1,11.1,0.2,2.4,0.2,0
2024-05-20,2024,5,20,Pre-Monsoon,West Bengal (Gangetic),22.57,88.36,2,48,Cyclone,38.3,45.9,1013.8,0.0,6.8,83.0,22.0,37.9,47.2,1012.6,6.9,7.5,0.4,6.9,6.9,0
2024-05-20,2024,5,20,Pre-Monsoon,Gujarat Coastal,21.64,69.6,4,96,Normal,37.2,37.3,1008.7,0.0,13.5,110.0,43.0,37.2,32.3,1008.1,0.1,11.1,0.0,0.1,0.0,0
2024-05-20,2024,5,20,Pre-Monsoon,Rajasthan (West),26.91,70.9,4,96,Normal,29.8,37.6,1011.9,18.7,7.6,259.0,64.0,30.3,35.7,1012.0,9.9,8.0,0.5,8.8,8.8,0
2024-05-20,2024,5,20,Pre-Monsoon,Kerala Coast,9.93,76.26,5,120,Normal,35.3,52.5,1013.5,4.6,8.4,250.0,89.0,36.1,51.1,1014.1,0.4,8.6,0.8,4.2,0.8,0
2024-05-20,2024,5,20,Pre-Monsoon,Himachal Pradesh,31.1,77.17,5,120,Normal,36.6,57.5,1008.8,0.0,3.9,149.0,26.0,31.8,55.2,1008.7,0.5,7.6,4.8,0.5,4.8,1
2024-05-20,2024,5,20,Pre-Monsoon,West Bengal (Gangetic),22.57,88.36,5,120,Cyclone,37.0,45.9,1011.5,6.0,14.8,122.0,91.0,37.9,45.4,1012.6,6.9,7.5,0.9,0.9,0.9,1
2024-05-20,2024,5,20,Pre-Monsoon,Maharashtra (Mumbai/Konkan),18.98,72.83,6,144,Normal,39.5,60.0,1010.1,8.5,5.8,254.0,29.0,39.3,60.7,1011.5,4.8,8.7,0.2,3.7,0.2,0
2024-05-20,2024,5,20,Pre-Monsoon,Assam & Meghalaya,26.14,91.73,7,168,Normal,30.8,27.4,1008.5,18.3,8.8,276.0,70.0,32.5,33.3,1011.1,9.2,11.6,1.7,9.1,9.1,0
2024-05-20,2024,5,20,Pre-Monsoon,Odisha Coastal,20.27,85.84,8,192,Normal,36.9,39.6,1004.8,0.0,10.0,184.0,47.0,38.3,42.6,1006.9,0.3,14.8,1.4,0.3,1.4,0
2024-05-20,2024,5,20,Pre-Monsoon,Maharashtra (Mumbai/Konkan),18.98,72.83,8,192,Normal,41.8,60.0,1010.4,2.6,6.8,211.0,17.0,39.3,59.8,1011.5,4.8,8.7,2.5,2.2,2.5,0
2024-05-20,2024,5,20,Pre-Monsoon,Rajasthan (West),26.91,70.9,10,240,Normal,28.9,37.6,1011.5,0.0,8.2,58.0,16.0,30.3,26.3,1012.0,9.9,8.0,1.4,9.9,9.9,0
2024-05-20,2024,5,20,Pre-Monsoon,Himachal Pradesh,31.1,77.17,10,240,Normal,34.0,57.5,1011.1,0.0,7.2,288.0,29.0,31.8,61.3,1008.7,0.5,7.6,2.2,0.5,2.2,0
2024-05-20,2024,5,20,Pre-Monsoon,Assam & Meghalaya,26.14,91.73,10,240,Normal,33.9,27.4,1012.0,0.0,8.2,113.0,36.0,32.5,25.7,1011.1,9.2,11.6,1.4,9.2,9.2,0
2024-05-27,2024,5,27,Pre-Monsoon,Rajasthan (West),26.91,70.9,1,24,Normal,41.1,44.4,1012.3,2.2,11.3,317.0,20.0,40.8,41.2,1012.4,1.3,11.0,0.3,0.9,0.3,0
2024-05-27,2024,5,27,Pre-Monsoon,Himachal Pradesh,31.1,77.17,1,24,Normal,33.4,45.9,1014.3,0.0,12.4,84.0,61.0,33.6,56.7,1014.6,0.7,10.2,0.2,0.7,0.2,0
2024-05-27,2024,5,27,Pre-Monsoon,Himachal Pradesh,31.1,77.17,2,48,Normal,33.0,45.9,1014.8,1.8,9.2,236.0,51.0,33.6,49.5,1014.6,0.7,10.2,0.6,1.1,0.6,0
2024-05-27,2024,5,27,Pre-Monsoon,Gujarat Coastal,21.64,69.6,3,72,Normal,36.8,33.1,1010.9,0.0,14.7,285.0,60.0,35.6,28.4,1010.4,0.5,13.8,1.2,0.5,1.2,0
2024-05-27,2024,5,27,Pre-Monsoon,Maharashtra (Mumbai/Konkan),18.98,72.83,4,96,Normal,40.3,45.3,1011.5,0.0,13.4,227.0,45.0,37.9,37.3,1011.5,0.2,13.0,2.4,0.2,2.4,0
2024-05-27,2024,5,27,Pre-Monsoon,Assam & Meghalaya,26.14,91.73,4,96,Normal,40.0,31.5,1016.0,4.7,16.3,162.0,65.0,39.5,34.2,1015.1,2.9,16.7,0.5,1.8,0.5,0
2024-05-27,2024,5,27,Pre-Monsoon,West Bengal (Gangetic),22.57,88.36,5,120,Normal,32.6,62.3,1008.4,0.0,4.9,342.0,92.0,34.6,63.3,1006.4,1.5,7.9,2.0,1.5,2.0,0
2024-05-27,2024,5,27,Pre-Monsoon,Odisha Coastal,20.27,85.84,6,144,Normal,40.9,58.9,1005.9,4.7,3.2,193.0,56.0,40.3,58.5,1007.2,1.3,4.9,0.6,3.4,0.6,0
2024-05-27,2024,5,27,Pre-Monsoon,Kerala Coast,9.93,76.26,6,144,Normal,35.7,53.4,1008.7,0.0,1.0,93.0,93.0,33.1,52.8,1010.0,0.4,6.5,2.6,0.4,2.6,0
2024-05-27,2024,5,27,Pre-Monsoon,Gujarat Coastal,21.64,69.6,6,144,Normal,36.1,33.1,1010.4,0.0,18.6,5.0,26.0,35.6,34.2,1010.4,0.5,13.8,0.5,0.5,0.5,0
2024-05-27,2024,5,27,Pre-Monsoon,Rajasthan (West),26.91,70.9,6,144,Normal,43.3,44.4,1012.2,8.1,14.1,317.0,63.0,40.8,46.5,1012.4,1.3,11.0,2.5,6.8,2.5,0
2024-05-27,2024,5,27,Pre-Monsoon,Kerala Coast,9.93,76.26,7,168,Normal,33.1,53.4,1012.0,0.0,4.9,100.0,50.0,33.1,52.5,1010.0,0.4,6.5,0.0,0.4,0.0,0
2024-05-27,2024,5,27,Pre-Monsoon,Maharashtra (Mumbai/Konkan),18.98,72.83,7,168,Normal,39.8,45.3,1010.0,2.0,16.8,262.0,28.0,37.9,45.0,1011.5,0.2,13.0,1.9,1.8,1.9,0
2024-05-27,2024,5,27,Pre-Monsoon,West Bengal (Gangetic),22.57,88.36,8,192,Normal,36.4,62.3,1005.7,12.6,10.0,292.0,12.0,34.6,59.7,1006.4,1.5,7.9,1.8,11.1,1.8,0
2024-05-27,2024,5,27,Pre-Monsoon,Odisha Coastal,20.27,85.84,10,240,Normal,43.5,58.9,1004.3,8.5,10.1,286.0,30.0,40.3,54.5,1007.2,1.3,4.9,3.2,7.2,3.2,1
2024-05-27,2024,5,27,Pre-Monsoon,Assam & Meghalaya,26.14,91.73,10,240,Normal,37.1,31.5,1017.0,0.0,16.3,152.0,30.0,39.5,29.1,1015.1,2.9,16.7,2.4,2.9,2.4,0
2024-06-03,2024,6,3,Monsoon,Odisha Coastal,20.27,85.84,1,24,Normal,26.0,87.2,1009.4,6.6,13.1,31.0,62.0,26.5,82.0,1008.7,4.2,12.6,0.5,2.4,0.5,0
2024-06-03,2024,6,3,Monsoon,Maharashtra (Mumbai/Konkan),18.98,72.83,1,24,Normal,26.7,85.2,1002.2,7.4,12.5,222.0,94.0,25.8,90.4,1002.8,5.0,13.0,0.9,2.4,0.9,0
2024-06-03,2024,6,3,Monsoon,Odisha Coastal,20.27,85.84,2,48,Normal,24.9,87.2,1007.9,0.0,15.4,44.0,33.0,26.5,79.2,1008.7,4.2,12.6,1.6,4.2,1.6,0
2024-06-03,2024,6,3,Monsoon,Kerala Coast,9.93,76.26,2,48,Normal,26.5,81.5,1003.3,2.0,10.6,322.0,48.0,29.6,80.4,1002.6,2.6,11.2,3.1,0.6,3.1,1
2024-06-03,2024,6,3,Monsoon,Maharashtra (Mumbai/Konkan),18.98,72.83,2,48,Normal,26.6,85.2,1003.3,4.1,13.4,304.0,43.0,25.8,88.6,1002.8,5.0,13.0,0.8,0.9,0.8,0
2024-06-03,2024,6,3,Monsoon,Himachal Pradesh,31.1,77.17,2,48,Normal,27.9,79.4,999.6,3.1,12.1,171.0,80.0,28.5,73.4,1000.9,2.5,14.2,0.6,0.6,0.6,0
2024-06-03,2024,6,3,Monsoon,West Bengal (Gangetic),22.57,88.36,2,48,Normal,30.4,96.5,1004.1,14.6,18.4,219.0,72.0,29.9,94.7,1004.7,12.0,19.4,0.5,2.6,2.6,0
2024-06-03,2024,6,3,Monsoon,Himachal Pradesh,31.1,77.17,3,72,Normal,26.7,79.4,999.7,0.0,15.4,357.0,17.0,28.5,80.2,1000.9,2.5,14.2,1.8,2.5,1.8,0
2024-06-03,2024,6,3,Monsoon,Kerala Coast,9.93,76.26,4,96,Normal,31.8,81.5,1003.6,8.6,6.8,254.0,93.0,29.6,83.3,1002.6,2.6,11.2,2.2,6.0,2.2,0
2024-06-03,2024,6,3,Monsoon,Gujarat Coastal,21.64,69.6,7,168,Normal,30.2,78.5,999.4,2.5,17.5,278.0,24.0,30.8,80.5,1001.7,11.8,17.1,0.6,9.3,9.3,0
2024-06-03,2024,6,3,Monsoon,Assam & Meghalaya,26.14,91.73,7,168,Normal,29.3,84.5,1008.4,0.0,12.3,150.0,17.0,29.1,83.1,1006.6,1.2,11.6,0.2,1.2,0.2,0
2024-06-03,2024,6,3,Monsoon,Rajasthan (West),26.91,70.9,8,192,Normal,25.4,85.5,1003.8,21.2,8.5,0.0,55.0,25.0,93.3,1002.0,0.5,17.0,0.4,20.7,0.4,1
2024-06-03,2024,6,3,Monsoon,West Bengal (Gangetic),22.57,88.36,8,192,Normal,34.3,96.5,1001.9,22.3,16.9,292.0,40.0,29.9,84.4,1004.7,12.0,19.4,4.4,10.3,10.3,1
2024-06-03,2024,6,3,Monsoon,Assam & Meghalaya,26.14,91.73,8,192,Normal,30.0,84.5,1009.0,0.0,12.3,55.0,90.0,29.1,88.6,1006.6,1.2,11.6,0.9,1.2,0.9,0
2024-06-03,2024,6,3,Monsoon,Rajasthan (West),26.91,70.9,9,216,Normal,16.6,85.5,1000.1,0.0,18.5,133.0,72.0,25.0,87.1,1002.0,0.5,17.0,8.4,0.5,8.4,1
2024-06-03,2024,6,3,Monsoon,Gujarat Coastal,21.64,69.6,10,240,Normal,36.8,78.5,1003.3,10.4,16.5,238.0,34.0,30.8,74.2,1001.7,11.8,17.1,6.0,1.4,1.4,1
2024-06-10,2024,6,10,Monsoon,Odisha Coastal,20.27,85.84,1,24,Normal,29.1,96.3,1009.8,3.8,15.3,183.0,42.0,29.8,95.6,1010.1,5.8,16.0,0.7,2.0,2.0,0
2024-06-10,2024,6,10,Monsoon,Rajasthan (West),26.91,70.9,1,24,Normal,28.4,75.3,1002.8,0.0,15.5,343.0,40.0,28.4,75.5,1002.3,3.1,15.1,0.0,3.1,0.0,0
2024-06-10,2024,6,10,Monsoon,Odisha Coastal,20.27,85.84,3,72,Normal,30.8,96.3,1008.6,2.8,11.4,115.0,43.0,29.8,103.7,1010.1,5.8,16.0,1.0,3.0,3.0,0
2024-06-10,2024,6,10,Monsoon,Maharashtra (Mumbai/Konkan),18.98,72.83,3,72,Normal,27.1,84.3,1006.7,0.0,16.0,353.0,79.0,27.8,81.1,1006.6,13.4,15.4,0.7,13.4,13.4,0
2024-06-10,2024,6,10,Monsoon,West Bengal (Gangetic),22.57,88.36,3,72,Normal,27.4,76.7,1008.6,7.0,8.6,273.0,81.0,29.2,80.1,1009.7,1.5,10.5,1.8,5.5,1.8,0
2024-06-10,2024,6,10,Monsoon,Maharashtra (Mumbai/Konkan),18.98,72.83,4,96,Normal,25.9,84.3,1009.0,26.0,14.5,353.0,13.0,27.8,84.5,1006.6,13.4,15.4,1.9,12.6,12.6,0
2024-06-10,2024,6,10,Monsoon,West Bengal (Gangetic),22.57,88.36,4,96,Normal,27.9,76.7,1007.4,0.0,8.4,21.0,78.0,29.2,78.0,1009.7,1.5,10.5,1.3,1.5,1.3,0
2024-06-10,2024,6,10,Monsoon,Gujarat Coastal,21.64,69.6,5,120,Heavy Rainfall,31.0,80.4,998.9,43.9,7.9,125.0,59.0,30.1,79.7,1000.9,75.5,10.0,0.9,31.6,31.6,1
2024-06-10,2024,6,10,Monsoon,Rajasthan (West),26.91,70.9,5,120,Normal,28.9,75.3,1001.8,0.0,11.0,352.0,39.0,28.4,75.1,1002.3,3.1,15.1,0.5,3.1,0.5,0
2024-06-10,2024,6,10,Monsoon,Assam & Meghalaya,26.14,91.73,6,144,Normal,33.7,90.9,1001.6,36.5,14.9,126.0,22.0,30.5,93.9,1000.5,25.6,18.1,3.2,10.9,10.9,1
2024-06-10,2024,6,10,Monsoon,Himachal Pradesh,31.1,77.17,7,168,Normal,28.4,84.1,1006.8,3.1,22.4,234.0,86.0,29.5,87.7,1006.3,3.0,18.4,1.1,0.1,1.1,0
2024-06-10,2024,6,10,Monsoon,Assam & Meghalaya,26.14,91.73,7,168,Normal,32.5,90.9,1000.9,4.1,18.3,289.0,17.0,30.5,91.9,1000.5,25.6,18.1,2.0,21.5,21.5,1
2024-06-10,2024,6,10,Monsoon,Kerala Coast,9.93,76.26,8,192,Normal,29.7,81.2,1007.1,12.7,13.0,202.0,82.0,28.5,78.7,1006.5,7.0,10.8,1.2,5.7,5.7,0
2024-06-10,2024,6,10,Monsoon,Kerala Coast,9.93,76.26,9,216,Normal,31.0,81.2,1008.8,4.5,12.6,319.0,49.0,28.5,84.0,1006.5,7.0,10.8,2.5,2.5,2.5,0
2024-06-10,2024,6,10,Monsoon,Gujarat Coastal,21.64,69.6,10,240,Heavy Rainfall,27.7,80.4,997.8,61.4,8.2,337.0,33.0,30.1,77.2,1000.9,75.5,10.0,2.4,14.1,14.1,1
2024-06-10,2024,6,10,Monsoon,Himachal Pradesh,31.1,77.17,10,240,Normal,26.6,84.1,1010.0,4.2,19.0,180.0,27.0,29.5,77.2,1006.3,3.0,18.4,2.9,1.2,2.9,1
2024-06-17,2024,6,17,Monsoon,Rajasthan (West),26.91,70.9,1,24,Normal,26.6,79.2,1008.9,2.5,13.1,60.0,27.0,26.6,87.7,1009.0,2.2,12.8,0.0,0.3,0.0,0
2024-06-17,2024,6,17,Monsoon,West Bengal (Gangetic),22.57,88.36,1,24,Normal,30.1,78.5,1003.7,0.0,12.7,139.0,82.0,30.2,73.8,1003.8,0.8,12.9,0.1,0.8,0.1,0
2024-06-17,2024,6,17,Monsoon,Gujarat Coastal,21.64,69.6,2,48,Normal,26.6,83.6,1001.8,23.0,8.2,80.0,86.0,27.4,81.5,1002.6,26.4,10.0,0.8,3.4,3.4,0
2024-06-17,2024,6,17,Monsoon,Maharashtra (Mumbai/Konkan),18.98,72.83,3,72,Normal,26.9,73.3,1005.2,34.7,22.0,277.0,41.0,27.4,75.2,1004.4,39.1,19.7,0.5,4.4,4.4,0
2024-06-17,2024,6,17,Monsoon,Rajasthan (West),26.91,70.9,5,120,Normal,24.7,79.2,1009.8,13.3,9.8,327.0,40.0,26.6,80.6,1009.0,2.2,12.8,1.9,11.1,1.9,0
2024-06-17,2024,6,17,Monsoon,Himachal Pradesh,31.1,77.17,5,120,Normal,28.5,81.9,1006.8,9.8,10.0,289.0,64.0,27.3,81.7,1004.9,5.8,10.2,1.2,4.0,4.0,0
2024-06-17,2024,6,17,Monsoon,West Bengal (Gangetic),22.57,88.36,6,144,Normal,29.1,78.5,1004.4,0.0,7.3,289.0,17.0,30.2,76.0,1003.8,0.8,12.9,1.1,0.8,1.1,0
2024-06-17,2024,6,17,Monsoon,Kerala Coast,9.93,76.26,7,168,Normal,26.7,75.5,1005.5,10.5,12.8,81.0,66.0,28.6,74.9,1007.3,6.4,10.5,1.9,4.1,4.1,0
2024-06-17,2024,6,17,Monsoon,Kerala Coast,9.93,76.26,8,192,Normal,31.5,75.5,1006.6,0.8,7.5,182.0,77.0,28.6,76.6,1007.3,6.4,10.5,2.9,5.6,5.6,0
2024-06-17,2024,6,17,Monsoon,Odisha Coastal,20.27,85.84,9,216,Normal,29.4,88.0,1001.3,0.0,13.5,346.0,84.0,27.1,87.9,1003.8,3.4,15.9,2.3,3.4,2.3,0
2024-06-17,2024,6,17,Monsoon,Gujarat Coastal,21.64,69.6,9,216,Normal,24.6,83.6,1001.2,55.1,12.4,144.0,39.0,27.4,92.2,1002.6,26.4,10.0,2.8,28.7,28.7,1
2024-06-17,2024,6,17,Monsoon,Assam & Meghalaya,26.14,91.73,9,216,Normal,28.9,80.1,1004.8,59.1,20.1,176.0,50.0,29.1,77.4,1006.7,32.6,19.3,0.2,26.5,26.5,1
2024-06-17,2024,6,17,Monsoon,Odisha Coastal,20.27,85.84,10,240,Normal,26.5,88.0,1004.5,25.5,16.2,294.0,82.0,27.1,88.3,1003.8,3.4,15.9,0.6,22.1,0.6,1
2024-06-17,2024,6,17,Monsoon,Maharashtra (Mumbai/Konkan),18.98,72.83,10,240,Normal,27.7,73.3,1004.5,2.3,19.4,39.0,54.0,27.4,74.2,1004.4,39.1,19.7,0.3,36.8,36.8,1
2024-06-17,2024,6,17,Monsoon,Himachal Pradesh,31.1,77.17,10,240,Normal,29.0,81.9,1006.6,0.0,10.0,335.0,48.0,27.3,81.7,1004.9,5.8,10.2,1.7,5.8,5.8,0
2024-06-17,2024,6,17,Monsoon,Assam & Meghalaya,26.14,91.73,10,240,Normal,22.6,80.1,1010.4,0.0,20.7,84.0,71.0,29.1,80.1,1006.7,32.6,19.3,6.5,32.6,32.6,1
2024-06-24,2024,6,24,Monsoon,Assam & Meghalaya,26.14,91.73,2,48,Normal,26.5,87.1,1005.3,13.1,18.5,23.0,42.0,27.0,82.8,1006.0,11.9,18.3,0.5,1.2,1.2,0
2024-06-24,2024,6,24,Monsoon,Odisha Coastal,20.27,85.84,3,72,Normal,25.7,88.0,996.8,29.4,16.9,147.0,53.0,28.0,86.5,996.6,15.1,14.1,2.3,14.3,14.3,0
2024-06-24,2024,6,24,Monsoon,Maharashtra (Mumbai/Konkan),18.98,72.83,3,72,Normal,29.0,80.5,1002.7,0.0,19.6,11.0,52.0,29.0,77.7,1003.5,1.0,19.8,0.0,1.0,0.0,0
2024-06-24,2024,6,24,Monsoon,Gujarat Coastal,21.64,69.6,3,72,Normal,26.9,74.0,1005.1,27.1,11.8,51.0,34.0,26.7,70.9,1004.3,10.0,12.8,0.2,17.1,17.1,0
2024-06-24,2024,6,24,Monsoon,West Bengal (Gangetic),22.57,88.36,3,72,Normal,28.4,89.9,1000.2,14.2,11.0,158.0,18.0,29.4,86.7,1000.2,5.8,11.7,1.0,8.4,8.4,0
2024-06-24,2024,6,24,Monsoon,Assam & Meghalaya,26.14,91.73,4,96,Normal,25.2,87.1,1007.6,13.5,17.9,176.0,33.0,27.0,85.9,1006.0,11.9,18.3,1.8,1.6,1.6,0
2024-06-24,2024,6,24,Monsoon,Himachal Pradesh,31.1,77.17,5,120,Normal,28.1,99.3,1002.7,2.1,15.6,171.0,51.0,29.0,96.8,1003.1,8.1,13.5,0.9,6.0,6.0,0
2024-06-24,2024,6,24,Monsoon,Rajasthan (West),26.91,70.9,6,144,Normal,23.7,78.6,1015.1,11.5,14.7,44.0,69.0,25.5,77.7,1012.9,6.8,15.6,1.8,4.7,4.7,0
2024-06-24,2024,6,24,Monsoon,Himachal Pradesh,31.1,77.17,6,144,Normal,28.4,99.3,1001.4,2.6,16.7,282.0,91.0,29.0,98.9,1003.1,8.1,13.5,0.6,5.5,5.5,0
2024-06-24,2024,6,24,Monsoon,West Bengal (Gangetic),22.57,88.36,7,168,Normal,29.6,89.9,1003.0,4.3,10.1,247.0,87.0,29.4,85.2,1000.2,5.8,11.7,0.2,1.5,1.5,0
2024-06-24,2024,6,24,Monsoon,Kerala Coast,9.93,76.26,8,192,Normal,25.7,83.0,1006.7,53.7,16.4,231.0,22.0,28.5,89.0,1005.0,26.7,17.0,2.8,27.0,27.0,1
2024-06-24,2024,6,24,Monsoon,Kerala Coast,9.93,76.26,9,216,Normal,32.5,83.0,1003.6,13.1,16.5,193.0,47.0,28.5,85.1,1005.0,26.7,17.0,4.0,13.6,13.6,1
2024-06-24,2024,6,24,Monsoon,Maharashtra (Mumbai/Konkan),18.98,72.83,9,216,Normal,29.9,80.5,1003.6,17.7,22.6,259.0,21.0,29.0,77.5,1003.5,1.0,19.8,0.9,16.7,0.9,0
2024-06-24,2024,6,24,Monsoon,Gujarat Coastal,21.64,69.6,9,216,Normal,32.0,74.0,1004.7,2.8,10.7,240.0,54.0,26.7,80.0,1004.3,10.0,12.8,5.3,7.2,7.2,1
2024-06-24,2024,6,24,Monsoon,Rajasthan (West),26.91,70.9,9,216,Normal,23.9,78.6,1012.6,0.0,16.8,148.0,85.0,25.5,77.8,1012.9,6.8,15.6,1.6,6.8,6.8,0
2024-06-24,2024,6,24,Monsoon,Odisha Coastal,20.27,85.84,10,240,Normal,28.3,88.0,998.3,18.2,16.7,71.0,58.0,28.0,92.3,996.6,15.1,14.1,0.3,3.1,3.1,0
2024-07-01,2024,7,1,Monsoon,Gujarat Coastal,21.64,69.6,1,24,Active Monsoon,30.4,84.8,1003.5,2.6,13.8,285.0,70.0,29.4,83.3,1003.3,2.9,14.5,1.0,0.3,1.0,0
2024-07-01,2024,7,1,Monsoon,Assam & Meghalaya,26.14,91.73,1,24,Active Monsoon,28.7,85.6,1000.2,0.0,20.5,290.0,92.0,28.3,82.3,1000.9,1.2,19.8,0.4,1.2,0.4,0
2024-07-01,2024,7,1,Monsoon,Maharashtra (Mumbai/Konkan),18.98,72.83,3,72,Active Monsoon,29.0,89.0,998.4,10.1,19.5,109.0,60.0,28.6,90.5,998.8,8.9,15.8,0.4,1.2,1.2,0
2024-07-01,2024,7,1,Monsoon,Kerala Coast,9.93,76.26,4,96,Active Monsoon,31.8,79.2,1007.3,0.0,7.2,321.0,29.0,30.4,85.8,1008.6,4.1,12.4,1.4,4.1,1.4,0
2024-07-01,2024,7,1,Monsoon,Kerala Coast,9.93,76.26,5,120,Active Monsoon,29.8,79.2,1008.3,15.4,14.3,134.0,76.0,30.4,78.8,1008.6,4.1,12.4,0.6,11.3,0.6,0
2024-07-01,2024,7,1,Monsoon,Maharashtra (Mumbai/Konkan),18.98,72.83,5,120,Active Monsoon,28.2,89.0,998.9,28.0,12.7,47.0,52.0,28.6,93.5,998.8,8.9,15.8,0.4,19.1,19.1,0
2024-07-01,2024,7,1,Monsoon,Rajasthan (West),26.91,70.9,5,120,Active Monsoon,27.8,83.7,1006.5,20.1,9.5,33.0,81.0,29.6,87.0,1005.7,6.3,12.7,1.8,13.8,13.8,0
2024-07-01,2024,7,1,Monsoon,Himachal Pradesh,31.1,77.17,5,120,Active Monsoon,23.0,80.1,995.9,1.8,12.0,63.0,86.0,26.2,87.2,997.8,3.6,10.8,3.2,1.8,3.2,1
2024-07-01,2024,7,1,Monsoon,Gujarat Coastal,21.64,69.6,7,168,Active Monsoon,27.0,84.8,1005.1,4.1,14.0,185.0,55.0,29.4,88.1,1003.3,2.9,14.5,2.4,1.2,2.4,0
2024-07-01,2024,7,1,Monsoon,West Bengal (Gangetic),22.57,88.36,7,168,Active Monsoon,29.9,87.0,998.9,22.8,16.1,277.0,39.0,30.6,83.1,1003.5,60.4,16.0,0.7,37.6,37.6,1
2024-07-01,2024,7,1,Monsoon,Odisha Coastal,20.27,85.84,8,192,Active Monsoon,28.5,83.6,1008.5,15.7,17.4,172.0,48.0,28.0,80.2,1007.6,3.1,18.9,0.5,12.6,0.5,0
2024-07-01,2024,7,1,Monsoon,Rajasthan (West),26.91,70.9,8,192,Active Monsoon,30.0,83.7,1005.1,0.7,12.0,121.0,68.0,29.6,83.8,1005.7,6.3,12.7,0.4,5.6,5.6,0
2024-07-01,2024,7,1,Monsoon,West Bengal (Gangetic),22.57,88.36,8,192,Active Monsoon,33.6,87.0,1003.2,70.0,13.2,73.0,70.0,30.6,90.7,1003.5,60.4,16.0,3.0,9.6,9.6,0
2024-07-01,2024,7,1,Monsoon,Himachal Pradesh,31.1,77.17,9,216,Active Monsoon,28.0,80.1,998.9,8.3,15.4,140.0,29.0,26.2,72.6,997.8,3.6,10.8,1.8,4.7,1.8,0
2024-07-01,2024,7,1,Monsoon,Odisha Coastal,20.27,85.84,10,240,Active Monsoon,24.2,83.6,1007.3,0.0,18.6,232.0,40.0,28.0,85.8,1007.6,3.1,18.9,3.8,3.1,3.8,1
2024-07-01,2024,7,1,Monsoon,Assam & Meghalaya,26.14,91.73,10,240,Active Monsoon,27.2,85.6,1000.7,4.4,25.4,128.0,54.0,28.3,84.0,1000.9,1.2,19.8,1.1,3.2,1.1,0
2024-07-08,2024,7,8,Monsoon,Kerala Coast,9.93,76.26,1,24,Active Monsoon,26.9,80.9,1003.2,8.1,11.4,84.0,48.0,27.3,89.2,1003.4,21.4,11.5,0.4,13.3,13.3,0
2024-07-08,2024,7,8,Monsoon,Gujarat Coastal,21.64,69.6,1,24,Active Monsoon,27.4,91.9,1002.2,14.0,11.2,250.0,65.0,27.8,90.9,1001.7,13.0,11.6,0.4,1.0,1.0,0
2024-07-08,2024,7,8,Monsoon,Assam & Meghalaya,26.14,91.73,1,24,Active Monsoon,27.5,85.3,1006.2,7.7,15.9,45.0,81.0,27.8,86.4,1006.2,3.3,17.0,0.3,4.4,0.3,0
2024-07-08,2024,7,8,Monsoon,Kerala Coast,9.93,76.26,2,48,Active Monsoon,26.8,80.9,1002.6,6.6,8.4,209.0,38.0,27.3,74.3,1003.4,21.4,11.5,0.5,14.8,14.8,0
2024-07-08,2024,7,8,Monsoon,Maharashtra (Mumbai/Konkan),18.98,72.83,2,48,Active Monsoon,28.2,87.5,1004.5,14.6,10.8,289.0,50.0,28.3,84.9,1003.3,21.1,12.3,0.1,6.5,6.5,0
2024-07-08,2024,7,8,Monsoon,Rajasthan (West),26.91,70.9,3,72,Active Monsoon,31.1,83.0,999.6,0.0,11.4,220.0,16.0,29.0,85.3,1000.4,2.1,13.7,2.1,2.1,2.1,0
2024-07-08,2024,7,8,Monsoon,Himachal Pradesh,31.1,77.17,3,72,Active Monsoon,29.7,84.4,1008.8,7.0,17.5,184.0,47.0,29.7,88.9,1008.5,3.5,18.0,0.0,3.5,0.0,0
2024-07-08,2024,7,8,Monsoon,Himachal Pradesh,31.1,77.17,4,96,Active Monsoon,30.4,84.4,1008.7,4.8,20.8,271.0,47.0,29.7,84.1,1008.5,3.5,18.0,0.7,1.3,0.7,0
2024-07-08,2024,7,8,Monsoon,West Bengal (Gangetic),22.57,88.36,4,96,Active Monsoon,27.1,76.2,1008.3,11.2,14.4,348.0,14.0,27.5,78.9,1008.5,18.8,13.2,0.4,7.6,7.6,0
2024-07-08,2024,7,8,Monsoon,Rajasthan (West),26.91,70.9,5,120,Active Monsoon,29.9,83.0,1000.5,0.0,16.3,23.0,10.0,29.0,78.5,1000.4,2.1,13.7,0.9,2.1,0.9,0
2024-07-08,2024,7,8,Monsoon,West Bengal (Gangetic),22.57,88.36,5,120,Active Monsoon,26.9,76.2,1008.9,9.1,11.7,262.0,81.0,27.5,77.0,1008.5,18.8,13.2,0.6,9.7,9.7,0
2024-07-08,2024,7,8,Monsoon,Assam & Meghalaya,26.14,91.73,8,192,Active Monsoon,28.0,85.3,1003.8,13.4,20.1,37.0,90.0,27.8,81.5,1006.2,3.3,17.0,0.2,10.1,0.2,0
2024-07-08,2024,7,8,Monsoon,Odisha Coastal,20.27,85.84,9,216,Monsoon Depression,25.6,87.0,996.1,10.4,16.9,335.0,65.0,29.5,88.1,995.0,20.9,14.3,3.9,10.5,10.5,1
2024-07-08,2024,7,8,Monsoon,Maharashtra (Mumbai/Konkan),18.98,72.83,9,216,Active Monsoon,30.8,87.5,1003.6,36.4,13.7,11.0,65.0,28.3,86.5,1003.3,21.1,12.3,2.5,15.3,15.3,0
2024-07-08,2024,7,8,Monsoon,Gujarat Coastal,21.64,69.6,9,216,Active Monsoon,31.6,91.9,1000.6,29.4,16.3,309.0,73.0,27.8,87.0,1001.7,13.0,11.6,3.8,16.4,16.4,1
2024-07-08,2024,7,8,Monsoon,Odisha Coastal,20.27,85.84,10,240,Monsoon Depression,27.3,87.0,998.8,30.4,8.5,132.0,17.0,29.5,93.6,995.0,20.9,14.3,2.2,9.5,9.5,1
2024-07-15,2024,7,15,Monsoon,Odisha Coastal,20.27,85.84,1,24,Active Monsoon,26.0,79.7,1006.8,0.0,17.4,188.0,63.0,26.7,82.5,1005.5,1.4,18.0,0.7,1.4,0.7,0
2024-07-15,2024,7,15,Monsoon,Kerala Coast,9.93,76.26,1,24,Active Monsoon,28.8,80.8,1007.9,14.3,13.8,9.0,41.0,27.5,81.0,1008.2,11.2,14.3,1.3,3.1,3.1,0
2024-07-15,2024,7,15,Monsoon,Maharashtra (Mumbai/Konkan),18.98,72.83,2,48,Active Monsoon,26.0,73.3,1004.9,31.2,13.0,322.0,89.0,26.1,75.8,1004.7,22.7,14.1,0.1,8.5,8.5,0
2024-07-15,2024,7,15,Monsoon,Gujarat Coastal,21.64,69.6,3,72,Active Monsoon,25.7,76.2,1002.2,4.9,14.5,183.0,90.0,26.5,70.4,1002.3,6.0,13.0,0.8,1.1,1.1,0
2024-07-15,2024,7,15,Monsoon,Odisha Coastal,20.27,85.84,4,96,Active Monsoon,26.1,79.7,1005.2,1.5,19.9,239.0,49.0,26.7,74.6,1005.5,1.4,18.0,0.6,0.1,0.6,0
2024-07-15,2024,7,15,Monsoon,Maharashtra (Mumbai/Konkan),18.98,72.83,4,96,Active Monsoon,27.0,73.3,1005.6,58.7,15.2,345.0,76.0,26.1,69.2,1004.7,22.7,14.1,0.9,36.0,36.0,1
2024-07-15,2024,7,15,Monsoon,West Bengal (Gangetic),22.57,88.36,4,96,Active Monsoon,27.9,79.0,1001.6,12.4,15.7,350.0,53.0,27.2,80.7,1001.7,13.2,16.5,0.7,0.8,0.8,0
2024-07-15,2024,7,15,Monsoon,Assam & Meghalaya,26.14,91.73,4,96,Active Monsoon,30.3,87.3,1005.7,37.8,15.4,184.0,87.0,27.2,86.6,1004.4,24.8,18.5,3.1,13.0,13.0,1
2024-07-15,2024,7,15,Monsoon,Gujarat Coastal,21.64,69.6,5,120,Active Monsoon,28.2,76.2,1001.1,21.7,8.8,264.0,61.0,26.5,72.6,1002.3,6.0,13.0,1.7,15.7,15.7,0
2024-07-15,2024,7,15,Monsoon,West Bengal (Gangetic),22.57,88.36,5,120,Active Monsoon,29.5,79.0,999.8,0.0,14.6,320.0,46.0,27.2,87.6,1001.7,13.2,16.5,2.3,13.2,13.2,0
2024-07-15,2024,7,15,Monsoon,Kerala Coast,9.93,76.26,6,144,Active Monsoon,30.0,80.8,1008.5,12.7,11.9,324.0,76.0,27.5,77.6,1008.2,11.2,14.3,2.5,1.5,1.5,0
2024-07-15,2024,7,15,Monsoon,Assam & Meghalaya,26.14,91.73,6,144,Active Monsoon,26.6,87.3,1004.6,36.0,15.3,229.0,38.0,27.2,82.7,1004.4,24.8,18.5,0.6,11.2,11.2,0
2024-07-15,2024,7,15,Monsoon,Rajasthan (West),26.91,70.9,7,168,Active Monsoon,26.1,80.8,1003.8,11.8,16.6,274.0,94.0,28.4,87.9,1004.9,6.3,12.4,2.3,5.5,5.5,0
2024-07-15,2024,7,15,Monsoon,Himachal Pradesh,31.1,77.17,7,168,Active Monsoon,31.9,79.3,1003.4,4.0,10.8,352.0,72.0,28.5,75.2,1002.5,0.2,7.7,3.4,3.8,3.4,1
2024-07-15,2024,7,15,Monsoon,Himachal Pradesh,31.1,77.17,8,192,Active Monsoon,28.9,79.3,1002.2,13.5,11.9,32.0,56.0,28.5,79.2,1002.5,0.2,7.7,0.4,13.3,0.4,0
2024-07-15,2024,7,15,Monsoon,Rajasthan (West),26.91,70.9,10,240,Active Monsoon,32.7,80.8,1004.2,0.0,19.7,306.0,31.0,28.4,81.0,1004.9,6.3,12.4,4.3,6.3,6.3,1
2024-07-22,2024,7,22,Monsoon,Kerala Coast,9.93,76.26,2,48,Active Monsoon,27.2,79.8,1004.3,5.8,11.0,233.0,93.0,27.9,81.4,1004.8,6.7,10.6,0.7,0.9,0.9,0
2024-07-22,2024,7,22,Monsoon,Rajasthan (West),26.91,70.9,2,48,Active Monsoon,26.5,78.6,1005.4,3.3,6.9,352.0,68.0,27.4,74.3,1005.1,3.8,6.2,0.9,0.5,0.9,0
2024-07-22,2024,7,22,Monsoon,West Bengal (Gangetic),22.57,88.36,2,48,Active Monsoon,27.3,78.9,1004.7,18.4,13.6,21.0,23.0,27.1,91.0,1004.5,15.6,13.9,0.2,2.8,2.8,0
2024-07-22,2024,7,22,Monsoon,Odisha Coastal,20.27,85.84,3,72,Active Monsoon,27.9,82.7,999.6,15.6,14.2,137.0,24.0,27.4,80.7,1001.4,9.3,15.0,0.5,6.3,6.3,0
2024-07-22,2024,7,22,Monsoon,Gujarat Coastal,21.64,69.6,3,72,Active Monsoon,27.3,80.9,1003.2,5.7,13.9,245.0,57.0,26.4,80.5,1004.9,1.9,14.4,0.9,3.8,0.9,0
2024-07-22,2024,7,22,Monsoon,Himachal Pradesh,31.1,77.17,3,72,Active Monsoon,28.7,78.3,1002.5,0.0,18.8,25.0,50.0,28.3,78.6,1002.9,1.0,18.8,0.4,1.0,0.4,0
2024-07-22,2024,7,22,Monsoon,Kerala Coast,9.93,76.26,4,96,Active Monsoon,28.3,79.8,1005.7,4.4,8.6,70.0,31.0,27.9,78.7,1004.8,6.7,10.6,0.4,2.3,2.3,0
2024-07-22,2024,7,22,Monsoon,Maharashtra (Mumbai/Konkan),18.98,72.83,4,96,Active Monsoon,27.2,97.3,1003.1,46.1,13.4,118.0,92.0,27.9,99.2,1003.2,16.2,13.5,0.7,29.9,29.9,1
2024-07-22,2024,7,22,Monsoon,West Bengal (Gangetic),22.57,88.36,4,96,Active Monsoon,28.2,78.9,1008.0,0.0,15.2,314.0,89.0,27.1,77.9,1004.5,15.6,13.9,1.1,15.6,15.6,1
2024-07-22,2024,7,22,Monsoon,Odisha Coastal,20.27,85.84,5,120,Active Monsoon,27.6,82.7,1002.7,38.5,17.8,255.0,51.0,27.4,78.1,1001.4,9.3,15.0,0.2,29.2,29.2,1
2024-07-22,2024,7,22,Monsoon,Assam & Meghalaya,26.14,91.73,6,144,Active Monsoon,29.6,83.8,1004.0,10.6,17.0,200.0,71.0,27.8,82.2,1000.1,8.8,16.8,1.8,1.8,1.8,1
2024-07-22,2024,7,22,Monsoon,Maharashtra (Mumbai/Konkan),18.98,72.83,7,168,Active Monsoon,26.2,97.3,1003.2,23.9,15.9,245.0,27.0,27.9,95.7,1003.2,16.2,13.5,1.7,7.7,7.7,0
2024-07-22,2024,7,22,Monsoon,Rajasthan (West),26.91,70.9,7,168,Active Monsoon,23.1,78.6,1004.0,0.0,5.8,131.0,33.0,27.4,78.9,1005.1,3.8,6.2,4.3,3.8,4.3,1
2024-07-22,2024,7,22,Monsoon,Assam & Meghalaya,26.14,91.73,8,192,Active Monsoon,31.0,83.8,996.8,0.6,19.0,76.0,20.0,27.8,81.5,1000.1,8.8,16.8,3.2,8.2,8.2,1
2024-07-22,2024,7,22,Monsoon,Himachal Pradesh,31.1,77.17,9,216,Active Monsoon,25.9,78.3,1002.7,0.0,20.8,93.0,28.0,28.3,75.1,1002.9,1.0,18.8,2.4,1.0,2.4,0
2024-07-22,2024,7,22,Monsoon,Gujarat Coastal,21.64,69.6,10,240,Active Monsoon,25.2,80.9,1005.5,4.0,16.0,112.0,48.0,26.4,81.6,1004.9,1.9,14.4,1.2,2.1,1.2,0
2024-07-29,2024,7,29,Monsoon,Odisha Coastal,20.27,85.84,1,24,Active Monsoon,26.8,80.3,1002.4,5.0,10.5,128.0,57.0,27.1,74.3,1001.9,4.4,12.0,0.3,0.6,0.3,0
2024-07-29,2024,7,29,Monsoon,Rajasthan (West),26.91,70.9,2,48,Active Monsoon,26.0,81.9,999.3,3.4,17.1,280.0,24.0,26.2,82.6,1000.0,4.1,16.6,0.2,0.7,0.2,0
2024-07-29,2024,7,29,Monsoon,Maharashtra (Mumbai/Konkan),18.98,72.83,3,72,Active Monsoon,27.1,77.1,1002.2,0.9,15.6,334.0,40.0,28.7,81.1,1002.7,0.5,12.5,1.6,0.4,1.6,0
2024-07-29,2024,7,29,Monsoon,Kerala Coast,9.93,76.26,5,120,Active Monsoon,27.9,85.0,1000.8,4.2,13.7,178.0,49.0,29.4,79.1,1001.9,2.7,16.4,1.5,1.5,1.5,0
2024-07-29,2024,7,29,Monsoon,Assam & Meghalaya,26.14,91.73,5,120,Active Monsoon,28.2,87.3,998.3,4.7,16.6,253.0,77.0,29.2,87.4,999.8,9.0,16.4,1.0,4.3,4.3,0
2024-07-29,2024,7,29,Monsoon,Odisha Coastal,20.27,85.84,6,144,Active Monsoon,28.8,80.3,1001.6,7.7,8.3,69.0,45.0,27.1,85.7,1001.9,4.4,12.0,1.7,3.3,1.7,0
2024-07-29,2024,7,29,Monsoon,Himachal Pradesh,31.1,77.17,6,144,Active Monsoon,24.3,82.7,1000.7,7.0,21.5,9.0,92.0,26.7,90.9,1002.1,1.4,16.8,2.4,5.6,2.4,0
2024-07-29,2024,7,29,Monsoon,West Bengal (Gangetic),22.57,88.36,6,144,Active Monsoon,28.9,83.1,1008.2,53.8,18.4,6.0,10.0,28.2,85.3,1006.5,27.2,15.3,0.7,26.6,26.6,1
2024-07-29,2024,7,29,Monsoon,Kerala Coast,9.93,76.26,7,168,Active Monsoon,24.1,85.0,1000.3,4.8,16.2,142.0,38.0,29.4,92.3,1001.9,2.7,16.4,5.3,2.1,5.3,1
2024-07-29,2024,7,29,Monsoon,West Bengal (Gangetic),22.57,88.36,7,168,Active Monsoon,26.7,83.1,1004.6,25.7,17.2,202.0,52.0,28.2,86.8,1006.5,27.2,15.3,1.5,1.5,1.5,0
2024-07-29,2024,7,29,Monsoon,Maharashtra (Mumbai/Konkan),18.98,72.83,8,192,Active Monsoon,28.7,77.1,1001.4,0.0,9.1,137.0,88.0,28.7,72.8,1002.7,0.5,12.5,0.0,0.5,0.0,0
2024-07-29,2024,7,29,Monsoon,Gujarat Coastal,21.64,69.6,8,192,Active Monsoon,32.0,75.7,1001.7,37.8,22.7,217.0,32.0,31.1,76.7,1003.9,21.7,18.1,0.9,16.1,16.1,0
2024-07-29,2024,7,29,Monsoon,Himachal Pradesh,31.1,77.17,8,192,Active Monsoon,23.5,82.7,1004.4,10.4,16.6,338.0,43.0,26.7,80.5,1002.1,1.4,16.8,3.2,9.0,3.2,1
2024-07-29,2024,7,29,Monsoon,Assam & Meghalaya,26.14,91.73,9,216,Active Monsoon,28.1,87.3,996.5,0.0,15.3,243.0,53.0,29.2,79.2,999.8,9.0,16.4,1.1,9.0,9.0,1
2024-07-29,2024,7,29,Monsoon,Gujarat Coastal,21.64,69.6,10,240,Active Monsoon,37.8,75.7,1004.7,34.4,17.9,355.0,36.0,31.1,75.8,1003.9,21.7,18.1,6.7,12.7,12.7,1
2024-07-29,2024,7,29,Monsoon,Rajasthan (West),26.91,70.9,10,240,Active Monsoon,24.6,81.9,1001.5,9.9,18.3,93.0,31.0,26.2,83.4,1000.0,4.1,16.6,1.6,5.8,1.6,0
2024-08-05,2024,8,5,Monsoon,Maharashtra (Mumbai/Konkan),18.98,72.83,1,24,Active Monsoon,28.4,76.7,1000.1,3.4,17.9,66.0,47.0,27.9,73.0,1000.4,7.2,17.2,0.5,3.8,3.8,0
2024-08-05,2024,8,5,Monsoon,Kerala Coast,9.93,76.26,2,48,Active Monsoon,29.9,76.4,1006.0,34.6,12.9,10.0,87.0,30.2,76.3,1006.8,31.9,12.9,0.3,2.7,2.7,0
2024-08-05,2024,8,5,Monsoon,Gujarat Coastal,21.64,69.6,2,48,Active Monsoon,29.0,78.4,1007.5,7.2,12.7,216.0,64.0,26.5,79.5,1006.9,3.6,13.7,2.5,3.6,2.5,0
2024-08-05,2024,8,5,Monsoon,West Bengal (Gangetic),22.57,88.36,2,48,Active Monsoon,24.6,86.5,1005.0,23.9,9.5,70.0,84.0,25.9,90.0,1004.4,31.6,11.4,1.3,7.7,7.7,0
2024-08-05,2024,8,5,Monsoon,Assam & Meghalaya,26.14,91.73,2,48,Active Monsoon,30.8,74.9,996.0,31.7,14.2,82.0,30.0,29.2,72.9,996.4,26.3,15.9,1.6,5.4,5.4,0
2024-08-05,2024,8,5,Monsoon,Odisha Coastal,20.27,85.84,3,72,Active Monsoon,31.3,87.5,1004.3,4.6,8.8,262.0,56.0,30.1,91.1,1003.5,9.9,9.7,1.2,5.3,5.3,0
2024-08-05,2024,8,5,Monsoon,Maharashtra (Mumbai/Konkan),18.98,72.83,3,72,Active Monsoon,30.1,76.7,1000.2,10.0,16.9,306.0,86.0,27.9,76.9,1000.4,7.2,17.2,2.2,2.8,2.8,0
2024-08-05,2024,8,5,Monsoon,Rajasthan (West),26.91,70.9,3,72,Active Monsoon,29.6,82.2,1001.4,0.4,14.6,204.0,64.0,30.2,78.1,1002.0,2.5,15.7,0.6,2.1,0.6,0
2024-08-05,2024,8,5,Monsoon,Assam & Meghalaya,26.14,91.73,3,72,Active Monsoon,28.8,74.9,996.7,26.4,16.6,209.0,85.0,29.2,68.9,996.4,26.3,15.9,0.4,0.1,0.1,0
2024-08-05,2024,8,5,Monsoon,Kerala Coast,9.93,76.26,5,120,Active Monsoon,29.7,76.4,1005.7,1.0,12.2,302.0,27.0,30.2,74.9,1006.8,31.9,12.9,0.5,30.9,30.9,1
2024-08-05,2024,8,5,Monsoon,Himachal Pradesh,31.1,77.17,6,144,Active Monsoon,30.6,74.2,1004.4,0.0,21.0,164.0,25.0,30.1,76.2,1002.5,1.7,19.2,0.5,1.7,0.5,0
2024-08-05,2024,8,5,Monsoon,West Bengal (Gangetic),22.57,88.36,6,144,Active Monsoon,24.4,86.5,1004.1,55.0,10.7,108.0,42.0,25.9,93.5,1004.4,31.6,11.4,1.5,23.4,23.4,1
2024-08-05,2024,8,5,Monsoon,Gujarat Coastal,21.64,69.6,8,192,Active Monsoon,23.1,78.4,1006.0,0.0,17.1,331.0,83.0,26.5,83.5,1006.9,3.6,13.7,3.4,3.6,3.4,1
2024-08-05,2024,8,5,Monsoon,Rajasthan (West),26.91,70.9,8,192,Active Monsoon,29.0,82.2,1002.9,11.3,16.7,116.0,20.0,30.2,84.1,1002.0,2.5,15.7,1.2,8.8,1.2,0
2024-08-05,2024,8,5,Monsoon,Himachal Pradesh,31.1,77.17,9,216,Active Monsoon,26.8,74.2,1001.6,6.2,20.3,221.0,87.0,30.1,68.9,1002.5,1.7,19.2,3.3,4.5,3.3,1
2024-08-05,2024,8,5,Monsoon,Odisha Coastal,20.27,85.84,10,240,Active Monsoon,28.3,87.5,1005.7,19.9,5.1,122.0,65.0,30.1,90.4,1003.5,9.9,9.7,1.8,10.0,10.0,0
2024-08-12,2024,8,12,Monsoon,Maharashtra (Mumbai/Konkan),18.98,72.83,2,48,Active Monsoon,26.5,81.4,1004.3,2.6,13.5,66.0,77.0,27.6,82.9,1004.9,2.8,14.0,1.1,0.2,1.1,0
2024-08-12,2024,8,12,Monsoon,Assam & Meghalaya,26.14,91.73,3,72,Active Monsoon,27.5,82.9,997.4,0.0,15.6,290.0,69.0,28.7,81.5,999.0,3.8,14.5,1.2,3.8,1.2,0
2024-08-12,2024,8,12,Monsoon,Odisha Coastal,20.27,85.84,4,96,Active Monsoon,27.5,88.0,1003.8,1.0,11.8,305.0,25.0,28.3,89.4,1005.2,8.2,12.4,0.8,7.2,7.2,0
2024-08-12,2024,8,12,Monsoon,Odisha Coastal,20.27,85.84,5,120,Active Monsoon,27.4,88.0,1005.0,19.2,14.5,180.0,38.0,28.3,79.4,1005.2,8.2,12.4,0.9,11.0,11.0,0
2024-08-12,2024,8,12,Monsoon,Assam & Meghalaya,26.14,91.73,5,120,Active Monsoon,28.7,82.9,1000.4,2.8,11.0,280.0,49.0,28.7,77.5,999.0,3.8,14.5,0.0,1.0,0.0,0
2024-08-12,2024,8,12,Monsoon,Gujarat Coastal,21.64,69.6,6,144,Active Monsoon,24.1,84.4,1006.2,14.6,13.4,82.0,13.0,25.9,85.2,1004.9,4.9,15.6,1.8,9.7,1.8,0
2024-08-12,2024,8,12,Monsoon,Himachal Pradesh,31.1,77.17,6,144,Active Monsoon,26.2,85.4,998.9,21.9,19.4,62.0,55.0,27.4,90.5,999.7,4.2,15.7,1.2,17.7,1.2,0
2024-08-12,2024,8,12,Monsoon,West Bengal (Gangetic),22.57,88.36,7,168,Active Monsoon,28.4,80.3,1005.1,28.4,12.2,131.0,73.0,28.8,82.3,1003.3,33.6,16.1,0.4,5.2,5.2,0
2024-08-12,2024,8,12,Monsoon,Maharashtra (Mumbai/Konkan),18.98,72.83,8,192,Active Monsoon,26.1,81.4,1004.6,17.1,11.2,359.0,47.0,27.6,77.1,1004.9,2.8,14.0,1.5,14.3,1.5,0
2024-08-12,2024,8,12,Monsoon,Gujarat Coastal,21.64,69.6,8,192,Active Monsoon,30.3,84.4,1003.6,4.7,13.7,67.0,43.0,25.9,85.0,1004.9,4.9,15.6,4.4,0.2,4.4,1
2024-08-12,2024,8,12,Monsoon,Kerala Coast,9.93,76.26,9,216,Active Monsoon,24.4,84.3,1003.3,0.0,15.3,266.0,39.0,25.4,88.2,1003.6,1.0,12.6,1.0,1.0,1.0,0
2024-08-12,2024,8,12,Monsoon,Rajasthan (West),26.91,70.9,9,216,Active Monsoon,27.4,86.5,1004.7,2.8,15.2,262.0,41.0,27.1,83.8,1006.1,4.2,12.9,0.3,1.4,0.3,0
2024-08-12,2024,8,12,Monsoon,Himachal Pradesh,31.1,77.17,9,216,Active Monsoon,27.0,85.4,996.4,0.0,13.2,139.0,25.0,27.4,92.9,999.7,4.2,15.7,0.4,4.2,0.4,1
2024-08-12,2024,8,12,Monsoon,Kerala Coast,9.93,76.26,10,240,Active Monsoon,28.4,84.3,1004.0,0.0,9.1,66.0,79.0,25.4,89.8,1003.6,1.0,12.6,3.0,1.0,3.0,0
2024-08-12,2024,8,12,Monsoon,Rajasthan (West),26.91,70.9,10,240,Active Monsoon,33.1,86.5,1008.5,5.9,11.9,55.0,34.0,27.1,89.0,1006.1,4.2,12.9,6.0,1.7,6.0,1
2024-08-12,2024,8,12,Monsoon,West Bengal (Gangetic),22.57,88.36,10,240,Active Monsoon,29.3,80.3,1005.7,0.0,10.3,276.0,43.0,28.8,75.9,1003.3,33.6,16.1,0.5,33.6,33.6,1
2024-08-19,2024,8,19,Monsoon,Rajasthan (West),26.91,70.9,1,24,Active Monsoon,28.0,76.7,1006.5,7.2,13.6,52.0,19.0,28.0,74.8,1006.7,5.6,11.1,0.0,1.6,1.6,0
2024-08-19,2024,8,19,Monsoon,West Bengal (Gangetic),22.57,88.36,2,48,Active Monsoon,28.4,81.1,1003.3,7.5,16.6,47.0,11.0,27.7,83.7,1002.2,6.1,15.8,0.7,1.4,1.4,0
2024-08-19,2024,8,19,Monsoon,Maharashtra (Mumbai/Konkan),18.98,72.83,3,72,Active Monsoon,32.2,79.8,1006.0,0.0,11.9,196.0,53.0,30.4,77.3,1007.3,5.2,10.8,1.8,5.2,5.2,0
2024-08-19,2024,8,19,Monsoon,Himachal Pradesh,31.1,77.17,3,72,Active Monsoon,26.5,77.1,1008.1,6.7,21.4,229.0,91.0,26.2,74.7,1008.4,1.8,19.7,0.3,4.9,0.3,0
2024-08-19,2024,8,19,Monsoon,Kerala Coast,9.93,76.26,4,96,Active Monsoon,35.0,80.8,1010.0,0.9,13.6,122.0,14.0,31.8,89.8,1010.2,20.3,16.8,3.2,19.4,19.4,1
2024-08-19,2024,8,19,Monsoon,Assam & Meghalaya,26.14,91.73,4,96,Active Monsoon,33.4,83.0,1010.6,13.8,10.1,69.0,60.0,33.2,80.3,1009.7,4.9,11.6,0.2,8.9,0.2,0
2024-08-19,2024,8,19,Monsoon,Kerala Coast,9.93,76.26,5,120,Active Monsoon,31.4,80.8,1011.1,5.3,16.6,127.0,72.0,31.8,78.5,1010.2,20.3,16.8,0.4,15.0,15.0,0
2024-08-19,2024,8,19,Monsoon,Odisha Coastal,20.27,85.84,6,144,Active Monsoon,26.4,71.6,1004.4,56.3,10.1,217.0,78.0,26.6,65.0,1002.2,31.2,15.9,0.2,25.1,25.1,1
2024-08-19,2024,8,19,Monsoon,Gujarat Coastal,21.64,69.6,6,144,Active Monsoon,30.9,90.0,1008.9,6.2,8.6,204.0,17.0,29.2,89.0,1007.1,3.4,13.1,1.7,2.8,1.7,0
2024-08-19,2024,8,19,Monsoon,Rajasthan (West),26.91,70.9,6,144,Active Monsoon,30.3,76.7,1007.2,3.1,9.9,71.0,67.0,28.0,80.0,1006.7,5.6,11.1,2.3,2.5,2.5,0
2024-08-19,2024,8,19,Monsoon,Assam & Meghalaya,26.14,91.73,6,144,Active Monsoon,31.6,83.0,1012.5,1.5,13.6,239.0,87.0,33.2,85.3,1009.7,4.9,11.6,1.6,3.4,1.6,0
2024-08-19,2024,8,19,Monsoon,Odisha Coastal,20.27,85.84,7,168,Active Monsoon,26.1,71.6,1000.2,41.2,12.4,190.0,15.0,26.6,67.0,1002.2,31.2,15.9,0.5,10.0,10.0,0
2024-08-19,2024,8,19,Monsoon,West Bengal (Gangetic),22.57,88.36,8,192,Active Monsoon,27.6,81.1,999.7,11.0,14.1,166.0,27.0,27.7,77.4,1002.2,6.1,15.8,0.1,4.9,4.9,0
2024-08-19,2024,8,19,Monsoon,Maharashtra (Mumbai/Konkan),18.98,72.83,9,216,Active Monsoon,31.1,79.8,1004.6,11.5,13.3,86.0,88.0,30.4,87.0,1007.3,5.2,10.8,0.7,6.3,6.3,0
2024-08-19,2024,8,19,Monsoon,Gujarat Coastal,21.64,69.6,9,216,Active Monsoon,26.2,90.0,1006.6,0.0,13.8,160.0,87.0,29.2,86.8,1007.1,3.4,13.1,3.0,3.4,3.0,0
2024-08-19,2024,8,19,Monsoon,Himachal Pradesh,31.1,77.17,10,240,Active Monsoon,25.7,77.1,1011.4,20.5,27.0,313.0,90.0,26.2,74.9,1008.4,1.8,19.7,0.5,18.7,0.5,1
2024-08-26,2024,8,26,Monsoon,Assam & Meghalaya,26.14,91.73,1,24,Active Monsoon,27.7,85.2,1002.8,7.5,16.4,287.0,67.0,27.8,88.9,1003.3,14.4,17.2,0.1,6.9,6.9,0
2024-08-26,2024,8,26,Monsoon,Gujarat Coastal,21.64,69.6,2,48,Active Monsoon,26.9,87.3,1005.9,3.2,11.1,101.0,75.0,28.2,85.2,1007.2,0.1,11.6,1.3,3.1,1.3,0
2024-08-26,2024,8,26,Monsoon,Maharashtra (Mumbai/Konkan),18.98,72.83,3,72,Active Monsoon,27.6,83.5,1008.4,4.4,19.0,13.0,76.0,26.6,84.1,1009.6,1.3,14.5,1.0,3.1,1.0,0
2024-08-26,2024,8,26,Monsoon,West Bengal (Gangetic),22.57,88.36,4,96,Active Monsoon,28.6,87.0,1003.0,13.4,11.4,144.0,74.0,27.9,87.0,1003.2,4.1,10.5,0.7,9.3,0.7,0
2024-08-26,2024,8,26,Monsoon,Kerala Coast,9.93,76.26,5,120,Active Monsoon,25.4,76.2,1006.2,0.0,15.5,190.0,46.0,26.5,73.5,1005.7,1.1,16.5,1.1,1.1,1.1,0
2024-08-26,2024,8,26,Monsoon,Gujarat Coastal,21.64,69.6,5,120,Active Monsoon,27.8,87.3,1006.0,4.8,12.0,80.0,64.0,28.2,87.4,1007.2,0.1,11.6,0.4,4.7,0.4,0
2024-08-26,2024,8,26,Monsoon,Assam & Meghalaya,26.14,91.73,5,120,Active Monsoon,26.1,85.2,1002.6,0.0,21.3,18.0,81.0,27.8,84.8,1003.3,14.4,17.2,1.7,14.4,14.4,0
2024-08-26,2024,8,26,Monsoon,Odisha Coastal,20.27,85.84,6,144,Active Monsoon,28.5,74.0,1005.7,10.0,15.8,101.0,48.0,27.2,70.4,1006.0,5.6,16.8,1.3,4.4,4.4,0
2024-08-26,2024,8,26,Monsoon,Kerala Coast,9.93,76.26,6,144,Active Monsoon,26.9,76.2,1006.8,2.2,15.8,39.0,57.0,26.5,82.5,1005.7,1.1,16.5,0.4,1.1,0.4,0
2024-08-26,2024,8,26,Monsoon,Maharashtra (Mumbai/Konkan),18.98,72.83,6,144,Active Monsoon,27.9,83.5,1010.1,4.0,18.9,222.0,51.0,26.6,81.9,1009.6,1.3,14.5,1.3,2.7,1.3,0
2024-08-26,2024,8,26,Monsoon,Rajasthan (West),26.91,70.9,6,144,Active Monsoon,29.1,74.5,1005.1,2.4,5.8,297.0,78.0,28.6,76.7,1004.4,2.2,9.7,0.5,0.2,0.5,0
2024-08-26,2024,8,26,Monsoon,Himachal Pradesh,31.1,77.17,6,144,Active Monsoon,27.7,75.3,1006.0,20.9,10.8,256.0,10.0,28.5,73.4,1006.4,6.1,13.8,0.8,14.8,14.8,0
2024-08-26,2024,8,26,Monsoon,Rajasthan (West),26.91,70.9,7,168,Active Monsoon,31.8,74.5,1003.9,0.0,12.3,74.0,37.0,28.6,69.2,1004.4,2.2,9.7,3.2,2.2,3.2,1
2024-08-26,2024,8,26,Monsoon,Odisha Coastal,20.27,85.84,8,192,Active Monsoon,27.9,74.0,1004.2,16.7,19.0,351.0,52.0,27.2,71.2,1006.0,5.6,16.8,0.7,11.1,11.1,0
2024-08-26,2024,8,26,Monsoon,Himachal Pradesh,31.1,77.17,8,192,Active Monsoon,31.1,75.3,1009.3,0.4,13.9,238.0,76.0,28.5,85.8,1006.4,6.1,13.8,2.6,5.7,5.7,0
2024-08-26,2024,8,26,Monsoon,West Bengal (Gangetic),22.57,88.36,9,216,Active Monsoon,29.9,87.0,1004.0,9.7,7.3,246.0,92.0,27.9,88.9,1003.2,4.1,10.5,2.0,5.6,2.0,0
2024-09-02,2024,9,2,Monsoon,Kerala Coast,9.93,76.26,1,24,Normal,26.3,82.2,1010.4,2.8,13.6,85.0,88.0,26.1,82.2,1009.5,1.0,13.2,0.2,1.8,0.2,0
2024-09-02,2024,9,2,Monsoon,Maharashtra (Mumbai/Konkan),18.98,72.83,1,24,Normal,30.2,86.5,1005.4,5.8,14.4,249.0,45.0,29.5,88.2,1005.3,9.3,15.1,0.7,3.5,3.5,0
2024-09-02,2024,9,2,Monsoon,Odisha Coastal,20.27,85.84,2,48,Normal,28.5,80.6,1002.8,9.9,14.1,280.0,24.0,27.5,77.6,1001.9,6.8,13.5,1.0,3.1,3.1,0
2024-09-02,2024,9,2,Monsoon,West Bengal (Gangetic),22.57,88.36,2,48,Normal,28.5,88.2,998.9,21.5,17.8,171.0,87.0,29.0,90.3,999.5,14.8,17.6,0.5,6.7,6.7,0
2024-09-02,2024,9,2,Monsoon,Himachal Pradesh,31.1,77.17,4,96,Normal,24.9,77.8,1004.7,0.0,12.0,18.0,92.0,26.8,81.8,1004.9,0.3,12.9,1.9,0.3,1.9,0
2024-09-02,2024,9,2,Monsoon,Gujarat Coastal,21.64,69.6,5,120,Normal,28.1,90.9,1008.1,23.2,21.7,225.0,14.0,28.4,95.2,1007.3,10.2,20.5,0.3,13.0,13.0,0
2024-09-02,2024,9,2,Monsoon,Kerala Coast,9.93,76.26,6,144,Normal,26.0,82.2,1009.4,1.1,11.1,321.0,80.0,26.1,85.6,1009.5,1.0,13.2,0.1,0.1,0.1,0
2024-09-02,2024,9,2,Monsoon,Rajasthan (West),26.91,70.9,6,144,Normal,29.9,85.5,1004.8,1.7,10.9,176.0,79.0,28.5,82.0,1003.8,0.4,13.8,1.4,1.3,1.4,0
2024-09-02,2024,9,2,Monsoon,Himachal Pradesh,31.1,77.17,6,144,Normal,26.2,77.8,1006.1,6.4,11.8,79.0,25.0,26.8,75.8,1004.9,0.3,12.9,0.6,6.1,0.6,0
2024-09-02,2024,9,2,Monsoon,Odisha Coastal,20.27,85.84,7,168,Normal,28.6,80.6,1001.1,0.2,15.5,29.0,89.0,27.5,74.5,1001.9,6.8,13.5,1.1,6.6,6.6,0
2024-09-02,2024,9,2,Monsoon,Gujarat Coastal,21.64,69.6,8,192,Normal,27.9,90.9,1006.2,29.6,18.9,211.0,93.0,28.4,83.9,1007.3,10.2,20.5,0.5,19.4,19.4,0
2024-09-02,2024,9,2,Monsoon,Rajasthan (West),26.91,70.9,8,192,Normal,26.0,85.5,1001.5,5.7,10.4,344.0,60.0,28.5,85.1,1003.8,0.4,13.8,2.5,5.3,2.5,0
2024-09-02,2024,9,2,Monsoon,West Bengal (Gangetic),22.57,88.36,8,192,Normal,26.8,88.2,996.7,8.8,19.1,312.0,23.0,29.0,84.6,999.5,14.8,17.6,2.2,6.0,6.0,0
2024-09-02,2024,9,2,Monsoon,Maharashtra (Mumbai/Konkan),18.98,72.83,9,216,Normal,31.1,86.5,1001.0,0.0,17.2,218.0,77.0,29.5,81.6,1005.3,9.3,15.1,1.6,9.3,9.3,1
2024-09-02,2024,9,2,Monsoon,Assam & Meghalaya,26.14,91.73,9,216,Normal,26.9,86.3,1000.3,9.4,12.5,225.0,52.0,28.7,93.2,1002.4,4.5,17.6,1.8,4.9,1.8,0
2024-09-02,2024,9,2,Monsoon,Assam & Meghalaya,26.14,91.73,10,240,Normal,28.2,86.3,1003.8,3.8,13.7,242.0,62.0,28.7,78.8,1002.4,4.5,17.6,0.5,0.7,0.5,0
2024-09-09,2024,9,9,Monsoon,Odisha Coastal,20.27,85.84,1,24,Normal,30.2,81.6,1003.0,12.7,15.1,330.0,43.0,29.6,84.9,1002.3,10.7,14.7,0.6,2.0,2.0,0
2024-09-09,2024,9,9,Monsoon,Kerala Coast,9.93,76.26,1,24,Normal,27.8,77.7,1006.4,5.2,11.6,144.0,37.0,28.4,75.3,1006.0,4.7,10.9,0.6,0.5,0.6,0
2024-09-09,2024,9,9,Monsoon,Gujarat Coastal,21.64,69.6,1,24,Normal,26.5,86.6,1002.8,17.7,18.2,40.0,19.0,27.5,88.0,1003.3,19.2,16.6,1.0,1.5,1.5,0
2024-09-09,2024,9,9,Monsoon,West Bengal (Gangetic),22.57,88.36,1,24,Normal,28.9,87.4,1004.7,5.6,17.4,246.0,78.0,29.0,92.2,1004.6,11.5,19.3,0.1,5.9,5.9,0
2024-09-09,2024,9,9,Monsoon,Odisha Coastal,20.27,85.84,2,48,Normal,28.6,81.6,1000.6,17.4,14.0,323.0,12.0,29.6,84.2,1002.3,10.7,14.7,1.0,6.7,6.7,0
2024-09-09,2024,9,9,Monsoon,West Bengal (Gangetic),22.57,88.36,2,48,Normal,28.5,87.4,1004.1,13.0,17.1,258.0,86.0,29.0,88.0,1004.6,11.5,19.3,0.5,1.5,1.5,0
2024-09-09,2024,9,9,Monsoon,Kerala Coast,9.93,76.26,3,72,Normal,26.9,77.7,1005.0,3.0,9.6,142.0,22.0,28.4,77.8,1006.0,4.7,10.9,1.5,1.7,1.5,0
2024-09-09,2024,9,9,Monsoon,Gujarat Coastal,21.64,69.6,3,72,Normal,27.8,86.6,1004.0,29.4,15.6,279.0,81.0,27.5,81.7,1003.3,19.2,16.6,0.3,10.2,10.2,0
2024-09-09,2024,9,9,Monsoon,Rajasthan (West),26.91,70.9,4,96,Normal,25.8,76.8,1000.2,6.8,20.9,103.0,54.0,27.3,77.3,1000.9,0.6,18.4,1.5,6.2,1.5,0
2024-09-09,2024,9,9,Monsoon,Rajasthan (West),26.91,70.9,5,120,Normal,26.8,76.8,1000.3,4.9,14.8,319.0,52.0,27.3,72.7,1000.9,0.6,18.4,0.5,4.3,0.5,0
2024-09-09,2024,9,9,Monsoon,Himachal Pradesh,31.1,77.17,6,144,Normal,28.7,86.7,1001.7,0.0,14.0,214.0,89.0,27.1,90.6,1003.1,0.1,11.3,1.6,0.1,1.6,0
2024-09-09,2024,9,9,Monsoon,Himachal Pradesh,31.1,77.17,7,168,Normal,27.5,86.7,1003.3,0.0,9.3,184.0,69.0,27.1,89.3,1003.1,0.1,11.3,0.4,0.1,0.4,0
2024-09-09,2024,9,9,Monsoon,Maharashtra (Mumbai/Konkan),18.98,72.83,8,192,Normal,25.5,81.0,1000.0,1.7,13.5,199.0,19.0,28.0,86.1,1001.6,0.2,17.1,2.5,1.5,2.5,0
2024-09-09,2024,9,9,Monsoon,Maharashtra (Mumbai/Konkan),18.98,72.83,9,216,Normal,27.8,81.0,1004.6,0.2,21.3,210.0,48.0,28.0,83.3,1001.6,0.2,17.1,0.2,0.0,0.2,0
2024-09-09,2024,9,9,Monsoon,Assam & Meghalaya,26.14,91.73,9,216,Normal,25.4,94.0,1003.5,25.3,15.8,108.0,19.0,26.9,96.3,1003.8,7.8,12.1,1.5,17.5,17.5,0
2024-09-09,2024,9,9,Monsoon,Assam & Meghalaya,26.14,91.73,10,240,Normal,23.0,94.0,1003.2,1.7,7.7,350.0,87.0,26.9,98.0,1003.8,7.8,12.1,3.9,6.1,6.1,1
2024-09-16,2024,9,16,Monsoon,Gujarat Coastal,21.64,69.6,1,24,Normal,29.1,78.3,1000.1,12.6,10.5,231.0,43.0,29.5,69.7,999.9,14.0,11.7,0.4,1.4,1.4,0
2024-09-16,2024,9,16,Monsoon,Rajasthan (West),26.91,70.9,1,24,Normal,29.6,83.2,1003.0,0.0,14.8,104.0,84.0,29.5,85.1,1002.7,3.7,13.7,0.1,3.7,0.1,0
2024-09-16,2024,9,16,Monsoon,Kerala Coast,9.93,76.26,3,72,Normal,27.7,86.3,1006.1,70.0,8.5,306.0,23.0,29.6,92.6,1005.9,51.0,10.8,1.9,19.0,19.0,0
2024-09-16,2024,9,16,Monsoon,Assam & Meghalaya,26.14,91.73,4,96,Normal,25.2,78.1,1005.6,0.0,17.0,21.0,74.0,28.1,85.0,1005.4,0.4,16.1,2.9,0.4,2.9,0
2024-09-16,2024,9,16,Monsoon,Gujarat Coastal,21.64,69.6,5,120,Normal,31.1,78.3,997.9,1.5,8.4,226.0,31.0,29.5,83.9,999.9,14.0,11.7,1.6,12.5,12.5,0
2024-09-16,2024,9,16,Monsoon,Rajasthan (West),26.91,70.9,5,120,Normal,29.2,83.2,1002.7,4.5,18.1,268.0,91.0,29.5,83.6,1002.7,3.7,13.7,0.3,0.8,0.3,0
2024-09-16,2024,9,16,Monsoon,West Bengal (Gangetic),22.57,88.36,5,120,Normal,27.3,86.2,1006.4,6.4,10.4,157.0,16.0,26.5,76.7,1007.8,10.5,6.6,0.8,4.1,4.1,0
2024-09-16,2024,9,16,Monsoon,West Bengal (Gangetic),22.57,88.36,6,144,Normal,26.3,86.2,1006.7,24.0,4.5,306.0,28.0,26.5,85.0,1007.8,10.5,6.6,0.2,13.5,13.5,0
2024-09-16,2024,9,16,Monsoon,Assam & Meghalaya,26.14,91.73,6,144,Normal,29.4,78.1,1003.6,5.3,17.7,86.0,47.0,28.1,85.8,1005.4,0.4,16.1,1.3,4.9,1.3,0
2024-09-16,2024,9,16,Monsoon,Odisha Coastal,20.27,85.84,7,168,Normal,36.1,90.3,1005.8,13.9,16.3,66.0,15.0,29.0,95.7,1006.5,6.4,12.9,7.1,7.5,7.5,1
2024-09-16,2024,9,16,Monsoon,Himachal Pradesh,31.1,77.17,7,168,Normal,28.7,73.4,1000.8,24.9,8.6,94.0,78.0,31.0,78.6,1000.6,5.1,10.7,2.3,19.8,19.8,0
2024-09-16,2024,9,16,Monsoon,Kerala Coast,9.93,76.26,8,192,Normal,29.5,86.3,1004.9,0.0,7.5,334.0,68.0,29.6,91.7,1005.9,51.0,10.8,0.1,51.0,51.0,1
2024-09-16,2024,9,16,Monsoon,Maharashtra (Mumbai/Konkan),18.98,72.83,8,192,Normal,30.6,70.0,1005.4,8.8,10.1,178.0,92.0,30.0,70.3,1005.4,3.2,7.4,0.6,5.6,0.6,0
2024-09-16,2024,9,16,Monsoon,Himachal Pradesh,31.1,77.17,8,192,Normal,31.8,73.4,1001.8,0.1,7.5,199.0,19.0,31.0,81.4,1000.6,5.1,10.7,0.8,5.0,5.0,0
2024-09-16,2024,9,16,Monsoon,Odisha Coastal,20.27,85.84,9,216,Normal,26.2,90.3,1005.6,10.4,14.3,145.0,89.0,29.0,86.2,1006.5,6.4,12.9,2.8,4.0,4.0,0
2024-09-16,2024,9,16,Monsoon,Maharashtra (Mumbai/Konkan),18.98,72.83,10,240,Normal,27.6,70.0,1005.5,0.0,1.0,318.0,68.0,30.0,78.0,1005.4,3.2,7.4,2.4,3.2,2.4,0
2024-09-23,2024,9,23,Monsoon,Gujarat Coastal,21.64,69.6,1,24,Normal,26.8,81.8,1006.0,4.8,13.1,99.0,11.0,27.9,72.8,1005.6,2.2,13.6,1.1,2.6,1.1,0
2024-09-23,2024,9,23,Monsoon,Assam & Meghalaya,26.14,91.73,1,24,Normal,27.3,87.5,1005.1,14.8,14.7,165.0,52.0,28.6,88.3,1006.1,18.6,13.9,1.3,3.8,3.8,0
2024-09-23,2024,9,23,Monsoon,West Bengal (Gangetic),22.57,88.36,4,96,Normal,26.4,85.7,1006.8,8.6,12.3,127.0,29.0,28.9,85.8,1005.2,1.4,14.0,2.5,7.2,2.5,0
2024-09-23,2024,9,23,Monsoon,Assam & Meghalaya,26.14,91.73,4,96,Normal,28.4,87.5,1004.5,10.5,14.4,296.0,76.0,28.6,92.3,1006.1,18.6,13.9,0.2,8.1,8.1,0
2024-09-23,2024,9,23,Monsoon,Odisha Coastal,20.27,85.84,5,120,Normal,31.1,68.5,1001.4,10.7,12.7,7.0,74.0,31.4,63.9,1003.7,15.0,11.5,0.3,4.3,4.3,0
2024-09-23,2024,9,23,Monsoon,Odisha Coastal,20.27,85.84,6,144,Normal,33.6,68.5,1003.6,5.8,8.6,140.0,74.0,31.4,66.1,1003.7,15.0,11.5,2.2,9.2,9.2,0
2024-09-23,2024,9,23,Monsoon,Gujarat Coastal,21.64,69.6,7,168,Normal,25.6,81.8,1002.9,5.4,13.5,311.0,34.0,27.9,81.3,1005.6,2.2,13.6,2.3,3.2,2.3,0
2024-09-23,2024,9,23,Monsoon,Himachal Pradesh,31.1,77.17,7,168,Normal,27.8,86.6,1002.0,1.3,15.0,72.0,24.0,27.7,86.4,1002.7,5.8,11.9,0.1,4.5,4.5,0
2024-09-23,2024,9,23,Monsoon,Kerala Coast,9.93,76.26,8,192,Normal,26.7,84.7,1006.2,28.5,15.9,339.0,87.0,29.9,87.0,1006.4,17.7,17.8,3.2,10.8,10.8,1
2024-09-23,2024,9,23,Monsoon,Maharashtra (Mumbai/Konkan),18.98,72.83,8,192,Normal,30.1,77.7,1002.6,14.9,16.6,155.0,51.0,29.6,75.5,1001.1,16.1,13.7,0.5,1.2,1.2,0
2024-09-23,2024,9,23,Monsoon,Rajasthan (West),26.91,70.9,8,192,Normal,29.0,79.9,1001.2,0.0,13.3,243.0,36.0,27.3,79.0,1000.7,6.3,12.9,1.7,6.3,6.3,0
2024-09-23,2024,9,23,Monsoon,Himachal Pradesh,31.1,77.17,8,192,Normal,30.3,86.6,1000.2,0.0,15.2,150.0,25.0,27.7,90.5,1002.7,5.8,11.9,2.6,5.8,5.8,0
2024-09-23,2024,9,23,Monsoon,Rajasthan (West),26.91,70.9,9,216,Normal,25.5,79.9,995.2,1.9,12.7,77.0,83.0,27.3,82.5,1000.7,6.3,12.9,1.8,4.4,4.4,1
2024-09-23,2024,9,23,Monsoon,Kerala Coast,9.93,76.26,10,240,Normal,30.9,84.7,1005.5,0.0,12.7,297.0,80.0,29.9,93.0,1006.4,17.7,17.8,1.0,17.7,17.7,0
2024-09-23,2024,9,23,Monsoon,Maharashtra (Mumbai/Konkan),18.98,72.83,10,240,Normal,27.2,77.7,998.5,0.0,8.5,79.0,56.0,29.6,82.8,1001.1,16.1,13.7,2.4,16.1,16.1,0
2024-09-23,2024,9,23,Monsoon,West Bengal (Gangetic),22.57,88.36,10,240,Normal,32.8,85.7,1008.7,0.0,6.2,121.0,11.0,28.9,81.8,1005.2,1.4,14.0,3.9,1.4,3.9,1
2024-09-30,2024,9,30,Monsoon,Rajasthan (West),26.91,70.9,2,48,Normal,28.1,82.3,1001.0,1.9,12.0,155.0,64.0,28.3,84.2,1001.1,0.8,10.3,0.2,1.1,0.2,0
2024-09-30,2024,9,30,Monsoon,Himachal Pradesh,31.1,77.17,2,48,Normal,26.4,74.3,1006.1,0.8,9.2,337.0,73.0,26.1,70.4,1005.4,0.4,10.7,0.3,0.4,0.3,0
2024-09-30,2024,9,30,Monsoon,Gujarat Coastal,21.64,69.6,3,72,Normal,28.1,80.5,1003.9,42.8,10.3,264.0,72.0,28.2,75.1,1002.9,24.6,10.2,0.1,18.2,18.2,0
2024-09-30,2024,9,30,Monsoon,Himachal Pradesh,31.1,77.17,3,72,Normal,25.6,74.3,1007.0,1.0,14.4,222.0,23.0,26.1,71.0,1005.4,0.4,10.7,0.5,0.6,0.5,0
2024-09-30,2024,9,30,Monsoon,West Bengal (Gangetic),22.57,88.36,3,72,Normal,26.2,83.5,1007.1,36.8,16.8,179.0,52.0,27.0,88.0,1008.6,23.4,14.2,0.8,13.4,13.4,0
2024-09-30,2024,9,30,Monsoon,Odisha Coastal,20.27,85.84,4,96,Normal,30.4,84.2,1009.7,0.0,13.2,233.0,79.0,29.9,90.2,1007.3,24.5,14.0,0.5,24.5,24.5,1
2024-09-30,2024,9,30,Monsoon,Kerala Coast,9.93,76.26,4,96,Normal,29.9,91.3,1001.9,37.2,24.2,110.0,67.0,30.4,95.1,1001.5,21.5,23.2,0.5,15.7,15.7,0
2024-09-30,2024,9,30,Monsoon,Assam & Meghalaya,26.14,91.73,4,96,Normal,27.5,65.0,1005.4,6.1,16.2,196.0,77.0,28.3,68.0,1005.9,3.7,19.4,0.8,2.4,0.8,0
2024-09-30,2024,9,30,Monsoon,Maharashtra (Mumbai/Konkan),18.98,72.83,6,144,Normal,32.9,81.6,1007.3,17.1,14.7,265.0,93.0,28.8,75.7,1005.2,7.6,13.0,4.1,9.5,9.5,1
2024-09-30,2024,9,30,Monsoon,Maharashtra (Mumbai/Konkan),18.98,72.83,7,168,Normal,25.3,81.6,1007.2,4.1,13.5,199.0,64.0,28.8,87.0,1005.2,7.6,13.0,3.5,3.5,3.5,1
2024-09-30,2024,9,30,Monsoon,Assam & Meghalaya,26.14,91.73,7,168,Normal,29.7,65.0,1003.4,17.0,20.7,192.0,45.0,28.3,63.4,1005.9,3.7,19.4,1.4,13.3,1.4,0
2024-09-30,2024,9,30,Monsoon,Gujarat Coastal,21.64,69.6,8,192,Normal,26.1,80.5,1004.1,56.1,7.2,241.0,86.0,28.2,79.7,1002.9,24.6,10.2,2.1,31.5,31.5,1
2024-09-30,2024,9,30,Monsoon,West Bengal (Gangetic),22.57,88.36,8,192,Normal,28.7,83.5,1014.2,4.3,11.7,338.0,17.0,27.0,80.9,1008.6,23.4,14.2,1.7,19.1,19.1,1
2024-09-30,2024,9,30,Monsoon,Odisha Coastal,20.27,85.84,9,216,Normal,31.9,84.2,1006.9,36.1,15.6,342.0,55.0,29.9,80.4,1007.3,24.5,14.0,2.0,11.6,11.6,0
2024-09-30,2024,9,30,Monsoon,Rajasthan (West),26.91,70.9,9,216,Normal,29.6,82.3,1001.1,9.7,11.5,121.0,30.0,28.3,83.7,1001.1,0.8,10.3,1.3,8.9,1.3,0
2024-09-30,2024,9,30,Monsoon,Kerala Coast,9.93,76.26,10,240,Normal,35.6,91.3,1002.0,26.4,22.8,146.0,72.0,30.4,88.8,1001.5,21.5,23.2,5.2,4.9,4.9,1
2024-10-07,2024,10,7,Post-Monsoon,Maharashtra (Mumbai/Konkan),18.98,72.83,2,48,Normal,26.8,56.4,1010.7,6.9,13.7,358.0,72.0,25.5,66.5,1011.8,3.1,11.7,1.3,3.8,1.3,0
2024-10-07,2024,10,7,Post-Monsoon,Gujarat Coastal,21.64,69.6,3,72,Normal,27.9,87.9,1009.5,1.1,10.1,121.0,92.0,26.8,86.1,1008.5,10.2,12.5,1.1,9.1,9.1,0
2024-10-07,2024,10,7,Post-Monsoon,West Bengal (Gangetic),22.57,88.36,3,72,Normal,27.7,69.5,1011.1,10.7,1.0,2.0,36.0,28.6,69.0,1013.4,9.7,1.4,0.9,1.0,1.0,0
2024-10-07,2024,10,7,Post-Monsoon,Odisha Coastal,20.27,85.84,5,120,Normal,28.6,68.7,1013.7,0.0,2.9,347.0,32.0,28.5,73.8,1013.3,5.1,8.1,0.1,5.1,5.1,0
2024-10-07,2024,10,7,Post-Monsoon,Kerala Coast,9.93,76.26,5,120,Normal,30.1,71.8,1011.7,0.0,17.7,198.0,22.0,30.7,74.9,1010.6,3.1,19.4,0.6,3.1,0.6,0
2024-10-07,2024,10,7,Post-Monsoon,Maharashtra (Mumbai/Konkan),18.98,72.83,5,120,Normal,25.4,56.4,1010.3,4.7,14.3,334.0,74.0,25.5,67.8,1011.8,3.1,11.7,0.1,1.6,0.1,0
2024-10-07,2024,10,7,Post-Monsoon,Rajasthan (West),26.91,70.9,5,120,Normal,30.7,75.8,1014.1,0.0,12.9,64.0,39.0,28.7,79.4,1014.4,0.5,9.9,2.0,0.5,2.0,0
2024-10-07,2024,10,7,Post-Monsoon,Himachal Pradesh,31.1,77.17,5,120,Normal,26.6,75.2,1013.7,13.6,12.5,72.0,56.0,27.2,75.0,1012.7,3.3,10.7,0.6,10.3,0.6,0
2024-10-07,2024,10,7,Post-Monsoon,Kerala Coast,9.93,76.26,6,144,Normal,28.5,71.8,1010.6,8.3,18.4,123.0,48.0,30.7,68.1,1010.6,3.1,19.4,2.2,5.2,2.2,0
2024-10-07,2024,10,7,Post-Monsoon,Himachal Pradesh,31.1,77.17,7,168,Normal,27.1,75.2,1012.8,10.7,10.0,65.0,39.0,27.2,84.9,1012.7,3.3,10.7,0.1,7.4,0.1,0
2024-10-07,2024,10,7,Post-Monsoon,West Bengal (Gangetic),22.57,88.36,7,168,Normal,29.6,69.5,1014.2,12.3,1.0,312.0,48.0,28.6,72.0,1013.4,9.7,1.4,1.0,2.6,2.6,0
2024-10-07,2024,10,7,Post-Monsoon,Rajasthan (West),26.91,70.9,8,192,Normal,27.7,75.8,1012.7,11.3,6.0,13.0,85.0,28.7,80.5,1014.4,0.5,9.9,1.0,10.8,1.0,0
2024-10-07,2024,10,7,Post-Monsoon,Assam & Meghalaya,26.14,91.73,8,192,Normal,26.6,55.9,1009.8,0.0,6.5,259.0,92.0,29.2,61.6,1009.5,0.5,9.2,2.6,0.5,2.6,0
2024-10-07,2024,10,7,Post-Monsoon,Odisha Coastal,20.27,85.84,9,216,Normal,31.7,68.7,1012.7,17.9,4.2,193.0,58.0,28.5,63.2,1013.3,5.1,8.1,3.2,12.8,12.8,1
2024-10-07,2024,10,7,Post-Monsoon,Gujarat Coastal,21.64,69.6,9,216,Normal,30.3,87.9,1009.5,9.0,14.6,132.0,45.0,26.8,78.1,1008.5,10.2,12.5,3.5,1.2,1.2,1
2024-10-07,2024,10,7,Post-Monsoon,Assam & Meghalaya,26.14,91.73,9,216,Normal,29.6,55.9,1008.8,0.0,5.0,197.0,36.0,29.2,58.3,1009.5,0.5,9.2,0.4,0.5,0.4,0
2024-10-14,2024,10,14,Post-Monsoon,Kerala Coast,9.93,76.26,1,24,Normal,22.5,83.0,1016.1,10.1,4.5,4.0,77.0,22.4,77.2,1015.3,6.9,5.6,0.1,3.2,3.2,0
2024-10-14,2024,10,14,Post-Monsoon,Gujarat Coastal,21.64,69.6,1,24,Normal,24.7,75.5,1014.1,17.6,14.8,10.0,88.0,25.3,75.2,1013.3,11.9,17.1,0.6,5.7,5.7,0
2024-10-14,2024,10,14,Post-Monsoon,Maharashtra (Mumbai/Konkan),18.98,72.83,2,48,Normal,27.6,67.5,1017.4,7.0,8.9,305.0,61.0,26.6,64.1,1016.2,1.7,8.2,1.0,5.3,1.0,0
2024-10-14,2024,10,14,Post-Monsoon,Assam & Meghalaya,26.14,91.73,2,48,Normal,25.9,70.1,1014.3,1.2,9.3,253.0,29.0,25.4,66.9,1015.1,4.8,9.6,0.5,3.6,0.5,0
2024-10-14,2024,10,14,Post-Monsoon,Maharashtra (Mumbai/Konkan),18.98,72.83,3,72,Normal,26.9,67.5,1015.8,0.0,10.4,173.0,42.0,26.6,66.1,1016.2,1.7,8.2,0.3,1.7,0.3,0
2024-10-14,2024,10,14,Post-Monsoon,West Bengal (Gangetic),22.57,88.36,4,96,Normal,24.6,62.1,1014.9,2.7,9.7,137.0,13.0,24.8,61.6,1014.7,6.1,7.7,0.2,3.4,3.4,0
2024-10-14,2024,10,14,Post-Monsoon,Assam & Meghalaya,26.14,91.73,5,120,Normal,22.3,70.1,1017.4,10.2,7.5,196.0,75.0,25.4,64.8,1015.1,4.8,9.6,3.1,5.4,3.1,1
2024-10-14,2024,10,14,Post-Monsoon,Rajasthan (West),26.91,70.9,6,144,Normal,27.0,68.8,1012.8,5.5,9.7,24.0,55.0,28.3,65.5,1013.4,3.0,14.0,1.3,2.5,1.3,0
2024-10-14,2024,10,14,Post-Monsoon,West Bengal (Gangetic),22.57,88.36,6,144,Normal,25.2,62.1,1013.8,15.2,6.1,217.0,71.0,24.8,60.9,1014.7,6.1,7.7,0.4,9.1,9.1,0
2024-10-14,2024,10,14,Post-Monsoon,Kerala Coast,9.93,76.26,7,168,Normal,21.4,83.0,1018.9,7.3,2.6,345.0,80.0,22.4,79.5,1015.3,6.9,5.6,1.0,0.4,0.4,1
2024-10-14,2024,10,14,Post-Monsoon,Himachal Pradesh,31.1,77.17,7,168,Normal,22.8,74.1,1009.4,1.0,6.8,139.0,55.0,25.4,73.7,1011.4,0.1,16.0,2.6,0.9,2.6,1
2024-10-14,2024,10,14,Post-Monsoon,Odisha Coastal,20.27,85.84,8,192,Normal,20.7,77.3,1011.8,12.9,12.3,66.0,30.0,24.6,73.7,1011.8,6.9,10.2,3.9,6.0,6.0,1
2024-10-14,2024,10,14,Post-Monsoon,Gujarat Coastal,21.64,69.6,8,192,Normal,27.1,75.5,1013.8,21.9,16.6,317.0,69.0,25.3,79.7,1013.3,11.9,17.1,1.8,10.0,10.0,0
2024-10-14,2024,10,14,Post-Monsoon,Rajasthan (West),26.91,70.9,8,192,Normal,28.3,68.8,1016.1,0.0,12.4,302.0,79.0,28.3,64.8,1013.4,3.0,14.0,0.0,3.0,0.0,0
2024-10-14,2024,10,14,Post-Monsoon,Odisha Coastal,20.27,85.84,10,240,Normal,24.3,77.3,1014.7,21.5,9.7,104.0,38.0,24.6,88.1,1011.8,6.9,10.2,0.3,14.6,14.6,0
2024-10-14,2024,10,14,Post-Monsoon,Himachal Pradesh,31.1,77.17,10,240,Normal,24.1,74.1,1008.9,0.0,15.3,118.0,18.0,25.4,74.9,1011.4,0.1,16.0,1.3,0.1,1.3,0
2024-10-21,2024,10,21,Post-Monsoon,Odisha Coastal,20.27,85.84,2,48,Normal,27.5,65.6,1013.6,20.8,3.7,209.0,41.0,27.8,64.2,1014.2,14.6,4.4,0.3,6.2,6.2,0
2024-10-21,2024,10,21,Post-Monsoon,Gujarat Coastal,21.64,69.6,3,72,Normal,28.1,75.3,1013.2,1.7,12.8,317.0,67.0,25.4,72.4,1012.9,2.0,10.4,2.7,0.3,2.7,0
2024-10-21,2024,10,21,Post-Monsoon,Assam & Meghalaya,26.14,91.73,3,72,Normal,20.6,66.2,1011.6,0.0,14.0,324.0,16.0,21.8,66.1,1010.5,5.5,11.6,1.2,5.5,5.5,0
2024-10-21,2024,10,21,Post-Monsoon,Maharashtra (Mumbai/Konkan),18.98,72.83,4,96,Normal,30.0,63.2,1010.7,6.3,5.2,328.0,24.0,28.1,70.2,1011.7,9.0,7.9,1.9,2.7,2.7,0
2024-10-21,2024,10,21,Post-Monsoon,Rajasthan (West),26.91,70.9,4,96,Normal,26.7,83.6,1016.6,3.6,13.4,130.0,27.0,24.6,80.9,1015.5,1.4,10.5,2.1,2.2,2.1,0
2024-10-21,2024,10,21,Post-Monsoon,Rajasthan (West),26.91,70.9,5,120,Normal,27.9,83.6,1015.5,4.3,9.4,152.0,92.0,24.6,79.4,1015.5,1.4,10.5,3.3,2.9,3.3,1
2024-10-21,2024,10,21,Post-Monsoon,Himachal Pradesh,31.1,77.17,5,120,Normal,26.5,78.8,1015.4,8.0,11.7,321.0,69.0,27.3,73.1,1015.5,1.8,8.5,0.8,6.2,0.8,0
2024-10-21,2024,10,21,Post-Monsoon,Kerala Coast,9.93,76.26,6,144,Normal,28.4,69.5,1012.1,0.0,3.3,234.0,82.0,27.6,73.9,1013.8,17.7,8.1,0.8,17.7,17.7,0
2024-10-21,2024,10,21,Post-Monsoon,Himachal Pradesh,31.1,77.17,6,144,Normal,25.5,78.8,1015.1,5.0,6.5,119.0,86.0,27.3,69.9,1015.5,1.8,8.5,1.8,3.2,1.8,0
2024-10-21,2024,10,21,Post-Monsoon,Gujarat Coastal,21.64,69.6,7,168,Normal,24.9,75.3,1013.9,0.0,13.3,235.0,25.0,25.4,72.3,1012.9,2.0,10.4,0.5,2.0,0.5,0
2024-10-21,2024,10,21,Post-Monsoon,Odisha Coastal,20.27,85.84,9,216,Normal,29.7,65.6,1011.7,0.0,3.9,157.0,89.0,27.8,67.7,1014.2,14.6,4.4,1.9,14.6,14.6,0
2024-10-21,2024,10,21,Post-Monsoon,Maharashtra (Mumbai/Konkan),18.98,72.83,9,216,Normal,31.1,63.2,1012.8,22.7,4.6,46.0,47.0,28.1,54.9,1011.7,9.0,7.9,3.0,13.7,13.7,0
2024-10-21,2024,10,21,Post-Monsoon,West Bengal (Gangetic),22.57,88.36,9,216,Normal,26.8,57.0,1017.7,5.1,13.4,230.0,52.0,24.9,59.5,1013.2,3.3,15.6,1.9,1.8,1.9,1
2024-10-21,2024,10,21,Post-Monsoon,Assam & Meghalaya,26.14,91.73,9,216,Normal,18.0,66.2,1012.8,5.0,11.3,21.0,93.0,21.8,63.1,1010.5,5.5,11.6,3.8,0.5,0.5,1
2024-10-21,2024,10,21,Post-Monsoon,Kerala Coast,9.93,76.26,10,240,Normal,27.3,69.5,1014.3,14.1,1.0,25.0,23.0,27.6,66.7,1013.8,17.7,8.1,0.3,3.6,3.6,1
2024-10-21,2024,10,21,Post-Monsoon,West Bengal (Gangetic),22.57,88.36,10,240,Normal,23.1,57.0,1011.6,0.0,12.0,306.0,19.0,24.9,56.5,1013.2,3.3,15.6,1.8,3.3,1.8,0
2024-10-28,2024,10,28,Post-Monsoon,Assam & Meghalaya,26.14,91.73,1,24,Normal,26.9,67.1,1013.2,0.0,9.2,337.0,75.0,26.8,64.7,1013.5,0.1,9.8,0.1,0.1,0.1,0
2024-10-28,2024,10,28,Post-Monsoon,Odisha Coastal,20.27,85.84,2,48,Normal,26.0,67.3,1010.6,2.0,9.6,39.0,33.0,25.2,71.2,1011.8,1.6,8.6,0.8,0.4,0.8,0
2024-10-28,2024,10,28,Post-Monsoon,Rajasthan (West),26.91,70.9,2,48,Normal,27.4,59.1,1011.9,0.0,13.3,23.0,74.0,29.2,61.9,1011.0,0.2,11.4,1.8,0.2,1.8,0
2024-10-28,2024,10,28,Post-Monsoon,Himachal Pradesh,31.1,77.17,3,72,Normal,30.1,64.4,1010.4,0.1,4.4,60.0,76.0,30.1,65.9,1011.3,0.7,7.5,0.0,0.6,0.0,0
2024-10-28,2024,10,28,Post-Monsoon,Maharashtra (Mumbai/Konkan),18.98,72.83,4,96,Normal,26.1,53.7,1014.4,12.3,11.2,221.0,28.0,26.0,59.6,1013.4,14.2,13.0,0.1,1.9,1.9,0
2024-10-28,2024,10,28,Post-Monsoon,West Bengal (Gangetic),22.57,88.36,5,120,Normal,30.0,62.7,1017.3,12.1,11.0,212.0,22.0,25.9,60.3,1017.2,3.9,10.9,4.1,8.2,4.1,1
2024-10-28,2024,10,28,Post-Monsoon,Assam & Meghalaya,26.14,91.73,5,120,Normal,29.2,67.1,1011.4,0.0,3.1,92.0,38.0,26.8,67.8,1013.5,0.1,9.8,2.4,0.1,2.4,0
2024-10-28,2024,10,28,Post-Monsoon,Kerala Coast,9.93,76.26,6,144,Normal,27.1,69.5,1013.2,9.1,10.1,281.0,77.0,26.3,71.6,1013.5,2.9,10.9,0.8,6.2,0.8,0
2024-10-28,2024,10,28,Post-Monsoon,Gujarat Coastal,21.64,69.6,6,144,Normal,27.3,63.8,1007.8,5.8,10.0,316.0,29.0,25.2,75.4,1010.0,3.4,5.8,2.1,2.4,2.1,0
2024-10-28,2024,10,28,Post-Monsoon,Rajasthan (West),26.91,70.9,6,144,Normal,27.9,59.1,1011.2,4.4,11.2,181.0,71.0,29.2,53.2,1011.0,0.2,11.4,1.3,4.2,1.3,0
2024-10-28,2024,10,28,Post-Monsoon,West Bengal (Gangetic),22.57,88.36,6,144,Normal,25.2,62.7,1018.8,8.1,10.8,25.0,54.0,25.9,68.4,1017.2,3.9,10.9,0.7,4.2,0.7,0
2024-10-28,2024,10,28,Post-Monsoon,Odisha Coastal,20.27,85.84,7,168,Normal,26.7,67.3,1010.4,0.0,4.3,247.0,15.0,25.2,66.9,1011.8,1.6,8.6,1.5,1.6,1.5,0
2024-10-28,2024,10,28,Post-Monsoon,Gujarat Coastal,21.64,69.6,7,168,Normal,22.1,63.8,1007.9,0.0,4.0,284.0,31.0,25.2,68.3,1010.0,3.4,5.8,3.1,3.4,3.1,1
2024-10-28,2024,10,28,Post-Monsoon,Kerala Coast,9.93,76.26,9,216,Normal,24.8,69.5,1016.8,9.0,9.0,230.0,21.0,26.3,67.8,1013.5,2.9,10.9,1.5,6.1,1.5,1
2024-10-28,2024,10,28,Post-Monsoon,Maharashtra (Mumbai/Konkan),18.98,72.83,9,216,Normal,26.5,53.7,1013.6,25.9,7.5,272.0,55.0,26.0,53.9,1013.4,14.2,13.0,0.5,11.7,11.7,0
2024-10-28,2024,10,28,Post-Monsoon,Himachal Pradesh,31.1,77.17,9,216,Normal,33.0,64.4,1012.4,0.0,6.9,143.0,31.0,30.1,64.2,1011.3,0.7,7.5,2.9,0.7,2.9,0
2024-11-04,2024,11,4,Post-Monsoon,Odisha Coastal,20.27,85.84,1,24,Normal,21.9,68.7,1010.2,9.9,7.2,188.0,62.0,22.1,71.3,1010.9,7.9,6.6,0.2,2.0,2.0,0
2024-11-04,2024,11,4,Post-Monsoon,Maharashtra (Mumbai/Konkan),18.98,72.83,2,48,Normal,25.0,92.9,1016.6,5.5,10.7,34.0,13.0,25.1,96.8,1016.3,6.9,12.2,0.1,1.4,1.4,0
2024-11-04,2024,11,4,Post-Monsoon,Rajasthan (West),26.91,70.9,2,48,Normal,26.4,69.9,1012.8,0.0,8.8,263.0,46.0,26.0,67.5,1013.9,0.5,10.0,0.4,0.5,0.4,0
2024-11-04,2024,11,4,Post-Monsoon,Assam & Meghalaya,26.14,91.73,2,48,Normal,26.7,69.2,1010.6,2.0,18.7,338.0,38.0,26.3,72.4,1011.0,3.2,16.5,0.4,1.2,0.4,0
2024-11-04,2024,11,4,Post-Monsoon,Kerala Coast,9.93,76.26,3,72,Normal,26.7,78.1,1010.6,5.8,11.2,176.0,17.0,25.8,83.9,1011.8,4.9,10.9,0.9,0.9,0.9,0
2024-11-04,2024,11,4,Post-Monsoon,Gujarat Coastal,21.64,69.6,3,72,Cyclone,26.3,74.2,989.6,0.0,28.3,74.0,47.0,25.0,70.5,990.2,84.3,28.3,1.3,84.3,84.3,1
2024-11-04,2024,11,4,Post-Monsoon,Maharashtra (Mumbai/Konkan),18.98,72.83,4,96,Normal,26.9,92.9,1016.7,21.2,13.8,225.0,39.0,25.1,94.5,1016.3,6.9,12.2,1.8,14.3,14.3,0
2024-11-04,2024,11,4,Post-Monsoon,Himachal Pradesh,31.1,77.17,4,96,Normal,30.6,81.9,1013.8,0.0,9.4,13.0,92.0,29.9,78.5,1012.5,2.4,8.8,0.7,2.4,0.7,0
2024-11-04,2024,11,4,Post-Monsoon,Odisha Coastal,20.27,85.84,5,120,Normal,20.9,68.7,1012.0,3.4,7.9,214.0,31.0,22.1,72.5,1010.9,7.9,6.6,1.2,4.5,4.5,0
2024-11-04,2024,11,4,Post-Monsoon,West Bengal (Gangetic),22.57,88.36,6,144,Normal,21.6,74.3,1012.6,7.2,15.9,256.0,62.0,26.1,74.7,1010.3,2.2,18.2,4.5,5.0,4.5,1
2024-11-04,2024,11,4,Post-Monsoon,Rajasthan (West),26.91,70.9,7,168,Normal,30.0,69.9,1012.4,0.0,9.5,23.0,74.0,26.0,65.9,1013.9,0.5,10.0,4.0,0.5,4.0,1
2024-11-04,2024,11,4,Post-Monsoon,West Bengal (Gangetic),22.57,88.36,7,168,Normal,26.5,74.3,1010.9,0.0,16.8,15.0,93.0,26.1,60.4,1010.3,2.2,18.2,0.4,2.2,0.4,0
2024-11-04,2024,11,4,Post-Monsoon,Kerala Coast,9.93,76.26,8,192,Normal,26.2,78.1,1011.2,0.0,9.5,158.0,11.0,25.8,70.6,1011.8,4.9,10.9,0.4,4.9,0.4,0
2024-11-04,2024,11,4,Post-Monsoon,Himachal Pradesh,31.1,77.17,8,192,Normal,28.9,81.9,1014.3,0.0,5.1,105.0,46.0,29.9,78.7,1012.5,2.4,8.8,1.0,2.4,1.0,0
2024-11-04,2024,11,4,Post-Monsoon,Assam & Meghalaya,26.14,91.73,9,216,Normal,26.6,69.2,1011.3,12.7,17.2,174.0,60.0,26.3,65.0,1011.0,3.2,16.5,0.3,9.5,0.3,0
2024-11-04,2024,11,4,Post-Monsoon,Gujarat Coastal,21.64,69.6,10,240,Cyclone,24.9,74.2,991.0,291.5,34.3,323.0,43.0,25.0,75.0,990.2,84.3,28.3,0.1,207.2,207.2,1
2024-11-11,2024,11,11,Post-Monsoon,Himachal Pradesh,31.1,77.17,2,48,Normal,26.2,77.8,1010.7,1.3,8.7,256.0,42.0,25.9,69.5,1010.4,2.0,9.3,0.3,0.7,0.3,0
2024-11-11,2024,11,11,Post-Monsoon,Odisha Coastal,20.27,85.84,3,72,Normal,26.4,62.0,1011.2,8.5,6.8,118.0,73.0,25.4,63.9,1011.6,4.3,7.7,1.0,4.2,1.0,0
2024-11-11,2024,11,11,Post-Monsoon,Kerala Coast,9.93,76.26,3,72,Normal,25.0,74.2,1014.2,5.6,11.5,353.0,53.0,24.7,70.6,1014.5,13.2,13.0,0.3,7.6,7.6,0
2024-11-11,2024,11,11,Post-Monsoon,West Bengal (Gangetic),22.57,88.36,3,72,Normal,27.1,69.9,1014.2,18.3,8.3,266.0,55.0,25.5,67.4,1014.6,10.3,11.0,1.6,8.0,8.0,0
2024-11-11,2024,11,11,Post-Monsoon,Rajasthan (West),26.91,70.9,4,96,Normal,27.8,87.5,1009.7,10.5,9.8,60.0,18.0,26.4,95.0,1011.1,3.0,5.6,1.4,7.5,1.4,0
2024-11-11,2024,11,11,Post-Monsoon,West Bengal (Gangetic),22.57,88.36,4,96,Normal,25.2,69.9,1014.1,10.0,13.4,55.0,76.0,25.5,77.1,1014.6,10.3,11.0,0.3,0.3,0.3,0
2024-11-11,2024,11,11,Post-Monsoon,Gujarat Coastal,21.64,69.6,5,120,Normal,26.1,82.1,1013.3,5.6,7.2,87.0,71.0,27.3,85.3,1011.7,5.9,5.7,1.2,0.3,0.3,0
2024-11-11,2024,11,11,Post-Monsoon,Odisha Coastal,20.27,85.84,6,144,Normal,27.1,62.0,1011.6,5.7,2.9,165.0,88.0,25.4,57.0,1011.6,4.3,7.7,1.7,1.4,1.7,0
2024-11-11,2024,11,11,Post-Monsoon,Maharashtra (Mumbai/Konkan),18.98,72.83,6,144,Normal,28.1,80.4,1010.6,0.0,18.3,55.0,81.0,27.7,73.4,1011.3,0.3,16.4,0.4,0.3,0.4,0
2024-11-11,2024,11,11,Post-Monsoon,Himachal Pradesh,31.1,77.17,6,144,Normal,24.1,77.8,1009.7,0.5,10.8,302.0,82.0,25.9,76.5,1010.4,2.0,9.3,1.8,1.5,1.8,0
2024-11-11,2024,11,11,Post-Monsoon,Assam & Meghalaya,26.14,91.73,6,144,Normal,25.8,65.7,1013.2,6.1,13.7,325.0,11.0,24.0,62.5,1013.3,2.3,9.3,1.8,3.8,1.8,0
2024-11-11,2024,11,11,Post-Monsoon,Gujarat Coastal,21.64,69.6,7,168,Normal,22.6,82.1,1012.8,0.0,1.8,133.0,85.0,27.3,79.0,1011.7,5.9,5.7,4.7,5.9,5.9,1
2024-11-11,2024,11,11,Post-Monsoon,Rajasthan (West),26.91,70.9,7,168,Normal,24.4,87.5,1012.3,7.4,5.0,112.0,77.0,26.4,82.4,1011.1,3.0,5.6,2.0,4.4,2.0,0
2024-11-11,2024,11,11,Post-Monsoon,Assam & Meghalaya,26.14,91.73,7,168,Normal,22.6,65.7,1012.6,2.4,5.2,269.0,93.0,24.0,62.9,1013.3,2.3,9.3,1.4,0.1,1.4,0
2024-11-11,2024,11,11,Post-Monsoon,Kerala Coast,9.93,76.26,8,192,Normal,28.1,74.2,1013.9,41.2,14.6,141.0,68.0,24.7,71.2,1014.5,13.2,13.0,3.4,28.0,28.0,1
2024-11-11,2024,11,11,Post-Monsoon,Maharashtra (Mumbai/Konkan),18.98,72.83,10,240,Normal,25.6,80.4,1013.2,0.0,27.4,121.0,59.0,27.7,85.2,1011.3,0.3,16.4,2.1,0.3,2.1,1
2024-11-18,2024,11,18,Post-Monsoon,Maharashtra (Mumbai/Konkan),18.98,72.83,1,24,Normal,24.9,54.5,1013.9,0.1,11.9,235.0,54.0,24.3,58.5,1014.2,0.5,9.6,0.6,0.4,0.6,0
2024-11-18,2024,11,18,Post-Monsoon,Gujarat Coastal,21.64,69.6,1,24,Normal,26.4,48.3,1012.8,7.4,15.3,163.0,51.0,26.9,44.1,1013.6,5.1,15.7,0.5,2.3,2.3,0
2024-11-18,2024,11,18,Post-Monsoon,Kerala Coast,9.93,76.26,3,72,Normal,28.2,67.8,1015.9,13.4,7.3,8.0,67.0,29.6,69.2,1016.4,2.8,8.7,1.4,10.6,1.4,0
2024-11-18,2024,11,18,Post-Monsoon,West Bengal (Gangetic),22.57,88.36,3,72,Normal,28.0,70.2,1014.9,0.4,9.2,165.0,85.0,27.0,67.2,1015.8,3.5,10.0,1.0,3.1,1.0,0
2024-11-18,2024,11,18,Post-Monsoon,Assam & Meghalaya,26.14,91.73,3,72,Normal,26.3,77.5,1010.7,6.3,10.7,141.0,37.0,25.8,81.7,1012.4,1.4,9.0,0.5,4.9,0.5,0
2024-11-18,2024,11,18,Post-Monsoon,Odisha Coastal,20.27,85.84,4,96,Normal,31.5,73.9,1012.0,7.2,10.4,340.0,69.0,28.4,70.0,1011.1,10.1,9.1,3.1,2.9,2.9,1
2024-11-18,2024,11,18,Post-Monsoon,Himachal Pradesh,31.1,77.17,4,96,Normal,23.0,62.9,1013.3,14.5,8.1,296.0,56.0,23.6,57.1,1012.6,6.0,10.5,0.6,8.5,8.5,0
2024-11-18,2024,11,18,Post-Monsoon,Rajasthan (West),26.91,70.9,5,120,Normal,22.2,81.1,1013.6,3.9,7.9,253.0,63.0,23.2,86.0,1014.4,1.5,8.5,1.0,2.4,1.0,0
2024-11-18,2024,11,18,Post-Monsoon,Kerala Coast,9.93,76.26,6,144,Normal,28.9,67.8,1017.2,9.5,9.6,276.0,21.0,29.6,68.0,1016.4,2.8,8.7,0.7,6.7,0.7,0
2024-11-18,2024,11,18,Post-Monsoon,Rajasthan (West),26.91,70.9,6,144,Normal,25.0,81.1,1015.1,9.6,14.6,79.0,88.0,23.2,77.9,1014.4,1.5,8.5,1.8,8.1,1.8,0
2024-11-18,2024,11,18,Post-Monsoon,West Bengal (Gangetic),22.57,88.36,6,144,Normal,24.3,70.2,1014.7,0.0,12.8,231.0,54.0,27.0,69.0,1015.8,3.5,10.0,2.7,3.5,2.7,0
2024-11-18,2024,11,18,Post-Monsoon,Odisha Coastal,20.27,85.84,9,216,Normal,27.0,73.9,1007.3,18.5,14.0,94.0,89.0,28.4,69.8,1011.1,10.1,9.1,1.4,8.4,8.4,1
2024-11-18,2024,11,18,Post-Monsoon,Gujarat Coastal,21.64,69.6,9,216,Normal,29.5,48.3,1011.1,0.0,18.4,97.0,20.0,26.9,52.7,1013.6,5.1,15.7,2.6,5.1,5.1,0
2024-11-18,2024,11,18,Post-Monsoon,Himachal Pradesh,31.1,77.17,9,216,Normal,22.0,62.9,1011.4,0.0,7.1,307.0,40.0,23.6,66.7,1012.6,6.0,10.5,1.6,6.0,6.0,0
2024-11-18,2024,11,18,Post-Monsoon,Maharashtra (Mumbai/Konkan),18.98,72.83,10,240,Normal,22.8,54.5,1015.4,4.0,9.9,124.0,94.0,24.3,52.0,1014.2,0.5,9.6,1.5,3.5,1.5,0
2024-11-18,2024,11,18,Post-Monsoon,Assam & Meghalaya,26.14,91.73,10,240,Normal,26.5,77.5,1011.6,3.0,7.1,174.0,93.0,25.8,90.4,1012.4,1.4,9.0,0.7,1.6,0.7,0
2024-11-25,2024,11,25,Post-Monsoon,Himachal Pradesh,31.1,77.17,1,24,Normal,22.5,78.4,1015.1,0.0,11.3,50.0,54.0,23.6,77.4,1015.0,0.6,12.8,1.1,0.6,1.1,0
2024-11-25,2024,11,25,Post-Monsoon,Odisha Coastal,20.27,85.84,2,48,Normal,31.4,75.6,1013.8,0.0,5.6,170.0,10.0,29.2,64.7,1013.9,0.7,7.2,2.2,0.7,2.2,0
2024-11-25,2024,11,25,Post-Monsoon,Rajasthan (West),26.91,70.9,3,72,Normal,26.3,55.5,1011.7,2.4,9.4,222.0,61.0,25.9,52.4,1010.7,2.0,9.8,0.4,0.4,0.4,0
2024-11-25,2024,11,25,Post-Monsoon,Assam & Meghalaya,26.14,91.73,3,72,Normal,28.1,71.5,1010.2,0.0,15.3,297.0,90.0,27.8,68.4,1009.0,1.3,15.2,0.3,1.3,0.3,0
2024-11-25,2024,11,25,Post-Monsoon,Gujarat Coastal,21.64,69.6,4,96,Normal,23.1,81.3,1013.2,1.9,13.1,102.0,16.0,24.8,79.0,1011.7,0.2,11.0,1.7,1.7,1.7,0
2024-11-25,2024,11,25,Post-Monsoon,West Bengal (Gangetic),22.57,88.36,4,96,Normal,23.3,78.1,1012.7,1.5,7.1,247.0,10.0,23.6,84.2,1010.8,0.4,8.3,0.3,1.1,0.3,0
2024-11-25,2024,11,25,Post-Monsoon,Kerala Coast,9.93,76.26,5,120,Normal,24.3,66.7,1014.3,0.9,16.2,153.0,16.0,26.0,68.6,1014.1,0.2,13.5,1.7,0.7,1.7,0
2024-11-25,2024,11,25,Post-Monsoon,Odisha Coastal,20.27,85.84,6,144,Normal,28.4,75.6,1014.5,0.1,7.7,158.0,34.0,29.2,78.3,1013.9,0.7,7.2,0.8,0.6,0.8,0
2024-11-25,2024,11,25,Post-Monsoon,Gujarat Coastal,21.64,69.6,6,144,Normal,26.2,81.3,1012.1,2.8,6.2,247.0,20.0,24.8,83.2,1011.7,0.2,11.0,1.4,2.6,1.4,0
2024-11-25,2024,11,25,Post-Monsoon,Assam & Meghalaya,26.14,91.73,6,144,Normal,25.1,71.5,1006.0,1.6,9.6,331.0,50.0,27.8,71.8,1009.0,1.3,15.2,2.7,0.3,2.7,0
2024-11-25,2024,11,25,Post-Monsoon,Kerala Coast,9.93,76.26,7,168,Normal,26.8,66.7,1013.9,10.7,10.0,264.0,40.0,26.0,66.2,1014.1,0.2,13.5,0.8,10.5,0.8,0
2024-11-25,2024,11,25,Post-Monsoon,Maharashtra (Mumbai/Konkan),18.98,72.83,7,168,Normal,23.5,65.8,1012.3,4.4,4.1,143.0,57.0,24.4,70.9,1013.0,3.3,6.1,0.9,1.1,0.9,0
2024-11-25,2024,11,25,Post-Monsoon,Himachal Pradesh,31.1,77.17,7,168,Normal,23.5,78.4,1014.9,0.0,13.5,359.0,18.0,23.6,74.1,1015.0,0.6,12.8,0.1,0.6,0.1,0
2024-11-25,2024,11,25,Post-Monsoon,West Bengal (Gangetic),22.57,88.36,7,168,Normal,24.4,78.1,1012.3,1.2,11.5,262.0,88.0,23.6,76.7,1010.8,0.4,8.3,0.8,0.8,0.8,0
2024-11-25,2024,11,25,Post-Monsoon,Maharashtra (Mumbai/Konkan),18.98,72.83,8,192,Normal,24.1,65.8,1013.1,8.1,6.7,212.0,21.0,24.4,60.9,1013.0,3.3,6.1,0.3,4.8,0.3,0
2024-11-25,2024,11,25,Post-Monsoon,Rajasthan (West),26.91,70.9,9,216,Normal,27.6,55.5,1007.7,9.6,13.1,167.0,94.0,25.9,51.1,1010.7,2.0,9.8,1.7,7.6,1.7,0
2024-12-02,2024,12,2,Post-Monsoon,Odisha Coastal,20.27,85.84,1,24,Normal,25.3,67.7,1013.4,4.8,10.0,107.0,90.0,25.0,64.7,1013.9,10.0,10.4,0.3,5.2,5.2,0
2024-12-02,2024,12,2,Post-Monsoon,West Bengal (Gangetic),22.57,88.36,1,24,Normal,24.4,71.4,1012.0,3.1,14.5,19.0,54.0,25.7,77.8,1010.7,1.7,11.9,1.3,1.4,1.3,0
2024-12-02,2024,12,2,Post-Monsoon,Kerala Coast,9.93,76.26,2,48,Normal,24.8,71.9,1014.7,4.3,16.5,316.0,24.0,24.8,65.4,1013.6,0.3,17.0,0.0,4.0,0.0,0
2024-12-02,2024,12,2,Post-Monsoon,Gujarat Coastal,21.64,69.6,3,72,Normal,25.6,53.1,1011.4,4.7,11.3,235.0,92.0,25.2,56.8,1010.9,4.6,12.8,0.4,0.1,0.4,0
2024-12-02,2024,12,2,Post-Monsoon,Rajasthan (West),26.91,70.9,4,96,Normal,30.0,59.2,1018.7,5.5,15.6,179.0,42.0,28.1,57.7,1017.6,1.5,14.0,1.9,4.0,1.9,0
2024-12-02,2024,12,2,Post-Monsoon,Himachal Pradesh,31.1,77.17,5,120,Normal,26.0,72.0,1012.9,6.9,4.8,276.0,64.0,26.3,67.6,1014.2,1.2,8.4,0.3,5.7,0.3,0
2024-12-02,2024,12,2,Post-Monsoon,Gujarat Coastal,21.64,69.6,6,144,Normal,26.7,53.1,1010.5,3.9,6.6,175.0,33.0,25.2,46.1,1010.9,4.6,12.8,1.5,0.7,1.5,0
2024-12-02,2024,12,2,Post-Monsoon,Himachal Pradesh,31.1,77.17,6,144,Normal,25.9,72.0,1017.5,0.6,10.1,252.0,55.0,26.3,75.9,1014.2,1.2,8.4,0.4,0.6,0.4,1
2024-12-02,2024,12,2,Post-Monsoon,Assam & Meghalaya,26.14,91.73,6,144,Normal,19.8,74.5,1011.9,0.6,9.0,22.0,23.0,23.7,71.9,1014.0,0.2,11.1,3.9,0.4,3.9,1
2024-12-02,2024,12,2,Post-Monsoon,Odisha Coastal,20.27,85.84,7,168,Normal,20.7,67.7,1016.6,0.0,6.7,313.0,32.0,25.0,66.0,1013.9,10.0,10.4,4.3,10.0,10.0,1
2024-12-02,2024,12,2,Post-Monsoon,West Bengal (Gangetic),22.57,88.36,7,168,Normal,23.9,71.4,1010.6,11.9,17.3,264.0,80.0,25.7,68.2,1010.7,1.7,11.9,1.8,10.2,1.8,0
2024-12-02,2024,12,2,Post-Monsoon,Kerala Coast,9.93,76.26,8,192,Normal,23.3,71.9,1013.2,0.0,16.5,343.0,50.0,24.8,69.1,1013.6,0.3,17.0,1.5,0.3,1.5,0
2024-12-02,2024,12,2,Post-Monsoon,Maharashtra (Mumbai/Konkan),18.98,72.83,8,192,Normal,22.6,69.7,1012.9,2.9,14.3,68.0,55.0,23.1,65.0,1011.8,2.4,13.6,0.5,0.5,0.5,0
2024-12-02,2024,12,2,Post-Monsoon,Assam & Meghalaya,26.14,91.73,8,192,Normal,28.2,74.5,1013.9,5.2,9.0,248.0,58.0,23.7,70.4,1014.0,0.2,11.1,4.5,5.0,4.5,1
2024-12-02,2024,12,2,Post-Monsoon,Rajasthan (West),26.91,70.9,9,216,Normal,29.4,59.2,1017.4,5.1,16.7,133.0,36.0,28.1,62.5,1017.6,1.5,14.0,1.3,3.6,1.3,0
2024-12-02,2024,12,2,Post-Monsoon,Maharashtra (Mumbai/Konkan),18.98,72.83,10,240,Normal,26.6,69.7,1010.0,3.4,16.4,14.0,60.0,23.1,67.6,1011.8,2.4,13.6,3.5,1.0,3.5,1
2024-12-09,2024,12,9,Post-Monsoon,Kerala Coast,9.93,76.26,1,24,Normal,29.1,69.6,1015.0,1.1,11.3,26.0,73.0,28.9,68.2,1014.0,3.6,10.6,0.2,2.5,0.2,0
2024-12-09,2024,12,9,Post-Monsoon,Gujarat Coastal,21.64,69.6,2,48,Cyclone,30.1,81.1,1000.2,10.7,42.7,150.0,21.0,29.3,87.1,999.3,67.0,34.3,0.8,56.3,56.3,1
2024-12-09,2024,12,9,Post-Monsoon,Himachal Pradesh,31.1,77.17,2,48,Normal,26.2,76.7,1016.4,2.2,10.7,159.0,67.0,26.5,84.1,1016.6,0.6,9.3,0.3,1.6,0.3,0
2024-12-09,2024,12,9,Post-Monsoon,Odisha Coastal,20.27,85.84,3,72,Normal,24.8,72.3,1009.7,0.0,11.3,273.0,31.0,26.4,74.2,1009.6,1.4,13.5,1.6,1.4,1.6,0
2024-12-09,2024,12,9,Post-Monsoon,Rajasthan (West),26.91,70.9,3,72,Normal,28.4,67.4,1017.1,0.0,10.5,263.0,79.0,27.7,65.4,1017.6,4.0,9.4,0.7,4.0,0.7,0
2024-12-09,2024,12,9,Post-Monsoon,West Bengal (Gangetic),22.57,88.36,3,72,Normal,24.4,61.9,1015.3,20.3,12.8,29.0,76.0,25.0,65.6,1016.0,10.1,10.0,0.6,10.2,10.2,0
2024-12-09,2024,12,9,Post-Monsoon,Assam & Meghalaya,26.14,91.73,4,96,Normal,22.9,72.3,1016.0,3.5,6.2,167.0,88.0,22.6,70.6,1013.2,0.8,10.6,0.3,2.7,0.3,0
2024-12-09,2024,12,9,Post-Monsoon,Maharashtra (Mumbai/Konkan),18.98,72.83,5,120,Normal,22.3,67.9,1016.9,2.7,13.5,185.0,51.0,22.5,71.3,1016.3,0.1,11.1,0.2,2.6,0.2,0
2024-12-09,2024,12,9,Post-Monsoon,Rajasthan (West),26.91,70.9,5,120,Normal,29.7,67.4,1016.3,2.1,13.1,39.0,80.0,27.7,72.4,1017.6,4.0,9.4,2.0,1.9,2.0,0
2024-12-09,2024,12,9,Post-Monsoon,Gujarat Coastal,21.64,69.6,6,144,Cyclone,28.2,81.1,996.6,14.0,28.7,197.0,29.0,29.3,87.8,999.3,67.0,34.3,1.1,53.0,53.0,1
2024-12-09,2024,12,9,Post-Monsoon,West Bengal (Gangetic),22.57,88.36,6,144,Normal,29.0,61.9,1017.0,17.3,10.2,8.0,59.0,25.0,64.7,1016.0,10.1,10.0,4.0,7.2,7.2,1
2024-12-09,2024,12,9,Post-Monsoon,Assam & Meghalaya,26.14,91.73,7,168,Normal,21.9,72.3,1012.9,2.1,13.1,232.0,45.0,22.6,71.7,1013.2,0.8,10.6,0.7,1.3,0.7,0
2024-12-09,2024,12,9,Post-Monsoon,Odisha Coastal,20.27,85.84,8,192,Normal,25.1,72.3,1011.6,1.0,7.7,335.0,37.0,26.4,72.1,1009.6,1.4,13.5,1.3,0.4,1.3,0
2024-12-09,2024,12,9,Post-Monsoon,Kerala Coast,9.93,76.26,8,192,Normal,29.6,69.6,1012.7,0.0,6.9,135.0,51.0,28.9,63.1,1014.0,3.6,10.6,0.7,3.6,0.7,0
2024-12-09,2024,12,9,Post-Monsoon,Maharashtra (Mumbai/Konkan),18.98,72.83,8,192,Normal,21.2,67.9,1014.8,0.0,6.9,199.0,84.0,22.5,71.0,1016.3,0.1,11.1,1.3,0.1,1.3,0
2024-12-09,2024,12,9,Post-Monsoon,Himachal Pradesh,31.1,77.17,9,216,Normal,25.7,76.7,1018.1,0.0,9.6,121.0,32.0,26.5,77.3,1016.6,0.6,9.3,0.8,0.6,0.8,0
2024-12-16,2024,12,16,Post-Monsoon,Assam & Meghalaya,26.14,91.73,2,48,Normal,23.6,69.7,1010.0,0.0,9.2,103.0,76.0,24.6,73.4,1009.4,0.5,13.4,1.0,0.5,1.0,0
2024-12-16,2024,12,16,Post-Monsoon,Odisha Coastal,20.27,85.84,3,72,Normal,26.6,77.2,1016.5,2.6,11.2,97.0,66.0,27.3,85.5,1016.2,1.5,13.3,0.7,1.1,0.7,0
2024-12-16,2024,12,16,Post-Monsoon,Kerala Coast,9.93,76.26,3,72,Normal,30.1,82.3,1015.9,2.9,10.8,216.0,18.0,29.5,83.8,1016.8,2.9,11.3,0.6,0.0,0.6,0
2024-12-16,2024,12,16,Post-Monsoon,Maharashtra (Mumbai/Konkan),18.98,72.83,3,72,Normal,27.1,70.2,1015.3,1.5,12.8,169.0,74.0,26.7,71.7,1014.1,1.4,13.1,0.4,0.1,0.4,0
2024-12-16,2024,12,16,Post-Monsoon,Gujarat Coastal,21.64,69.6,4,96,Normal,24.4,83.1,1014.5,3.3,12.3,43.0,57.0,24.9,87.4,1014.0,0.5,11.0,0.5,2.8,0.5,0
2024-12-16,2024,12,16,Post-Monsoon,Odisha Coastal,20.27,85.84,5,120,Normal,23.7,77.2,1016.8,3.0,16.0,119.0,36.0,27.3,76.9,1016.2,1.5,13.3,3.6,1.5,3.6,1
2024-12-16,2024,12,16,Post-Monsoon,Maharashtra (Mumbai/Konkan),18.98,72.83,5,120,Normal,25.7,70.2,1013.7,2.4,11.1,188.0,54.0,26.7,81.0,1014.1,1.4,13.1,1.0,1.0,1.0,0
2024-12-16,2024,12,16,Post-Monsoon,West Bengal (Gangetic),22.57,88.36,5,120,Normal,28.9,79.5,1013.2,1.6,13.3,5.0,68.0,27.3,78.8,1013.0,2.4,10.7,1.6,0.8,1.6,0
2024-12-16,2024,12,16,Post-Monsoon,Gujarat Coastal,21.64,69.6,6,144,Normal,24.5,83.1,1013.5,0.0,11.8,126.0,14.0,24.9,81.4,1014.0,0.5,11.0,0.4,0.5,0.4,0
2024-12-16,2024,12,16,Post-Monsoon,West Bengal (Gangetic),22.57,88.36,7,168,Normal,31.5,79.5,1013.9,5.2,7.5,173.0,77.0,27.3,78.3,1013.0,2.4,10.7,4.2,2.8,4.2,1
2024-12-16,2024,12,16,Post-Monsoon,Assam & Meghalaya,26.14,91.73,7,168,Normal,23.5,69.7,1011.0,0.0,16.3,154.0,14.0,24.6,72.3,1009.4,0.5,13.4,1.1,0.5,1.1,0
2024-12-16,2024,12,16,Post-Monsoon,Rajasthan (West),26.91,70.9,8,192,Normal,23.4,78.1,1016.0,0.0,13.8,94.0,22.0,23.8,72.9,1015.7,1.9,14.4,0.4,1.9,0.4,0
2024-12-16,2024,12,16,Post-Monsoon,Rajasthan (West),26.91,70.9,9,216,Normal,26.8,78.1,1014.7,3.0,15.4,287.0,66.0,23.8,77.2,1015.7,1.9,14.4,3.0,1.1,3.0,0
2024-12-16,2024,12,16,Post-Monsoon,Himachal Pradesh,31.1,77.17,9,216,Normal,22.0,66.8,1013.4,0.0,15.3,140.0,33.0,23.5,72.2,1013.7,2.6,10.1,1.5,2.6,1.5,0
2024-12-16,2024,12,16,Post-Monsoon,Kerala Coast,9.93,76.26,10,240,Normal,25.4,82.3,1017.3,31.7,18.5,304.0,60.0,29.5,78.5,1016.8,2.9,11.3,4.1,28.8,4.1,1
2024-12-16,2024,12,16,Post-Monsoon,Himachal Pradesh,31.1,77.17,10,240,Normal,20.7,66.8,1013.8,0.0,8.1,271.0,44.0,23.5,63.8,1013.7,2.6,10.1,2.8,2.6,2.8,0
2024-12-23,2024,12,23,Post-Monsoon,Gujarat Coastal,21.64,69.6,1,24,Normal,28.2,75.5,1017.1,16.1,14.5,323.0,84.0,28.8,71.7,1016.5,13.5,14.3,0.6,2.6,2.6,0
2024-12-23,2024,12,23,Post-Monsoon,Rajasthan (West),26.91,70.9,1,24,Normal,26.1,68.9,1010.7,1.4,11.8,176.0,93.0,26.2,67.1,1010.7,0.8,13.1,0.1,0.6,0.1,0
2024-12-23,2024,12,23,Post-Monsoon,Odisha Coastal,20.27,85.84,2,48,Normal,25.8,72.9,1012.6,0.0,5.4,102.0,66.0,25.5,77.7,1012.7,0.2,5.0,0.3,0.2,0.3,0
2024-12-23,2024,12,23,Post-Monsoon,West Bengal (Gangetic),22.57,88.36,3,72,Normal,21.6,68.4,1013.7,0.0,10.1,113.0,11.0,23.9,65.2,1014.0,4.5,14.4,2.3,4.5,2.3,0
2024-12-23,2024,12,23,Post-Monsoon,Kerala Coast,9.93,76.26,5,120,Normal,30.2,63.0,1015.1,0.0,10.4,28.0,12.0,28.3,56.5,1015.5,1.5,9.4,1.9,1.5,1.9,0
2024-12-23,2024,12,23,Post-Monsoon,Maharashtra (Mumbai/Konkan),18.98,72.83,5,120,Normal,25.4,75.5,1012.8,2.7,3.6,0.0,63.0,26.6,74.6,1012.1,0.2,8.4,1.2,2.5,1.2,0
2024-12-23,2024,12,23,Post-Monsoon,Maharashtra (Mumbai/Konkan),18.98,72.83,6,144,Normal,24.0,75.5,1013.2,0.0,9.6,21.0,68.0,26.6,74.1,1012.1,0.2,8.4,2.6,0.2,2.6,0
2024-12-23,2024,12,23,Post-Monsoon,Himachal Pradesh,31.1,77.17,6,144,Normal,23.4,71.0,1019.2,0.3,11.0,169.0,39.0,22.5,68.4,1015.9,1.5,10.3,0.9,1.2,0.9,1
2024-12-23,2024,12,23,Post-Monsoon,Kerala Coast,9.93,76.26,7,168,Normal,26.6,63.0,1015.0,8.9,8.4,149.0,71.0,28.3,64.0,1015.5,1.5,9.4,1.7,7.4,1.7,0
2024-12-23,2024,12,23,Post-Monsoon,Gujarat Coastal,21.64,69.6,7,168,Normal,30.9,75.5,1015.9,0.0,15.5,282.0,12.0,28.8,78.6,1016.5,13.5,14.3,2.1,13.5,13.5,0
2024-12-23,2024,12,23,Post-Monsoon,Himachal Pradesh,31.1,77.17,7,168,Normal,22.0,71.0,1017.6,0.0,7.4,333.0,28.0,22.5,75.7,1015.9,1.5,10.3,0.5,1.5,0.5,0
2024-12-23,2024,12,23,Post-Monsoon,West Bengal (Gangetic),22.57,88.36,7,168,Normal,23.6,68.4,1012.2,3.7,21.2,114.0,64.0,23.9,70.0,1014.0,4.5,14.4,0.3,0.8,0.3,0
2024-12-23,2024,12,23,Post-Monsoon,Assam & Meghalaya,26.14,91.73,7,168,Normal,24.7,63.7,1008.7,6.3,16.9,194.0,55.0,24.2,64.9,1010.6,0.1,15.1,0.5,6.2,0.5,0
2024-12-23,2024,12,23,Post-Monsoon,Rajasthan (West),26.91,70.9,8,192,Normal,26.6,68.9,1008.7,0.3,15.0,312.0,68.0,26.2,69.2,1010.7,0.8,13.1,0.4,0.5,0.4,0
2024-12-23,2024,12,23,Post-Monsoon,Assam & Meghalaya,26.14,91.73,8,192,Normal,20.1,63.7,1012.8,0.0,14.6,229.0,63.0,24.2,69.8,1010.6,0.1,15.1,4.1,0.1,4.1,1
2024-12-23,2024,12,23,Post-Monsoon,Odisha Coastal,20.27,85.84,10,240,Normal,24.4,72.9,1011.1,12.6,1.0,70.0,12.0,25.5,74.1,1012.7,0.2,5.0,1.1,12.4,1.1,0
2024-12-30,2024,12,30,Post-Monsoon,Rajasthan (West),26.91,70.9,1,24,Normal,22.5,69.5,1013.7,0.0,12.5,9.0,56.0,24.9,71.6,1014.0,3.2,13.0,2.4,3.2,2.4,0
2024-12-30,2024,12,30,Post-Monsoon,Himachal Pradesh,31.1,77.17,2,48,Normal,22.6,59.1,1011.4,2.5,11.3,169.0,18.0,23.7,61.3,1010.2,1.9,10.9,1.1,0.6,1.1,0
2024-12-30,2024,12,30,Post-Monsoon,West Bengal (Gangetic),22.57,88.36,2,48,Normal,23.4,77.1,1011.6,4.2,12.6,345.0,92.0,23.8,75.0,1011.5,1.5,15.0,0.4,2.7,0.4,0
2024-12-30,2024,12,30,Post-Monsoon,Odisha Coastal,20.27,85.84,3,72,Cyclone,27.0,70.4,995.8,0.0,35.7,118.0,58.0,26.1,79.1,996.3,91.9,38.7,0.9,91.9,91.9,1
2024-12-30,2024,12,30,Post-Monsoon,Maharashtra (Mumbai/Konkan),18.98,72.83,3,72,Normal,26.3,75.5,1012.6,2.4,6.7,320.0,40.0,26.3,74.4,1013.0,2.0,8.5,0.0,0.4,0.0,0
2024-12-30,2024,12,30,Post-Monsoon,Rajasthan (West),26.91,70.9,3,72,Normal,28.7,69.5,1015.2,9.5,10.6,118.0,30.0,24.9,69.1,1014.0,3.2,13.0,3.8,6.3,3.8,1
2024-12-30,2024,12,30,Post-Monsoon,West Bengal (Gangetic),22.57,88.36,3,72,Normal,23.5,77.1,1011.8,6.0,15.8,264.0,43.0,23.8,80.3,1011.5,1.5,15.0,0.3,4.5,0.3,0
2024-12-30,2024,12,30,Post-Monsoon,Assam & Meghalaya,26.14,91.73,4,96,Normal,24.5,78.0,1011.5,2.1,11.7,85.0,59.0,26.0,85.7,1011.2,0.9,8.8,1.5,1.2,1.5,0
2024-12-30,2024,12,30,Post-Monsoon,Kerala Coast,9.93,76.26,5,120,Normal,24.4,70.3,1009.7,5.0,14.3,160.0,15.0,28.0,62.8,1012.0,0.9,12.2,3.6,4.1,3.6,1
2024-12-30,2024,12,30,Post-Monsoon,Gujarat Coastal,21.64,69.6,7,168,Normal,25.1,66.1,1010.3,0.0,4.2,306.0,46.0,27.1,70.9,1012.3,0.6,6.3,2.0,0.6,2.0,0
2024-12-30,2024,12,30,Post-Monsoon,Kerala Coast,9.93,76.26,8,192,Normal,27.0,70.3,1014.6,0.0,16.7,55.0,48.0,28.0,72.2,1012.0,0.9,12.2,1.0,0.9,1.0,0
2024-12-30,2024,12,30,Post-Monsoon,Gujarat Coastal,21.64,69.6,8,192,Normal,29.3,66.1,1014.5,8.7,3.3,184.0,17.0,27.1,68.9,1012.3,0.6,6.3,2.2,8.1,2.2,0
2024-12-30,2024,12,30,Post-Monsoon,Maharashtra (Mumbai/Konkan),18.98,72.83,9,216,Normal,25.7,75.5,1011.4,0.4,8.0,54.0,53.0,26.3,75.0,1013.0,2.0,8.5,0.6,1.6,0.6,0
2024-12-30,2024,12,30,Post-Monsoon,Himachal Pradesh,31.1,77.17,9,216,Normal,26.5,59.1,1008.8,0.0,6.8,347.0,61.0,23.7,62.6,1010.2,1.9,10.9,2.8,1.9,2.8,0
2024-12-30,2024,12,30,Post-Monsoon,Assam & Meghalaya,26.14,91.73,9,216,Normal,26.5,78.0,1013.1,2.7,15.8,28.0,64.0,26.0,73.3,1011.2,0.9,8.8,0.5,1.8,0.5,0
2024-12-30,2024,12,30,Post-Monsoon,Odisha Coastal,20.27,85.84,10,240,Cyclone,25.7,70.4,993.9,82.4,35.5,218.0,83.0,26.1,70.5,996.3,91.9,38.7,0.4,9.5,9.5,0
2025-01-06,2025,1,6,Winter,Odisha Coastal,20.27,85.84,1,24,Normal,20.4,60.5,1019.4,5.1,10.6,291.0,19.0,20.9,63.5,1019.0,2.2,9.9,0.5,2.9,0.5,0
2025-01-06,2025,1,6,Winter,Maharashtra (Mumbai/Konkan),18.98,72.83,1,24,Normal,23.9,58.1,1018.9,0.0,9.8,89.0,73.0,25.4,56.5,1018.3,0.0,9.0,1.5,0.0,1.5,0
2025-01-06,2025,1,6,Winter,Gujarat Coastal,21.64,69.6,2,48,Normal,19.3,60.8,1016.6,0.0,9.6,353.0,30.0,22.6,51.0,1017.8,1.5,9.1,3.3,1.5,3.3,1
2025-01-06,2025,1,6,Winter,Kerala Coast,9.93,76.26,3,72,Normal,18.3,77.9,1016.7,0.3,2.4,295.0,15.0,15.3,86.7,1017.5,1.2,6.8,3.0,0.9,3.0,0
2025-01-06,2025,1,6,Winter,Rajasthan (West),26.91,70.9,3,72,Normal,18.7,70.9,1014.5,0.0,8.2,242.0,87.0,20.5,70.5,1014.3,2.6,8.6,1.8,2.6,1.8,0
2025-01-06,2025,1,6,Winter,West Bengal (Gangetic),22.57,88.36,4,96,Normal,21.2,49.7,1017.2,1.7,7.5,225.0,44.0,21.2,51.3,1018.7,1.3,8.0,0.0,0.4,0.0,0
2025-01-06,2025,1,6,Winter,West Bengal (Gangetic),22.57,88.36,5,120,Normal,20.6,49.7,1018.2,0.2,5.5,47.0,55.0,21.2,53.2,1018.7,1.3,8.0,0.6,1.1,0.6,0
2025-01-06,2025,1,6,Winter,Kerala Coast,9.93,76.26,6,144,Normal,15.8,77.9,1019.0,0.0,4.2,72.0,29.0,15.3,82.3,1017.5,1.2,6.8,0.5,1.2,0.5,0
2025-01-06,2025,1,6,Winter,Assam & Meghalaya,26.14,91.73,6,144,Normal,23.4,71.0,1014.1,0.0,10.7,348.0,43.0,20.5,71.0,1014.2,0.3,9.0,2.9,0.3,2.9,0
2025-01-06,2025,1,6,Winter,Himachal Pradesh,31.1,77.17,7,168,Western Disturbance,22.4,38.7,1014.5,17.1,7.5,78.0,86.0,19.2,38.4,1016.4,18.1,8.1,3.2,1.0,1.0,1
2025-01-06,2025,1,6,Winter,Rajasthan (West),26.91,70.9,8,192,Normal,21.1,70.9,1017.9,0.0,7.7,222.0,32.0,20.5,64.9,1014.3,2.6,8.6,0.6,2.6,0.6,1
2025-01-06,2025,1,6,Winter,Assam & Meghalaya,26.14,91.73,8,192,Normal,21.0,71.0,1012.5,0.0,8.5,254.0,85.0,20.5,70.8,1014.2,0.3,9.0,0.5,0.3,0.5,0
2025-01-06,2025,1,6,Winter,Odisha Coastal,20.27,85.84,9,216,Normal,16.5,60.5,1019.9,0.0,11.4,296.0,77.0,20.9,56.7,1019.0,2.2,9.9,4.4,2.2,4.4,1
2025-01-06,2025,1,6,Winter,Maharashtra (Mumbai/Konkan),18.98,72.83,9,216,Normal,24.4,58.1,1018.9,3.9,3.0,312.0,17.0,25.4,58.6,1018.3,0.0,9.0,1.0,3.9,1.0,0
2025-01-06,2025,1,6,Winter,Gujarat Coastal,21.64,69.6,10,240,Normal,25.0,60.8,1018.9,6.3,6.4,31.0,47.0,22.6,59.9,1017.8,1.5,9.1,2.4,4.8,2.4,0
2025-01-06,2025,1,6,Winter,Himachal Pradesh,31.1,77.17,10,240,Western Disturbance,20.9,38.7,1015.6,86.5,7.1,281.0,31.0,19.2,40.8,1016.4,18.1,8.1,1.7,68.4,68.4,1
2025-01-13,2025,1,13,Winter,Kerala Coast,9.93,76.26,1,24,Normal,23.0,74.2,1020.0,0.0,8.0,206.0,75.0,23.3,74.7,1019.5,0.3,8.6,0.3,0.3,0.3,0
2025-01-13,2025,1,13,Winter,Himachal Pradesh,31.1,77.17,1,24,Normal,24.2,66.1,1013.9,0.4,8.1,282.0,54.0,22.6,63.2,1013.6,0.1,11.0,1.6,0.3,1.6,0
2025-01-13,2025,1,13,Winter,Assam & Meghalaya,26.14,91.73,1,24,Normal,16.2,56.2,1015.6,1.3,12.3,262.0,80.0,16.7,62.8,1014.5,0.5,12.3,0.5,0.8,0.5,0
2025-01-13,2025,1,13,Winter,Odisha Coastal,20.27,85.84,2,48,Normal,18.5,67.4,1017.7,9.9,12.0,198.0,25.0,18.4,68.0,1016.3,3.4,9.8,0.1,6.5,0.1,0
2025-01-13,2025,1,13,Winter,Rajasthan (West),26.91,70.9,2,48,Normal,23.0,73.3,1016.0,3.1,6.1,239.0,65.0,22.9,73.8,1015.2,0.6,5.9,0.1,2.5,0.1,0
2025-01-13,2025,1,13,Winter,Gujarat Coastal,21.64,69.6,4,96,Normal,16.2,60.2,1013.6,7.2,6.9,351.0,32.0,16.8,62.5,1013.6,0.5,6.5,0.6,6.7,0.6,0
2025-01-13,2025,1,13,Winter,Himachal Pradesh,31.1,77.17,4,96,Normal,22.7,66.1,1013.5,1.4,11.6,113.0,44.0,22.6,68.2,1013.6,0.1,11.0,0.1,1.3,0.1,0
2025-01-13,2025,1,13,Winter,Maharashtra (Mumbai/Konkan),18.98,72.83,6,144,Normal,14.2,62.7,1015.3,0.7,9.8,40.0,35.0,15.9,57.0,1015.6,0.5,8.4,1.7,0.2,1.7,0
2025-01-13,2025,1,13,Winter,West Bengal (Gangetic),22.57,88.36,6,144,Normal,22.3,58.4,1018.4,1.8,10.1,158.0,36.0,22.1,55.7,1017.3,0.2,7.7,0.2,1.6,0.2,0
2025-01-13,2025,1,13,Winter,Assam & Meghalaya,26.14,91.73,6,144,Normal,18.8,56.2,1017.7,0.0,17.8,294.0,11.0,16.7,46.8,1014.5,0.5,12.3,2.1,0.5,2.1,1
2025-01-13,2025,1,13,Winter,Kerala Coast,9.93,76.26,7,168,Normal,23.9,74.2,1020.4,0.0,10.7,188.0,59.0,23.3,69.5,1019.5,0.3,8.6,0.6,0.3,0.6,0
2025-01-13,2025,1,13,Winter,West Bengal (Gangetic),22.57,88.36,7,168,Normal,24.9,58.4,1016.9,2.5,7.1,171.0,30.0,22.1,55.6,1017.3,0.2,7.7,2.8,2.3,2.8,0
2025-01-13,2025,1,13,Winter,Odisha Coastal,20.27,85.84,8,192,Normal,20.4,67.4,1016.0,0.0,12.4,90.0,52.0,18.4,70.1,1016.3,3.4,9.8,2.0,3.4,2.0,0
2025-01-13,2025,1,13,Winter,Maharashtra (Mumbai/Konkan),18.98,72.83,8,192,Normal,16.6,62.7,1015.3,3.8,12.6,170.0,35.0,15.9,57.6,1015.6,0.5,8.4,0.7,3.3,0.7,0
2025-01-13,2025,1,13,Winter,Gujarat Coastal,21.64,69.6,8,192,Normal,18.9,60.2,1012.3,0.0,1.9,81.0,93.0,16.8,65.8,1013.6,0.5,6.5,2.1,0.5,2.1,0
2025-01-13,2025,1,13,Winter,Rajasthan (West),26.91,70.9,9,216,Normal,19.7,73.3,1018.4,4.4,8.7,207.0,10.0,22.9,67.4,1015.2,0.6,5.9,3.2,3.8,3.2,1
2025-01-20,2025,1,20,Winter,Gujarat Coastal,21.64,69.6,2,48,Normal,20.3,51.1,1018.2,0.0,14.0,95.0,20.0,20.9,52.2,1017.7,1.4,13.0,0.6,1.4,0.6,0
2025-01-20,2025,1,20,Winter,Kerala Coast,9.93,76.26,3,72,Normal,19.9,58.7,1015.5,0.0,7.9,342.0,32.0,20.1,64.9,1013.9,0.1,7.5,0.2,0.1,0.2,0
2025-01-20,2025,1,20,Winter,Maharashtra (Mumbai/Konkan),18.98,72.83,3,72,Normal,18.7,41.0,1015.8,1.1,11.4,240.0,20.0,18.9,40.1,1015.4,3.2,10.5,0.2,2.1,0.2,0
2025-01-20,2025,1,20,Winter,Odisha Coastal,20.27,85.84,4,96,Normal,16.0,62.2,1019.2,3.4,13.3,60.0,59.0,17.3,65.2,1020.1,0.2,9.7,1.3,3.2,1.3,0
2025-01-20,2025,1,20,Winter,Kerala Coast,9.93,76.26,4,96,Normal,18.2,58.7,1014.0,0.0,7.7,71.0,94.0,20.1,53.0,1013.9,0.1,7.5,1.9,0.1,1.9,0
2025-01-20,2025,1,20,Winter,Himachal Pradesh,31.1,77.17,4,96,Normal,26.4,62.8,1016.2,5.2,12.1,89.0,67.0,28.3,57.9,1016.7,0.8,10.2,1.9,4.4,1.9,0
2025-01-20,2025,1,20,Winter,West Bengal (Gangetic),22.57,88.36,4,96,Normal,18.4,57.5,1019.2,3.7,5.7,233.0,48.0,18.1,53.1,1019.5,0.3,6.9,0.3,3.4,0.3,0
2025-01-20,2025,1,20,Winter,Maharashtra (Mumbai/Konkan),18.98,72.83,6,144,Normal,18.9,41.0,1016.5,13.3,9.8,53.0,19.0,18.9,35.7,1015.4,3.2,10.5,0.0,10.1,0.0,0
2025-01-20,2025,1,20,Winter,Gujarat Coastal,21.64,69.6,6,144,Normal,21.1,51.1,1016.6,0.0,10.2,353.0,44.0,20.9,49.3,1017.7,1.4,13.0,0.2,1.4,0.2,0
2025-01-20,2025,1,20,Winter,Odisha Coastal,20.27,85.84,7,168,Normal,16.2,62.2,1017.5,0.0,9.6,90.0,37.0,17.3,63.6,1020.1,0.2,9.7,1.1,0.2,1.1,0
2025-01-20,2025,1,20,Winter,Assam & Meghalaya,26.14,91.73,7,168,Normal,16.3,57.6,1014.0,3.5,12.1,188.0,70.0,18.9,62.2,1014.4,0.1,9.4,2.6,3.4,2.6,0
2025-01-20,2025,1,20,Winter,Rajasthan (West),26.91,70.9,8,192,Normal,19.0,68.7,1016.1,11.9,11.3,250.0,88.0,20.1,69.6,1013.6,1.5,7.2,1.1,10.4,1.1,0
2025-01-20,2025,1,20,Winter,Himachal Pradesh,31.1,77.17,8,192,Normal,27.0,62.8,1015.5,0.0,3.8,57.0,78.0,28.3,69.9,1016.7,0.8,10.2,1.3,0.8,1.3,0
2025-01-20,2025,1,20,Winter,Assam & Meghalaya,26.14,91.73,9,216,Normal,18.5,57.6,1017.1,0.0,14.0,8.0,85.0,18.9,57.7,1014.4,0.1,9.4,0.4,0.1,0.4,0
2025-01-20,2025,1,20,Winter,Rajasthan (West),26.91,70.9,10,240,Normal,16.6,68.7,1013.9,11.9,7.1,208.0,72.0,20.1,69.4,1013.6,1.5,7.2,3.5,10.4,3.5,1
2025-01-20,2025,1,20,Winter,West Bengal (Gangetic),22.57,88.36,10,240,Normal,16.6,57.5,1020.0,12.4,17.7,84.0,34.0,18.1,52.3,1019.5,0.3,6.9,1.5,12.1,1.5,1
2025-01-27,2025,1,27,Winter,Odisha Coastal,20.27,85.84,1,24,Normal,21.0,57.0,1019.8,0.0,6.2,167.0,61.0,20.3,58.0,1018.9,0.7,8.9,0.7,0.7,0.7,0
2025-01-27,2025,1,27,Winter,Kerala Coast,9.93,76.26,1,24,Normal,15.6,62.8,1015.1,0.4,7.2,294.0,71.0,16.5,57.7,1015.6,0.6,6.5,0.9,0.2,0.9,0
2025-01-27,2025,1,27,Winter,Gujarat Coastal,21.64,69.6,2,48,Normal,18.1,56.6,1012.3,0.0,8.8,50.0,31.0,17.6,56.1,1012.6,1.6,8.3,0.5,1.6,0.5,0
2025-01-27,2025,1,27,Winter,Rajasthan (West),26.91,70.9,2,48,Normal,27.0,59.7,1018.4,8.1,6.9,125.0,18.0,25.0,61.9,1017.6,1.6,6.1,2.0,6.5,2.0,0
2025-01-27,2025,1,27,Winter,Assam & Meghalaya,26.14,91.73,2,48,Normal,16.7,63.2,1015.9,2.8,6.5,117.0,89.0,18.3,59.8,1015.9,0.1,7.2,1.6,2.7,1.6,0
2025-01-27,2025,1,27,Winter,Maharashtra (Mumbai/Konkan),18.98,72.83,3,72,Normal,15.6,68.0,1018.5,2.7,6.5,60.0,86.0,15.6,71.6,1017.8,0.8,6.8,0.0,1.9,0.0,0
2025-01-27,2025,1,27,Winter,Odisha Coastal,20.27,85.84,4,96,Normal,21.9,57.0,1019.1,4.2,9.0,7.0,60.0,20.3,60.1,1018.9,0.7,8.9,1.6,3.5,1.6,0
2025-01-27,2025,1,27,Winter,Kerala Coast,9.93,76.26,6,144,Normal,15.6,62.8,1014.4,0.0,9.5,141.0,67.0,16.5,62.6,1015.6,0.6,6.5,0.9,0.6,0.9,0
2025-01-27,2025,1,27,Winter,Himachal Pradesh,31.1,77.17,6,144,Normal,17.3,49.9,1012.0,11.0,4.6,69.0,17.0,16.1,53.2,1015.4,1.3,6.8,1.2,9.7,1.2,1
2025-01-27,2025,1,27,Winter,Assam & Meghalaya,26.14,91.73,6,144,Normal,15.6,63.2,1018.4,4.5,5.6,136.0,94.0,18.3,61.1,1015.9,0.1,7.2,2.7,4.4,2.7,0
2025-01-27,2025,1,27,Winter,Gujarat Coastal,21.64,69.6,7,168,Normal,19.0,56.6,1013.0,1.0,10.5,61.0,78.0,17.6,47.9,1012.6,1.6,8.3,1.4,0.6,1.4,0
2025-01-27,2025,1,27,Winter,Rajasthan (West),26.91,70.9,7,168,Normal,27.0,59.7,1016.4,0.0,5.9,90.0,93.0,25.0,60.9,1017.6,1.6,6.1,2.0,1.6,2.0,0
2025-01-27,2025,1,27,Winter,West Bengal (Gangetic),22.57,88.36,8,192,Normal,19.1,56.9,1019.4,0.0,3.6,150.0,36.0,20.0,62.9,1018.4,0.3,8.0,0.9,0.3,0.9,0
2025-01-27,2025,1,27,Winter,Maharashtra (Mumbai/Konkan),18.98,72.83,9,216,Normal,12.9,68.0,1019.5,0.0,2.1,185.0,34.0,15.6,60.7,1017.8,0.8,6.8,2.7,0.8,2.7,0
2025-01-27,2025,1,27,Winter,West Bengal (Gangetic),22.57,88.36,9,216,Normal,21.7,56.9,1019.9,0.0,10.1,37.0,77.0,20.0,51.7,1018.4,0.3,8.0,1.7,0.3,1.7,0
2025-01-27,2025,1,27,Winter,Himachal Pradesh,31.1,77.17,10,240,Normal,16.6,49.9,1016.3,0.0,8.3,82.0,69.0,16.1,54.7,1015.4,1.3,6.8,0.5,1.3,0.5,0
2025-02-03,2025,2,3,Winter,Gujarat Coastal,21.64,69.6,2,48,Normal,20.6,47.2,1021.2,0.0,7.7,118.0,37.0,20.0,47.6,1020.5,0.3,8.2,0.6,0.3,0.6,0
2025-02-03,2025,2,3,Winter,Himachal Pradesh,31.1,77.17,3,72,Normal,22.7,60.4,1017.2,0.0,8.9,16.0,69.0,22.3,62.9,1016.8,0.8,8.2,0.4,0.8,0.4,0
2025-02-03,2025,2,3,Winter,Kerala Coast,9.93,76.26,4,96,Normal,18.4,75.9,1016.5,1.3,8.9,173.0,12.0,16.1,80.7,1016.4,0.6,10.5,2.3,0.7,2.3,0
2025-02-03,2025,2,3,Winter,Kerala Coast,9.93,76.26,5,120,Normal,17.6,75.9,1015.4,0.9,11.7,269.0,75.0,16.1,71.6,1016.4,0.6,10.5,1.5,0.3,1.5,0
2025-02-03,2025,2,3,Winter,Gujarat Coastal,21.64,69.6,5,120,Normal,19.6,47.2,1020.5,2.1,13.8,52.0,62.0,20.0,46.3,1020.5,0.3,8.2,0.4,1.8,0.4,0
2025-02-03,2025,2,3,Winter,Himachal Pradesh,31.1,77.17,5,120,Normal,19.2,60.4,1015.9,0.0,7.0,318.0,21.0,22.3,60.7,1016.8,0.8,8.2,3.1,0.8,3.1,1
2025-02-03,2025,2,3,Winter,Odisha Coastal,20.27,85.84,6,144,Normal,18.6,50.6,1016.0,5.3,3.6,242.0,43.0,17.1,49.0,1015.8,1.0,7.2,1.5,4.3,1.5,0
2025-02-03,2025,2,3,Winter,Odisha Coastal,20.27,85.84,7,168,Normal,18.1,50.6,1018.4,0.0,7.8,174.0,93.0,17.1,51.8,1015.8,1.0,7.2,1.0,1.0,1.0,0
2025-02-03,2025,2,3,Winter,Maharashtra (Mumbai/Konkan),18.98,72.83,7,168,Normal,23.3,55.9,1017.3,1.8,6.4,232.0,17.0,18.5,61.5,1018.4,0.1,9.7,4.8,1.7,4.8,1
2025-02-03,2025,2,3,Winter,West Bengal (Gangetic),22.57,88.36,7,168,Normal,21.5,61.6,1016.4,0.0,10.8,22.0,88.0,22.3,60.5,1015.0,6.6,9.0,0.8,6.6,6.6,0
2025-02-03,2025,2,3,Winter,Assam & Meghalaya,26.14,91.73,7,168,Normal,22.2,57.2,1014.7,6.5,6.4,215.0,59.0,22.7,55.7,1015.9,1.3,7.3,0.5,5.2,0.5,0
2025-02-03,2025,2,3,Winter,Rajasthan (West),26.91,70.9,8,192,Normal,21.1,48.0,1017.2,0.5,14.0,337.0,62.0,21.2,49.0,1018.3,1.7,10.2,0.1,1.2,0.1,0
2025-02-03,2025,2,3,Winter,West Bengal (Gangetic),22.57,88.36,9,216,Normal,19.9,61.6,1015.3,0.0,1.6,88.0,16.0,22.3,60.0,1015.0,6.6,9.0,2.4,6.6,6.6,1
2025-02-03,2025,2,3,Winter,Assam & Meghalaya,26.14,91.73,9,216,Normal,20.1,57.2,1016.6,11.1,4.8,315.0,81.0,22.7,56.3,1015.9,1.3,7.3,2.6,9.8,2.6,0
2025-02-03,2025,2,3,Winter,Maharashtra (Mumbai/Konkan),18.98,72.83,10,240,Normal,15.2,55.9,1016.2,9.0,11.5,294.0,42.0,18.5,55.8,1018.4,0.1,9.7,3.3,8.9,3.3,1
2025-02-03,2025,2,3,Winter,Rajasthan (West),26.91,70.9,10,240,Normal,22.3,48.0,1014.3,0.0,13.8,216.0,49.0,21.2,45.5,1018.3,1.7,10.2,1.1,1.7,1.1,1
2025-02-10,2025,2,10,Winter,Gujarat Coastal,21.64,69.6,1,24,Normal,21.7,57.0,1015.7,1.0,11.4,232.0,64.0,20.8,59.2,1016.7,0.0,11.3,0.9,1.0,0.9,0
2025-02-10,2025,2,10,Winter,Rajasthan (West),26.91,70.9,1,24,Normal,21.5,68.5,1014.8,4.9,8.1,196.0,80.0,20.8,64.7,1014.9,0.5,7.8,0.7,4.4,0.7,0
2025-02-10,2025,2,10,Winter,West Bengal (Gangetic),22.57,88.36,1,24,Normal,18.0,59.3,1017.9,1.7,9.4,197.0,62.0,17.0,64.2,1017.3,1.8,9.8,1.0,0.1,1.0,0
2025-02-10,2025,2,10,Winter,Himachal Pradesh,31.1,77.17,2,48,Normal,19.5,69.4,1016.8,1.5,7.3,69.0,92.0,20.6,64.2,1016.1,0.8,5.2,1.1,0.7,1.1,0
2025-02-10,2025,2,10,Winter,Assam & Meghalaya,26.14,91.73,2,48,Normal,11.3,58.5,1015.0,0.0,8.3,186.0,20.0,12.3,53.1,1014.2,0.9,9.2,1.0,0.9,1.0,0
2025-02-10,2025,2,10,Winter,Maharashtra (Mumbai/Konkan),18.98,72.83,4,96,Normal,22.1,54.9,1017.0,0.0,9.7,158.0,94.0,22.5,58.2,1016.2,0.7,7.9,0.4,0.7,0.4,0
2025-02-10,2025,2,10,Winter,Gujarat Coastal,21.64,69.6,4,96,Normal,22.1,57.0,1014.8,0.0,11.1,170.0,66.0,20.8,55.3,1016.7,0.0,11.3,1.3,0.0,1.3,0
2025-02-10,2025,2,10,Winter,West Bengal (Gangetic),22.57,88.36,4,96,Normal,16.9,59.3,1015.5,2.7,8.3,201.0,54.0,17.0,60.9,1017.3,1.8,9.8,0.1,0.9,0.1,0
2025-02-10,2025,2,10,Winter,Assam & Meghalaya,26.14,91.73,5,120,Normal,13.5,58.5,1014.5,5.4,7.8,231.0,88.0,12.3,56.3,1014.2,0.9,9.2,1.2,4.5,1.2,0
2025-02-10,2025,2,10,Winter,Kerala Coast,9.93,76.26,6,144,Normal,26.7,56.2,1015.8,12.7,7.0,275.0,65.0,25.9,59.3,1015.9,0.2,6.9,0.8,12.5,0.8,0
2025-02-10,2025,2,10,Winter,Kerala Coast,9.93,76.26,7,168,Normal,26.6,56.2,1012.6,0.0,11.2,157.0,44.0,25.9,56.4,1015.9,0.2,6.9,0.7,0.2,0.7,1
2025-02-10,2025,2,10,Winter,Rajasthan (West),26.91,70.9,7,168,Normal,17.3,68.5,1015.1,6.5,13.5,51.0,81.0,20.8,59.3,1014.9,0.5,7.8,3.5,6.0,3.5,1
2025-02-10,2025,2,10,Winter,Himachal Pradesh,31.1,77.17,7,168,Normal,20.0,69.4,1016.1,0.0,2.1,305.0,30.0,20.6,68.3,1016.1,0.8,5.2,0.6,0.8,0.6,0
2025-02-10,2025,2,10,Winter,Odisha Coastal,20.27,85.84,8,192,Normal,22.8,58.2,1015.2,4.0,13.7,92.0,49.0,19.7,61.4,1016.0,1.7,11.5,3.1,2.3,3.1,1
2025-02-10,2025,2,10,Winter,Odisha Coastal,20.27,85.84,9,216,Normal,21.2,58.2,1020.0,14.5,13.9,294.0,31.0,19.7,56.4,1016.0,1.7,11.5,1.5,12.8,1.5,1
2025-02-10,2025,2,10,Winter,Maharashtra (Mumbai/Konkan),18.98,72.83,9,216,Normal,18.6,54.9,1017.3,0.0,6.8,59.0,87.0,22.5,54.4,1016.2,0.7,7.9,3.9,0.7,3.9,1
2025-02-17,2025,2,17,Winter,Gujarat Coastal,21.64,69.6,1,24,Normal,21.1,75.4,1012.8,1.5,5.0,249.0,88.0,22.4,76.1,1013.5,2.8,5.2,1.3,1.3,1.3,0
2025-02-17,2025,2,17,Winter,West Bengal (Gangetic),22.57,88.36,1,24,Normal,20.0,58.1,1013.1,3.5,7.4,248.0,71.0,19.0,58.1,1013.6,0.8,8.9,1.0,2.7,1.0,0
2025-02-17,2025,2,17,Winter,Himachal Pradesh,31.1,77.17,2,48,Normal,19.3,66.2,1014.4,0.9,7.3,296.0,89.0,18.6,60.9,1013.9,1.7,8.8,0.7,0.8,0.7,0
2025-02-17,2025,2,17,Winter,Kerala Coast,9.93,76.26,3,72,Normal,24.9,59.3,1016.5,2.5,8.1,166.0,40.0,23.7,53.5,1016.8,0.2,7.1,1.2,2.3,1.2,0
2025-02-17,2025,2,17,Winter,Maharashtra (Mumbai/Konkan),18.98,72.83,3,72,Normal,21.5,65.5,1017.4,0.9,5.3,318.0,78.0,20.4,67.0,1016.7,0.5,6.1,1.1,0.4,1.1,0
2025-02-17,2025,2,17,Winter,Gujarat Coastal,21.64,69.6,4,96,Normal,23.1,75.4,1014.0,3.8,8.2,343.0,29.0,22.4,76.9,1013.5,2.8,5.2,0.7,1.0,0.7,0
2025-02-17,2025,2,17,Winter,Odisha Coastal,20.27,85.84,5,120,Normal,16.1,48.0,1015.1,4.1,9.1,112.0,30.0,18.5,55.8,1016.6,2.6,9.9,2.4,1.5,2.4,0
2025-02-17,2025,2,17,Winter,Rajasthan (West),26.91,70.9,5,120,Normal,18.7,60.5,1011.7,2.0,7.7,104.0,72.0,17.6,63.2,1013.4,1.0,10.5,1.1,1.0,1.1,0
2025-02-17,2025,2,17,Winter,Odisha Coastal,20.27,85.84,7,168,Normal,16.3,48.0,1014.7,10.4,4.6,258.0,77.0,18.5,48.4,1016.6,2.6,9.9,2.2,7.8,2.2,0
2025-02-17,2025,2,17,Winter,Rajasthan (West),26.91,70.9,7,168,Normal,17.2,60.5,1014.5,0.2,10.1,202.0,60.0,17.6,63.5,1013.4,1.0,10.5,0.4,0.8,0.4,0
2025-02-17,2025,2,17,Winter,Himachal Pradesh,31.1,77.17,7,168,Normal,14.6,66.2,1011.6,1.9,9.7,93.0,92.0,18.6,61.4,1013.9,1.7,8.8,4.0,0.2,4.0,1
2025-02-17,2025,2,17,Winter,West Bengal (Gangetic),22.57,88.36,7,168,Normal,19.5,58.1,1014.1,6.9,5.3,156.0,83.0,19.0,55.9,1013.6,0.8,8.9,0.5,6.1,0.5,0
2025-02-17,2025,2,17,Winter,Assam & Meghalaya,26.14,91.73,7,168,Normal,23.1,58.6,1014.5,0.0,9.8,211.0,17.0,23.1,57.9,1010.1,0.3,6.5,0.0,0.3,0.0,1
2025-02-17,2025,2,17,Winter,Assam & Meghalaya,26.14,91.73,8,192,Normal,22.2,58.6,1009.0,0.0,12.8,54.0,74.0,23.1,63.0,1010.1,0.3,6.5,0.9,0.3,0.9,0
2025-02-17,2025,2,17,Winter,Maharashtra (Mumbai/Konkan),18.98,72.83,9,216,Normal,23.8,65.5,1019.5,0.0,7.2,235.0,56.0,20.4,65.2,1016.7,0.5,6.1,3.4,0.5,3.4,1
2025-02-17,2025,2,17,Winter,Kerala Coast,9.93,76.26,10,240,Normal,24.8,59.3,1018.2,0.0,8.5,212.0,69.0,23.7,56.7,1016.8,0.2,7.1,1.1,0.2,1.1,0
2025-02-24,2025,2,24,Winter,Maharashtra (Mumbai/Konkan),18.98,72.83,1,24,Normal,18.2,64.6,1016.2,1.6,5.3,268.0,14.0,18.5,61.6,1015.6,0.3,5.7,0.3,1.3,0.3,0
2025-02-24,2025,2,24,Winter,Rajasthan (West),26.91,70.9,2,48,Normal,17.3,65.0,1012.3,0.0,11.6,73.0,10.0,16.4,67.8,1013.6,0.0,8.8,0.9,0.0,0.9,0
2025-02-24,2025,2,24,Winter,Himachal Pradesh,31.1,77.17,2,48,Normal,14.6,66.2,1014.8,3.1,6.9,213.0,74.0,14.4,62.7,1014.6,0.0,7.9,0.2,3.1,0.2,0
2025-02-24,2025,2,24,Winter,Odisha Coastal,20.27,85.84,3,72,Normal,27.7,45.3,1013.3,0.0,7.9,8.0,77.0,24.8,45.4,1014.3,0.5,6.4,2.9,0.5,2.9,0
2025-02-24,2025,2,24,Winter,Assam & Meghalaya,26.14,91.73,3,72,Normal,19.7,60.5,1019.3,0.0,6.6,250.0,48.0,19.5,60.9,1018.0,0.1,6.7,0.2,0.1,0.2,0
2025-02-24,2025,2,24,Winter,Kerala Coast,9.93,76.26,4,96,Normal,19.1,62.4,1014.2,10.3,10.3,268.0,91.0,19.7,62.4,1015.1,3.0,9.0,0.6,7.3,0.6,0
2025-02-24,2025,2,24,Winter,Assam & Meghalaya,26.14,91.73,4,96,Normal,20.1,60.5,1018.4,7.9,4.8,264.0,82.0,19.5,64.7,1018.0,0.1,6.7,0.6,7.8,0.6,0
2025-02-24,2025,2,24,Winter,Odisha Coastal,20.27,85.84,5,120,Normal,24.5,45.3,1015.4,0.2,9.3,141.0,54.0,24.8,39.0,1014.3,0.5,6.4,0.3,0.3,0.3,0
2025-02-24,2025,2,24,Winter,Gujarat Coastal,21.64,69.6,5,120,Normal,16.7,67.4,1020.9,0.0,3.5,99.0,91.0,18.0,63.7,1019.2,2.7,8.8,1.3,2.7,1.3,0
2025-02-24,2025,2,24,Winter,Himachal Pradesh,31.1,77.17,7,168,Normal,12.3,66.2,1011.1,0.0,9.2,41.0,14.0,14.4,65.9,1014.6,0.0,7.9,2.1,0.0,2.1,1
2025-02-24,2025,2,24,Winter,West Bengal (Gangetic),22.57,88.36,7,168,Normal,27.2,63.0,1014.3,0.0,5.6,277.0,39.0,24.6,73.7,1017.1,0.9,10.0,2.6,0.9,2.6,0
2025-02-24,2025,2,24,Winter,Gujarat Coastal,21.64,69.6,8,192,Normal,22.8,67.4,1019.6,0.0,9.9,98.0,76.0,18.0,67.2,1019.2,2.7,8.8,4.8,2.7,4.8,1
2025-02-24,2025,2,24,Winter,Kerala Coast,9.93,76.26,9,216,Normal,18.3,62.4,1016.6,13.9,13.7,199.0,85.0,19.7,70.5,1015.1,3.0,9.0,1.4,10.9,1.4,0
2025-02-24,2025,2,24,Winter,Rajasthan (West),26.91,70.9,9,216,Normal,14.8,65.0,1011.0,1.0,1.6,265.0,23.0,16.4,59.3,1013.6,0.0,8.8,1.6,1.0,1.6,1
2025-02-24,2025,2,24,Winter,West Bengal (Gangetic),22.57,88.36,9,216,Normal,26.6,63.0,1020.9,0.0,5.6,107.0,88.0,24.6,60.7,1017.1,0.9,10.0,2.0,0.9,2.0,1
2025-02-24,2025,2,24,Winter,Maharashtra (Mumbai/Konkan),18.98,72.83,10,240,Normal,13.2,64.6,1016.7,11.1,1.2,68.0,42.0,18.5,69.2,1015.6,0.3,5.7,5.3,10.8,5.3,1
2025-03-03,2025,3,3,Pre-Monsoon,West Bengal (Gangetic),22.57,88.36,1,24,Normal,34.2,39.3,1010.4,0.0,11.3,95.0,21.0,34.7,37.4,1010.6,0.9,10.0,0.5,0.9,0.5,0
2025-03-03,2025,3,3,Pre-Monsoon,Odisha Coastal,20.27,85.84,2,48,Normal,32.3,36.5,1011.7,2.7,9.2,319.0,31.0,32.3,34.7,1011.1,1.4,7.5,0.0,1.3,0.0,0
2025-03-03,2025,3,3,Pre-Monsoon,Maharashtra (Mumbai/Konkan),18.98,72.83,2,48,Normal,36.9,57.6,1009.3,0.0,8.9,281.0,58.0,36.9,53.3,1009.1,1.6,9.9,0.0,1.6,0.0,0
2025-03-03,2025,3,3,Pre-Monsoon,Gujarat Coastal,21.64,69.6,2,48,Normal,36.7,42.3,1010.8,2.6,8.5,322.0,80.0,36.1,45.6,1011.1,4.5,8.9,0.6,1.9,0.6,0
2025-03-03,2025,3,3,Pre-Monsoon,Assam & Meghalaya,26.14,91.73,2,48,Normal,33.6,39.6,1011.4,0.7,11.8,24.0,50.0,34.1,43.3,1011.3,1.1,12.3,0.5,0.4,0.5,0
2025-03-03,2025,3,3,Pre-Monsoon,Odisha Coastal,20.27,85.84,4,96,Normal,34.8,36.5,1011.1,0.0,9.2,170.0,47.0,32.3,34.0,1011.1,1.4,7.5,2.5,1.4,2.5,0
2025-03-03,2025,3,3,Pre-Monsoon,Himachal Pradesh,31.1,77.17,4,96,Normal,37.3,34.0,1009.6,2.2,5.3,319.0,57.0,36.0,36.9,1010.1,0.0,4.7,1.3,2.2,1.3,0
2025-03-03,2025,3,3,Pre-Monsoon,Gujarat Coastal,21.64,69.6,5,120,Normal,37.4,42.3,1012.7,0.0,6.9,256.0,85.0,36.1,40.8,1011.1,4.5,8.9,1.3,4.5,1.3,0
2025-03-03,2025,3,3,Pre-Monsoon,Himachal Pradesh,31.1,77.17,5,120,Normal,37.1,34.0,1008.3,0.0,4.6,287.0,16.0,36.0,34.2,1010.1,0.0,4.7,1.1,0.0,1.1,0
2025-03-03,2025,3,3,Pre-Monsoon,West Bengal (Gangetic),22.57,88.36,6,144,Normal,33.1,39.3,1010.4,0.0,12.4,0.0,82.0,34.7,36.1,1010.6,0.9,10.0,1.6,0.9,1.6,0
2025-03-03,2025,3,3,Pre-Monsoon,Assam & Meghalaya,26.14,91.73,6,144,Normal,31.9,39.6,1010.6,1.6,11.2,249.0,82.0,34.1,41.7,1011.3,1.1,12.3,2.2,0.5,2.2,0
2025-03-03,2025,3,3,Pre-Monsoon,Maharashtra (Mumbai/Konkan),18.98,72.83,7,168,Normal,36.8,57.6,1010.2,0.0,9.5,323.0,40.0,36.9,56.4,1009.1,1.6,9.9,0.1,1.6,0.1,0
2025-03-03,2025,3,3,Pre-Monsoon,Rajasthan (West),26.91,70.9,8,192,Normal,34.0,61.7,1011.7,0.0,12.8,17.0,55.0,35.4,56.5,1011.6,0.0,14.8,1.4,0.0,1.4,0
2025-03-03,2025,3,3,Pre-Monsoon,Kerala Coast,9.93,76.26,9,216,Normal,30.1,65.1,1007.5,0.0,4.1,239.0,44.0,32.6,71.3,1007.6,2.0,1.6,2.5,2.0,2.5,0
2025-03-03,2025,3,3,Pre-Monsoon,Rajasthan (West),26.91,70.9,9,216,Normal,37.8,61.7,1013.5,0.1,11.7,31.0,78.0,35.4,66.5,1011.6,0.0,14.8,2.4,0.1,2.4,0
2025-03-03,2025,3,3,Pre-Monsoon,Kerala Coast,9.93,76.26,10,240,Normal,30.8,65.1,1006.9,2.0,1.1,236.0,79.0,32.6,66.0,1007.6,2.0,1.6,1.8,0.0,1.8,0
2025-03-10,2025,3,10,Pre-Monsoon,Kerala Coast,9.93,76.26,1,24,Normal,35.3,40.9,1009.9,8.3,8.1,70.0,22.0,36.4,41.7,1010.1,4.5,8.2,1.1,3.8,1.1,0
2025-03-10,2025,3,10,Pre-Monsoon,Assam & Meghalaya,26.14,91.73,1,24,Normal,37.8,40.6,1012.0,0.0,10.0,21.0,36.0,38.5,42.4,1011.3,1.0,9.5,0.7,1.0,0.7,0
2025-03-10,2025,3,10,Pre-Monsoon,Kerala Coast,9.93,76.26,2,48,Normal,36.5,40.9,1009.2,4.5,7.2,14.0,68.0,36.4,38.1,1010.1,4.5,8.2,0.1,0.0,0.1,0
2025-03-10,2025,3,10,Pre-Monsoon,West Bengal (Gangetic),22.57,88.36,2,48,Normal,36.5,51.9,1009.1,7.8,8.0,284.0,35.0,36.3,54.1,1008.7,2.2,9.6,0.2,5.6,0.2,0
2025-03-10,2025,3,10,Pre-Monsoon,Odisha Coastal,20.27,85.84,6,144,Normal,28.4,38.7,1009.2,0.4,12.1,225.0,75.0,31.8,37.5,1010.0,1.5,12.4,3.4,1.1,3.4,1
2025-03-10,2025,3,10,Pre-Monsoon,Rajasthan (West),26.91,70.9,6,144,Normal,29.7,54.7,1008.3,10.0,10.8,164.0,67.0,33.0,50.8,1010.1,4.6,12.8,3.3,5.4,3.3,1
2025-03-10,2025,3,10,Pre-Monsoon,Himachal Pradesh,31.1,77.17,6,144,Normal,29.8,56.7,1008.2,8.8,13.7,38.0,79.0,33.0,57.4,1008.8,0.6,11.2,3.2,8.2,3.2,1
2025-03-10,2025,3,10,Pre-Monsoon,Gujarat Coastal,21.64,69.6,7,168,Normal,30.8,69.5,1010.8,0.0,7.0,232.0,47.0,30.1,68.6,1012.1,0.6,9.5,0.7,0.6,0.7,0
2025-03-10,2025,3,10,Pre-Monsoon,Maharashtra (Mumbai/Konkan),18.98,72.83,8,192,Normal,29.9,63.5,1011.8,10.4,8.8,4.0,51.0,34.6,58.1,1009.4,2.0,6.4,4.7,8.4,4.7,1
2025-03-10,2025,3,10,Pre-Monsoon,Gujarat Coastal,21.64,69.6,8,192,Normal,30.7,69.5,1012.4,4.6,9.6,347.0,85.0,30.1,74.7,1012.1,0.6,9.5,0.6,4.0,0.6,0
2025-03-10,2025,3,10,Pre-Monsoon,Rajasthan (West),26.91,70.9,8,192,Normal,29.5,54.7,1009.8,8.8,11.4,86.0,88.0,33.0,56.8,1010.1,4.6,12.8,3.5,4.2,3.5,1
2025-03-10,2025,3,10,Pre-Monsoon,Odisha Coastal,20.27,85.84,9,216,Normal,37.2,38.7,1009.3,5.0,14.2,284.0,80.0,31.8,41.5,1010.0,1.5,12.4,5.4,3.5,5.4,1
2025-03-10,2025,3,10,Pre-Monsoon,Himachal Pradesh,31.1,77.17,9,216,Normal,38.0,56.7,1009.0,0.0,12.0,159.0,34.0,33.0,49.5,1008.8,0.6,11.2,5.0,0.6,5.0,1
2025-03-10,2025,3,10,Pre-Monsoon,Assam & Meghalaya,26.14,91.73,9,216,Normal,40.3,40.6,1012.4,3.0,6.3,305.0,84.0,38.5,42.5,1011.3,1.0,9.5,1.8,2.0,1.8,0
2025-03-10,2025,3,10,Pre-Monsoon,Maharashtra (Mumbai/Konkan),18.98,72.83,10,240,Normal,33.5,63.5,1011.1,0.0,7.9,46.0,26.0,34.6,68.0,1009.4,2.0,6.4,1.1,2.0,1.1,0
2025-03-10,2025,3,10,Pre-Monsoon,West Bengal (Gangetic),22.57,88.36,10,240,Normal,37.6,51.9,1008.5,0.0,7.4,173.0,33.0,36.3,47.5,1008.7,2.2,9.6,1.3,2.2,1.3,0
2025-03-17,2025,3,17,Pre-Monsoon,Odisha Coastal,20.27,85.84,1,24,Cyclone,31.0,22.8,1007.1,7.6,12.7,20.0,81.0,31.1,21.6,1006.4,2.6,11.2,0.1,5.0,0.1,0
2025-03-17,2025,3,17,Pre-Monsoon,Rajasthan (West),26.91,70.9,1,24,Normal,28.3,44.1,1013.0,0.0,8.1,42.0,26.0,28.1,41.1,1012.8,1.1,6.9,0.2,1.1,0.2,0
2025-03-17,2025,3,17,Pre-Monsoon,Kerala Coast,9.93,76.26,2,48,Normal,34.5,62.6,1011.2,9.3,11.4,142.0,24.0,34.3,60.8,1010.8,3.0,11.1,0.2,6.3,0.2,0
2025-03-17,2025,3,17,Pre-Monsoon,Himachal Pradesh,31.1,77.17,3,72,Normal,36.0,52.1,1011.4,0.2,8.4,227.0,66.0,36.3,48.4,1011.3,0.3,7.8,0.3,0.1,0.3,0
2025-03-17,2025,3,17,Pre-Monsoon,Himachal Pradesh,31.1,77.17,4,96,Normal,34.6,52.1,1011.0,0.0,6.9,9.0,60.0,36.3,51.1,1011.3,0.3,7.8,1.7,0.3,1.7,0
2025-03-17,2025,3,17,Pre-Monsoon,Odisha Coastal,20.27,85.84,5,120,Cyclone,31.1,22.8,1010.4,0.0,18.2,205.0,31.0,31.1,29.4,1006.4,2.6,11.2,0.0,2.6,0.0,1
2025-03-17,2025,3,17,Pre-Monsoon,Kerala Coast,9.93,76.26,5,120,Normal,32.3,62.6,1013.2,0.0,8.8,64.0,72.0,34.3,65.3,1010.8,3.0,11.1,2.0,3.0,2.0,0
2025-03-17,2025,3,17,Pre-Monsoon,Maharashtra (Mumbai/Konkan),18.98,72.83,6,144,Normal,35.2,58.7,1008.1,0.0,10.5,47.0,48.0,34.5,58.3,1009.4,4.0,7.9,0.7,4.0,0.7,0
2025-03-17,2025,3,17,Pre-Monsoon,Gujarat Coastal,21.64,69.6,6,144,Normal,30.8,59.5,1010.7,0.2,3.8,245.0,35.0,34.2,54.0,1010.1,0.0,6.2,3.4,0.2,3.4,1
2025-03-17,2025,3,17,Pre-Monsoon,Assam & Meghalaya,26.14,91.73,6,144,Normal,33.1,63.7,1008.1,9.5,9.6,97.0,83.0,31.8,59.3,1009.1,4.4,12.5,1.3,5.1,1.3,0
2025-03-17,2025,3,17,Pre-Monsoon,Maharashtra (Mumbai/Konkan),18.98,72.83,7,168,Normal,34.5,58.7,1006.3,0.0,11.9,96.0,41.0,34.5,46.3,1009.4,4.0,7.9,0.0,4.0,0.0,1
2025-03-17,2025,3,17,Pre-Monsoon,Rajasthan (West),26.91,70.9,7,168,Normal,26.0,44.1,1013.8,0.0,9.3,194.0,11.0,28.1,47.4,1012.8,1.1,6.9,2.1,1.1,2.1,0
2025-03-17,2025,3,17,Pre-Monsoon,Assam & Meghalaya,26.14,91.73,7,168,Normal,28.8,63.7,1010.8,14.7,12.4,164.0,19.0,31.8,70.1,1009.1,4.4,12.5,3.0,10.3,3.0,0
2025-03-17,2025,3,17,Pre-Monsoon,West Bengal (Gangetic),22.57,88.36,8,192,Normal,32.9,72.8,1012.1,2.0,4.4,153.0,20.0,32.5,71.0,1010.8,0.2,8.6,0.4,1.8,0.4,0
2025-03-17,2025,3,17,Pre-Monsoon,Gujarat Coastal,21.64,69.6,9,216,Normal,32.3,59.5,1009.8,4.0,1.0,93.0,91.0,34.2,61.4,1010.1,0.0,6.2,1.9,4.0,1.9,0
2025-03-17,2025,3,17,Pre-Monsoon,West Bengal (Gangetic),22.57,88.36,10,240,Normal,33.1,72.8,1012.0,0.0,2.1,27.0,64.0,32.5,75.0,1010.8,0.2,8.6,0.6,0.2,0.6,0
2025-03-24,2025,3,24,Pre-Monsoon,Maharashtra (Mumbai/Konkan),18.98,72.83,1,24,Normal,32.4,53.5,1007.7,2.6,10.6,8.0,64.0,31.1,64.2,1007.7,1.4,8.2,1.3,1.2,1.3,0
2025-03-24,2025,3,24,Pre-Monsoon,West Bengal (Gangetic),22.57,88.36,1,24,Normal,37.1,68.2,1006.1,0.0,10.5,222.0,14.0,36.9,69.3,1006.5,0.8,12.7,0.2,0.8,0.2,0
2025-03-24,2025,3,24,Pre-Monsoon,Gujarat Coastal,21.64,69.6,2,48,Normal,33.6,51.3,1009.5,0.5,4.4,83.0,56.0,33.6,56.3,1010.0,0.2,7.6,0.0,0.3,0.0,0
2025-03-24,2025,3,24,Pre-Monsoon,Rajasthan (West),26.91,70.9,2,48,Normal,36.3,48.6,1014.9,0.5,16.1,269.0,53.0,36.1,45.9,1013.1,1.6,13.3,0.2,1.1,0.2,0
2025-03-24,2025,3,24,Pre-Monsoon,Odisha Coastal,20.27,85.84,3,72,Normal,36.4,60.1,1010.2,2.4,9.9,310.0,72.0,37.4,63.2,1010.4,1.6,9.0,1.0,0.8,1.0,0
2025-03-24,2025,3,24,Pre-Monsoon,Kerala Coast,9.93,76.26,4,96,Normal,35.4,65.1,1007.4,0.0,13.9,118.0,44.0,35.4,61.0,1008.1,2.2,12.6,0.0,2.2,0.0,0
2025-03-24,2025,3,24,Pre-Monsoon,Maharashtra (Mumbai/Konkan),18.98,72.83,4,96,Normal,32.0,53.5,1006.1,0.0,8.7,19.0,91.0,31.1,57.6,1007.7,1.4,8.2,0.9,1.4,0.9,0
2025-03-24,2025,3,24,Pre-Monsoon,Kerala Coast,9.93,76.26,5,120,Normal,35.9,65.1,1005.4,11.5,9.7,155.0,20.0,35.4,66.8,1008.1,2.2,12.6,0.5,9.3,0.5,0
2025-03-24,2025,3,24,Pre-Monsoon,Rajasthan (West),26.91,70.9,5,120,Normal,38.8,48.6,1014.2,0.0,12.9,248.0,63.0,36.1,49.7,1013.1,1.6,13.3,2.7,1.6,2.7,0
2025-03-24,2025,3,24,Pre-Monsoon,Himachal Pradesh,31.1,77.17,5,120,Normal,36.2,54.8,1013.6,6.8,15.7,188.0,74.0,37.0,59.4,1014.3,3.1,11.1,0.8,3.7,0.8,0
2025-03-24,2025,3,24,Pre-Monsoon,Gujarat Coastal,21.64,69.6,6,144,Normal,34.9,51.3,1010.1,0.0,6.7,208.0,41.0,33.6,48.5,1010.0,0.2,7.6,1.3,0.2,1.3,0
2025-03-24,2025,3,24,Pre-Monsoon,Assam & Meghalaya,26.14,91.73,6,144,Normal,38.4,42.3,1009.7,0.0,10.6,218.0,75.0,37.9,45.8,1009.5,0.3,6.1,0.5,0.3,0.5,0
2025-03-24,2025,3,24,Pre-Monsoon,Himachal Pradesh,31.1,77.17,7,168,Normal,37.2,54.8,1012.6,11.8,11.6,165.0,62.0,37.0,50.7,1014.3,3.1,11.1,0.2,8.7,0.2,0
2025-03-24,2025,3,24,Pre-Monsoon,Odisha Coastal,20.27,85.84,9,216,Normal,35.6,60.1,1014.3,6.1,5.9,21.0,42.0,37.4,63.3,1010.4,1.6,9.0,1.8,4.5,1.8,1
2025-03-24,2025,3,24,Pre-Monsoon,West Bengal (Gangetic),22.57,88.36,10,240,Normal,34.9,68.2,1005.8,1.0,14.3,288.0,21.0,36.9,67.5,1006.5,0.8,12.7,2.0,0.2,2.0,0
2025-03-24,2025,3,24,Pre-Monsoon,Assam & Meghalaya,26.14,91.73,10,240,Normal,40.0,42.3,1013.5,5.5,8.9,301.0,92.0,37.9,40.5,1009.5,0.3,6.1,2.1,5.2,2.1,1
2025-03-31,2025,3,31,Pre-Monsoon,Himachal Pradesh,31.1,77.17,2,48,Normal,41.5,67.1,1008.8,2.4,11.3,91.0,61.0,39.3,67.4,1009.4,1.9,12.1,2.2,0.5,2.2,0
2025-03-31,2025,3,31,Pre-Monsoon,Odisha Coastal,20.27,85.84,3,72,Normal,38.6,39.8,1007.2,2.7,11.3,318.0,11.0,38.9,44.7,1007.8,1.4,12.8,0.3,1.3,0.3,0
2025-03-31,2025,3,31,Pre-Monsoon,Himachal Pradesh,31.1,77.17,3,72,Normal,39.7,67.1,1009.6,0.0,11.7,190.0,36.0,39.3,68.0,1009.4,1.9,12.1,0.4,1.9,0.4,0
2025-03-31,2025,3,31,Pre-Monsoon,Assam & Meghalaya,26.14,91.73,3,72,Normal,39.7,43.8,1009.1,0.2,9.2,300.0,59.0,38.1,42.1,1009.2,3.9,9.2,1.6,3.7,1.6,0
2025-03-31,2025,3,31,Pre-Monsoon,Kerala Coast,9.93,76.26,4,96,Normal,28.6,54.4,1010.7,0.0,4.2,353.0,23.0,30.6,56.6,1009.9,1.3,6.4,2.0,1.3,2.0,0
2025-03-31,2025,3,31,Pre-Monsoon,Maharashtra (Mumbai/Konkan),18.98,72.83,5,120,Normal,32.4,40.2,1011.0,2.4,6.3,31.0,58.0,33.6,39.5,1011.3,0.0,8.0,1.2,2.4,1.2,0
2025-03-31,2025,3,31,Pre-Monsoon,Rajasthan (West),26.91,70.9,5,120,Normal,33.9,52.4,1010.5,8.3,4.6,179.0,27.0,33.3,50.5,1012.0,3.0,5.2,0.6,5.3,0.6,0
2025-03-31,2025,3,31,Pre-Monsoon,Kerala Coast,9.93,76.26,6,144,Normal,29.1,54.4,1010.0,5.0,1.0,337.0,22.0,30.6,54.2,1009.9,1.3,6.4,1.5,3.7,1.5,0
2025-03-31,2025,3,31,Pre-Monsoon,Gujarat Coastal,21.64,69.6,6,144,Normal,38.0,45.1,1012.6,0.9,14.0,152.0,59.0,35.9,45.6,1011.9,1.3,14.3,2.1,0.4,2.1,0
2025-03-31,2025,3,31,Pre-Monsoon,Gujarat Coastal,21.64,69.6,8,192,Normal,33.9,45.1,1009.5,0.0,12.3,132.0,43.0,35.9,47.4,1011.9,1.3,14.3,2.0,1.3,2.0,0
2025-03-31,2025,3,31,Pre-Monsoon,Rajasthan (West),26.91,70.9,8,192,Normal,32.4,52.4,1012.2,8.0,7.3,316.0,38.0,33.3,48.9,1012.0,3.0,5.2,0.9,5.0,0.9,0
2025-03-31,2025,3,31,Pre-Monsoon,Assam & Meghalaya,26.14,91.73,8,192,Normal,37.6,43.8,1011.4,0.0,8.7,261.0,80.0,38.1,44.5,1009.2,3.9,9.2,0.5,3.9,0.5,0
2025-03-31,2025,3,31,Pre-Monsoon,Odisha Coastal,20.27,85.84,9,216,Normal,38.7,39.8,1007.8,10.9,17.9,268.0,37.0,38.9,37.7,1007.8,1.4,12.8,0.2,9.5,0.2,0
2025-03-31,2025,3,31,Pre-Monsoon,West Bengal (Gangetic),22.57,88.36,9,216,Normal,32.6,24.7,1009.6,0.0,14.7,262.0,12.0,31.5,18.4,1010.6,1.1,12.4,1.1,1.1,1.1,0
2025-03-31,2025,3,31,Pre-Monsoon,Maharashtra (Mumbai/Konkan),18.98,72.83,10,240,Normal,32.6,40.2,1010.8,0.0,9.3,116.0,83.0,33.6,37.6,1011.3,0.0,8.0,1.0,0.0,1.0,0
2025-03-31,2025,3,31,Pre-Monsoon,West Bengal (Gangetic),22.57,88.36,10,240,Normal,33.3,24.7,1008.4,0.0,21.4,268.0,28.0,31.5,22.9,1010.6,1.1,12.4,1.8,1.1,1.8,1
2025-04-07,2025,4,7,Pre-Monsoon,Maharashtra (Mumbai/Konkan),18.98,72.83,1,24,Normal,41.5,46.3,1013.7,6.5,9.8,137.0,13.0,39.0,39.6,1013.2,2.2,9.9,2.5,4.3,2.5,0
2025-04-07,2025,4,7,Pre-Monsoon,Himachal Pradesh,31.1,77.17,2,48,Normal,36.0,39.3,1011.3,0.0,10.6,258.0,78.0,34.4,42.9,1010.8,0.0,11.8,1.6,0.0,1.6,0
2025-04-07,2025,4,7,Pre-Monsoon,Odisha Coastal,20.27,85.84,3,72,Normal,35.8,57.2,1009.7,12.0,8.4,32.0,50.0,35.2,62.3,1009.5,6.4,9.2,0.6,5.6,5.6,0
2025-04-07,2025,4,7,Pre-Monsoon,Kerala Coast,9.93,76.26,4,96,Normal,37.7,54.2,1011.3,20.5,6.8,291.0,22.0,37.7,64.1,1010.3,7.1,6.9,0.0,13.4,13.4,0
2025-04-07,2025,4,7,Pre-Monsoon,Assam & Meghalaya,26.14,91.73,5,120,Normal,31.2,44.2,1006.3,10.8,12.0,79.0,31.0,32.2,39.5,1008.7,1.6,8.5,1.0,9.2,1.0,0
2025-04-07,2025,4,7,Pre-Monsoon,Kerala Coast,9.93,76.26,6,144,Normal,39.6,54.2,1012.8,3.2,11.4,55.0,79.0,37.7,48.8,1010.3,7.1,6.9,1.9,3.9,3.9,0
2025-04-07,2025,4,7,Pre-Monsoon,Himachal Pradesh,31.1,77.17,6,144,Normal,36.0,39.3,1012.3,0.0,5.5,104.0,63.0,34.4,44.5,1010.8,0.0,11.8,1.6,0.0,1.6,0
2025-04-07,2025,4,7,Pre-Monsoon,West Bengal (Gangetic),22.57,88.36,6,144,Normal,37.3,47.1,1012.2,8.8,17.3,64.0,64.0,37.4,49.3,1012.0,2.0,15.4,0.1,6.8,0.1,0
2025-04-07,2025,4,7,Pre-Monsoon,Gujarat Coastal,21.64,69.6,7,168,Heat Wave,45.2,48.6,1008.3,0.6,11.3,203.0,21.0,42.2,52.2,1012.1,2.1,7.5,3.0,1.5,3.0,1
2025-04-07,2025,4,7,Pre-Monsoon,Assam & Meghalaya,26.14,91.73,7,168,Normal,33.5,44.2,1007.9,12.9,9.5,324.0,63.0,32.2,42.5,1008.7,1.6,8.5,1.3,11.3,1.3,0
2025-04-07,2025,4,7,Pre-Monsoon,Odisha Coastal,20.27,85.84,8,192,Normal,36.1,57.2,1009.6,6.8,4.6,25.0,48.0,35.2,65.9,1009.5,6.4,9.2,0.9,0.4,0.4,0
2025-04-07,2025,4,7,Pre-Monsoon,West Bengal (Gangetic),22.57,88.36,8,192,Normal,33.6,47.1,1012.2,0.9,13.4,111.0,84.0,37.4,45.6,1012.0,2.0,15.4,3.8,1.1,3.8,1
2025-04-07,2025,4,7,Pre-Monsoon,Maharashtra (Mumbai/Konkan),18.98,72.83,9,216,Normal,41.4,46.3,1010.4,1.4,3.2,225.0,45.0,39.0,49.1,1013.2,2.2,9.9,2.4,0.8,2.4,0
2025-04-07,2025,4,7,Pre-Monsoon,Gujarat Coastal,21.64,69.6,9,216,Heat Wave,43.0,48.6,1014.2,0.0,9.8,317.0,27.0,42.2,47.6,1012.1,2.1,7.5,0.8,2.1,0.8,0
2025-04-07,2025,4,7,Pre-Monsoon,Rajasthan (West),26.91,70.9,9,216,Normal,36.1,53.1,1006.1,0.0,6.9,174.0,14.0,37.2,51.8,1005.5,11.9,11.2,1.1,11.9,11.9,0
2025-04-07,2025,4,7,Pre-Monsoon,Rajasthan (West),26.91,70.9,10,240,Normal,34.7,53.1,1005.8,9.7,9.7,38.0,77.0,37.2,48.0,1005.5,11.9,11.2,2.5,2.2,2.2,0
2025-04-14,2025,4,14,Pre-Monsoon,Odisha Coastal,20.27,85.84,1,24,Normal,31.5,36.7,1012.3,0.0,5.8,115.0,71.0,31.7,35.0,1012.3,0.2,6.8,0.2,0.2,0.2,0
2025-04-14,2025,4,14,Pre-Monsoon,Maharashtra (Mumbai/Konkan),18.98,72.83,1,24,Normal,36.1,57.9,1014.3,4.4,11.8,302.0,23.0,35.7,53.0,1013.5,5.3,13.1,0.4,0.9,0.9,0
2025-04-14,2025,4,14,Pre-Monsoon,Himachal Pradesh,31.1,77.17,1,24,Normal,39.5,51.9,1009.2,0.0,6.3,335.0,21.0,39.3,49.0,1009.5,0.2,6.4,0.2,0.2,0.2,0
2025-04-14,2025,4,14,Pre-Monsoon,Assam & Meghalaya,26.14,91.73,2,48,Normal,34.7,59.6,1010.2,1.0,4.8,7.0,12.0,34.7,58.5,1009.6,0.1,7.2,0.0,0.9,0.0,0
2025-04-14,2025,4,14,Pre-Monsoon,Maharashtra (Mumbai/Konkan),18.98,72.83,3,72,Normal,34.8,57.9,1014.7,0.0,13.0,136.0,21.0,35.7,52.8,1013.5,5.3,13.1,0.9,5.3,5.3,0
2025-04-14,2025,4,14,Pre-Monsoon,Rajasthan (West),26.91,70.9,3,72,Normal,39.2,43.8,1008.4,3.2,6.7,214.0,60.0,38.5,37.6,1007.5,0.4,8.4,0.7,2.8,0.7,0
2025-04-14,2025,4,14,Pre-Monsoon,Assam & Meghalaya,26.14,91.73,4,96,Normal,35.7,59.6,1008.8,3.9,6.2,241.0,57.0,34.7,46.4,1009.6,0.1,7.2,1.0,3.8,1.0,0
2025-04-14,2025,4,14,Pre-Monsoon,Kerala Coast,9.93,76.26,5,120,Normal,31.9,43.8,1006.2,10.3,16.4,31.0,22.0,31.7,40.3,1007.1,1.5,12.5,0.2,8.8,0.2,0
2025-04-14,2025,4,14,Pre-Monsoon,Gujarat Coastal,21.64,69.6,5,120,Normal,35.2,59.9,1013.7,0.0,13.7,282.0,75.0,34.8,58.1,1014.8,1.7,14.3,0.4,1.7,0.4,0
2025-04-14,2025,4,14,Pre-Monsoon,Rajasthan (West),26.91,70.9,5,120,Normal,39.3,43.8,1008.0,0.0,4.5,203.0,40.0,38.5,43.7,1007.5,0.4,8.4,0.8,0.4,0.8,0
2025-04-14,2025,4,14,Pre-Monsoon,Kerala Coast,9.93,76.26,7,168,Normal,34.8,43.8,1007.3,5.7,7.2,211.0,32.0,31.7,37.8,1007.1,1.5,12.5,3.1,4.2,3.1,1
2025-04-14,2025,4,14,Pre-Monsoon,West Bengal (Gangetic),22.57,88.36,7,168,Normal,35.5,68.4,1010.1,0.0,11.0,124.0,57.0,36.3,82.2,1009.2,4.2,5.7,0.8,4.2,0.8,0
2025-04-14,2025,4,14,Pre-Monsoon,Himachal Pradesh,31.1,77.17,8,192,Normal,36.7,51.9,1008.8,0.5,2.9,270.0,10.0,39.3,45.0,1009.5,0.2,6.4,2.6,0.3,2.6,0
2025-04-14,2025,4,14,Pre-Monsoon,West Bengal (Gangetic),22.57,88.36,8,192,Normal,37.5,68.4,1009.3,13.6,1.0,170.0,43.0,36.3,68.9,1009.2,4.2,5.7,1.2,9.4,1.2,0
2025-04-14,2025,4,14,Pre-Monsoon,Odisha Coastal,20.27,85.84,10,240,Normal,35.4,36.7,1009.1,0.0,1.0,145.0,83.0,31.7,35.1,1012.3,0.2,6.8,3.7,0.2,3.7,1
2025-04-14,2025,4,14,Pre-Monsoon,Gujarat Coastal,21.64,69.6,10,240,Normal,35.5,59.9,1016.4,0.0,16.9,126.0,53.0,34.8,58.9,1014.8,1.7,14.3,0.7,1.7,0.7,0
2025-04-21,2025,4,21,Pre-Monsoon,Odisha Coastal,20.27,85.84,1,24,Normal,36.6,58.0,1012.9,0.0,6.2,277.0,44.0,37.5,62.4,1012.9,0.3,7.0,0.9,0.3,0.9,0
2025-04-21,2025,4,21,Pre-Monsoon,Gujarat Coastal,21.64,69.6,1,24,Normal,40.3,45.2,1007.3,0.4,12.2,143.0,23.0,39.9,48.8,1006.9,0.1,12.4,0.4,0.3,0.4,0
2025-04-21,2025,4,21,Pre-Monsoon,West Bengal (Gangetic),22.57,88.36,2,48,Normal,38.1,47.0,1011.1,0.0,9.9,210.0,38.0,37.6,45.4,1011.5,0.2,8.9,0.5,0.2,0.5,0
2025-04-21,2025,4,21,Pre-Monsoon,Rajasthan (West),26.91,70.9,3,72,Normal,29.7,42.4,1012.0,0.7,2.2,214.0,38.0,30.8,39.9,1011.1,2.8,6.8,1.1,2.1,1.1,0
2025-04-21,2025,4,21,Pre-Monsoon,Odisha Coastal,20.27,85.84,4,96,Normal,37.7,58.0,1013.4,0.0,4.9,219.0,28.0,37.5,58.1,1012.9,0.3,7.0,0.2,0.3,0.2,0
2025-04-21,2025,4,21,Pre-Monsoon,Rajasthan (West),26.91,70.9,4,96,Normal,30.9,42.4,1011.3,9.8,7.1,26.0,12.0,30.8,41.8,1011.1,2.8,6.8,0.1,7.0,0.1,0
2025-04-21,2025,4,21,Pre-Monsoon,Himachal Pradesh,31.1,77.17,4,96,Normal,36.9,42.3,1008.9,2.6,12.7,90.0,52.0,35.0,44.9,1009.4,1.1,13.3,1.9,1.5,1.9,0
2025-04-21,2025,4,21,Pre-Monsoon,Assam & Meghalaya,26.14,91.73,4,96,Normal,36.1,50.3,1012.6,0.0,15.3,180.0,25.0,36.4,43.5,1012.6,0.5,12.1,0.3,0.5,0.3,0
2025-04-21,2025,4,21,Pre-Monsoon,Maharashtra (Mumbai/Konkan),18.98,72.83,5,120,Normal,33.7,51.8,1009.8,26.7,11.2,183.0,56.0,31.2,51.2,1008.8,6.8,12.2,2.5,19.9,19.9,0
2025-04-21,2025,4,21,Pre-Monsoon,Kerala Coast,9.93,76.26,6,144,Normal,36.1,40.9,1010.0,1.4,11.1,192.0,90.0,33.3,36.2,1010.6,7.7,7.6,2.8,6.3,6.3,0
2025-04-21,2025,4,21,Pre-Monsoon,Kerala Coast,9.93,76.26,7,168,Normal,36.0,40.9,1012.7,18.3,9.3,131.0,50.0,33.3,40.3,1010.6,7.7,7.6,2.7,10.6,10.6,0
2025-04-21,2025,4,21,Pre-Monsoon,Gujarat Coastal,21.64,69.6,7,168,Normal,40.6,45.2,1008.0,0.0,12.4,39.0,40.0,39.9,49.9,1006.9,0.1,12.4,0.7,0.1,0.7,0
2025-04-21,2025,4,21,Pre-Monsoon,Maharashtra (Mumbai/Konkan),18.98,72.83,10,240,Normal,30.7,51.8,1008.8,16.9,11.4,200.0,15.0,31.2,51.0,1008.8,6.8,12.2,0.5,10.1,10.1,0
2025-04-21,2025,4,21,Pre-Monsoon,Himachal Pradesh,31.1,77.17,10,240,Normal,34.9,42.3,1010.6,0.0,11.4,107.0,88.0,35.0,45.1,1009.4,1.1,13.3,0.1,1.1,0.1,0
2025-04-21,2025,4,21,Pre-Monsoon,West Bengal (Gangetic),22.57,88.36,10,240,Normal,41.9,47.0,1008.0,0.0,4.1,359.0,50.0,37.6,48.0,1011.5,0.2,8.9,4.3,0.2,4.3,1
2025-04-21,2025,4,21,Pre-Monsoon,Assam & Meghalaya,26.14,91.73,10,240,Normal,36.4,50.3,1010.0,0.0,11.0,358.0,93.0,36.4,57.5,1012.6,0.5,12.1,0.0,0.5,0.0,0
2025-04-28,2025,4,28,Pre-Monsoon,Gujarat Coastal,21.64,69.6,1,24,Normal,38.2,39.7,1010.1,0.3,7.0,11.0,88.0,37.8,37.4,1009.2,0.0,6.2,0.4,0.3,0.4,0
2025-04-28,2025,4,28,Pre-Monsoon,Rajasthan (West),26.91,70.9,1,24,Normal,34.1,41.6,1015.4,6.1,9.9,328.0,12.0,34.0,43.6,1015.3,1.4,11.9,0.1,4.7,0.1,0
2025-04-28,2025,4,28,Pre-Monsoon,West Bengal (Gangetic),22.57,88.36,1,24,Normal,34.2,56.8,1012.5,0.0,10.7,151.0,35.0,34.0,50.9,1012.8,3.3,12.6,0.2,3.3,0.2,0
2025-04-28,2025,4,28,Pre-Monsoon,Assam & Meghalaya,26.14,91.73,1,24,Heat Wave,44.5,37.0,1008.8,2.2,8.2,36.0,26.0,44.7,38.4,1008.2,1.3,8.3,0.2,0.9,0.2,0
2025-04-28,2025,4,28,Pre-Monsoon,West Bengal (Gangetic),22.57,88.36,2,48,Normal,34.7,56.8,1011.5,5.0,13.3,4.0,25.0,34.0,56.9,1012.8,3.3,12.6,0.7,1.7,0.7,0
2025-04-28,2025,4,28,Pre-Monsoon,Odisha Coastal,20.27,85.84,4,96,Normal,33.0,30.1,1007.1,0.0,11.6,262.0,26.0,32.7,32.2,1006.3,4.4,12.2,0.3,4.4,0.3,0
2025-04-28,2025,4,28,Pre-Monsoon,Assam & Meghalaya,26.14,91.73,4,96,Heat Wave,44.7,37.0,1007.5,0.0,15.3,275.0,72.0,44.7,32.7,1008.2,1.3,8.3,0.0,1.3,0.0,0
2025-04-28,2025,4,28,Pre-Monsoon,Maharashtra (Mumbai/Konkan),18.98,72.83,5,120,Normal,34.3,46.3,1010.0,0.0,11.7,143.0,53.0,34.0,50.1,1008.2,2.3,9.1,0.3,2.3,0.3,0
2025-04-28,2025,4,28,Pre-Monsoon,Gujarat Coastal,21.64,69.6,5,120,Normal,40.0,39.7,1011.6,3.6,8.1,226.0,26.0,37.8,39.9,1009.2,0.0,6.2,2.2,3.6,2.2,0
2025-04-28,2025,4,28,Pre-Monsoon,Himachal Pradesh,31.1,77.17,5,120,Normal,37.8,46.3,1006.0,5.0,11.4,259.0,74.0,35.9,46.6,1006.0,3.4,8.0,1.9,1.6,1.9,0
2025-04-28,2025,4,28,Pre-Monsoon,Maharashtra (Mumbai/Konkan),18.98,72.83,6,144,Normal,33.5,46.3,1005.8,0.0,14.7,289.0,49.0,34.0,39.6,1008.2,2.3,9.1,0.5,2.3,0.5,0
2025-04-28,2025,4,28,Pre-Monsoon,Kerala Coast,9.93,76.26,7,168,Normal,35.7,36.8,1009.7,0.0,3.2,6.0,87.0,36.8,36.4,1011.5,3.2,7.4,1.1,3.2,1.1,0
2025-04-28,2025,4,28,Pre-Monsoon,Kerala Coast,9.93,76.26,8,192,Normal,37.9,36.8,1008.5,6.7,6.2,195.0,92.0,36.8,32.1,1011.5,3.2,7.4,1.1,3.5,1.1,0
2025-04-28,2025,4,28,Pre-Monsoon,Rajasthan (West),26.91,70.9,8,192,Normal,36.5,41.6,1018.7,4.2,13.9,73.0,66.0,34.0,41.0,1015.3,1.4,11.9,2.5,2.8,2.5,1
2025-04-28,2025,4,28,Pre-Monsoon,Odisha Coastal,20.27,85.84,10,240,Normal,29.2,30.1,1007.6,0.8,10.3,319.0,85.0,32.7,25.0,1006.3,4.4,12.2,3.5,3.6,3.5,1
2025-04-28,2025,4,28,Pre-Monsoon,Himachal Pradesh,31.1,77.17,10,240,Normal,39.2,46.3,1007.7,1.7,12.5,66.0,61.0,35.9,44.2,1006.0,3.4,8.0,3.3,1.7,3.3,1
2025-05-05,2025,5,5,Pre-Monsoon,West Bengal (Gangetic),22.57,88.36,1,24,Normal,32.9,51.5,1012.9,0.5,14.0,223.0,59.0,33.8,51.7,1013.0,0.9,12.2,0.9,0.4,0.9,0
2025-05-05,2025,5,5,Pre-Monsoon,Odisha Coastal,20.27,85.84,3,72,Normal,34.1,50.1,1007.5,1.5,15.4,61.0,45.0,35.0,56.3,1008.4,0.6,13.2,0.9,0.9,0.9,0
2025-05-05,2025,5,5,Pre-Monsoon,Gujarat Coastal,21.64,69.6,3,72,Normal,37.2,38.7,1009.9,0.0,7.2,302.0,57.0,37.1,42.2,1011.0,2.5,8.8,0.1,2.5,0.1,0
2025-05-05,2025,5,5,Pre-Monsoon,Kerala Coast,9.93,76.26,4,96,Normal,30.4,56.8,1013.2,7.0,9.2,174.0,11.0,31.6,49.6,1013.8,2.7,10.7,1.2,4.3,1.2,0
2025-05-05,2025,5,5,Pre-Monsoon,West Bengal (Gangetic),22.57,88.36,4,96,Normal,34.7,51.5,1012.5,0.0,9.3,174.0,60.0,33.8,52.5,1013.0,0.9,12.2,0.9,0.9,0.9,0
2025-05-05,2025,5,5,Pre-Monsoon,Odisha Coastal,20.27,85.84,5,120,Normal,33.9,50.1,1008.7,0.0,14.3,109.0,17.0,35.0,54.7,1008.4,0.6,13.2,1.1,0.6,1.1,0
2025-05-05,2025,5,5,Pre-Monsoon,Maharashtra (Mumbai/Konkan),18.98,72.83,5,120,Normal,31.9,44.0,1009.9,0.5,7.9,152.0,68.0,34.0,44.2,1009.1,1.6,7.7,2.1,1.1,2.1,0
2025-05-05,2025,5,5,Pre-Monsoon,Himachal Pradesh,31.1,77.17,5,120,Normal,33.8,37.6,1013.0,0.0,14.3,354.0,42.0,36.3,34.4,1011.2,4.7,10.3,2.5,4.7,2.5,0
2025-05-05,2025,5,5,Pre-Monsoon,Himachal Pradesh,31.1,77.17,6,144,Normal,38.4,37.6,1011.9,14.1,11.9,104.0,51.0,36.3,35.3,1011.2,4.7,10.3,2.1,9.4,2.1,0
2025-05-05,2025,5,5,Pre-Monsoon,Assam & Meghalaya,26.14,91.73,7,168,Normal,35.9,60.4,1009.4,5.5,6.2,232.0,92.0,38.9,62.4,1008.8,3.3,8.5,3.0,2.2,3.0,0
2025-05-05,2025,5,5,Pre-Monsoon,Kerala Coast,9.93,76.26,8,192,Normal,31.7,56.8,1011.7,9.0,11.0,166.0,64.0,31.6,56.9,1013.8,2.7,10.7,0.1,6.3,0.1,0
2025-05-05,2025,5,5,Pre-Monsoon,Assam & Meghalaya,26.14,91.73,8,192,Normal,35.9,60.4,1009.4,5.4,10.4,39.0,45.0,38.9,59.0,1008.8,3.3,8.5,3.0,2.1,3.0,0
2025-05-05,2025,5,5,Pre-Monsoon,Maharashtra (Mumbai/Konkan),18.98,72.83,9,216,Normal,31.0,44.0,1012.6,0.0,1.0,282.0,14.0,34.0,41.2,1009.1,1.6,7.7,3.0,1.6,3.0,1
2025-05-05,2025,5,5,Pre-Monsoon,Rajasthan (West),26.91,70.9,9,216,Normal,37.2,33.6,1008.3,9.7,4.8,284.0,61.0,34.7,36.9,1005.8,8.0,7.8,2.5,1.7,1.7,0
2025-05-05,2025,5,5,Pre-Monsoon,Gujarat Coastal,21.64,69.6,10,240,Normal,37.7,38.7,1009.7,0.9,9.5,283.0,54.0,37.1,38.4,1011.0,2.5,8.8,0.6,1.6,0.6,0
2025-05-05,2025,5,5,Pre-Monsoon,Rajasthan (West),26.91,70.9,10,240,Normal,33.7,33.6,1005.9,7.9,6.2,287.0,29.0,34.7,34.9,1005.8,8.0,7.8,1.0,0.1,0.1,0
2025-05-12,2025,5,12,Pre-Monsoon,West Bengal (Gangetic),22.57,88.36,2,48,Normal,40.2,39.1,1008.0,2.7,8.6,15.0,29.0,40.2,37.3,1008.0,2.5,10.2,0.0,0.2,0.0,0
2025-05-12,2025,5,12,Pre-Monsoon,Maharashtra (Mumbai/Konkan),18.98,72.83,3,72,Normal,34.3,43.1,1009.9,0.0,14.5,352.0,67.0,34.4,49.1,1010.2,2.6,10.7,0.1,2.6,0.1,0
2025-05-12,2025,5,12,Pre-Monsoon,Gujarat Coastal,21.64,69.6,3,72,Normal,38.0,42.5,1007.8,0.0,13.2,324.0,56.0,38.1,43.3,1006.4,1.1,10.5,0.1,1.1,0.1,0
2025-05-12,2025,5,12,Pre-Monsoon,Rajasthan (West),26.91,70.9,3,72,Normal,36.2,65.5,1010.0,0.0,12.1,224.0,19.0,35.0,71.1,1011.9,0.5,11.6,1.2,0.5,1.2,0
2025-05-12,2025,5,12,Pre-Monsoon,West Bengal (Gangetic),22.57,88.36,3,72,Normal,39.1,39.1,1007.3,0.0,10.5,197.0,44.0,40.2,39.2,1008.0,2.5,10.2,1.1,2.5,1.1,0
2025-05-12,2025,5,12,Pre-Monsoon,Kerala Coast,9.93,76.26,4,96,Normal,36.9,48.3,1012.2,0.0,11.3,356.0,19.0,36.2,41.2,1011.1,0.2,11.0,0.7,0.2,0.7,0
2025-05-12,2025,5,12,Pre-Monsoon,Rajasthan (West),26.91,70.9,4,96,Normal,36.6,65.5,1012.8,0.0,10.0,335.0,92.0,35.0,66.2,1011.9,0.5,11.6,1.6,0.5,1.6,0
2025-05-12,2025,5,12,Pre-Monsoon,Kerala Coast,9.93,76.26,5,120,Normal,36.4,48.3,1009.9,1.3,13.8,54.0,16.0,36.2,51.7,1011.1,0.2,11.0,0.2,1.1,0.2,0
2025-05-12,2025,5,12,Pre-Monsoon,Gujarat Coastal,21.64,69.6,5,120,Normal,41.8,42.5,1009.6,2.6,7.7,286.0,45.0,38.1,48.1,1006.4,1.1,10.5,3.7,1.5,3.7,1
2025-05-12,2025,5,12,Pre-Monsoon,Himachal Pradesh,31.1,77.17,5,120,Normal,36.6,33.3,1010.0,0.0,8.1,196.0,86.0,38.8,32.7,1010.0,0.8,11.5,2.2,0.8,2.2,0
2025-05-12,2025,5,12,Pre-Monsoon,Assam & Meghalaya,26.14,91.73,5,120,Normal,38.5,60.6,1009.8,8.6,12.9,288.0,16.0,38.4,58.0,1009.2,4.6,12.8,0.1,4.0,0.1,0
2025-05-12,2025,5,12,Pre-Monsoon,Odisha Coastal,20.27,85.84,7,168,Normal,40.7,62.5,1010.0,0.0,9.9,86.0,56.0,40.1,60.0,1010.1,0.3,9.6,0.6,0.3,0.6,0
2025-05-12,2025,5,12,Pre-Monsoon,Himachal Pradesh,31.1,77.17,7,168,Normal,38.7,33.3,1009.5,0.0,12.2,86.0,21.0,38.8,38.8,1010.0,0.8,11.5,0.1,0.8,0.1,0
2025-05-12,2025,5,12,Pre-Monsoon,Maharashtra (Mumbai/Konkan),18.98,72.83,8,192,Normal,30.3,43.1,1011.8,0.0,10.3,345.0,72.0,34.4,40.5,1010.2,2.6,10.7,4.1,2.6,4.1,1
2025-05-12,2025,5,12,Pre-Monsoon,Assam & Meghalaya,26.14,91.73,8,192,Normal,38.4,60.6,1010.3,4.1,17.4,239.0,44.0,38.4,60.3,1009.2,4.6,12.8,0.0,0.5,0.0,0
2025-05-12,2025,5,12,Pre-Monsoon,Odisha Coastal,20.27,85.84,10,240,Normal,42.8,62.5,1012.5,0.0,8.7,185.0,58.0,40.1,64.7,1010.1,0.3,9.6,2.7,0.3,2.7,0
2025-05-19,2025,5,19,Pre-Monsoon,Kerala Coast,9.93,76.26,1,24,Normal,38.9,56.1,1012.8,0.0,9.9,302.0,51.0,38.0,59.6,1012.6,1.9,8.0,0.9,1.9,0.9,0
2025-05-19,2025,5,19,Pre-Monsoon,Rajasthan (West),26.91,70.9,1,24,Normal,33.1,60.9,1010.1,0.0,10.9,305.0,63.0,33.4,63.4,1010.3,0.5,12.5,0.3,0.5,0.3,0
2025-05-19,2025,5,19,Pre-Monsoon,Odisha Coastal,20.27,85.84,2,48,Normal,32.0,55.8,1010.8,2.9,7.6,261.0,83.0,33.0,61.3,1010.4,1.7,8.9,1.0,1.2,1.0,0
2025-05-19,2025,5,19,Pre-Monsoon,Gujarat Coastal,21.64,69.6,2,48,Normal,31.4,37.0,1008.7,2.0,11.8,301.0,31.0,32.0,38.3,1007.4,2.4,11.3,0.6,0.4,0.6,0
2025-05-19,2025,5,19,Pre-Monsoon,Rajasthan (West),26.91,70.9,2,48,Normal,33.7,60.9,1010.2,0.0,14.8,147.0,13.0,33.4,59.8,1010.3,0.5,12.5,0.3,0.5,0.3,0
2025-05-19,2025,5,19,Pre-Monsoon,Maharashtra (Mumbai/Konkan),18.98,72.83,3,72,Normal,41.9,53.0,1008.6,0.3,9.1,115.0,66.0,39.5,48.2,1010.6,1.3,8.6,2.4,1.0,2.4,0
2025-05-19,2025,5,19,Pre-Monsoon,Assam & Meghalaya,26.14,91.73,4,96,Normal,34.0,54.3,1006.1,1.5,7.3,254.0,31.0,35.1,57.3,1007.1,1.5,8.3,1.1,0.0,1.1,0
2025-05-19,2025,5,19,Pre-Monsoon,Kerala Coast,9.93,76.26,6,144,Normal,37.0,56.1,1011.7,0.0,11.8,25.0,23.0,38.0,54.8,1012.6,1.9,8.0,1.0,1.9,1.0,0
2025-05-19,2025,5,19,Pre-Monsoon,Maharashtra (Mumbai/Konkan),18.98,72.83,6,144,Normal,37.0,53.0,1011.4,0.0,7.6,181.0,75.0,39.5,47.7,1010.6,1.3,8.6,2.5,1.3,2.5,0
2025-05-19,2025,5,19,Pre-Monsoon,Gujarat Coastal,21.64,69.6,6,144,Normal,33.6,37.0,1007.5,12.3,15.3,158.0,12.0,32.0,29.8,1007.4,2.4,11.3,1.6,9.9,1.6,0
2025-05-19,2025,5,19,Pre-Monsoon,Odisha Coastal,20.27,85.84,7,168,Normal,33.5,55.8,1010.4,0.0,10.5,30.0,34.0,33.0,55.6,1010.4,1.7,8.9,0.5,1.7,0.5,0
2025-05-19,2025,5,19,Pre-Monsoon,West Bengal (Gangetic),22.57,88.36,7,168,Normal,34.5,55.2,1007.2,3.1,9.8,132.0,44.0,32.0,60.2,1008.0,2.8,9.9,2.5,0.3,2.5,0
2025-05-19,2025,5,19,Pre-Monsoon,Assam & Meghalaya,26.14,91.73,7,168,Normal,37.8,54.3,1007.3,0.9,6.6,94.0,77.0,35.1,53.8,1007.1,1.5,8.3,2.7,0.6,2.7,0
2025-05-19,2025,5,19,Pre-Monsoon,Himachal Pradesh,31.1,77.17,8,192,Normal,37.2,42.0,1019.5,3.5,8.7,118.0,45.0,37.1,45.0,1017.5,1.7,10.8,0.1,1.8,0.1,0
2025-05-19,2025,5,19,Pre-Monsoon,Himachal Pradesh,31.1,77.17,9,216,Normal,39.2,42.0,1013.5,22.5,13.2,49.0,31.0,37.1,52.0,1017.5,1.7,10.8,2.1,20.8,2.1,1
2025-05-19,2025,5,19,Pre-Monsoon,West Bengal (Gangetic),22.57,88.36,9,216,Normal,26.4,55.2,1007.4,17.0,8.7,1.0,47.0,32.0,64.0,1008.0,2.8,9.9,5.6,14.2,5.6,1
2025-05-26,2025,5,26,Pre-Monsoon,Kerala Coast,9.93,76.26,1,24,Normal,34.4,60.3,1010.9,0.0,17.0,225.0,61.0,34.5,59.8,1010.8,1.6,15.0,0.1,1.6,0.1,0
2025-05-26,2025,5,26,Pre-Monsoon,Gujarat Coastal,21.64,69.6,1,24,Normal,35.5,55.8,1007.6,5.1,10.8,325.0,70.0,35.9,54.6,1007.0,2.7,10.2,0.4,2.4,0.4,0
2025-05-26,2025,5,26,Pre-Monsoon,Himachal Pradesh,31.1,77.17,1,24,Normal,32.9,37.2,1006.8,3.8,6.4,313.0,19.0,32.8,35.6,1007.0,3.5,6.6,0.1,0.3,0.1,0
2025-05-26,2025,5,26,Pre-Monsoon,Assam & Meghalaya,26.14,91.73,1,24,Heat Wave,41.3,39.8,1013.7,1.4,10.3,5.0,40.0,42.4,46.5,1012.9,3.8,10.7,1.1,2.4,1.1,0
2025-05-26,2025,5,26,Pre-Monsoon,Odisha Coastal,20.27,85.84,2,48,Normal,38.8,50.4,1007.6,0.0,6.0,224.0,65.0,38.2,60.1,1009.6,1.8,7.0,0.6,1.8,0.6,0
2025-05-26,2025,5,26,Pre-Monsoon,Kerala Coast,9.93,76.26,2,48,Normal,36.0,60.3,1011.4,0.0,13.2,313.0,73.0,34.5,55.6,1010.8,1.6,15.0,1.5,1.6,1.5,0
2025-05-26,2025,5,26,Pre-Monsoon,Himachal Pradesh,31.1,77.17,2,48,Normal,31.6,37.2,1006.3,0.0,7.5,303.0,60.0,32.8,46.7,1007.0,3.5,6.6,1.2,3.5,1.2,0
2025-05-26,2025,5,26,Pre-Monsoon,Gujarat Coastal,21.64,69.6,4,96,Normal,37.3,55.8,1007.9,0.0,6.6,234.0,30.0,35.9,50.6,1007.0,2.7,10.2,1.4,2.7,1.4,0
2025-05-26,2025,5,26,Pre-Monsoon,West Bengal (Gangetic),22.57,88.36,4,96,Normal,37.7,56.1,1007.3,0.0,11.0,79.0,85.0,35.5,56.3,1009.6,2.1,13.2,2.2,2.1,2.2,0
2025-05-26,2025,5,26,Pre-Monsoon,Maharashtra (Mumbai/Konkan),18.98,72.83,6,144,Normal,37.6,53.8,1012.2,10.4,9.8,356.0,55.0,35.5,56.3,1010.2,5.1,13.2,2.1,5.3,5.3,0
2025-05-26,2025,5,26,Pre-Monsoon,Rajasthan (West),26.91,70.9,6,144,Normal,35.7,54.8,1008.3,0.0,5.8,184.0,61.0,34.6,54.8,1007.9,0.2,7.4,1.1,0.2,1.1,0
2025-05-26,2025,5,26,Pre-Monsoon,Rajasthan (West),26.91,70.9,7,168,Normal,34.9,54.8,1009.9,0.0,13.6,120.0,57.0,34.6,49.2,1007.9,0.2,7.4,0.3,0.2,0.3,0
2025-05-26,2025,5,26,Pre-Monsoon,Maharashtra (Mumbai/Konkan),18.98,72.83,9,216,Normal,37.6,53.8,1008.6,0.0,7.9,9.0,94.0,35.5,52.4,1010.2,5.1,13.2,2.1,5.1,5.1,0
2025-05-26,2025,5,26,Pre-Monsoon,Odisha Coastal,20.27,85.84,10,240,Normal,42.5,50.4,1008.0,6.3,12.7,213.0,48.0,38.2,55.2,1009.6,1.8,7.0,4.3,4.5,4.3,1
2025-05-26,2025,5,26,Pre-Monsoon,West Bengal (Gangetic),22.57,88.36,10,240,Normal,34.3,56.1,1010.8,0.0,10.4,138.0,81.0,35.5,55.6,1009.6,2.1,13.2,1.2,2.1,1.2,0
2025-05-26,2025,5,26,Pre-Monsoon,Assam & Meghalaya,26.14,91.73,10,240,Heat Wave,41.2,39.8,1013.6,2.9,14.4,296.0,92.0,42.4,34.1,1012.9,3.8,10.7,1.2,0.9,1.2,0
2025-06-02,2025,6,2,Monsoon,Gujarat Coastal,21.64,69.6,1,24,Normal,30.0,78.4,1005.5,11.3,16.4,90.0,90.0,30.0,79.5,1004.9,17.3,16.0,0.0,6.0,6.0,0
2025-06-02,2025,6,2,Monsoon,Rajasthan (West),26.91,70.9,3,72,Normal,31.8,86.9,1006.0,0.0,10.9,192.0,12.0,29.6,85.8,1005.0,3.2,9.9,2.2,3.2,2.2,0
2025-06-02,2025,6,2,Monsoon,Himachal Pradesh,31.1,77.17,3,72,Normal,31.2,86.7,1000.2,11.8,14.4,237.0,79.0,30.7,82.6,1001.0,8.2,12.7,0.5,3.6,3.6,0
2025-06-02,2025,6,2,Monsoon,Maharashtra (Mumbai/Konkan),18.98,72.83,4,96,Normal,29.3,77.0,1007.6,8.6,9.7,165.0,12.0,30.2,81.9,1007.5,5.2,8.7,0.9,3.4,3.4,0
2025-06-02,2025,6,2,Monsoon,West Bengal (Gangetic),22.57,88.36,5,120,Normal,28.2,77.3,1004.6,18.2,6.5,248.0,89.0,26.8,74.3,1004.9,10.3,12.6,1.4,7.9,7.9,0
2025-06-02,2025,6,2,Monsoon,Gujarat Coastal,21.64,69.6,6,144,Normal,32.4,78.4,1004.6,5.0,14.4,331.0,48.0,30.0,75.8,1004.9,17.3,16.0,2.4,12.3,12.3,0
2025-06-02,2025,6,2,Monsoon,Rajasthan (West),26.91,70.9,6,144,Normal,28.8,86.9,1006.5,8.6,5.8,354.0,65.0,29.6,91.7,1005.0,3.2,9.9,0.8,5.4,0.8,0
2025-06-02,2025,6,2,Monsoon,Kerala Coast,9.93,76.26,7,168,Normal,25.5,83.9,999.0,4.4,8.4,10.0,41.0,26.9,82.4,1001.2,4.1,10.6,1.4,0.3,1.4,0
2025-06-02,2025,6,2,Monsoon,Maharashtra (Mumbai/Konkan),18.98,72.83,7,168,Normal,32.7,77.0,1008.5,0.0,3.8,68.0,21.0,30.2,76.8,1007.5,5.2,8.7,2.5,5.2,5.2,0
2025-06-02,2025,6,2,Monsoon,Himachal Pradesh,31.1,77.17,7,168,Normal,31.7,86.7,1001.3,1.8,16.3,4.0,78.0,30.7,89.1,1001.0,8.2,12.7,1.0,6.4,6.4,0
2025-06-02,2025,6,2,Monsoon,Assam & Meghalaya,26.14,91.73,8,192,Normal,30.8,85.7,1005.9,1.4,10.6,93.0,42.0,29.8,84.7,1007.3,10.0,12.1,1.0,8.6,8.6,0
2025-06-02,2025,6,2,Monsoon,Odisha Coastal,20.27,85.84,9,216,Normal,29.0,77.9,1007.1,0.0,15.0,303.0,94.0,25.2,76.5,1006.4,1.3,10.9,3.8,1.3,3.8,1
2025-06-02,2025,6,2,Monsoon,West Bengal (Gangetic),22.57,88.36,9,216,Normal,27.2,77.3,1002.0,14.6,8.4,39.0,84.0,26.8,70.8,1004.9,10.3,12.6,0.4,4.3,4.3,0
2025-06-02,2025,6,2,Monsoon,Odisha Coastal,20.27,85.84,10,240,Normal,23.9,77.9,1003.8,0.0,10.9,6.0,27.0,25.2,80.6,1006.4,1.3,10.9,1.3,1.3,1.3,0
2025-06-02,2025,6,2,Monsoon,Kerala Coast,9.93,76.26,10,240,Normal,28.5,83.9,1002.4,0.0,11.4,215.0,75.0,26.9,81.4,1001.2,4.1,10.6,1.6,4.1,1.6,0
2025-06-02,2025,6,2,Monsoon,Assam & Meghalaya,26.14,91.73,10,240,Normal,25.8,85.7,1006.2,0.0,11.3,145.0,54.0,29.8,88.3,1007.3,10.0,12.1,4.0,10.0,10.0,1
2025-06-09,2025,6,9,Monsoon,Maharashtra (Mumbai/Konkan),18.98,72.83,1,24,Normal,27.7,92.6,1004.2,23.5,12.9,135.0,32.0,27.2,95.4,1003.9,18.0,10.9,0.5,5.5,5.5,0
2025-06-09,2025,6,9,Monsoon,Rajasthan (West),26.91,70.9,1,24,Normal,28.4,82.6,1002.4,0.8,14.7,311.0,31.0,29.6,79.8,1002.4,2.1,14.6,1.2,1.3,1.2,0
2025-06-09,2025,6,9,Monsoon,West Bengal (Gangetic),22.57,88.36,1,24,Normal,26.3,97.9,1009.5,5.5,9.7,257.0,59.0,27.5,90.9,1009.5,5.1,11.4,1.2,0.4,0.4,0
2025-06-09,2025,6,9,Monsoon,Kerala Coast,9.93,76.26,2,48,Normal,26.3,75.3,1001.9,1.9,15.9,39.0,45.0,27.1,76.0,1001.2,0.9,16.8,0.8,1.0,0.8,0
2025-06-09,2025,6,9,Monsoon,Gujarat Coastal,21.64,69.6,2,48,Monsoon Depression,30.6,76.0,996.6,15.3,11.1,190.0,31.0,30.2,80.2,995.9,3.0,11.8,0.4,12.3,0.4,0
2025-06-09,2025,6,9,Monsoon,Assam & Meghalaya,26.14,91.73,2,48,Normal,27.0,90.4,1005.1,15.4,15.2,23.0,78.0,27.0,83.3,1005.1,14.2,16.0,0.0,1.2,1.2,0
2025-06-09,2025,6,9,Monsoon,Odisha Coastal,20.27,85.84,4,96,Normal,29.3,80.8,1004.7,23.7,15.9,15.0,40.0,27.5,79.5,1005.1,14.2,14.1,1.8,9.5,9.5,0
2025-06-09,2025,6,9,Monsoon,West Bengal (Gangetic),22.57,88.36,4,96,Normal,27.2,97.9,1009.7,11.1,11.6,196.0,33.0,27.5,92.0,1009.5,5.1,11.4,0.3,6.0,6.0,0
2025-06-09,2025,6,9,Monsoon,Assam & Meghalaya,26.14,91.73,4,96,Normal,25.9,90.4,1006.8,5.1,15.5,254.0,49.0,27.0,90.9,1005.1,14.2,16.0,1.1,9.1,9.1,0
2025-06-09,2025,6,9,Monsoon,Gujarat Coastal,21.64,69.6,6,144,Monsoon Depression,29.1,76.0,996.3,0.0,15.6,183.0,87.0,30.2,76.0,995.9,3.0,11.8,1.1,3.0,1.1,0
2025-06-09,2025,6,9,Monsoon,Himachal Pradesh,31.1,77.17,6,144,Normal,23.2,89.0,1001.8,6.0,6.7,348.0,81.0,26.8,87.7,1002.0,10.7,12.6,3.6,4.7,4.7,1
2025-06-09,2025,6,9,Monsoon,Odisha Coastal,20.27,85.84,7,168,Normal,26.4,80.8,1004.7,2.1,14.9,195.0,54.0,27.5,84.8,1005.1,14.2,14.1,1.1,12.1,12.1,0
2025-06-09,2025,6,9,Monsoon,Kerala Coast,9.93,76.26,7,168,Normal,32.3,75.3,1001.2,5.4,13.6,310.0,35.0,27.1,76.8,1001.2,0.9,16.8,5.2,4.5,5.2,1
2025-06-09,2025,6,9,Monsoon,Rajasthan (West),26.91,70.9,9,216,Normal,28.0,82.6,997.9,0.0,14.0,179.0,12.0,29.6,85.6,1002.4,2.1,14.6,1.6,2.1,1.6,1
2025-06-09,2025,6,9,Monsoon,Maharashtra (Mumbai/Konkan),18.98,72.83,10,240,Normal,28.9,92.6,1003.5,12.5,14.7,35.0,28.0,27.2,94.8,1003.9,18.0,10.9,1.7,5.5,5.5,0
2025-06-09,2025,6,9,Monsoon,Himachal Pradesh,31.1,77.17,10,240,Normal,29.0,89.0,999.6,0.0,11.8,12.0,58.0,26.8,86.5,1002.0,10.7,12.6,2.2,10.7,10.7,0
2025-06-16,2025,6,16,Monsoon,Kerala Coast,9.93,76.26,1,24,Normal,25.5,87.5,1008.3,13.3,10.1,226.0,14.0,25.0,88.7,1007.4,5.7,10.6,0.5,7.6,7.6,0
2025-06-16,2025,6,16,Monsoon,Assam & Meghalaya,26.14,91.73,1,24,Normal,29.7,79.0,1010.4,29.4,11.9,202.0,18.0,29.2,79.3,1009.7,19.6,14.1,0.5,9.8,9.8,0
2025-06-16,2025,6,16,Monsoon,Odisha Coastal,20.27,85.84,2,48,Normal,27.0,97.8,1006.1,1.1,10.2,162.0,20.0,26.0,94.9,1006.5,4.5,11.1,1.0,3.4,1.0,0
2025-06-16,2025,6,16,Monsoon,Kerala Coast,9.93,76.26,2,48,Normal,24.5,87.5,1008.3,5.9,9.5,73.0,37.0,25.0,81.4,1007.4,5.7,10.6,0.5,0.2,0.2,0
2025-06-16,2025,6,16,Monsoon,Maharashtra (Mumbai/Konkan),18.98,72.83,2,48,Normal,29.3,72.7,1008.8,17.1,15.5,67.0,24.0,29.3,69.9,1006.9,17.7,14.7,0.0,0.6,0.6,0
2025-06-16,2025,6,16,Monsoon,Rajasthan (West),26.91,70.9,2,48,Normal,30.7,76.6,1012.2,2.8,17.6,56.0,35.0,30.0,70.2,1011.3,3.3,17.0,0.7,0.5,0.7,0
2025-06-16,2025,6,16,Monsoon,Gujarat Coastal,21.64,69.6,3,72,Normal,30.3,84.9,1005.1,0.0,16.8,102.0,31.0,29.0,88.2,1004.9,0.5,17.0,1.3,0.5,1.3,0
2025-06-16,2025,6,16,Monsoon,West Bengal (Gangetic),22.57,88.36,3,72,Normal,28.4,82.6,1003.9,0.0,10.3,186.0,69.0,27.8,76.3,1004.4,0.1,9.5,0.6,0.1,0.6,0
2025-06-16,2025,6,16,Monsoon,Odisha Coastal,20.27,85.84,5,120,Normal,23.3,97.8,1007.1,11.9,8.0,172.0,92.0,26.0,102.4,1006.5,4.5,11.1,2.7,7.4,2.7,0
2025-06-16,2025,6,16,Monsoon,Himachal Pradesh,31.1,77.17,5,120,Normal,28.4,72.0,1002.1,1.5,13.8,162.0,46.0,28.3,74.5,1003.2,1.3,12.4,0.1,0.2,0.1,0
2025-06-16,2025,6,16,Monsoon,Gujarat Coastal,21.64,69.6,6,144,Normal,30.4,84.9,1003.8,8.9,13.1,45.0,67.0,29.0,88.2,1004.9,0.5,17.0,1.4,8.4,1.4,0
2025-06-16,2025,6,16,Monsoon,Assam & Meghalaya,26.14,91.73,7,168,Normal,26.5,79.0,1009.8,22.1,17.0,202.0,14.0,29.2,80.2,1009.7,19.6,14.1,2.7,2.5,2.5,0
2025-06-16,2025,6,16,Monsoon,Himachal Pradesh,31.1,77.17,8,192,Normal,28.0,72.0,1004.7,0.0,12.5,277.0,82.0,28.3,73.4,1003.2,1.3,12.4,0.3,1.3,0.3,0
2025-06-16,2025,6,16,Monsoon,Maharashtra (Mumbai/Konkan),18.98,72.83,9,216,Normal,25.6,72.7,1008.2,6.6,26.2,58.0,22.0,29.3,73.1,1006.9,17.7,14.7,3.7,11.1,11.1,1
2025-06-16,2025,6,16,Monsoon,Rajasthan (West),26.91,70.9,9,216,Normal,33.7,76.6,1013.3,0.0,17.5,336.0,91.0,30.0,79.6,1011.3,3.3,17.0,3.7,3.3,3.7,1
2025-06-16,2025,6,16,Monsoon,West Bengal (Gangetic),22.57,88.36,9,216,Normal,24.9,82.6,1003.7,0.0,12.0,81.0,39.0,27.8,77.7,1004.4,0.1,9.5,2.9,0.1,2.9,0
2025-06-23,2025,6,23,Monsoon,West Bengal (Gangetic),22.57,88.36,1,24,Normal,28.0,83.4,1006.1,12.3,13.9,134.0,21.0,28.7,80.1,1006.5,6.0,14.8,0.7,6.3,6.3,0
2025-06-23,2025,6,23,Monsoon,Gujarat Coastal,21.64,69.6,2,48,Normal,28.1,85.5,1004.1,13.6,9.3,45.0,19.0,27.9,83.4,1003.3,10.1,9.3,0.2,3.5,3.5,0
2025-06-23,2025,6,23,Monsoon,Assam & Meghalaya,26.14,91.73,2,48,Normal,32.2,85.0,1003.1,3.5,16.0,243.0,22.0,30.0,94.3,1003.0,0.4,16.5,2.2,3.1,2.2,0
2025-06-23,2025,6,23,Monsoon,Himachal Pradesh,31.1,77.17,3,72,Normal,29.8,77.3,1005.9,0.0,11.1,144.0,23.0,28.6,72.3,1006.0,4.5,10.4,1.2,4.5,1.2,0
2025-06-23,2025,6,23,Monsoon,Kerala Coast,9.93,76.26,4,96,Normal,30.8,78.6,1011.9,63.8,12.3,131.0,76.0,29.1,80.4,1011.5,30.8,9.6,1.7,33.0,33.0,1
2025-06-23,2025,6,23,Monsoon,Gujarat Coastal,21.64,69.6,4,96,Normal,28.1,85.5,1003.8,10.3,10.2,194.0,10.0,27.9,87.6,1003.3,10.1,9.3,0.2,0.2,0.2,0
2025-06-23,2025,6,23,Monsoon,Rajasthan (West),26.91,70.9,4,96,Normal,29.6,67.9,1001.4,0.0,17.0,275.0,90.0,27.7,67.4,1001.6,0.9,17.2,1.9,0.9,1.9,0
2025-06-23,2025,6,23,Monsoon,Maharashtra (Mumbai/Konkan),18.98,72.83,5,120,Normal,29.2,84.2,1000.7,0.0,12.4,104.0,40.0,29.7,86.9,1002.4,2.7,13.7,0.5,2.7,0.5,0
2025-06-23,2025,6,23,Monsoon,Odisha Coastal,20.27,85.84,6,144,Normal,27.8,80.6,1001.2,2.8,8.3,332.0,84.0,27.7,78.8,1001.8,0.0,9.8,0.1,2.8,0.1,0
2025-06-23,2025,6,23,Monsoon,Odisha Coastal,20.27,85.84,7,168,Normal,25.4,80.6,1002.6,2.6,15.4,97.0,35.0,27.7,79.7,1001.8,0.0,9.8,2.3,2.6,2.3,0
2025-06-23,2025,6,23,Monsoon,Himachal Pradesh,31.1,77.17,7,168,Normal,29.9,77.3,1007.3,0.0,13.7,296.0,74.0,28.6,79.5,1006.0,4.5,10.4,1.3,4.5,1.3,0
2025-06-23,2025,6,23,Monsoon,Kerala Coast,9.93,76.26,8,192,Normal,25.6,78.6,1010.8,13.9,6.7,27.0,69.0,29.1,88.1,1011.5,30.8,9.6,3.5,16.9,16.9,1
2025-06-23,2025,6,23,Monsoon,Maharashtra (Mumbai/Konkan),18.98,72.83,8,192,Normal,30.1,84.2,999.9,0.5,16.9,355.0,70.0,29.7,88.9,1002.4,2.7,13.7,0.4,2.2,0.4,0
2025-06-23,2025,6,23,Monsoon,West Bengal (Gangetic),22.57,88.36,8,192,Normal,27.6,83.4,1005.2,0.0,18.1,171.0,65.0,28.7,83.5,1006.5,6.0,14.8,1.1,6.0,6.0,0
2025-06-23,2025,6,23,Monsoon,Rajasthan (West),26.91,70.9,9,216,Normal,31.9,67.9,1003.6,21.7,13.6,25.0,56.0,27.7,64.5,1001.6,0.9,17.2,4.2,20.8,4.2,1
2025-06-23,2025,6,23,Monsoon,Assam & Meghalaya,26.14,91.73,10,240,Normal,30.8,85.0,1004.3,0.0,14.6,30.0,18.0,30.0,82.5,1003.0,0.4,16.5,0.8,0.4,0.8,0
2025-06-30,2025,6,30,Monsoon,Kerala Coast,9.93,76.26,2,48,Normal,29.1,87.8,1003.6,7.5,17.0,355.0,58.0,27.4,90.5,1004.0,18.8,18.3,1.7,11.3,11.3,0
2025-06-30,2025,6,30,Monsoon,Rajasthan (West),26.91,70.9,2,48,Normal,29.5,83.4,1000.3,4.0,17.8,174.0,29.0,28.6,92.1,999.9,3.4,15.9,0.9,0.6,0.9,0
2025-06-30,2025,6,30,Monsoon,Himachal Pradesh,31.1,77.17,2,48,Normal,24.0,90.7,1003.7,13.8,14.8,310.0,82.0,25.3,94.3,1003.4,5.9,18.3,1.3,7.9,7.9,0
2025-06-30,2025,6,30,Monsoon,Maharashtra (Mumbai/Konkan),18.98,72.83,3,72,Normal,27.0,88.4,1005.8,15.0,13.4,232.0,84.0,28.9,90.5,1005.3,29.9,13.2,1.9,14.9,14.9,0
2025-06-30,2025,6,30,Monsoon,Gujarat Coastal,21.64,69.6,3,72,Normal,26.5,73.8,1001.2,5.2,13.9,228.0,77.0,27.3,73.2,1001.0,13.5,13.6,0.8,8.3,8.3,0
2025-06-30,2025,6,30,Monsoon,Odisha Coastal,20.27,85.84,4,96,Normal,28.5,76.5,998.0,25.1,13.6,13.0,59.0,29.5,81.7,998.0,18.7,15.3,1.0,6.4,6.4,0
2025-06-30,2025,6,30,Monsoon,Kerala Coast,9.93,76.26,4,96,Normal,27.8,87.8,1002.9,16.8,17.6,95.0,60.0,27.4,86.6,1004.0,18.8,18.3,0.4,2.0,2.0,0
2025-06-30,2025,6,30,Monsoon,Maharashtra (Mumbai/Konkan),18.98,72.83,4,96,Normal,28.6,88.4,1005.1,49.8,11.5,85.0,33.0,28.9,90.7,1005.3,29.9,13.2,0.3,19.9,19.9,0
2025-06-30,2025,6,30,Monsoon,Assam & Meghalaya,26.14,91.73,5,120,Normal,29.6,84.3,1005.1,17.6,17.1,325.0,84.0,28.2,82.1,1004.6,34.6,14.4,1.4,17.0,17.0,0
2025-06-30,2025,6,30,Monsoon,Rajasthan (West),26.91,70.9,7,168,Normal,27.4,83.4,1000.2,23.6,23.1,40.0,61.0,28.6,84.0,999.9,3.4,15.9,1.2,20.2,1.2,1
2025-06-30,2025,6,30,Monsoon,Himachal Pradesh,31.1,77.17,7,168,Normal,22.9,90.7,1002.2,10.3,20.0,196.0,64.0,25.3,87.0,1003.4,5.9,18.3,2.4,4.4,4.4,0
2025-06-30,2025,6,30,Monsoon,West Bengal (Gangetic),22.57,88.36,7,168,Normal,29.5,82.0,1007.6,10.1,13.1,316.0,40.0,26.8,79.0,1008.7,6.4,12.9,2.7,3.7,3.7,0
2025-06-30,2025,6,30,Monsoon,Assam & Meghalaya,26.14,91.73,7,168,Normal,27.1,84.3,1003.5,0.0,14.5,116.0,42.0,28.2,81.7,1004.6,34.6,14.4,1.1,34.6,34.6,1
2025-06-30,2025,6,30,Monsoon,Odisha Coastal,20.27,85.84,8,192,Normal,34.1,76.5,997.8,50.6,15.3,144.0,81.0,29.5,79.8,998.0,18.7,15.3,4.6,31.9,31.9,1
2025-06-30,2025,6,30,Monsoon,Gujarat Coastal,21.64,69.6,10,240,Normal,25.3,73.8,998.8,2.5,8.9,32.0,45.0,27.3,72.7,1001.0,13.5,13.6,2.0,11.0,11.0,0
2025-06-30,2025,6,30,Monsoon,West Bengal (Gangetic),22.57,88.36,10,240,Normal,26.8,82.0,1008.9,0.0,7.1,327.0,94.0,26.8,82.8,1008.7,6.4,12.9,0.0,6.4,6.4,0
2025-07-07,2025,7,7,Monsoon,Himachal Pradesh,31.1,77.17,2,48,Active Monsoon,30.6,89.7,1000.2,0.0,16.5,190.0,21.0,29.6,89.8,999.3,0.6,17.7,1.0,0.6,1.0,0
2025-07-07,2025,7,7,Monsoon,Assam & Meghalaya,26.14,91.73,2,48,Active Monsoon,28.6,76.0,1001.8,5.5,7.2,359.0,87.0,28.4,75.8,1001.6,8.8,6.3,0.2,3.3,3.3,0
2025-07-07,2025,7,7,Monsoon,Odisha Coastal,20.27,85.84,3,72,Active Monsoon,24.1,82.8,1003.3,37.0,13.8,57.0,71.0,25.4,77.2,1004.2,20.0,13.6,1.3,17.0,17.0,0
2025-07-07,2025,7,7,Monsoon,Maharashtra (Mumbai/Konkan),18.98,72.83,3,72,Active Monsoon,29.4,82.3,1004.6,13.9,19.2,227.0,37.0,29.8,82.5,1003.9,24.8,19.4,0.4,10.9,10.9,0
2025-07-07,2025,7,7,Monsoon,West Bengal (Gangetic),22.57,88.36,3,72,Active Monsoon,27.9,78.1,1002.9,0.0,16.7,109.0,20.0,28.0,83.7,1002.7,2.6,12.8,0.1,2.6,0.1,0
2025-07-07,2025,7,7,Monsoon,Rajasthan (West),26.91,70.9,4,96,Active Monsoon,31.0,89.1,1006.0,1.6,15.4,266.0,77.0,29.7,87.0,1004.9,4.8,16.5,1.3,3.2,1.3,0
2025-07-07,2025,7,7,Monsoon,Maharashtra (Mumbai/Konkan),18.98,72.83,5,120,Active Monsoon,27.4,82.3,1005.8,51.4,18.6,335.0,22.0,29.8,81.9,1003.9,24.8,19.4,2.4,26.6,26.6,1
2025-07-07,2025,7,7,Monsoon,West Bengal (Gangetic),22.57,88.36,5,120,Active Monsoon,29.2,78.1,1001.6,3.6,16.0,51.0,93.0,28.0,77.3,1002.7,2.6,12.8,1.2,1.0,1.2,0
2025-07-07,2025,7,7,Monsoon,Assam & Meghalaya,26.14,91.73,5,120,Active Monsoon,24.6,76.0,1003.2,14.0,4.2,302.0,11.0,28.4,73.7,1001.6,8.8,6.3,3.8,5.2,5.2,1
2025-07-07,2025,7,7,Monsoon,Gujarat Coastal,21.64,69.6,6,144,Active Monsoon,27.4,78.3,1002.2,0.4,12.0,49.0,28.0,29.8,83.3,1002.2,0.6,14.5,2.4,0.2,2.4,0
2025-07-07,2025,7,7,Monsoon,Rajasthan (West),26.91,70.9,7,168,Active Monsoon,33.1,89.1,1007.3,21.9,16.3,109.0,18.0,29.7,88.0,1004.9,4.8,16.5,3.4,17.1,3.4,1
2025-07-07,2025,7,7,Monsoon,Himachal Pradesh,31.1,77.17,7,168,Active Monsoon,29.9,89.7,999.2,0.9,18.7,305.0,10.0,29.6,89.3,999.3,0.6,17.7,0.3,0.3,0.3,0
2025-07-07,2025,7,7,Monsoon,Odisha Coastal,20.27,85.84,8,192,Active Monsoon,24.6,82.8,1006.2,8.2,9.4,67.0,32.0,25.4,88.7,1004.2,20.0,13.6,0.8,11.8,11.8,0
2025-07-07,2025,7,7,Monsoon,Kerala Coast,9.93,76.26,9,216,Active Monsoon,32.7,81.8,1001.7,1.5,14.7,240.0,58.0,28.5,87.3,1004.0,7.0,14.5,4.2,5.5,5.5,1
2025-07-07,2025,7,7,Monsoon,Kerala Coast,9.93,76.26,10,240,Active Monsoon,30.1,81.8,1005.6,1.6,14.4,121.0,70.0,28.5,80.2,1004.0,7.0,14.5,1.6,5.4,5.4,0
2025-07-07,2025,7,7,Monsoon,Gujarat Coastal,21.64,69.6,10,240,Active Monsoon,26.4,78.3,1001.7,7.2,12.6,222.0,24.0,29.8,79.6,1002.2,0.6,14.5,3.4,6.6,3.4,1
2025-07-14,2025,7,14,Monsoon,Himachal Pradesh,31.1,77.17,1,24,Active Monsoon,28.5,83.5,1001.2,1.3,12.7,274.0,70.0,27.6,76.7,1002.0,2.3,12.7,0.9,1.0,0.9,0
2025-07-14,2025,7,14,Monsoon,Maharashtra (Mumbai/Konkan),18.98,72.83,2,48,Active Monsoon,25.5,98.0,1007.8,1.4,19.1,141.0,61.0,26.1,99.5,1008.0,3.5,20.2,0.6,2.1,0.6,0
2025-07-14,2025,7,14,Monsoon,Assam & Meghalaya,26.14,91.73,2,48,Active Monsoon,28.0,78.4,997.5,30.7,8.5,6.0,60.0,27.1,77.1,997.0,28.8,9.6,0.9,1.9,1.9,0
2025-07-14,2025,7,14,Monsoon,Assam & Meghalaya,26.14,91.73,3,72,Active Monsoon,28.1,78.4,997.0,59.6,8.3,343.0,85.0,27.1,82.4,997.0,28.8,9.6,1.0,30.8,30.8,1
2025-07-14,2025,7,14,Monsoon,Gujarat Coastal,21.64,69.6,4,96,Active Monsoon,27.1,79.2,1007.5,1.8,15.2,356.0,23.0,27.8,72.7,1007.1,0.3,20.4,0.7,1.5,0.7,0
2025-07-14,2025,7,14,Monsoon,West Bengal (Gangetic),22.57,88.36,4,96,Active Monsoon,27.2,79.1,1006.3,0.0,17.1,323.0,52.0,25.3,81.5,1005.7,2.3,17.1,1.9,2.3,1.9,0
2025-07-14,2025,7,14,Monsoon,Odisha Coastal,20.27,85.84,5,120,Active Monsoon,28.6,71.8,1000.5,0.0,18.8,180.0,86.0,28.3,68.2,1002.3,0.2,12.3,0.3,0.2,0.3,0
2025-07-14,2025,7,14,Monsoon,Kerala Coast,9.93,76.26,5,120,Active Monsoon,25.9,73.0,1000.8,3.1,11.6,297.0,39.0,27.4,74.9,999.6,1.6,11.2,1.5,1.5,1.5,0
2025-07-14,2025,7,14,Monsoon,Gujarat Coastal,21.64,69.6,5,120,Active Monsoon,28.7,79.2,1008.9,0.0,21.5,184.0,86.0,27.8,88.4,1007.1,0.3,20.4,0.9,0.3,0.9,0
2025-07-14,2025,7,14,Monsoon,Rajasthan (West),26.91,70.9,5,120,Active Monsoon,22.6,83.7,1004.2,10.8,14.8,316.0,84.0,23.8,87.4,1004.2,3.3,14.3,1.2,7.5,1.2,0
2025-07-14,2025,7,14,Monsoon,Maharashtra (Mumbai/Konkan),18.98,72.83,7,168,Active Monsoon,28.7,98.0,1007.5,0.0,17.2,334.0,13.0,26.1,99.2,1008.0,3.5,20.2,2.6,3.5,2.6,0
2025-07-14,2025,7,14,Monsoon,West Bengal (Gangetic),22.57,88.36,7,168,Active Monsoon,21.5,79.1,1006.2,5.2,17.7,8.0,85.0,25.3,81.3,1005.7,2.3,17.1,3.8,2.9,3.8,1
2025-07-14,2025,7,14,Monsoon,Kerala Coast,9.93,76.26,8,192,Active Monsoon,27.6,73.0,999.7,0.0,11.4,40.0,29.0,27.4,70.7,999.6,1.6,11.2,0.2,1.6,0.2,0
2025-07-14,2025,7,14,Monsoon,Rajasthan (West),26.91,70.9,8,192,Active Monsoon,22.0,83.7,1000.3,5.5,15.4,264.0,15.0,23.8,81.2,1004.2,3.3,14.3,1.8,2.2,1.8,1
2025-07-14,2025,7,14,Monsoon,Himachal Pradesh,31.1,77.17,9,216,Active Monsoon,29.5,83.5,1002.4,0.0,17.0,156.0,51.0,27.6,84.3,1002.0,2.3,12.7,1.9,2.3,1.9,0
2025-07-14,2025,7,14,Monsoon,Odisha Coastal,20.27,85.84,10,240,Active Monsoon,27.7,71.8,1002.9,2.7,12.9,303.0,30.0,28.3,70.9,1002.3,0.2,12.3,0.6,2.5,0.6,0
2025-07-21,2025,7,21,Monsoon,Maharashtra (Mumbai/Konkan),18.98,72.83,1,24,Active Monsoon,26.1,81.7,1005.5,15.9,12.4,104.0,36.0,26.3,85.7,1005.2,21.2,13.4,0.2,5.3,5.3,0
2025-07-21,2025,7,21,Monsoon,West Bengal (Gangetic),22.57,88.36,1,24,Active Monsoon,29.9,84.0,1002.4,2.5,11.5,80.0,90.0,29.3,84.7,1002.0,5.1,10.7,0.6,2.6,2.6,0
2025-07-21,2025,7,21,Monsoon,Odisha Coastal,20.27,85.84,2,48,Active Monsoon,25.7,84.9,1007.7,0.6,11.2,80.0,36.0,26.3,76.2,1007.2,0.3,11.8,0.6,0.3,0.6,0
2025-07-21,2025,7,21,Monsoon,Rajasthan (West),26.91,70.9,3,72,Active Monsoon,28.0,84.3,1005.0,10.3,15.9,39.0,87.0,27.2,86.2,1004.7,9.7,16.1,0.8,0.6,0.6,0
2025-07-21,2025,7,21,Monsoon,West Bengal (Gangetic),22.57,88.36,3,72,Active Monsoon,29.0,84.0,1001.7,5.1,11.6,230.0,20.0,29.3,84.2,1002.0,5.1,10.7,0.3,0.0,0.0,0
2025-07-21,2025,7,21,Monsoon,Assam & Meghalaya,26.14,91.73,3,72,Active Monsoon,24.2,76.8,1004.2,0.2,10.6,302.0,24.0,25.3,79.9,1004.3,2.3,13.3,1.1,2.1,1.1,0
2025-07-21,2025,7,21,Monsoon,Kerala Coast,9.93,76.26,4,96,Active Monsoon,27.2,82.0,1000.2,7.2,16.5,103.0,69.0,28.0,75.9,1001.6,4.8,11.6,0.8,2.4,0.8,0
2025-07-21,2025,7,21,Monsoon,Rajasthan (West),26.91,70.9,4,96,Active Monsoon,28.9,84.3,1005.3,15.8,20.7,301.0,76.0,27.2,88.2,1004.7,9.7,16.1,1.7,6.1,6.1,0
2025-07-21,2025,7,21,Monsoon,Himachal Pradesh,31.1,77.17,4,96,Active Monsoon,32.0,86.5,1004.4,7.6,15.6,167.0,56.0,30.3,93.8,1002.9,4.7,14.7,1.7,2.9,1.7,0
2025-07-21,2025,7,21,Monsoon,Odisha Coastal,20.27,85.84,5,120,Active Monsoon,25.3,84.9,1007.3,5.1,11.1,175.0,81.0,26.3,80.3,1007.2,0.3,11.8,1.0,4.8,1.0,0
2025-07-21,2025,7,21,Monsoon,Kerala Coast,9.93,76.26,5,120,Active Monsoon,29.6,82.0,1002.3,0.0,8.4,200.0,42.0,28.0,83.3,1001.6,4.8,11.6,1.6,4.8,1.6,0
2025-07-21,2025,7,21,Monsoon,Maharashtra (Mumbai/Konkan),18.98,72.83,6,144,Active Monsoon,24.0,81.7,1004.9,25.8,17.8,114.0,17.0,26.3,87.0,1005.2,21.2,13.4,2.3,4.6,4.6,0
2025-07-21,2025,7,21,Monsoon,Gujarat Coastal,21.64,69.6,7,168,Active Monsoon,25.8,92.5,1006.7,28.9,13.1,152.0,84.0,27.3,89.9,1005.6,16.2,14.8,1.5,12.7,12.7,0
2025-07-21,2025,7,21,Monsoon,Himachal Pradesh,31.1,77.17,7,168,Active Monsoon,32.1,86.5,1002.4,12.2,12.1,61.0,13.0,30.3,82.7,1002.9,4.7,14.7,1.8,7.5,1.8,0
2025-07-21,2025,7,21,Monsoon,Assam & Meghalaya,26.14,91.73,8,192,Active Monsoon,25.1,76.8,1003.4,19.0,13.0,273.0,72.0,25.3,75.2,1004.3,2.3,13.3,0.2,16.7,0.2,0
2025-07-21,2025,7,21,Monsoon,Gujarat Coastal,21.64,69.6,10,240,Active Monsoon,27.6,92.5,1006.1,0.0,15.9,48.0,24.0,27.3,87.6,1005.6,16.2,14.8,0.3,16.2,16.2,0
2025-07-28,2025,7,28,Monsoon,Rajasthan (West),26.91,70.9,1,24,Active Monsoon,27.6,90.9,1004.8,11.0,16.7,323.0,46.0,28.8,90.4,1005.2,6.6,17.3,1.2,4.4,4.4,0
2025-07-28,2025,7,28,Monsoon,Himachal Pradesh,31.1,77.17,1,24,Active Monsoon,30.0,87.9,1001.9,2.0,11.1,1.0,64.0,29.8,87.5,1000.6,3.5,11.7,0.2,1.5,0.2,0
2025-07-28,2025,7,28,Monsoon,Assam & Meghalaya,26.14,91.73,1,24,Active Monsoon,26.8,90.0,1007.0,8.8,10.6,178.0,23.0,27.8,89.3,1006.9,10.1,11.5,1.0,1.3,1.3,0
2025-07-28,2025,7,28,Monsoon,Odisha Coastal,20.27,85.84,2,48,Active Monsoon,26.2,79.9,1002.8,1.5,15.8,105.0,79.0,26.6,78.3,1003.2,1.0,15.4,0.4,0.5,0.4,0
2025-07-28,2025,7,28,Monsoon,Maharashtra (Mumbai/Konkan),18.98,72.83,2,48,Active Monsoon,28.7,79.0,1002.5,0.0,12.1,111.0,49.0,28.2,82.7,1002.4,0.1,12.5,0.5,0.1,0.5,0
2025-07-28,2025,7,28,Monsoon,West Bengal (Gangetic),22.57,88.36,2,48,Active Monsoon,24.4,89.0,1011.0,2.2,16.2,49.0,26.0,26.1,85.4,1010.8,9.2,15.9,1.7,7.0,7.0,0
2025-07-28,2025,7,28,Monsoon,Gujarat Coastal,21.64,69.6,3,72,Active Monsoon,30.3,81.8,1002.3,5.9,18.6,100.0,62.0,28.1,78.1,1002.4,2.8,18.2,2.2,3.1,2.2,0
2025-07-28,2025,7,28,Monsoon,Odisha Coastal,20.27,85.84,4,96,Active Monsoon,22.5,79.9,1003.3,2.4,13.7,2.0,93.0,26.6,81.1,1003.2,1.0,15.4,4.1,1.4,4.1,1
2025-07-28,2025,7,28,Monsoon,Maharashtra (Mumbai/Konkan),18.98,72.83,5,120,Active Monsoon,29.1,79.0,1002.7,0.9,16.4,43.0,88.0,28.2,79.7,1002.4,0.1,12.5,0.9,0.8,0.9,0
2025-07-28,2025,7,28,Monsoon,Himachal Pradesh,31.1,77.17,5,120,Active Monsoon,30.7,87.9,1001.0,5.3,12.7,87.0,41.0,29.8,94.5,1000.6,3.5,11.7,0.9,1.8,0.9,0
2025-07-28,2025,7,28,Monsoon,Gujarat Coastal,21.64,69.6,7,168,Active Monsoon,29.6,81.8,1000.5,13.3,24.3,157.0,78.0,28.1,84.1,1002.4,2.8,18.2,1.5,10.5,1.5,0
2025-07-28,2025,7,28,Monsoon,Kerala Coast,9.93,76.26,8,192,Active Monsoon,25.7,76.5,1003.2,16.8,14.4,203.0,59.0,28.5,69.0,1002.1,24.5,14.4,2.8,7.7,7.7,0
2025-07-28,2025,7,28,Monsoon,West Bengal (Gangetic),22.57,88.36,8,192,Active Monsoon,26.9,89.0,1008.8,37.6,15.6,170.0,76.0,26.1,87.2,1010.8,9.2,15.9,0.8,28.4,28.4,1
2025-07-28,2025,7,28,Monsoon,Assam & Meghalaya,26.14,91.73,8,192,Active Monsoon,23.5,90.0,1005.6,0.0,14.8,319.0,28.0,27.8,96.5,1006.9,10.1,11.5,4.3,10.1,10.1,1
2025-07-28,2025,7,28,Monsoon,Kerala Coast,9.93,76.26,9,216,Active Monsoon,31.5,76.5,1002.7,0.0,15.4,182.0,63.0,28.5,78.6,1002.1,24.5,14.4,3.0,24.5,24.5,1
2025-07-28,2025,7,28,Monsoon,Rajasthan (West),26.91,70.9,10,240,Active Monsoon,27.7,90.9,1007.8,13.0,20.0,124.0,70.0,28.8,92.9,1005.2,6.6,17.3,1.1,6.4,6.4,0
2025-08-04,2025,8,4,Monsoon,Kerala Coast,9.93,76.26,1,24,Active Monsoon,25.9,81.7,1003.8,34.2,16.2,137.0,31.0,26.2,88.2,1004.5,26.9,16.8,0.3,7.3,7.3,0
2025-08-04,2025,8,4,Monsoon,Maharashtra (Mumbai/Konkan),18.98,72.83,1,24,Active Monsoon,27.6,83.4,1003.1,10.3,11.4,198.0,64.0,28.3,83.1,1003.5,9.7,11.4,0.7,0.6,0.6,0
2025-08-04,2025,8,4,Monsoon,West Bengal (Gangetic),22.57,88.36,4,96,Active Monsoon,30.2,87.0,998.6,14.6,15.0,343.0,39.0,29.6,89.4,999.1,8.7,14.3,0.6,5.9,5.9,0
2025-08-04,2025,8,4,Monsoon,Assam & Meghalaya,26.14,91.73,4,96,Active Monsoon,27.5,87.7,1005.3,18.6,12.0,301.0,74.0,28.1,82.9,1004.8,13.4,11.6,0.6,5.2,5.2,0
2025-08-04,2025,8,4,Monsoon,Himachal Pradesh,31.1,77.17,5,120,Active Monsoon,27.5,81.7,1010.3,0.0,9.9,15.0,27.0,27.0,79.1,1007.2,0.0,12.9,0.5,0.0,0.5,1
2025-08-04,2025,8,4,Monsoon,Odisha Coastal,20.27,85.84,6,144,Active Monsoon,30.3,79.7,997.7,22.5,13.2,42.0,94.0,27.8,81.6,1001.0,7.3,16.7,2.5,15.2,15.2,1
2025-08-04,2025,8,4,Monsoon,Gujarat Coastal,21.64,69.6,6,144,Active Monsoon,28.0,80.9,1001.2,16.9,19.8,313.0,34.0,27.2,86.1,1001.8,33.7,13.8,0.8,16.8,16.8,0
2025-08-04,2025,8,4,Monsoon,Himachal Pradesh,31.1,77.17,6,144,Active Monsoon,27.0,81.7,1005.5,1.2,9.9,176.0,28.0,27.0,83.3,1007.2,0.0,12.9,0.0,1.2,0.0,0
2025-08-04,2025,8,4,Monsoon,Odisha Coastal,20.27,85.84,7,168,Active Monsoon,26.8,79.7,999.6,7.0,17.4,27.0,11.0,27.8,82.3,1001.0,7.3,16.7,1.0,0.3,0.3,0
2025-08-04,2025,8,4,Monsoon,Rajasthan (West),26.91,70.9,7,168,Active Monsoon,29.4,76.1,1001.9,0.0,15.4,326.0,58.0,28.5,75.9,1002.0,0.7,11.0,0.9,0.7,0.9,0
2025-08-04,2025,8,4,Monsoon,Assam & Meghalaya,26.14,91.73,7,168,Active Monsoon,29.6,87.7,1004.2,0.0,10.0,233.0,56.0,28.1,90.1,1004.8,13.4,11.6,1.5,13.4,13.4,0
2025-08-04,2025,8,4,Monsoon,Kerala Coast,9.93,76.26,9,216,Active Monsoon,21.4,81.7,1004.4,43.6,21.7,51.0,60.0,26.2,78.0,1004.5,26.9,16.8,4.8,16.7,16.7,1
2025-08-04,2025,8,4,Monsoon,Maharashtra (Mumbai/Konkan),18.98,72.83,9,216,Active Monsoon,32.6,83.4,1004.0,22.2,14.3,57.0,32.0,28.3,76.8,1003.5,9.7,11.4,4.3,12.5,12.5,1
2025-08-04,2025,8,4,Monsoon,Rajasthan (West),26.91,70.9,9,216,Active Monsoon,27.6,76.1,1001.1,1.7,13.2,118.0,85.0,28.5,79.7,1002.0,0.7,11.0,0.9,1.0,0.9,0
2025-08-04,2025,8,4,Monsoon,West Bengal (Gangetic),22.57,88.36,9,216,Active Monsoon,31.5,87.0,998.3,0.3,11.4,46.0,29.0,29.6,83.5,999.1,8.7,14.3,1.9,8.4,8.4,0
2025-08-04,2025,8,4,Monsoon,Gujarat Coastal,21.64,69.6,10,240,Active Monsoon,30.8,80.9,1001.2,5.8,8.3,314.0,12.0,27.2,82.9,1001.8,33.7,13.8,3.6,27.9,27.9,1
2025-08-11,2025,8,11,Monsoon,Odisha Coastal,20.27,85.84,2,48,Active Monsoon,30.9,86.7,1001.7,6.4,14.6,287.0,24.0,30.2,91.5,1002.2,2.5,13.0,0.7,3.9,0.7,0
2025-08-11,2025,8,11,Monsoon,Gujarat Coastal,21.64,69.6,2,48,Active Monsoon,31.5,77.3,1004.7,8.3,12.7,221.0,55.0,31.9,78.6,1004.2,8.9,13.8,0.4,0.6,0.6,0
2025-08-11,2025,8,11,Monsoon,Rajasthan (West),26.91,70.9,2,48,Active Monsoon,29.9,78.6,1010.8,0.1,14.3,111.0,23.0,30.2,85.9,1011.9,0.6,14.7,0.3,0.5,0.3,0
2025-08-11,2025,8,11,Monsoon,Assam & Meghalaya,26.14,91.73,2,48,Active Monsoon,24.7,80.9,1003.6,12.4,9.7,288.0,75.0,26.1,82.7,1002.2,13.2,8.9,1.4,0.8,0.8,0
2025-08-11,2025,8,11,Monsoon,Kerala Coast,9.93,76.26,3,72,Active Monsoon,27.3,78.4,1004.7,16.1,16.5,207.0,64.0,26.9,77.1,1006.2,10.2,17.3,0.4,5.9,5.9,0
2025-08-11,2025,8,11,Monsoon,Maharashtra (Mumbai/Konkan),18.98,72.83,4,96,Active Monsoon,28.0,75.0,1004.4,31.2,17.4,223.0,46.0,26.5,72.1,1003.3,19.8,13.5,1.5,11.4,11.4,0
2025-08-11,2025,8,11,Monsoon,Himachal Pradesh,31.1,77.17,4,96,Active Monsoon,24.9,83.5,1002.6,5.3,10.7,220.0,20.0,25.7,99.2,1002.8,3.3,13.7,0.8,2.0,0.8,0
2025-08-11,2025,8,11,Monsoon,Odisha Coastal,20.27,85.84,5,120,Active Monsoon,29.3,86.7,1001.6,6.2,17.0,159.0,21.0,30.2,89.3,1002.2,2.5,13.0,0.9,3.7,0.9,0
2025-08-11,2025,8,11,Monsoon,Maharashtra (Mumbai/Konkan),18.98,72.83,5,120,Active Monsoon,26.1,75.0,1004.0,0.0,14.0,39.0,49.0,26.5,75.6,1003.3,19.8,13.5,0.4,19.8,19.8,0
2025-08-11,2025,8,11,Monsoon,West Bengal (Gangetic),22.57,88.36,6,144,Active Monsoon,22.9,84.5,1003.0,49.6,15.6,212.0,44.0,25.4,88.3,1003.0,21.1,14.7,2.5,28.5,28.5,1
2025-08-11,2025,8,11,Monsoon,Assam & Meghalaya,26.14,91.73,6,144,Active Monsoon,27.7,80.9,1001.9,9.7,7.6,203.0,54.0,26.1,83.2,1002.2,13.2,8.9,1.6,3.5,3.5,0
2025-08-11,2025,8,11,Monsoon,Kerala Coast,9.93,76.26,7,168,Active Monsoon,25.3,78.4,1007.4,6.9,18.4,182.0,69.0,26.9,79.5,1006.2,10.2,17.3,1.6,3.3,3.3,0
2025-08-11,2025,8,11,Monsoon,Rajasthan (West),26.91,70.9,8,192,Active Monsoon,29.9,78.6,1007.8,0.0,18.3,153.0,68.0,30.2,77.2,1011.9,0.6,14.7,0.3,0.6,0.3,1
2025-08-11,2025,8,11,Monsoon,Himachal Pradesh,31.1,77.17,8,192,Active Monsoon,26.6,83.5,1003.2,6.7,13.2,293.0,47.0,25.7,78.4,1002.8,3.3,13.7,0.9,3.4,0.9,0
2025-08-11,2025,8,11,Monsoon,West Bengal (Gangetic),22.57,88.36,9,216,Active Monsoon,24.0,84.5,1000.6,44.7,9.4,76.0,62.0,25.4,83.4,1003.0,21.1,14.7,1.4,23.6,23.6,1
2025-08-11,2025,8,11,Monsoon,Gujarat Coastal,21.64,69.6,10,240,Active Monsoon,37.2,77.3,1005.6,0.0,16.4,278.0,78.0,31.9,79.8,1004.2,8.9,13.8,5.3,8.9,8.9,1
2025-08-18,2025,8,18,Monsoon,Himachal Pradesh,31.1,77.17,1,24,Active Monsoon,27.0,86.2,1001.2,1.3,10.9,181.0,20.0,27.1,86.1,1000.6,5.3,12.6,0.1,4.0,4.0,0
2025-08-18,2025,8,18,Monsoon,West Bengal (Gangetic),22.57,88.36,1,24,Active Monsoon,32.3,79.5,1002.1,21.0,15.3,251.0,56.0,31.7,79.5,1002.3,18.5,14.3,0.6,2.5,2.5,0
2025-08-18,2025,8,18,Monsoon,Assam & Meghalaya,26.14,91.73,2,48,Active Monsoon,27.9,74.9,1007.7,10.8,16.2,220.0,28.0,27.4,72.1,1008.0,11.2,15.2,0.5,0.4,0.4,0
2025-08-18,2025,8,18,Monsoon,Rajasthan (West),26.91,70.9,3,72,Active Monsoon,26.5,80.4,1000.2,36.1,9.0,191.0,50.0,27.8,83.7,999.8,19.8,10.6,1.3,16.3,16.3,0
2025-08-18,2025,8,18,Monsoon,West Bengal (Gangetic),22.57,88.36,3,72,Active Monsoon,30.2,79.5,1000.7,27.7,13.1,168.0,17.0,31.7,74.6,1002.3,18.5,14.3,1.5,9.2,9.2,0
2025-08-18,2025,8,18,Monsoon,Assam & Meghalaya,26.14,91.73,4,96,Active Monsoon,26.2,74.9,1009.1,19.3,14.4,356.0,50.0,27.4,73.3,1008.0,11.2,15.2,1.2,8.1,8.1,0
2025-08-18,2025,8,18,Monsoon,Kerala Coast,9.93,76.26,5,120,Active Monsoon,30.5,80.5,1000.7,5.0,15.3,287.0,55.0,29.8,79.0,1000.4,9.9,11.1,0.7,4.9,4.9,0
2025-08-18,2025,8,18,Monsoon,Gujarat Coastal,21.64,69.6,6,144,Active Monsoon,29.5,76.6,1006.5,7.2,17.8,264.0,70.0,28.5,74.0,1004.4,1.5,12.8,1.0,5.7,1.0,0
2025-08-18,2025,8,18,Monsoon,Himachal Pradesh,31.1,77.17,6,144,Active Monsoon,25.2,86.2,999.2,6.4,10.9,303.0,50.0,27.1,81.9,1000.6,5.3,12.6,1.9,1.1,1.1,0
2025-08-18,2025,8,18,Monsoon,Kerala Coast,9.93,76.26,7,168,Active Monsoon,25.4,80.5,1000.1,0.0,13.2,43.0,77.0,29.8,77.1,1000.4,9.9,11.1,4.4,9.9,9.9,1
2025-08-18,2025,8,18,Monsoon,Maharashtra (Mumbai/Konkan),18.98,72.83,7,168,Active Monsoon,27.3,94.1,1003.2,1.4,15.4,36.0,80.0,28.1,99.4,1002.5,5.6,17.4,0.8,4.2,4.2,0
2025-08-18,2025,8,18,Monsoon,Odisha Coastal,20.27,85.84,8,192,Active Monsoon,32.1,84.5,1012.1,31.7,15.1,68.0,20.0,28.0,88.1,1010.5,24.5,13.7,4.1,7.2,7.2,1
2025-08-18,2025,8,18,Monsoon,Maharashtra (Mumbai/Konkan),18.98,72.83,8,192,Active Monsoon,27.5,94.1,1002.7,0.0,19.5,63.0,17.0,28.1,88.6,1002.5,5.6,17.4,0.6,5.6,5.6,0
2025-08-18,2025,8,18,Monsoon,Gujarat Coastal,21.64,69.6,8,192,Active Monsoon,26.2,76.6,1003.2,21.7,13.5,119.0,60.0,28.5,72.9,1004.4,1.5,12.8,2.3,20.2,2.3,1
2025-08-18,2025,8,18,Monsoon,Odisha Coastal,20.27,85.84,10,240,Active Monsoon,32.6,84.5,1009.2,59.0,8.4,191.0,69.0,28.0,92.2,1010.5,24.5,13.7,4.6,34.5,34.5,1
2025-08-18,2025,8,18,Monsoon,Rajasthan (West),26.91,70.9,10,240,Active Monsoon,27.2,80.4,1004.4,0.0,3.8,8.0,57.0,27.8,71.8,999.8,19.8,10.6,0.6,19.8,19.8,1
2025-08-25,2025,8,25,Monsoon,Rajasthan (West),26.91,70.9,1,24,Active Monsoon,28.9,94.7,1004.2,2.0,17.8,357.0,10.0,29.0,92.1,1004.9,1.3,18.0,0.1,0.7,0.1,0
2025-08-25,2025,8,25,Monsoon,West Bengal (Gangetic),22.57,88.36,1,24,Active Monsoon,28.5,78.9,1010.5,0.7,13.3,352.0,72.0,27.8,82.0,1009.3,2.6,14.9,0.7,1.9,0.7,0
2025-08-25,2025,8,25,Monsoon,Himachal Pradesh,31.1,77.17,2,48,Active Monsoon,27.0,79.6,1002.7,0.0,10.1,159.0,28.0,27.9,77.7,1003.0,2.1,12.3,0.9,2.1,0.9,0
2025-08-25,2025,8,25,Monsoon,Maharashtra (Mumbai/Konkan),18.98,72.83,3,72,Active Monsoon,26.1,80.8,997.0,6.5,18.4,189.0,14.0,26.8,82.9,996.4,4.9,15.5,0.7,1.6,0.7,0
2025-08-25,2025,8,25,Monsoon,Gujarat Coastal,21.64,69.6,3,72,Active Monsoon,29.3,74.0,1003.0,12.4,14.2,60.0,93.0,29.3,69.3,1004.1,9.3,12.9,0.0,3.1,3.1,0
2025-08-25,2025,8,25,Monsoon,Rajasthan (West),26.91,70.9,3,72,Active Monsoon,29.6,94.7,1005.0,0.0,17.3,26.0,27.0,29.0,90.0,1004.9,1.3,18.0,0.6,1.3,0.6,0
2025-08-25,2025,8,25,Monsoon,West Bengal (Gangetic),22.57,88.36,4,96,Active Monsoon,26.9,78.9,1010.1,12.0,13.5,138.0,25.0,27.8,78.9,1009.3,2.6,14.9,0.9,9.4,0.9,0
2025-08-25,2025,8,25,Monsoon,Kerala Coast,9.93,76.26,6,144,Active Monsoon,28.3,82.1,1006.6,8.7,7.4,351.0,17.0,28.1,80.4,1005.8,7.7,13.6,0.2,1.0,1.0,0
2025-08-25,2025,8,25,Monsoon,Himachal Pradesh,31.1,77.17,7,168,Active Monsoon,33.7,79.6,1001.9,0.0,14.3,149.0,46.0,27.9,78.4,1003.0,2.1,12.3,5.8,2.1,5.8,1
2025-08-25,2025,8,25,Monsoon,Odisha Coastal,20.27,85.84,8,192,Active Monsoon,29.4,80.4,1003.3,0.0,12.6,130.0,85.0,29.7,75.5,1004.1,3.6,13.5,0.3,3.6,0.3,0
2025-08-25,2025,8,25,Monsoon,Kerala Coast,9.93,76.26,8,192,Active Monsoon,27.3,82.1,1011.1,0.0,11.0,226.0,47.0,28.1,72.1,1005.8,7.7,13.6,0.8,7.7,7.7,1
2025-08-25,2025,8,25,Monsoon,Odisha Coastal,20.27,85.84,9,216,Active Monsoon,32.4,80.4,1003.5,4.2,10.7,297.0,52.0,29.7,78.9,1004.1,3.6,13.5,2.7,0.6,2.7,0
2025-08-25,2025,8,25,Monsoon,Maharashtra (Mumbai/Konkan),18.98,72.83,9,216,Active Monsoon,25.5,80.8,994.7,14.3,22.5,172.0,22.0,26.8,77.8,996.4,4.9,15.5,1.3,9.4,1.3,0
2025-08-25,2025,8,25,Monsoon,Gujarat Coastal,21.64,69.6,9,216,Active Monsoon,28.2,74.0,1004.5,11.4,9.3,163.0,87.0,29.3,77.2,1004.1,9.3,12.9,1.1,2.1,2.1,0
2025-08-25,2025,8,25,Monsoon,Assam & Meghalaya,26.14,91.73,9,216,Active Monsoon,23.6,80.4,1002.1,18.5,13.7,218.0,30.0,27.0,81.6,1002.1,6.6,13.6,3.4,11.9,11.9,1
2025-08-25,2025,8,25,Monsoon,Assam & Meghalaya,26.14,91.73,10,240,Active Monsoon,24.4,80.4,1003.4,0.0,21.3,8.0,31.0,27.0,86.3,1002.1,6.6,13.6,2.6,6.6,6.6,1
2025-09-01,2025,9,1,Monsoon,Maharashtra (Mumbai/Konkan),18.98,72.83,2,48,Normal,26.2,80.9,1001.9,12.4,9.3,240.0,83.0,26.3,84.3,1002.2,6.4,9.9,0.1,6.0,6.0,0
2025-09-01,2025,9,1,Monsoon,Odisha Coastal,20.27,85.84,3,72,Normal,29.5,78.4,1003.9,0.0,15.3,227.0,68.0,29.5,77.4,1005.9,1.1,17.1,0.0,1.1,0.0,0
2025-09-01,2025,9,1,Monsoon,Rajasthan (West),26.91,70.9,3,72,Normal,28.4,85.6,1003.7,2.1,20.9,154.0,86.0,27.9,81.5,1003.2,0.2,19.0,0.5,1.9,0.5,0
2025-09-01,2025,9,1,Monsoon,West Bengal (Gangetic),22.57,88.36,3,72,Normal,27.2,76.5,1003.4,55.3,15.2,209.0,54.0,29.5,72.4,1003.9,37.9,13.3,2.3,17.4,17.4,0
2025-09-01,2025,9,1,Monsoon,Gujarat Coastal,21.64,69.6,4,96,Normal,26.3,72.0,1003.3,6.5,18.2,64.0,63.0,27.1,71.8,1002.3,3.7,16.7,0.8,2.8,0.8,0
2025-09-01,2025,9,1,Monsoon,Himachal Pradesh,31.1,77.17,4,96,Normal,29.5,77.0,1001.8,3.5,10.7,312.0,55.0,28.5,72.2,1001.5,0.3,13.7,1.0,3.2,1.0,0
2025-09-01,2025,9,1,Monsoon,Odisha Coastal,20.27,85.84,5,120,Normal,29.9,78.4,1005.1,0.0,16.2,214.0,79.0,29.5,77.2,1005.9,1.1,17.1,0.4,1.1,0.4,0
2025-09-01,2025,9,1,Monsoon,Kerala Coast,9.93,76.26,6,144,Normal,27.5,79.9,1007.2,7.2,12.9,226.0,24.0,25.6,80.7,1006.2,0.4,14.0,1.9,6.8,1.9,0
2025-09-01,2025,9,1,Monsoon,Maharashtra (Mumbai/Konkan),18.98,72.83,6,144,Normal,28.5,80.9,1002.9,22.0,10.5,95.0,81.0,26.3,76.4,1002.2,6.4,9.9,2.2,15.6,15.6,0
2025-09-01,2025,9,1,Monsoon,Himachal Pradesh,31.1,77.17,6,144,Normal,27.6,77.0,1001.0,9.9,16.4,355.0,30.0,28.5,72.0,1001.5,0.3,13.7,0.9,9.6,0.9,0
2025-09-01,2025,9,1,Monsoon,Rajasthan (West),26.91,70.9,7,168,Normal,30.8,85.6,1003.4,8.2,17.5,198.0,25.0,27.9,85.8,1003.2,0.2,19.0,2.9,8.0,2.9,0
2025-09-01,2025,9,1,Monsoon,Gujarat Coastal,21.64,69.6,8,192,Normal,28.6,72.0,1000.6,0.0,16.5,96.0,33.0,27.1,75.8,1002.3,3.7,16.7,1.5,3.7,1.5,0
2025-09-01,2025,9,1,Monsoon,Assam & Meghalaya,26.14,91.73,8,192,Normal,25.9,86.7,1013.6,2.0,15.1,236.0,38.0,28.7,82.0,1013.8,5.7,15.3,2.8,3.7,3.7,0
2025-09-01,2025,9,1,Monsoon,Kerala Coast,9.93,76.26,10,240,Normal,28.6,79.9,1006.0,12.5,15.1,271.0,45.0,25.6,81.7,1006.2,0.4,14.0,3.0,12.1,3.0,0
2025-09-01,2025,9,1,Monsoon,West Bengal (Gangetic),22.57,88.36,10,240,Normal,31.0,76.5,1003.7,0.0,17.5,355.0,77.0,29.5,73.7,1003.9,37.9,13.3,1.5,37.9,37.9,1
2025-09-01,2025,9,1,Monsoon,Assam & Meghalaya,26.14,91.73,10,240,Normal,33.2,86.7,1018.8,15.4,8.4,316.0,93.0,28.7,76.2,1013.8,5.7,15.3,4.5,9.7,9.7,1
2025-09-08,2025,9,8,Monsoon,Gujarat Coastal,21.64,69.6,1,24,Normal,29.3,75.4,1008.2,0.0,13.7,231.0,28.0,28.5,80.7,1008.8,5.3,13.6,0.8,5.3,5.3,0
2025-09-08,2025,9,8,Monsoon,Himachal Pradesh,31.1,77.17,1,24,Normal,29.2,83.0,1003.3,9.2,15.1,243.0,38.0,28.9,90.1,1003.6,7.8,13.6,0.3,1.4,1.4,0
2025-09-08,2025,9,8,Monsoon,Assam & Meghalaya,26.14,91.73,2,48,Normal,27.5,79.9,1007.0,18.1,18.5,105.0,39.0,26.9,77.5,1007.1,17.6,20.1,0.6,0.5,0.5,0
2025-09-08,2025,9,8,Monsoon,Maharashtra (Mumbai/Konkan),18.98,72.83,3,72,Normal,27.5,76.1,1004.6,5.2,12.2,309.0,40.0,27.9,74.1,1003.0,19.0,11.7,0.4,13.8,13.8,0
2025-09-08,2025,9,8,Monsoon,Odisha Coastal,20.27,85.84,4,96,Normal,29.5,77.8,1010.9,0.0,14.3,309.0,58.0,28.3,73.5,1008.9,9.1,18.3,1.2,9.1,9.1,0
2025-09-08,2025,9,8,Monsoon,Gujarat Coastal,21.64,69.6,4,96,Normal,25.2,75.4,1010.0,3.5,14.9,277.0,41.0,28.5,77.6,1008.8,5.3,13.6,3.3,1.8,1.8,1
2025-09-08,2025,9,8,Monsoon,Rajasthan (West),26.91,70.9,5,120,Normal,29.8,76.0,1001.4,13.0,21.2,189.0,60.0,26.6,83.3,1002.0,8.6,18.6,3.2,4.4,4.4,1
2025-09-08,2025,9,8,Monsoon,Kerala Coast,9.93,76.26,6,144,Normal,29.4,81.3,1000.9,37.3,12.7,183.0,20.0,27.9,83.6,1001.5,35.3,11.2,1.5,2.0,2.0,0
2025-09-08,2025,9,8,Monsoon,Odisha Coastal,20.27,85.84,7,168,Normal,26.9,77.8,1011.0,24.7,18.0,53.0,69.0,28.3,72.2,1008.9,9.1,18.3,1.4,15.6,15.6,0
2025-09-08,2025,9,8,Monsoon,West Bengal (Gangetic),22.57,88.36,8,192,Normal,31.1,78.1,1002.9,2.0,7.7,48.0,59.0,29.2,87.5,1004.2,3.8,10.9,1.9,1.8,1.9,0
2025-09-08,2025,9,8,Monsoon,Assam & Meghalaya,26.14,91.73,8,192,Normal,27.2,79.9,1008.0,0.0,18.7,171.0,65.0,26.9,79.1,1007.1,17.6,20.1,0.3,17.6,17.6,0
2025-09-08,2025,9,8,Monsoon,Maharashtra (Mumbai/Konkan),18.98,72.83,9,216,Normal,27.8,76.1,1001.2,47.5,11.2,112.0,79.0,27.9,77.8,1003.0,19.0,11.7,0.1,28.5,28.5,1
2025-09-08,2025,9,8,Monsoon,Rajasthan (West),26.91,70.9,9,216,Normal,24.5,76.0,1002.6,2.0,22.1,138.0,84.0,26.6,73.7,1002.0,8.6,18.6,2.1,6.6,6.6,0
2025-09-08,2025,9,8,Monsoon,Himachal Pradesh,31.1,77.17,9,216,Normal,25.0,83.0,1003.6,13.9,15.1,7.0,43.0,28.9,84.8,1003.6,7.8,13.6,3.9,6.1,6.1,1
2025-09-08,2025,9,8,Monsoon,West Bengal (Gangetic),22.57,88.36,9,216,Normal,31.4,78.1,1005.2,1.9,13.0,327.0,72.0,29.2,74.9,1004.2,3.8,10.9,2.2,1.9,2.2,0
2025-09-08,2025,9,8,Monsoon,Kerala Coast,9.93,76.26,10,240,Normal,29.6,81.3,1001.0,14.6,11.1,35.0,11.0,27.9,80.9,1001.5,35.3,11.2,1.7,20.7,20.7,1
2025-09-15,2025,9,15,Monsoon,Odisha Coastal,20.27,85.84,1,24,Normal,29.8,84.4,1000.4,25.6,11.3,229.0,67.0,28.8,88.0,1000.5,29.4,12.6,1.0,3.8,3.8,0
2025-09-15,2025,9,15,Monsoon,Gujarat Coastal,21.64,69.6,1,24,Normal,27.2,82.3,999.8,4.2,16.0,172.0,20.0,27.6,76.6,999.7,4.6,17.2,0.4,0.4,0.4,0
2025-09-15,2025,9,15,Monsoon,Assam & Meghalaya,26.14,91.73,1,24,Normal,28.0,75.9,1001.8,51.4,15.7,201.0,43.0,27.9,78.7,1002.0,42.9,14.6,0.1,8.5,8.5,0
2025-09-15,2025,9,15,Monsoon,Himachal Pradesh,31.1,77.17,2,48,Normal,29.1,75.1,1003.7,2.5,14.5,93.0,35.0,28.9,77.9,1003.7,1.6,12.4,0.2,0.9,0.2,0
2025-09-15,2025,9,15,Monsoon,Rajasthan (West),26.91,70.9,3,72,Normal,27.1,83.7,1004.0,4.7,12.2,134.0,34.0,27.0,85.0,1005.6,1.9,11.0,0.1,2.8,0.1,0
2025-09-15,2025,9,15,Monsoon,Gujarat Coastal,21.64,69.6,4,96,Normal,28.7,82.3,1000.7,0.0,17.3,285.0,92.0,27.6,78.2,999.7,4.6,17.2,1.1,4.6,1.1,0
2025-09-15,2025,9,15,Monsoon,Kerala Coast,9.93,76.26,6,144,Normal,28.7,82.1,1009.0,0.0,16.5,151.0,10.0,27.9,80.6,1009.1,1.6,16.5,0.8,1.6,0.8,0
2025-09-15,2025,9,15,Monsoon,Maharashtra (Mumbai/Konkan),18.98,72.83,6,144,Normal,29.0,88.1,1008.4,0.5,21.5,143.0,61.0,27.0,83.3,1007.1,3.2,18.3,2.0,2.7,2.0,0
2025-09-15,2025,9,15,Monsoon,Kerala Coast,9.93,76.26,7,168,Normal,30.1,82.1,1007.7,0.0,17.3,66.0,27.0,27.9,85.7,1009.1,1.6,16.5,2.2,1.6,2.2,0
2025-09-15,2025,9,15,Monsoon,West Bengal (Gangetic),22.57,88.36,7,168,Normal,25.3,85.1,1004.4,6.1,16.3,148.0,51.0,27.1,88.5,1004.7,4.5,20.3,1.8,1.6,1.8,0
2025-09-15,2025,9,15,Monsoon,Himachal Pradesh,31.1,77.17,8,192,Normal,26.7,75.1,1001.4,4.1,14.9,245.0,93.0,28.9,68.1,1003.7,1.6,12.4,2.2,2.5,2.2,0
2025-09-15,2025,9,15,Monsoon,West Bengal (Gangetic),22.57,88.36,8,192,Normal,26.5,85.1,1001.8,3.9,27.2,264.0,51.0,27.1,85.5,1004.7,4.5,20.3,0.6,0.6,0.6,0
2025-09-15,2025,9,15,Monsoon,Assam & Meghalaya,26.14,91.73,8,192,Normal,24.3,75.9,1004.6,0.0,10.5,331.0,49.0,27.9,78.1,1002.0,42.9,14.6,3.6,42.9,42.9,1
2025-09-15,2025,9,15,Monsoon,Maharashtra (Mumbai/Konkan),18.98,72.83,9,216,Normal,22.9,88.1,1007.1,0.0,17.3,310.0,48.0,27.0,86.8,1007.1,3.2,18.3,4.1,3.2,4.1,1
2025-09-15,2025,9,15,Monsoon,Odisha Coastal,20.27,85.84,10,240,Normal,31.5,84.4,1002.3,0.0,4.1,174.0,60.0,28.8,88.9,1000.5,29.4,12.6,2.7,29.4,29.4,1
2025-09-15,2025,9,15,Monsoon,Rajasthan (West),26.91,70.9,10,240,Normal,30.1,83.7,1006.0,7.0,9.1,197.0,91.0,27.0,81.8,1005.6,1.9,11.0,3.1,5.1,3.1,1
2025-09-22,2025,9,22,Monsoon,Odisha Coastal,20.27,85.84,1,24,Normal,28.8,82.1,1005.4,4.9,11.1,117.0,43.0,29.4,81.0,1005.5,4.1,10.9,0.6,0.8,0.6,0
2025-09-22,2025,9,22,Monsoon,West Bengal (Gangetic),22.57,88.36,2,48,Normal,28.5,77.5,1001.8,1.2,8.9,179.0,51.0,27.8,83.2,1002.1,1.6,8.1,0.7,0.4,0.7,0
2025-09-22,2025,9,22,Monsoon,Maharashtra (Mumbai/Konkan),18.98,72.83,3,72,Normal,29.2,80.5,1001.5,0.2,8.9,75.0,64.0,29.2,73.1,999.3,1.2,7.8,0.0,1.0,0.0,0
2025-09-22,2025,9,22,Monsoon,Assam & Meghalaya,26.14,91.73,4,96,Normal,27.6,80.7,1004.0,36.4,13.8,291.0,55.0,29.0,84.8,1006.2,25.2,13.4,1.4,11.2,11.2,0
2025-09-22,2025,9,22,Monsoon,Odisha Coastal,20.27,85.84,5,120,Normal,29.6,82.1,1006.0,0.0,10.5,303.0,10.0,29.4,81.7,1005.5,4.1,10.9,0.2,4.1,0.2,0
2025-09-22,2025,9,22,Monsoon,Maharashtra (Mumbai/Konkan),18.98,72.83,5,120,Normal,29.1,80.5,1000.2,0.3,9.4,145.0,70.0,29.2,82.0,999.3,1.2,7.8,0.1,0.9,0.1,0
2025-09-22,2025,9,22,Monsoon,Kerala Coast,9.93,76.26,6,144,Normal,28.8,76.5,1002.8,5.6,13.7,32.0,34.0,28.7,76.4,1004.0,3.8,14.0,0.1,1.8,0.1,0
2025-09-22,2025,9,22,Monsoon,Gujarat Coastal,21.64,69.6,6,144,Normal,30.4,77.6,1009.0,11.3,15.9,267.0,49.0,28.0,76.0,1007.7,5.3,17.9,2.4,6.0,6.0,0
2025-09-22,2025,9,22,Monsoon,Rajasthan (West),26.91,70.9,6,144,Normal,31.1,87.9,1003.2,5.2,12.9,188.0,36.0,30.2,91.6,1002.3,2.3,14.5,0.9,2.9,0.9,0
2025-09-22,2025,9,22,Monsoon,West Bengal (Gangetic),22.57,88.36,6,144,Normal,26.0,77.5,1003.5,2.0,7.9,293.0,23.0,27.8,73.5,1002.1,1.6,8.1,1.8,0.4,1.8,0
2025-09-22,2025,9,22,Monsoon,Gujarat Coastal,21.64,69.6,7,168,Normal,33.5,77.6,1007.8,0.0,16.8,158.0,93.0,28.0,82.8,1007.7,5.3,17.9,5.5,5.3,5.3,1
2025-09-22,2025,9,22,Monsoon,Rajasthan (West),26.91,70.9,7,168,Normal,29.1,87.9,1003.0,6.7,11.4,31.0,25.0,30.2,93.0,1002.3,2.3,14.5,1.1,4.4,1.1,0
2025-09-22,2025,9,22,Monsoon,Assam & Meghalaya,26.14,91.73,7,168,Normal,30.4,80.7,1004.5,5.8,14.6,300.0,15.0,29.0,83.8,1006.2,25.2,13.4,1.4,19.4,19.4,0
2025-09-22,2025,9,22,Monsoon,Himachal Pradesh,31.1,77.17,8,192,Normal,30.6,84.4,1006.3,24.3,11.0,110.0,90.0,30.1,84.4,1005.0,11.9,11.7,0.5,12.4,12.4,0
2025-09-22,2025,9,22,Monsoon,Kerala Coast,9.93,76.26,9,216,Normal,29.7,76.5,1002.4,10.5,15.9,4.0,36.0,28.7,70.9,1004.0,3.8,14.0,1.0,6.7,1.0,0
2025-09-22,2025,9,22,Monsoon,Himachal Pradesh,31.1,77.17,10,240,Normal,37.1,84.4,1001.9,26.0,14.1,116.0,26.0,30.1,79.8,1005.0,11.9,11.7,7.0,14.1,14.1,1
2025-09-29,2025,9,29,Monsoon,Gujarat Coastal,21.64,69.6,1,24,Normal,27.0,79.6,1003.3,6.0,9.3,286.0,38.0,27.7,79.7,1003.5,5.3,11.5,0.7,0.7,0.7,0
2025-09-29,2025,9,29,Monsoon,West Bengal (Gangetic),22.57,88.36,2,48,Normal,23.6,83.8,1009.3,4.6,7.8,307.0,83.0,25.2,83.8,1010.5,2.9,9.3,1.6,1.7,1.6,0
2025-09-29,2025,9,29,Monsoon,Himachal Pradesh,31.1,77.17,3,72,Normal,28.4,84.1,1002.1,8.0,16.1,71.0,45.0,28.8,82.1,1002.7,3.2,17.9,0.4,4.8,0.4,0
2025-09-29,2025,9,29,Monsoon,Odisha Coastal,20.27,85.84,4,96,Normal,30.4,75.2,1001.9,116.8,11.3,267.0,41.0,28.8,81.1,1001.6,56.5,10.1,1.6,60.3,60.3,1
2025-09-29,2025,9,29,Monsoon,Maharashtra (Mumbai/Konkan),18.98,72.83,4,96,Normal,29.2,80.1,996.6,0.8,13.4,289.0,86.0,27.4,83.5,997.3,1.4,13.3,1.8,0.6,1.8,0
2025-09-29,2025,9,29,Monsoon,Rajasthan (West),26.91,70.9,5,120,Normal,30.8,82.7,1002.6,0.0,15.0,266.0,83.0,30.8,81.2,1002.5,1.0,16.5,0.0,1.0,0.0,0
2025-09-29,2025,9,29,Monsoon,Kerala Coast,9.93,76.26,6,144,Normal,28.0,78.1,1003.4,12.8,17.2,87.0,17.0,27.2,81.6,1005.4,26.8,14.7,0.8,14.0,14.0,0
2025-09-29,2025,9,29,Monsoon,West Bengal (Gangetic),22.57,88.36,6,144,Normal,26.2,83.8,1010.1,0.6,8.9,131.0,88.0,25.2,80.9,1010.5,2.9,9.3,1.0,2.3,1.0,0
2025-09-29,2025,9,29,Monsoon,Odisha Coastal,20.27,85.84,8,192,Normal,28.8,75.2,1002.2,74.0,14.1,295.0,62.0,28.8,75.5,1001.6,56.5,10.1,0.0,17.5,17.5,0
2025-09-29,2025,9,29,Monsoon,Maharashtra (Mumbai/Konkan),18.98,72.83,8,192,Normal,25.8,80.1,995.2,0.1,13.9,79.0,93.0,27.4,82.2,997.3,1.4,13.3,1.6,1.3,1.6,0
2025-09-29,2025,9,29,Monsoon,Rajasthan (West),26.91,70.9,8,192,Normal,28.1,82.7,1000.6,1.1,19.3,26.0,28.0,30.8,79.6,1002.5,1.0,16.5,2.7,0.1,2.7,0
2025-09-29,2025,9,29,Monsoon,Himachal Pradesh,31.1,77.17,8,192,Normal,27.9,84.1,1002.8,0.0,22.1,73.0,26.0,28.8,85.7,1002.7,3.2,17.9,0.9,3.2,0.9,0
2025-09-29,2025,9,29,Monsoon,Kerala Coast,9.93,76.26,9,216,Normal,25.8,78.1,1006.4,8.2,14.4,86.0,17.0,27.2,83.5,1005.4,26.8,14.7,1.4,18.6,18.6,0
2025-09-29,2025,9,29,Monsoon,Assam & Meghalaya,26.14,91.73,9,216,Normal,32.1,76.8,1008.7,0.0,13.6,145.0,67.0,29.0,79.5,1006.1,4.9,17.9,3.1,4.9,3.1,1
2025-09-29,2025,9,29,Monsoon,Gujarat Coastal,21.64,69.6,10,240,Normal,34.6,79.6,1006.5,21.5,13.0,189.0,35.0,27.7,82.7,1003.5,5.3,11.5,6.9,16.2,16.2,1
2025-09-29,2025,9,29,Monsoon,Assam & Meghalaya,26.14,91.73,10,240,Normal,27.2,76.8,1008.9,7.9,12.4,308.0,91.0,29.0,80.0,1006.1,4.9,17.9,1.8,3.0,1.8,0
2025-10-06,2025,10,6,Post-Monsoon,Odisha Coastal,20.27,85.84,1,24,Normal,22.9,63.5,1014.9,0.0,11.6,166.0,65.0,23.6,63.3,1015.0,0.4,10.6,0.7,0.4,0.7,0
2025-10-06,2025,10,6,Post-Monsoon,Assam & Meghalaya,26.14,91.73,1,24,Normal,26.4,78.6,1014.2,1.2,13.0,303.0,24.0,27.4,77.2,1013.8,0.2,14.0,1.0,1.0,1.0,0
2025-10-06,2025,10,6,Post-Monsoon,Gujarat Coastal,21.64,69.6,2,48,Normal,28.1,82.8,1012.1,3.1,16.8,102.0,74.0,28.7,79.7,1012.8,11.9,17.5,0.6,8.8,8.8,0
2025-10-06,2025,10,6,Post-Monsoon,Assam & Meghalaya,26.14,91.73,2,48,Normal,28.3,78.6,1014.5,2.4,13.8,257.0,91.0,27.4,75.9,1013.8,0.2,14.0,0.9,2.2,0.9,0
2025-10-06,2025,10,6,Post-Monsoon,Odisha Coastal,20.27,85.84,3,72,Normal,25.6,63.5,1014.3,0.0,8.5,279.0,39.0,23.6,62.5,1015.0,0.4,10.6,2.0,0.4,2.0,0
2025-10-06,2025,10,6,Post-Monsoon,Kerala Coast,9.93,76.26,3,72,Normal,24.5,63.0,1013.3,7.7,14.3,318.0,47.0,25.3,61.7,1014.5,3.5,15.5,0.8,4.2,0.8,0
2025-10-06,2025,10,6,Post-Monsoon,Gujarat Coastal,21.64,69.6,3,72,Normal,29.0,82.8,1014.2,4.9,19.0,270.0,87.0,28.7,87.3,1012.8,11.9,17.5,0.3,7.0,7.0,0
2025-10-06,2025,10,6,Post-Monsoon,Kerala Coast,9.93,76.26,7,168,Normal,25.8,63.0,1016.0,4.0,12.8,137.0,45.0,25.3,63.4,1014.5,3.5,15.5,0.5,0.5,0.5,0
2025-10-06,2025,10,6,Post-Monsoon,Rajasthan (West),26.91,70.9,7,168,Normal,26.4,70.3,1016.4,0.0,14.3,227.0,59.0,26.8,65.2,1016.6,5.7,15.7,0.4,5.7,5.7,0
2025-10-06,2025,10,6,Post-Monsoon,Himachal Pradesh,31.1,77.17,7,168,Normal,27.2,64.6,1015.6,0.9,14.1,342.0,53.0,28.7,62.8,1015.3,0.7,11.5,1.5,0.2,1.5,0
2025-10-06,2025,10,6,Post-Monsoon,West Bengal (Gangetic),22.57,88.36,7,168,Normal,24.9,70.2,1010.6,5.6,9.0,348.0,30.0,25.8,70.8,1011.4,0.3,10.2,0.9,5.3,0.9,0
2025-10-06,2025,10,6,Post-Monsoon,Rajasthan (West),26.91,70.9,8,192,Normal,25.8,70.3,1016.0,16.3,21.1,341.0,59.0,26.8,68.1,1016.6,5.7,15.7,1.0,10.6,10.6,0
2025-10-06,2025,10,6,Post-Monsoon,West Bengal (Gangetic),22.57,88.36,8,192,Normal,25.7,70.2,1012.4,0.0,8.3,199.0,71.0,25.8,66.9,1011.4,0.3,10.2,0.1,0.3,0.1,0
2025-10-06,2025,10,6,Post-Monsoon,Maharashtra (Mumbai/Konkan),18.98,72.83,9,216,Normal,21.4,76.9,1016.0,0.0,7.6,184.0,47.0,23.3,73.8,1014.8,5.4,9.8,1.9,5.4,5.4,0
2025-10-06,2025,10,6,Post-Monsoon,Himachal Pradesh,31.1,77.17,9,216,Normal,34.0,64.6,1016.4,0.0,9.9,99.0,39.0,28.7,63.4,1015.3,0.7,11.5,5.3,0.7,5.3,1
2025-10-06,2025,10,6,Post-Monsoon,Maharashtra (Mumbai/Konkan),18.98,72.83,10,240,Normal,18.9,76.9,1011.0,24.3,4.5,224.0,57.0,23.3,73.1,1014.8,5.4,9.8,4.4,18.9,18.9,1
2025-10-13,2025,10,13,Post-Monsoon,Kerala Coast,9.93,76.26,1,24,Normal,24.8,73.2,1012.4,10.9,11.2,286.0,24.0,24.0,75.1,1013.6,13.1,11.8,0.8,2.2,2.2,0
2025-10-13,2025,10,13,Post-Monsoon,Assam & Meghalaya,26.14,91.73,1,24,Normal,26.7,74.2,1010.5,9.6,13.0,318.0,17.0,27.2,71.2,1010.9,3.7,11.9,0.5,5.9,0.5,0
2025-10-13,2025,10,13,Post-Monsoon,Rajasthan (West),26.91,70.9,2,48,Normal,23.4,53.0,1013.2,0.0,13.1,6.0,76.0,24.5,53.0,1012.4,4.9,13.1,1.1,4.9,1.1,0
2025-10-13,2025,10,13,Post-Monsoon,West Bengal (Gangetic),22.57,88.36,2,48,Normal,23.0,72.3,1012.6,2.9,17.0,212.0,46.0,24.4,78.2,1012.0,5.4,14.8,1.4,2.5,2.5,0
2025-10-13,2025,10,13,Post-Monsoon,Odisha Coastal,20.27,85.84,3,72,Cyclone,28.1,70.0,995.4,48.8,36.0,142.0,25.0,27.1,72.8,991.3,67.0,42.2,1.0,18.2,18.2,1
2025-10-13,2025,10,13,Post-Monsoon,Odisha Coastal,20.27,85.84,4,96,Cyclone,27.0,70.0,993.3,100.8,39.3,90.0,90.0,27.1,70.3,991.3,67.0,42.2,0.1,33.8,33.8,1
2025-10-13,2025,10,13,Post-Monsoon,Maharashtra (Mumbai/Konkan),18.98,72.83,4,96,Normal,25.5,73.2,1015.7,12.9,19.0,281.0,41.0,25.1,72.9,1016.3,8.9,17.7,0.4,4.0,4.0,0
2025-10-13,2025,10,13,Post-Monsoon,West Bengal (Gangetic),22.57,88.36,4,96,Normal,25.5,72.3,1013.7,16.6,16.3,94.0,47.0,24.4,75.5,1012.0,5.4,14.8,1.1,11.2,11.2,0
2025-10-13,2025,10,13,Post-Monsoon,Gujarat Coastal,21.64,69.6,5,120,Normal,24.6,60.7,1015.0,5.8,8.0,274.0,30.0,23.8,60.4,1014.8,2.5,8.7,0.8,3.3,0.8,0
2025-10-13,2025,10,13,Post-Monsoon,Himachal Pradesh,31.1,77.17,5,120,Normal,26.0,79.7,1014.1,0.0,3.9,343.0,37.0,28.0,84.4,1014.5,0.6,7.2,2.0,0.6,2.0,0
2025-10-13,2025,10,13,Post-Monsoon,Kerala Coast,9.93,76.26,7,168,Normal,28.8,73.2,1014.1,36.6,10.6,79.0,92.0,24.0,65.2,1013.6,13.1,11.8,4.8,23.5,23.5,1
2025-10-13,2025,10,13,Post-Monsoon,Himachal Pradesh,31.1,77.17,8,192,Normal,31.6,79.7,1014.9,0.3,6.5,11.0,13.0,28.0,74.1,1014.5,0.6,7.2,3.6,0.3,3.6,1
2025-10-13,2025,10,13,Post-Monsoon,Assam & Meghalaya,26.14,91.73,8,192,Normal,27.2,74.2,1010.0,2.3,10.2,113.0,81.0,27.2,73.8,1010.9,3.7,11.9,0.0,1.4,0.0,0
2025-10-13,2025,10,13,Post-Monsoon,Maharashtra (Mumbai/Konkan),18.98,72.83,9,216,Normal,29.5,73.2,1018.0,0.0,11.7,11.0,19.0,25.1,73.8,1016.3,8.9,17.7,4.4,8.9,8.9,1
2025-10-13,2025,10,13,Post-Monsoon,Gujarat Coastal,21.64,69.6,9,216,Normal,23.2,60.7,1017.0,2.6,8.2,326.0,14.0,23.8,57.3,1014.8,2.5,8.7,0.6,0.1,0.6,0
2025-10-13,2025,10,13,Post-Monsoon,Rajasthan (West),26.91,70.9,9,216,Normal,19.6,53.0,1014.6,7.7,22.1,197.0,15.0,24.5,55.6,1012.4,4.9,13.1,4.9,2.8,4.9,1
2025-10-20,2025,10,20,Post-Monsoon,Himachal Pradesh,31.1,77.17,1,24,Normal,25.9,86.0,1013.2,1.7,15.4,335.0,77.0,26.7,86.5,1013.6,0.6,13.7,0.8,1.1,0.8,0
2025-10-20,2025,10,20,Post-Monsoon,Assam & Meghalaya,26.14,91.73,1,24,Normal,28.5,65.3,1009.8,2.6,4.6,173.0,91.0,28.1,65.6,1009.1,2.2,6.6,0.4,0.4,0.4,0
2025-10-20,2025,10,20,Post-Monsoon,Kerala Coast,9.93,76.26,2,48,Normal,29.3,71.8,1014.3,13.6,10.6,61.0,71.0,29.9,69.0,1013.5,4.0,12.6,0.6,9.6,0.6,0
2025-10-20,2025,10,20,Post-Monsoon,Maharashtra (Mumbai/Konkan),18.98,72.83,2,48,Normal,23.4,76.7,1014.7,2.0,11.0,31.0,17.0,23.2,76.4,1013.8,1.4,10.2,0.2,0.6,0.2,0
2025-10-20,2025,10,20,Post-Monsoon,Himachal Pradesh,31.1,77.17,2,48,Normal,24.4,86.0,1014.2,0.0,16.3,22.0,54.0,26.7,93.9,1013.6,0.6,13.7,2.3,0.6,2.3,0
2025-10-20,2025,10,20,Post-Monsoon,Maharashtra (Mumbai/Konkan),18.98,72.83,3,72,Normal,23.8,76.7,1013.5,2.7,7.6,68.0,52.0,23.2,74.6,1013.8,1.4,10.2,0.6,1.3,0.6,0
2025-10-20,2025,10,20,Post-Monsoon,Gujarat Coastal,21.64,69.6,4,96,Cyclone,24.2,69.5,978.0,14.8,35.0,195.0,72.0,24.5,73.2,975.3,71.1,34.1,0.3,56.3,56.3,1
2025-10-20,2025,10,20,Post-Monsoon,Rajasthan (West),26.91,70.9,4,96,Normal,23.9,70.0,1010.2,3.5,8.1,295.0,82.0,23.0,72.7,1010.3,4.0,10.4,0.9,0.5,0.9,0
2025-10-20,2025,10,20,Post-Monsoon,West Bengal (Gangetic),22.57,88.36,4,96,Cyclone,23.9,75.5,979.4,0.0,23.7,227.0,37.0,26.4,75.7,976.5,95.2,28.4,2.5,95.2,95.2,1
2025-10-20,2025,10,20,Post-Monsoon,Rajasthan (West),26.91,70.9,5,120,Normal,22.5,70.0,1010.0,7.1,8.1,349.0,51.0,23.0,68.3,1010.3,4.0,10.4,0.5,3.1,0.5,0
2025-10-20,2025,10,20,Post-Monsoon,West Bengal (Gangetic),22.57,88.36,5,120,Cyclone,28.3,75.5,975.8,0.0,36.7,49.0,87.0,26.4,74.2,976.5,95.2,28.4,1.9,95.2,95.2,1
2025-10-20,2025,10,20,Post-Monsoon,Assam & Meghalaya,26.14,91.73,5,120,Normal,29.6,65.3,1008.6,0.0,7.6,198.0,23.0,28.1,62.5,1009.1,2.2,6.6,1.5,2.2,1.5,0
2025-10-20,2025,10,20,Post-Monsoon,Kerala Coast,9.93,76.26,7,168,Normal,32.1,71.8,1013.3,10.3,9.5,61.0,62.0,29.9,74.7,1013.5,4.0,12.6,2.2,6.3,2.2,0
2025-10-20,2025,10,20,Post-Monsoon,Odisha Coastal,20.27,85.84,8,192,Normal,32.3,75.1,1010.5,0.0,1.0,17.0,68.0,30.1,73.2,1013.2,1.5,6.5,2.2,1.5,2.2,0
2025-10-20,2025,10,20,Post-Monsoon,Gujarat Coastal,21.64,69.6,8,192,Cyclone,23.2,69.5,975.9,0.0,22.5,310.0,36.0,24.5,67.3,975.3,71.1,34.1,1.3,71.1,71.1,1
2025-10-20,2025,10,20,Post-Monsoon,Odisha Coastal,20.27,85.84,9,216,Normal,32.5,75.1,1013.2,4.3,7.5,168.0,59.0,30.1,67.6,1013.2,1.5,6.5,2.4,2.8,2.4,0
2025-10-27,2025,10,27,Post-Monsoon,Himachal Pradesh,31.1,77.17,1,24,Normal,24.0,65.0,1014.5,0.8,12.3,61.0,91.0,24.1,63.9,1016.0,4.1,11.8,0.1,3.3,0.1,0
2025-10-27,2025,10,27,Post-Monsoon,Himachal Pradesh,31.1,77.17,2,48,Normal,25.2,65.0,1016.5,8.3,9.9,44.0,54.0,24.1,60.4,1016.0,4.1,11.8,1.1,4.2,1.1,0
2025-10-27,2025,10,27,Post-Monsoon,West Bengal (Gangetic),22.57,88.36,2,48,Normal,26.4,74.3,1007.9,9.9,12.2,294.0,86.0,25.9,79.9,1008.2,12.5,11.9,0.5,2.6,2.6,0
2025-10-27,2025,10,27,Post-Monsoon,Odisha Coastal,20.27,85.84,3,72,Normal,27.1,75.8,1011.4,0.0,12.8,102.0,10.0,26.2,73.7,1012.4,0.0,12.2,0.9,0.0,0.9,0
2025-10-27,2025,10,27,Post-Monsoon,Kerala Coast,9.93,76.26,3,72,Normal,25.6,65.7,1011.3,0.0,17.5,326.0,13.0,24.4,59.3,1012.1,1.6,16.1,1.2,1.6,1.2,0
2025-10-27,2025,10,27,Post-Monsoon,Gujarat Coastal,21.64,69.6,3,72,Normal,27.3,72.7,1010.3,1.3,13.3,306.0,45.0,24.0,68.2,1010.1,0.4,12.6,3.3,0.9,3.3,1
2025-10-27,2025,10,27,Post-Monsoon,Rajasthan (West),26.91,70.9,4,96,Normal,27.3,59.9,1012.5,2.6,8.6,131.0,74.0,27.2,55.8,1011.7,1.0,8.9,0.1,1.6,0.1,0
2025-10-27,2025,10,27,Post-Monsoon,Odisha Coastal,20.27,85.84,5,120,Normal,23.1,75.8,1010.7,10.2,11.6,125.0,29.0,26.2,78.0,1012.4,0.0,12.2,3.1,10.2,3.1,1
2025-10-27,2025,10,27,Post-Monsoon,Maharashtra (Mumbai/Konkan),18.98,72.83,5,120,Normal,27.4,59.1,1012.3,0.0,9.4,354.0,34.0,27.8,54.6,1012.6,13.2,7.7,0.4,13.2,13.2,0
2025-10-27,2025,10,27,Post-Monsoon,Rajasthan (West),26.91,70.9,5,120,Normal,25.6,59.9,1010.3,0.3,12.0,202.0,70.0,27.2,61.1,1011.7,1.0,8.9,1.6,0.7,1.6,0
2025-10-27,2025,10,27,Post-Monsoon,Kerala Coast,9.93,76.26,6,144,Normal,22.5,65.7,1011.5,0.2,18.8,185.0,84.0,24.4,70.4,1012.1,1.6,16.1,1.9,1.4,1.9,0
2025-10-27,2025,10,27,Post-Monsoon,Assam & Meghalaya,26.14,91.73,7,168,Normal,27.4,67.4,1014.1,0.0,3.7,228.0,89.0,25.9,62.8,1013.5,3.7,9.0,1.5,3.7,1.5,0
2025-10-27,2025,10,27,Post-Monsoon,Maharashtra (Mumbai/Konkan),18.98,72.83,8,192,Normal,28.2,59.1,1012.5,0.0,5.5,44.0,46.0,27.8,57.9,1012.6,13.2,7.7,0.4,13.2,13.2,0
2025-10-27,2025,10,27,Post-Monsoon,West Bengal (Gangetic),22.57,88.36,8,192,Normal,26.7,74.3,1010.5,0.0,7.8,200.0,69.0,25.9,74.3,1008.2,12.5,11.9,0.8,12.5,12.5,0
2025-10-27,2025,10,27,Post-Monsoon,Gujarat Coastal,21.64,69.6,10,240,Normal,21.5,72.7,1008.6,0.0,14.1,22.0,90.0,24.0,74.6,1010.1,0.4,12.6,2.5,0.4,2.5,0
2025-10-27,2025,10,27,Post-Monsoon,Assam & Meghalaya,26.14,91.73,10,240,Normal,25.5,67.4,1016.5,6.9,7.6,54.0,62.0,25.9,70.8,1013.5,3.7,9.0,0.4,3.2,0.4,0
